[==========] Running 3 tests from 1 test suite.
[----------] Global test environment set-up.
[----------] 3 tests from VIOParityTest
[ RUN      ] VIOParityTest.BothProduceTrajectories

=== VIOEngine ===
Loading configuration from: ./config/tum_vi_room1.yaml
Configuration loaded successfully from: ./config/tum_vi_room1.yaml
block_sparse_matrix.cc:208 Allocating values array with 214272 bytes.
detect_structure.cc:114 Schur complement static structure <2,3,3>.
detect_structure.cc:114 Schur complement static structure <2,3,3>.
schur_eliminator.cc:155 Template specializations not found for <2,3,3>
block_sparse_matrix.cc:208 Allocating values array with 214080 bytes.
detect_structure.cc:114 Schur complement static structure <2,3,3>.
detect_structure.cc:114 Schur complement static structure <2,3,3>.
schur_eliminator.cc:155 Template specializations not found for <2,3,3>
block_sparse_matrix.cc:208 Allocating values array with 213792 bytes.
detect_structure.cc:114 Schur complement static structure <2,3,3>.
detect_structure.cc:114 Schur complement static structure <2,3,3>.
schur_eliminator.cc:155 Template specializations not found for <2,3,3>
block_sparse_matrix.cc:208 Allocating values array with 208512 bytes.
detect_structure.cc:114 Schur complement static structure <2,3,3>.
detect_structure.cc:114 Schur complement static structure <2,3,3>.
schur_eliminator.cc:155 Template specializations not found for <2,3,3>
block_sparse_matrix.cc:208 Allocating values array with 207552 bytes.
detect_structure.cc:114 Schur complement static structure <2,3,3>.
detect_structure.cc:114 Schur complement static structure <2,3,3>.
schur_eliminator.cc:155 Template specializations not found for <2,3,3>
[VIO] Initialization SUCCESS
[VIO]   gravity: -1.11022e-16 -3.57527e-15      9.81007 (norm=9.81007)
[VIO]   V[0]:   0.037854 -0.0076367 -0.0199488 (norm=0.0434649)
[VIO]   Ba[0]: 0 0 0
[VIO]   Bg[0]: -0.00351402  0.00545301 -0.00181286
block_sparse_matrix.cc:208 Allocating values array with 326576 bytes.
detect_structure.cc:63 Dynamic row block size because the block size changed from 2 to 15
detect_structure.cc:74 Dynamic e block size because the block size changed from 1 to 9
detect_structure.cc:93 Dynamic f block size because the block size changed from 6 to 9
detect_structure.cc:114 Schur complement static structure <-1,-1,-1>.
detect_structure.cc:63 Dynamic row block size because the block size changed from 2 to 15
detect_structure.cc:74 Dynamic e block size because the block size changed from 1 to 9
detect_structure.cc:93 Dynamic f block size because the block size changed from 6 to 9
detect_structure.cc:114 Schur complement static structure <-1,-1,-1>.
schur_eliminator.cc:155 Template specializations not found for <-1,-1,-1>
[VIO DIAG] f=0 tri: ok=169 wait=0 fail=0 default=1 depth: avg=1.46124 min=0.0399417 max=2.63526 |vel|=0.633377 vel=(0.554791,-0.197239,0.233387) ba=(-0.0576422,-0.0247508,0.0114176) bg=(0.00085848,0.00304799,0.00118938)
block_sparse_matrix.cc:208 Allocating values array with 358824 bytes.
detect_structure.cc:63 Dynamic row block size because the block size changed from 2 to 15
detect_structure.cc:74 Dynamic e block size because the block size changed from 1 to 9
detect_structure.cc:93 Dynamic f block size because the block size changed from 6 to 9
detect_structure.cc:114 Schur complement static structure <-1,-1,-1>.
detect_structure.cc:63 Dynamic row block size because the block size changed from 2 to 15
detect_structure.cc:74 Dynamic e block size because the block size changed from 1 to 9
detect_structure.cc:93 Dynamic f block size because the block size changed from 6 to 9
detect_structure.cc:114 Schur complement static structure <-1,-1,-1>.
schur_eliminator.cc:155 Template specializations not found for <-1,-1,-1>
block_sparse_matrix.cc:208 Allocating values array with 356952 bytes.
detect_structure.cc:63 Dynamic row block size because the block size changed from 2 to 15
detect_structure.cc:74 Dynamic e block size because the block size changed from 1 to 9
detect_structure.cc:93 Dynamic f block size because the block size changed from 6 to 9
detect_structure.cc:114 Schur complement static structure <-1,-1,-1>.
detect_structure.cc:63 Dynamic row block size because the block size changed from 2 to 15
detect_structure.cc:74 Dynamic e block size because the block size changed from 1 to 9
detect_structure.cc:93 Dynamic f block size because the block size changed from 6 to 9
detect_structure.cc:114 Schur complement static structure <-1,-1,-1>.
schur_eliminator.cc:155 Template specializations not found for <-1,-1,-1>
block_sparse_matrix.cc:208 Allocating values array with 351336 bytes.
detect_structure.cc:63 Dynamic row block size because the block size changed from 2 to 15
detect_structure.cc:74 Dynamic e block size because the block size changed from 1 to 9
detect_structure.cc:93 Dynamic f block size because the block size changed from 6 to 9
detect_structure.cc:114 Schur complement static structure <-1,-1,-1>.
detect_structure.cc:63 Dynamic row block size because the block size changed from 2 to 15
detect_structure.cc:74 Dynamic e block size because the block size changed from 1 to 9
detect_structure.cc:93 Dynamic f block size because the block size changed from 6 to 9
detect_structure.cc:114 Schur complement static structure <-1,-1,-1>.
schur_eliminator.cc:155 Template specializations not found for <-1,-1,-1>
block_sparse_matrix.cc:208 Allocating values array with 344680 bytes.
detect_structure.cc:63 Dynamic row block size because the block size changed from 2 to 15
detect_structure.cc:74 Dynamic e block size because the block size changed from 1 to 9
detect_structure.cc:93 Dynamic f block size because the block size changed from 6 to 9
detect_structure.cc:114 Schur complement static structure <-1,-1,-1>.
detect_structure.cc:63 Dynamic row block size because the block size changed from 2 to 15
detect_structure.cc:74 Dynamic e block size because the block size changed from 1 to 9
detect_structure.cc:93 Dynamic f block size because the block size changed from 6 to 9
detect_structure.cc:114 Schur complement static structure <-1,-1,-1>.
schur_eliminator.cc:155 Template specializations not found for <-1,-1,-1>
block_sparse_matrix.cc:208 Allocating values array with 340104 bytes.
detect_structure.cc:63 Dynamic row block size because the block size changed from 2 to 15
detect_structure.cc:74 Dynamic e block size because the block size changed from 1 to 9
detect_structure.cc:93 Dynamic f block size because the block size changed from 6 to 9
detect_structure.cc:114 Schur complement static structure <-1,-1,-1>.
detect_structure.cc:63 Dynamic row block size because the block size changed from 2 to 15
detect_structure.cc:74 Dynamic e block size because the block size changed from 1 to 9
detect_structure.cc:93 Dynamic f block size because the block size changed from 6 to 9
detect_structure.cc:114 Schur complement static structure <-1,-1,-1>.
schur_eliminator.cc:155 Template specializations not found for <-1,-1,-1>
block_sparse_matrix.cc:208 Allocating values array with 334904 bytes.
detect_structure.cc:63 Dynamic row block size because the block size changed from 2 to 15
detect_structure.cc:74 Dynamic e block size because the block size changed from 1 to 9
detect_structure.cc:93 Dynamic f block size because the block size changed from 6 to 9
detect_structure.cc:114 Schur complement static structure <-1,-1,-1>.
detect_structure.cc:63 Dynamic row block size because the block size changed from 2 to 15
detect_structure.cc:74 Dynamic e block size because the block size changed from 1 to 9
detect_structure.cc:93 Dynamic f block size because the block size changed from 6 to 9
detect_structure.cc:114 Schur complement static structure <-1,-1,-1>.
schur_eliminator.cc:155 Template specializations not found for <-1,-1,-1>
block_sparse_matrix.cc:208 Allocating values array with 331784 bytes.
detect_structure.cc:63 Dynamic row block size because the block size changed from 2 to 15
detect_structure.cc:74 Dynamic e block size because the block size changed from 1 to 9
detect_structure.cc:93 Dynamic f block size because the block size changed from 6 to 9
detect_structure.cc:114 Schur complement static structure <-1,-1,-1>.
detect_structure.cc:63 Dynamic row block size because the block size changed from 2 to 15
detect_structure.cc:74 Dynamic e block size because the block size changed from 1 to 9
detect_structure.cc:93 Dynamic f block size because the block size changed from 6 to 9
detect_structure.cc:114 Schur complement static structure <-1,-1,-1>.
schur_eliminator.cc:155 Template specializations not found for <-1,-1,-1>
block_sparse_matrix.cc:208 Allocating values array with 324296 bytes.
detect_structure.cc:63 Dynamic row block size because the block size changed from 2 to 15
detect_structure.cc:74 Dynamic e block size because the block size changed from 1 to 9
detect_structure.cc:93 Dynamic f block size because the block size changed from 6 to 9
detect_structure.cc:114 Schur complement static structure <-1,-1,-1>.
detect_structure.cc:63 Dynamic row block size because the block size changed from 2 to 15
detect_structure.cc:74 Dynamic e block size because the block size changed from 1 to 9
detect_structure.cc:93 Dynamic f block size because the block size changed from 6 to 9
detect_structure.cc:114 Schur complement static structure <-1,-1,-1>.
schur_eliminator.cc:155 Template specializations not found for <-1,-1,-1>
block_sparse_matrix.cc:208 Allocating values array with 318264 bytes.
detect_structure.cc:63 Dynamic row block size because the block size changed from 2 to 15
detect_structure.cc:74 Dynamic e block size because the block size changed from 1 to 9
detect_structure.cc:93 Dynamic f block size because the block size changed from 6 to 9
detect_structure.cc:114 Schur complement static structure <-1,-1,-1>.
detect_structure.cc:63 Dynamic row block size because the block size changed from 2 to 15
detect_structure.cc:74 Dynamic e block size because the block size changed from 1 to 9
detect_structure.cc:93 Dynamic f block size because the block size changed from 6 to 9
detect_structure.cc:114 Schur complement static structure <-1,-1,-1>.
schur_eliminator.cc:155 Template specializations not found for <-1,-1,-1>
block_sparse_matrix.cc:208 Allocating values array with 314520 bytes.
detect_structure.cc:63 Dynamic row block size because the block size changed from 2 to 15
detect_structure.cc:74 Dynamic e block size because the block size changed from 1 to 9
detect_structure.cc:93 Dynamic f block size because the block size changed from 6 to 9
detect_structure.cc:114 Schur complement static structure <-1,-1,-1>.
detect_structure.cc:63 Dynamic row block size because the block size changed from 2 to 15
detect_structure.cc:74 Dynamic e block size because the block size changed from 1 to 9
detect_structure.cc:93 Dynamic f block size because the block size changed from 6 to 9
detect_structure.cc:114 Schur complement static structure <-1,-1,-1>.
schur_eliminator.cc:155 Template specializations not found for <-1,-1,-1>
block_sparse_matrix.cc:208 Allocating values array with 311816 bytes.
detect_structure.cc:63 Dynamic row block size because the block size changed from 2 to 15
detect_structure.cc:74 Dynamic e block size because the block size changed from 1 to 9
detect_structure.cc:93 Dynamic f block size because the block size changed from 6 to 9
detect_structure.cc:114 Schur complement static structure <-1,-1,-1>.
detect_structure.cc:63 Dynamic row block size because the block size changed from 2 to 15
detect_structure.cc:74 Dynamic e block size because the block size changed from 1 to 9
detect_structure.cc:93 Dynamic f block size because the block size changed from 6 to 9
detect_structure.cc:114 Schur complement static structure <-1,-1,-1>.
schur_eliminator.cc:155 Template specializations not found for <-1,-1,-1>
block_sparse_matrix.cc:208 Allocating values array with 304776 bytes.
detect_structure.cc:63 Dynamic row block size because the block size changed from 2 to 15
detect_structure.cc:74 Dynamic e block size because the block size changed from 1 to 9
detect_structure.cc:93 Dynamic f block size because the block size changed from 6 to 9
detect_structure.cc:114 Schur complement static structure <-1,-1,-1>.
detect_structure.cc:63 Dynamic row block size because the block size changed from 2 to 15
detect_structure.cc:74 Dynamic e block size because the block size changed from 1 to 9
detect_structure.cc:93 Dynamic f block size because the block size changed from 6 to 9
detect_structure.cc:114 Schur complement static structure <-1,-1,-1>.
schur_eliminator.cc:155 Template specializations not found for <-1,-1,-1>
block_sparse_matrix.cc:208 Allocating values array with 312232 bytes.
detect_structure.cc:63 Dynamic row block size because the block size changed from 2 to 15
detect_structure.cc:74 Dynamic e block size because the block size changed from 1 to 9
detect_structure.cc:93 Dynamic f block size because the block size changed from 6 to 9
detect_structure.cc:114 Schur complement static structure <-1,-1,-1>.
detect_structure.cc:63 Dynamic row block size because the block size changed from 2 to 15
detect_structure.cc:74 Dynamic e block size because the block size changed from 1 to 9
detect_structure.cc:93 Dynamic f block size because the block size changed from 6 to 9
detect_structure.cc:114 Schur complement static structure <-1,-1,-1>.
schur_eliminator.cc:155 Template specializations not found for <-1,-1,-1>
[FeatureTracker] F-matrix: 145 → 91 (rejected 54, threshold=1)
block_sparse_matrix.cc:208 Allocating values array with 297704 bytes.
detect_structure.cc:63 Dynamic row block size because the block size changed from 2 to 15
detect_structure.cc:74 Dynamic e block size because the block size changed from 1 to 9
detect_structure.cc:93 Dynamic f block size because the block size changed from 6 to 9
detect_structure.cc:114 Schur complement static structure <-1,-1,-1>.
detect_structure.cc:63 Dynamic row block size because the block size changed from 2 to 15
detect_structure.cc:74 Dynamic e block size because the block size changed from 1 to 9
detect_structure.cc:93 Dynamic f block size because the block size changed from 6 to 9
detect_structure.cc:114 Schur complement static structure <-1,-1,-1>.
schur_eliminator.cc:155 Template specializations not found for <-1,-1,-1>
block_sparse_matrix.cc:208 Allocating values array with 289592 bytes.
detect_structure.cc:63 Dynamic row block size because the block size changed from 2 to 15
detect_structure.cc:74 Dynamic e block size because the block size changed from 1 to 9
detect_structure.cc:93 Dynamic f block size because the block size changed from 6 to 9
detect_structure.cc:114 Schur complement static structure <-1,-1,-1>.
detect_structure.cc:63 Dynamic row block size because the block size changed from 2 to 15
detect_structure.cc:74 Dynamic e block size because the block size changed from 1 to 9
detect_structure.cc:93 Dynamic f block size because the block size changed from 6 to 9
detect_structure.cc:114 Schur complement static structure <-1,-1,-1>.
schur_eliminator.cc:155 Template specializations not found for <-1,-1,-1>
block_sparse_matrix.cc:208 Allocating values array with 289384 bytes.
detect_structure.cc:63 Dynamic row block size because the block size changed from 2 to 15
detect_structure.cc:74 Dynamic e block size because the block size changed from 1 to 9
detect_structure.cc:93 Dynamic f block size because the block size changed from 6 to 9
detect_structure.cc:114 Schur complement static structure <-1,-1,-1>.
detect_structure.cc:63 Dynamic row block size because the block size changed from 2 to 15
detect_structure.cc:74 Dynamic e block size because the block size changed from 1 to 9
detect_structure.cc:93 Dynamic f block size because the block size changed from 6 to 9
detect_structure.cc:114 Schur complement static structure <-1,-1,-1>.
schur_eliminator.cc:155 Template specializations not found for <-1,-1,-1>
block_sparse_matrix.cc:208 Allocating values array with 288968 bytes.
detect_structure.cc:63 Dynamic row block size because the block size changed from 2 to 15
detect_structure.cc:74 Dynamic e block size because the block size changed from 1 to 9
detect_structure.cc:93 Dynamic f block size because the block size changed from 6 to 9
detect_structure.cc:114 Schur complement static structure <-1,-1,-1>.
detect_structure.cc:63 Dynamic row block size because the block size changed from 2 to 15
detect_structure.cc:74 Dynamic e block size because the block size changed from 1 to 9
detect_structure.cc:93 Dynamic f block size because the block size changed from 6 to 9
detect_structure.cc:114 Schur complement static structure <-1,-1,-1>.
schur_eliminator.cc:155 Template specializations not found for <-1,-1,-1>
block_sparse_matrix.cc:208 Allocating values array with 288344 bytes.
detect_structure.cc:63 Dynamic row block size because the block size changed from 2 to 15
detect_structure.cc:74 Dynamic e block size because the block size changed from 1 to 9
detect_structure.cc:93 Dynamic f block size because the block size changed from 6 to 9
detect_structure.cc:114 Schur complement static structure <-1,-1,-1>.
detect_structure.cc:63 Dynamic row block size because the block size changed from 2 to 15
detect_structure.cc:74 Dynamic e block size because the block size changed from 1 to 9
detect_structure.cc:93 Dynamic f block size because the block size changed from 6 to 9
detect_structure.cc:114 Schur complement static structure <-1,-1,-1>.
schur_eliminator.cc:155 Template specializations not found for <-1,-1,-1>
block_sparse_matrix.cc:208 Allocating values array with 285608 bytes.
detect_structure.cc:63 Dynamic row block size because the block size changed from 2 to 15
detect_structure.cc:74 Dynamic e block size because the block size changed from 1 to 9
detect_structure.cc:93 Dynamic f block size because the block size changed from 6 to 9
detect_structure.cc:114 Schur complement static structure <-1,-1,-1>.
detect_structure.cc:63 Dynamic row block size because the block size changed from 2 to 15
detect_structure.cc:74 Dynamic e block size because the block size changed from 1 to 9
detect_structure.cc:93 Dynamic f block size because the block size changed from 6 to 9
detect_structure.cc:114 Schur complement static structure <-1,-1,-1>.
schur_eliminator.cc:155 Template specializations not found for <-1,-1,-1>
block_sparse_matrix.cc:208 Allocating values array with 289976 bytes.
detect_structure.cc:63 Dynamic row block size because the block size changed from 2 to 15
detect_structure.cc:74 Dynamic e block size because the block size changed from 1 to 9
detect_structure.cc:93 Dynamic f block size because the block size changed from 6 to 9
detect_structure.cc:114 Schur complement static structure <-1,-1,-1>.
detect_structure.cc:63 Dynamic row block size because the block size changed from 2 to 15
detect_structure.cc:74 Dynamic e block size because the block size changed from 1 to 9
detect_structure.cc:93 Dynamic f block size because the block size changed from 6 to 9
detect_structure.cc:114 Schur complement static structure <-1,-1,-1>.
schur_eliminator.cc:155 Template specializations not found for <-1,-1,-1>
[VIO DIAG] f=20 tri: ok=173 wait=11 fail=0 default=0 depth: avg=1.37282 min=0.433074 max=2.06004 |vel|=0.918963 vel=(-0.46003,0.174455,-0.776165) ba=(0.0890042,-1.10157,0.0422225) bg=(-0.00331672,0.000415018,-0.000204388)
block_sparse_matrix.cc:208 Allocating values array with 287064 bytes.
detect_structure.cc:63 Dynamic row block size because the block size changed from 2 to 15
detect_structure.cc:74 Dynamic e block size because the block size changed from 1 to 9
detect_structure.cc:93 Dynamic f block size because the block size changed from 6 to 9
detect_structure.cc:114 Schur complement static structure <-1,-1,-1>.
detect_structure.cc:63 Dynamic row block size because the block size changed from 2 to 15
detect_structure.cc:74 Dynamic e block size because the block size changed from 1 to 9
detect_structure.cc:93 Dynamic f block size because the block size changed from 6 to 9
detect_structure.cc:114 Schur complement static structure <-1,-1,-1>.
schur_eliminator.cc:155 Template specializations not found for <-1,-1,-1>
block_sparse_matrix.cc:208 Allocating values array with 284152 bytes.
detect_structure.cc:63 Dynamic row block size because the block size changed from 2 to 15
detect_structure.cc:74 Dynamic e block size because the block size changed from 1 to 9
detect_structure.cc:93 Dynamic f block size because the block size changed from 6 to 9
detect_structure.cc:114 Schur complement static structure <-1,-1,-1>.
detect_structure.cc:63 Dynamic row block size because the block size changed from 2 to 15
detect_structure.cc:74 Dynamic e block size because the block size changed from 1 to 9
detect_structure.cc:93 Dynamic f block size because the block size changed from 6 to 9
detect_structure.cc:114 Schur complement static structure <-1,-1,-1>.
schur_eliminator.cc:155 Template specializations not found for <-1,-1,-1>
block_sparse_matrix.cc:208 Allocating values array with 279992 bytes.
detect_structure.cc:63 Dynamic row block size because the block size changed from 2 to 15
detect_structure.cc:74 Dynamic e block size because the block size changed from 1 to 9
detect_structure.cc:93 Dynamic f block size because the block size changed from 6 to 9
detect_structure.cc:114 Schur complement static structure <-1,-1,-1>.
detect_structure.cc:63 Dynamic row block size because the block size changed from 2 to 15
detect_structure.cc:74 Dynamic e block size because the block size changed from 1 to 9
detect_structure.cc:93 Dynamic f block size because the block size changed from 6 to 9
detect_structure.cc:114 Schur complement static structure <-1,-1,-1>.
schur_eliminator.cc:155 Template specializations not found for <-1,-1,-1>
block_sparse_matrix.cc:208 Allocating values array with 276872 bytes.
detect_structure.cc:63 Dynamic row block size because the block size changed from 2 to 15
detect_structure.cc:74 Dynamic e block size because the block size changed from 1 to 9
detect_structure.cc:93 Dynamic f block size because the block size changed from 6 to 9
detect_structure.cc:114 Schur complement static structure <-1,-1,-1>.
detect_structure.cc:63 Dynamic row block size because the block size changed from 2 to 15
detect_structure.cc:74 Dynamic e block size because the block size changed from 1 to 9
detect_structure.cc:93 Dynamic f block size because the block size changed from 6 to 9
detect_structure.cc:114 Schur complement static structure <-1,-1,-1>.
schur_eliminator.cc:155 Template specializations not found for <-1,-1,-1>
block_sparse_matrix.cc:208 Allocating values array with 273128 bytes.
detect_structure.cc:63 Dynamic row block size because the block size changed from 2 to 15
detect_structure.cc:74 Dynamic e block size because the block size changed from 1 to 9
detect_structure.cc:93 Dynamic f block size because the block size changed from 6 to 9
detect_structure.cc:114 Schur complement static structure <-1,-1,-1>.
detect_structure.cc:63 Dynamic row block size because the block size changed from 2 to 15
detect_structure.cc:74 Dynamic e block size because the block size changed from 1 to 9
detect_structure.cc:93 Dynamic f block size because the block size changed from 6 to 9
detect_structure.cc:114 Schur complement static structure <-1,-1,-1>.
schur_eliminator.cc:155 Template specializations not found for <-1,-1,-1>
block_sparse_matrix.cc:208 Allocating values array with 268344 bytes.
detect_structure.cc:63 Dynamic row block size because the block size changed from 2 to 15
detect_structure.cc:74 Dynamic e block size because the block size changed from 1 to 9
detect_structure.cc:93 Dynamic f block size because the block size changed from 6 to 9
detect_structure.cc:114 Schur complement static structure <-1,-1,-1>.
detect_structure.cc:63 Dynamic row block size because the block size changed from 2 to 15
detect_structure.cc:74 Dynamic e block size because the block size changed from 1 to 9
detect_structure.cc:93 Dynamic f block size because the block size changed from 6 to 9
detect_structure.cc:114 Schur complement static structure <-1,-1,-1>.
schur_eliminator.cc:155 Template specializations not found for <-1,-1,-1>
block_sparse_matrix.cc:208 Allocating values array with 273336 bytes.
detect_structure.cc:63 Dynamic row block size because the block size changed from 2 to 15
detect_structure.cc:74 Dynamic e block size because the block size changed from 1 to 9
detect_structure.cc:93 Dynamic f block size because the block size changed from 6 to 9
detect_structure.cc:114 Schur complement static structure <-1,-1,-1>.
detect_structure.cc:63 Dynamic row block size because the block size changed from 2 to 15
detect_structure.cc:74 Dynamic e block size because the block size changed from 1 to 9
detect_structure.cc:93 Dynamic f block size because the block size changed from 6 to 9
detect_structure.cc:114 Schur complement static structure <-1,-1,-1>.
schur_eliminator.cc:155 Template specializations not found for <-1,-1,-1>
block_sparse_matrix.cc:208 Allocating values array with 274376 bytes.
detect_structure.cc:63 Dynamic row block size because the block size changed from 2 to 15
detect_structure.cc:74 Dynamic e block size because the block size changed from 1 to 9
detect_structure.cc:93 Dynamic f block size because the block size changed from 6 to 9
detect_structure.cc:114 Schur complement static structure <-1,-1,-1>.
detect_structure.cc:63 Dynamic row block size because the block size changed from 2 to 15
detect_structure.cc:74 Dynamic e block size because the block size changed from 1 to 9
detect_structure.cc:93 Dynamic f block size because the block size changed from 6 to 9
detect_structure.cc:114 Schur complement static structure <-1,-1,-1>.
schur_eliminator.cc:155 Template specializations not found for <-1,-1,-1>
block_sparse_matrix.cc:208 Allocating values array with 270632 bytes.
detect_structure.cc:63 Dynamic row block size because the block size changed from 2 to 15
detect_structure.cc:74 Dynamic e block size because the block size changed from 1 to 9
detect_structure.cc:93 Dynamic f block size because the block size changed from 6 to 9
detect_structure.cc:114 Schur complement static structure <-1,-1,-1>.
detect_structure.cc:63 Dynamic row block size because the block size changed from 2 to 15
detect_structure.cc:74 Dynamic e block size because the block size changed from 1 to 9
detect_structure.cc:93 Dynamic f block size because the block size changed from 6 to 9
detect_structure.cc:114 Schur complement static structure <-1,-1,-1>.
schur_eliminator.cc:155 Template specializations not found for <-1,-1,-1>
[FeatureTracker] F-matrix: 122 → 60 (rejected 62, threshold=1)
block_sparse_matrix.cc:208 Allocating values array with 263768 bytes.
detect_structure.cc:63 Dynamic row block size because the block size changed from 2 to 15
detect_structure.cc:74 Dynamic e block size because the block size changed from 1 to 9
detect_structure.cc:93 Dynamic f block size because the block size changed from 6 to 9
detect_structure.cc:114 Schur complement static structure <-1,-1,-1>.
detect_structure.cc:63 Dynamic row block size because the block size changed from 2 to 15
detect_structure.cc:74 Dynamic e block size because the block size changed from 1 to 9
detect_structure.cc:93 Dynamic f block size because the block size changed from 6 to 9
detect_structure.cc:114 Schur complement static structure <-1,-1,-1>.
schur_eliminator.cc:155 Template specializations not found for <-1,-1,-1>
block_sparse_matrix.cc:208 Allocating values array with 248408 bytes.
detect_structure.cc:63 Dynamic row block size because the block size changed from 2 to 15
detect_structure.cc:74 Dynamic e block size because the block size changed from 1 to 9
detect_structure.cc:93 Dynamic f block size because the block size changed from 6 to 9
detect_structure.cc:114 Schur complement static structure <-1,-1,-1>.
detect_structure.cc:63 Dynamic row block size because the block size changed from 2 to 15
detect_structure.cc:74 Dynamic e block size because the block size changed from 1 to 9
detect_structure.cc:93 Dynamic f block size because the block size changed from 6 to 9
detect_structure.cc:114 Schur complement static structure <-1,-1,-1>.
schur_eliminator.cc:155 Template specializations not found for <-1,-1,-1>
block_sparse_matrix.cc:208 Allocating values array with 247960 bytes.
detect_structure.cc:63 Dynamic row block size because the block size changed from 2 to 15
detect_structure.cc:74 Dynamic e block size because the block size changed from 1 to 9
detect_structure.cc:93 Dynamic f block size because the block size changed from 6 to 9
detect_structure.cc:114 Schur complement static structure <-1,-1,-1>.
detect_structure.cc:63 Dynamic row block size because the block size changed from 2 to 15
detect_structure.cc:74 Dynamic e block size because the block size changed from 1 to 9
detect_structure.cc:93 Dynamic f block size because the block size changed from 6 to 9
detect_structure.cc:114 Schur complement static structure <-1,-1,-1>.
schur_eliminator.cc:155 Template specializations not found for <-1,-1,-1>
block_sparse_matrix.cc:208 Allocating values array with 241336 bytes.
detect_structure.cc:63 Dynamic row block size because the block size changed from 2 to 15
detect_structure.cc:74 Dynamic e block size because the block size changed from 1 to 9
detect_structure.cc:93 Dynamic f block size because the block size changed from 6 to 9
detect_structure.cc:114 Schur complement static structure <-1,-1,-1>.
detect_structure.cc:63 Dynamic row block size because the block size changed from 2 to 15
detect_structure.cc:74 Dynamic e block size because the block size changed from 1 to 9
detect_structure.cc:93 Dynamic f block size because the block size changed from 6 to 9
detect_structure.cc:114 Schur complement static structure <-1,-1,-1>.
schur_eliminator.cc:155 Template specializations not found for <-1,-1,-1>
block_sparse_matrix.cc:208 Allocating values array with 238808 bytes.
detect_structure.cc:63 Dynamic row block size because the block size changed from 2 to 15
detect_structure.cc:74 Dynamic e block size because the block size changed from 1 to 9
detect_structure.cc:93 Dynamic f block size because the block size changed from 6 to 9
detect_structure.cc:114 Schur complement static structure <-1,-1,-1>.
detect_structure.cc:63 Dynamic row block size because the block size changed from 2 to 15
detect_structure.cc:74 Dynamic e block size because the block size changed from 1 to 9
detect_structure.cc:93 Dynamic f block size because the block size changed from 6 to 9
detect_structure.cc:114 Schur complement static structure <-1,-1,-1>.
schur_eliminator.cc:155 Template specializations not found for <-1,-1,-1>
block_sparse_matrix.cc:208 Allocating values array with 265016 bytes.
detect_structure.cc:63 Dynamic row block size because the block size changed from 2 to 15
detect_structure.cc:74 Dynamic e block size because the block size changed from 1 to 9
detect_structure.cc:93 Dynamic f block size because the block size changed from 6 to 9
detect_structure.cc:114 Schur complement static structure <-1,-1,-1>.
detect_structure.cc:63 Dynamic row block size because the block size changed from 2 to 15
detect_structure.cc:74 Dynamic e block size because the block size changed from 1 to 9
detect_structure.cc:93 Dynamic f block size because the block size changed from 6 to 9
detect_structure.cc:114 Schur complement static structure <-1,-1,-1>.
schur_eliminator.cc:155 Template specializations not found for <-1,-1,-1>
block_sparse_matrix.cc:208 Allocating values array with 269800 bytes.
detect_structure.cc:63 Dynamic row block size because the block size changed from 2 to 15
detect_structure.cc:74 Dynamic e block size because the block size changed from 1 to 9
detect_structure.cc:93 Dynamic f block size because the block size changed from 6 to 9
detect_structure.cc:114 Schur complement static structure <-1,-1,-1>.
detect_structure.cc:63 Dynamic row block size because the block size changed from 2 to 15
detect_structure.cc:74 Dynamic e block size because the block size changed from 1 to 9
detect_structure.cc:93 Dynamic f block size because the block size changed from 6 to 9
detect_structure.cc:114 Schur complement static structure <-1,-1,-1>.
schur_eliminator.cc:155 Template specializations not found for <-1,-1,-1>
block_sparse_matrix.cc:208 Allocating values array with 272920 bytes.
detect_structure.cc:63 Dynamic row block size because the block size changed from 2 to 15
detect_structure.cc:74 Dynamic e block size because the block size changed from 1 to 9
detect_structure.cc:93 Dynamic f block size because the block size changed from 6 to 9
detect_structure.cc:114 Schur complement static structure <-1,-1,-1>.
detect_structure.cc:63 Dynamic row block size because the block size changed from 2 to 15
detect_structure.cc:74 Dynamic e block size because the block size changed from 1 to 9
detect_structure.cc:93 Dynamic f block size because the block size changed from 6 to 9
detect_structure.cc:114 Schur complement static structure <-1,-1,-1>.
schur_eliminator.cc:155 Template specializations not found for <-1,-1,-1>
block_sparse_matrix.cc:208 Allocating values array with 279160 bytes.
detect_structure.cc:63 Dynamic row block size because the block size changed from 2 to 15
detect_structure.cc:74 Dynamic e block size because the block size changed from 1 to 9
detect_structure.cc:93 Dynamic f block size because the block size changed from 6 to 9
detect_structure.cc:114 Schur complement static structure <-1,-1,-1>.
detect_structure.cc:63 Dynamic row block size because the block size changed from 2 to 15
detect_structure.cc:74 Dynamic e block size because the block size changed from 1 to 9
detect_structure.cc:93 Dynamic f block size because the block size changed from 6 to 9
detect_structure.cc:114 Schur complement static structure <-1,-1,-1>.
schur_eliminator.cc:155 Template specializations not found for <-1,-1,-1>
block_sparse_matrix.cc:208 Allocating values array with 285192 bytes.
detect_structure.cc:63 Dynamic row block size because the block size changed from 2 to 15
detect_structure.cc:74 Dynamic e block size because the block size changed from 1 to 9
detect_structure.cc:93 Dynamic f block size because the block size changed from 6 to 9
detect_structure.cc:114 Schur complement static structure <-1,-1,-1>.
detect_structure.cc:63 Dynamic row block size because the block size changed from 2 to 15
detect_structure.cc:74 Dynamic e block size because the block size changed from 1 to 9
detect_structure.cc:93 Dynamic f block size because the block size changed from 6 to 9
detect_structure.cc:114 Schur complement static structure <-1,-1,-1>.
schur_eliminator.cc:155 Template specializations not found for <-1,-1,-1>
block_sparse_matrix.cc:208 Allocating values array with 290600 bytes.
detect_structure.cc:63 Dynamic row block size because the block size changed from 2 to 15
detect_structure.cc:74 Dynamic e block size because the block size changed from 1 to 9
detect_structure.cc:93 Dynamic f block size because the block size changed from 6 to 9
detect_structure.cc:114 Schur complement static structure <-1,-1,-1>.
detect_structure.cc:63 Dynamic row block size because the block size changed from 2 to 15
detect_structure.cc:74 Dynamic e block size because the block size changed from 1 to 9
detect_structure.cc:93 Dynamic f block size because the block size changed from 6 to 9
detect_structure.cc:114 Schur complement static structure <-1,-1,-1>.
schur_eliminator.cc:155 Template specializations not found for <-1,-1,-1>
[VIO DIAG] f=40 tri: ok=148 wait=3 fail=0 default=0 depth: avg=1.43269 min=0.11665 max=2.43014 |vel|=0.929113 vel=(-0.623637,-0.220318,0.652524) ba=(0.246934,-0.822013,0.0266086) bg=(-0.00335572,-0.0010053,0.000399992)
block_sparse_matrix.cc:208 Allocating values array with 301832 bytes.
detect_structure.cc:63 Dynamic row block size because the block size changed from 2 to 15
detect_structure.cc:74 Dynamic e block size because the block size changed from 1 to 9
detect_structure.cc:93 Dynamic f block size because the block size changed from 6 to 9
detect_structure.cc:114 Schur complement static structure <-1,-1,-1>.
detect_structure.cc:63 Dynamic row block size because the block size changed from 2 to 15
detect_structure.cc:74 Dynamic e block size because the block size changed from 1 to 9
detect_structure.cc:93 Dynamic f block size because the block size changed from 6 to 9
detect_structure.cc:114 Schur complement static structure <-1,-1,-1>.
schur_eliminator.cc:155 Template specializations not found for <-1,-1,-1>
block_sparse_matrix.cc:208 Allocating values array with 314728 bytes.
detect_structure.cc:63 Dynamic row block size because the block size changed from 2 to 15
detect_structure.cc:74 Dynamic e block size because the block size changed from 1 to 9
detect_structure.cc:93 Dynamic f block size because the block size changed from 6 to 9
detect_structure.cc:114 Schur complement static structure <-1,-1,-1>.
detect_structure.cc:63 Dynamic row block size because the block size changed from 2 to 15
detect_structure.cc:74 Dynamic e block size because the block size changed from 1 to 9
detect_structure.cc:93 Dynamic f block size because the block size changed from 6 to 9
detect_structure.cc:114 Schur complement static structure <-1,-1,-1>.
schur_eliminator.cc:155 Template specializations not found for <-1,-1,-1>
block_sparse_matrix.cc:208 Allocating values array with 306856 bytes.
detect_structure.cc:63 Dynamic row block size because the block size changed from 2 to 15
detect_structure.cc:74 Dynamic e block size because the block size changed from 1 to 9
detect_structure.cc:93 Dynamic f block size because the block size changed from 6 to 9
detect_structure.cc:114 Schur complement static structure <-1,-1,-1>.
detect_structure.cc:63 Dynamic row block size because the block size changed from 2 to 15
detect_structure.cc:74 Dynamic e block size because the block size changed from 1 to 9
detect_structure.cc:93 Dynamic f block size because the block size changed from 6 to 9
detect_structure.cc:114 Schur complement static structure <-1,-1,-1>.
schur_eliminator.cc:155 Template specializations not found for <-1,-1,-1>
block_sparse_matrix.cc:208 Allocating values array with 314312 bytes.
detect_structure.cc:63 Dynamic row block size because the block size changed from 2 to 15
detect_structure.cc:74 Dynamic e block size because the block size changed from 1 to 9
detect_structure.cc:93 Dynamic f block size because the block size changed from 6 to 9
detect_structure.cc:114 Schur complement static structure <-1,-1,-1>.
detect_structure.cc:63 Dynamic row block size because the block size changed from 2 to 15
detect_structure.cc:74 Dynamic e block size because the block size changed from 1 to 9
detect_structure.cc:93 Dynamic f block size because the block size changed from 6 to 9
detect_structure.cc:114 Schur complement static structure <-1,-1,-1>.
schur_eliminator.cc:155 Template specializations not found for <-1,-1,-1>
block_sparse_matrix.cc:208 Allocating values array with 320968 bytes.
detect_structure.cc:63 Dynamic row block size because the block size changed from 2 to 15
detect_structure.cc:74 Dynamic e block size because the block size changed from 1 to 9
detect_structure.cc:93 Dynamic f block size because the block size changed from 6 to 9
detect_structure.cc:114 Schur complement static structure <-1,-1,-1>.
detect_structure.cc:63 Dynamic row block size because the block size changed from 2 to 15
detect_structure.cc:74 Dynamic e block size because the block size changed from 1 to 9
detect_structure.cc:93 Dynamic f block size because the block size changed from 6 to 9
detect_structure.cc:114 Schur complement static structure <-1,-1,-1>.
schur_eliminator.cc:155 Template specializations not found for <-1,-1,-1>
block_sparse_matrix.cc:208 Allocating values array with 322840 bytes.
detect_structure.cc:63 Dynamic row block size because the block size changed from 2 to 15
detect_structure.cc:74 Dynamic e block size because the block size changed from 1 to 9
detect_structure.cc:93 Dynamic f block size because the block size changed from 6 to 9
detect_structure.cc:114 Schur complement static structure <-1,-1,-1>.
detect_structure.cc:63 Dynamic row block size because the block size changed from 2 to 15
detect_structure.cc:74 Dynamic e block size because the block size changed from 1 to 9
detect_structure.cc:93 Dynamic f block size because the block size changed from 6 to 9
detect_structure.cc:114 Schur complement static structure <-1,-1,-1>.
schur_eliminator.cc:155 Template specializations not found for <-1,-1,-1>
[FeatureTracker] F-matrix: 129 → 68 (rejected 61, threshold=1)
block_sparse_matrix.cc:208 Allocating values array with 312856 bytes.
detect_structure.cc:63 Dynamic row block size because the block size changed from 2 to 15
detect_structure.cc:74 Dynamic e block size because the block size changed from 1 to 9
detect_structure.cc:93 Dynamic f block size because the block size changed from 6 to 9
detect_structure.cc:114 Schur complement static structure <-1,-1,-1>.
detect_structure.cc:63 Dynamic row block size because the block size changed from 2 to 15
detect_structure.cc:74 Dynamic e block size because the block size changed from 1 to 9
detect_structure.cc:93 Dynamic f block size because the block size changed from 6 to 9
detect_structure.cc:114 Schur complement static structure <-1,-1,-1>.
schur_eliminator.cc:155 Template specializations not found for <-1,-1,-1>
block_sparse_matrix.cc:208 Allocating values array with 294376 bytes.
detect_structure.cc:63 Dynamic row block size because the block size changed from 2 to 15
detect_structure.cc:74 Dynamic e block size because the block size changed from 1 to 9
detect_structure.cc:93 Dynamic f block size because the block size changed from 6 to 9
detect_structure.cc:114 Schur complement static structure <-1,-1,-1>.
detect_structure.cc:63 Dynamic row block size because the block size changed from 2 to 15
detect_structure.cc:74 Dynamic e block size because the block size changed from 1 to 9
detect_structure.cc:93 Dynamic f block size because the block size changed from 6 to 9
detect_structure.cc:114 Schur complement static structure <-1,-1,-1>.
schur_eliminator.cc:155 Template specializations not found for <-1,-1,-1>
block_sparse_matrix.cc:208 Allocating values array with 288728 bytes.
detect_structure.cc:63 Dynamic row block size because the block size changed from 2 to 15
detect_structure.cc:74 Dynamic e block size because the block size changed from 1 to 9
detect_structure.cc:93 Dynamic f block size because the block size changed from 6 to 9
detect_structure.cc:114 Schur complement static structure <-1,-1,-1>.
detect_structure.cc:63 Dynamic row block size because the block size changed from 2 to 15
detect_structure.cc:74 Dynamic e block size because the block size changed from 1 to 9
detect_structure.cc:93 Dynamic f block size because the block size changed from 6 to 9
detect_structure.cc:114 Schur complement static structure <-1,-1,-1>.
schur_eliminator.cc:155 Template specializations not found for <-1,-1,-1>
block_sparse_matrix.cc:208 Allocating values array with 281688 bytes.
detect_structure.cc:63 Dynamic row block size because the block size changed from 2 to 15
detect_structure.cc:74 Dynamic e block size because the block size changed from 1 to 9
detect_structure.cc:93 Dynamic f block size because the block size changed from 6 to 9
detect_structure.cc:114 Schur complement static structure <-1,-1,-1>.
detect_structure.cc:63 Dynamic row block size because the block size changed from 2 to 15
detect_structure.cc:74 Dynamic e block size because the block size changed from 1 to 9
detect_structure.cc:93 Dynamic f block size because the block size changed from 6 to 9
detect_structure.cc:114 Schur complement static structure <-1,-1,-1>.
schur_eliminator.cc:155 Template specializations not found for <-1,-1,-1>
block_sparse_matrix.cc:208 Allocating values array with 275416 bytes.
detect_structure.cc:63 Dynamic row block size because the block size changed from 2 to 15
detect_structure.cc:74 Dynamic e block size because the block size changed from 1 to 9
detect_structure.cc:93 Dynamic f block size because the block size changed from 6 to 9
detect_structure.cc:114 Schur complement static structure <-1,-1,-1>.
detect_structure.cc:63 Dynamic row block size because the block size changed from 2 to 15
detect_structure.cc:74 Dynamic e block size because the block size changed from 1 to 9
detect_structure.cc:93 Dynamic f block size because the block size changed from 6 to 9
detect_structure.cc:114 Schur complement static structure <-1,-1,-1>.
schur_eliminator.cc:155 Template specializations not found for <-1,-1,-1>
block_sparse_matrix.cc:208 Allocating values array with 293304 bytes.
detect_structure.cc:63 Dynamic row block size because the block size changed from 2 to 15
detect_structure.cc:74 Dynamic e block size because the block size changed from 1 to 9
detect_structure.cc:93 Dynamic f block size because the block size changed from 6 to 9
detect_structure.cc:114 Schur complement static structure <-1,-1,-1>.
detect_structure.cc:63 Dynamic row block size because the block size changed from 2 to 15
detect_structure.cc:74 Dynamic e block size because the block size changed from 1 to 9
detect_structure.cc:93 Dynamic f block size because the block size changed from 6 to 9
detect_structure.cc:114 Schur complement static structure <-1,-1,-1>.
schur_eliminator.cc:155 Template specializations not found for <-1,-1,-1>
block_sparse_matrix.cc:208 Allocating values array with 284600 bytes.
detect_structure.cc:63 Dynamic row block size because the block size changed from 2 to 15
detect_structure.cc:74 Dynamic e block size because the block size changed from 1 to 9
detect_structure.cc:93 Dynamic f block size because the block size changed from 6 to 9
detect_structure.cc:114 Schur complement static structure <-1,-1,-1>.
detect_structure.cc:63 Dynamic row block size because the block size changed from 2 to 15
detect_structure.cc:74 Dynamic e block size because the block size changed from 1 to 9
detect_structure.cc:93 Dynamic f block size because the block size changed from 6 to 9
detect_structure.cc:114 Schur complement static structure <-1,-1,-1>.
schur_eliminator.cc:155 Template specializations not found for <-1,-1,-1>
block_sparse_matrix.cc:208 Allocating values array with 288520 bytes.
detect_structure.cc:63 Dynamic row block size because the block size changed from 2 to 15
detect_structure.cc:74 Dynamic e block size because the block size changed from 1 to 9
detect_structure.cc:93 Dynamic f block size because the block size changed from 6 to 9
detect_structure.cc:114 Schur complement static structure <-1,-1,-1>.
detect_structure.cc:63 Dynamic row block size because the block size changed from 2 to 15
detect_structure.cc:74 Dynamic e block size because the block size changed from 1 to 9
detect_structure.cc:93 Dynamic f block size because the block size changed from 6 to 9
detect_structure.cc:114 Schur complement static structure <-1,-1,-1>.
schur_eliminator.cc:155 Template specializations not found for <-1,-1,-1>
block_sparse_matrix.cc:208 Allocating values array with 287896 bytes.
detect_structure.cc:63 Dynamic row block size because the block size changed from 2 to 15
detect_structure.cc:74 Dynamic e block size because the block size changed from 1 to 9
detect_structure.cc:93 Dynamic f block size because the block size changed from 6 to 9
detect_structure.cc:114 Schur complement static structure <-1,-1,-1>.
detect_structure.cc:63 Dynamic row block size because the block size changed from 2 to 15
detect_structure.cc:74 Dynamic e block size because the block size changed from 1 to 9
detect_structure.cc:93 Dynamic f block size because the block size changed from 6 to 9
detect_structure.cc:114 Schur complement static structure <-1,-1,-1>.
schur_eliminator.cc:155 Template specializations not found for <-1,-1,-1>
block_sparse_matrix.cc:208 Allocating values array with 281032 bytes.
detect_structure.cc:63 Dynamic row block size because the block size changed from 2 to 15
detect_structure.cc:74 Dynamic e block size because the block size changed from 1 to 9
detect_structure.cc:93 Dynamic f block size because the block size changed from 6 to 9
detect_structure.cc:114 Schur complement static structure <-1,-1,-1>.
detect_structure.cc:63 Dynamic row block size because the block size changed from 2 to 15
detect_structure.cc:74 Dynamic e block size because the block size changed from 1 to 9
detect_structure.cc:93 Dynamic f block size because the block size changed from 6 to 9
detect_structure.cc:114 Schur complement static structure <-1,-1,-1>.
schur_eliminator.cc:155 Template specializations not found for <-1,-1,-1>
block_sparse_matrix.cc:208 Allocating values array with 279368 bytes.
detect_structure.cc:63 Dynamic row block size because the block size changed from 2 to 15
detect_structure.cc:74 Dynamic e block size because the block size changed from 1 to 9
detect_structure.cc:93 Dynamic f block size because the block size changed from 6 to 9
detect_structure.cc:114 Schur complement static structure <-1,-1,-1>.
detect_structure.cc:63 Dynamic row block size because the block size changed from 2 to 15
detect_structure.cc:74 Dynamic e block size because the block size changed from 1 to 9
detect_structure.cc:93 Dynamic f block size because the block size changed from 6 to 9
detect_structure.cc:114 Schur complement static structure <-1,-1,-1>.
schur_eliminator.cc:155 Template specializations not found for <-1,-1,-1>
block_sparse_matrix.cc:208 Allocating values array with 271496 bytes.
detect_structure.cc:63 Dynamic row block size because the block size changed from 2 to 15
detect_structure.cc:74 Dynamic e block size because the block size changed from 1 to 9
detect_structure.cc:93 Dynamic f block size because the block size changed from 6 to 9
detect_structure.cc:114 Schur complement static structure <-1,-1,-1>.
detect_structure.cc:63 Dynamic row block size because the block size changed from 2 to 15
detect_structure.cc:74 Dynamic e block size because the block size changed from 1 to 9
detect_structure.cc:93 Dynamic f block size because the block size changed from 6 to 9
detect_structure.cc:114 Schur complement static structure <-1,-1,-1>.
schur_eliminator.cc:155 Template specializations not found for <-1,-1,-1>
block_sparse_matrix.cc:208 Allocating values array with 272920 bytes.
detect_structure.cc:63 Dynamic row block size because the block size changed from 2 to 15
detect_structure.cc:74 Dynamic e block size because the block size changed from 1 to 9
detect_structure.cc:93 Dynamic f block size because the block size changed from 6 to 9
detect_structure.cc:114 Schur complement static structure <-1,-1,-1>.
detect_structure.cc:63 Dynamic row block size because the block size changed from 2 to 15
detect_structure.cc:74 Dynamic e block size because the block size changed from 1 to 9
detect_structure.cc:93 Dynamic f block size because the block size changed from 6 to 9
detect_structure.cc:114 Schur complement static structure <-1,-1,-1>.
schur_eliminator.cc:155 Template specializations not found for <-1,-1,-1>
block_sparse_matrix.cc:208 Allocating values array with 289768 bytes.
detect_structure.cc:63 Dynamic row block size because the block size changed from 2 to 15
detect_structure.cc:74 Dynamic e block size because the block size changed from 1 to 9
detect_structure.cc:93 Dynamic f block size because the block size changed from 6 to 9
detect_structure.cc:114 Schur complement static structure <-1,-1,-1>.
detect_structure.cc:63 Dynamic row block size because the block size changed from 2 to 15
detect_structure.cc:74 Dynamic e block size because the block size changed from 1 to 9
detect_structure.cc:93 Dynamic f block size because the block size changed from 6 to 9
detect_structure.cc:114 Schur complement static structure <-1,-1,-1>.
schur_eliminator.cc:155 Template specializations not found for <-1,-1,-1>
[VIO DIAG] f=60 tri: ok=154 wait=0 fail=0 default=1 depth: avg=1.38695 min=0.259432 max=3.65918 |vel|=0.929647 vel=(-0.753519,0.183861,-0.512492) ba=(0.163859,-0.444095,-0.0122783) bg=(-0.00130141,-0.00050852,0.000478305)
block_sparse_matrix.cc:208 Allocating values array with 282312 bytes.
detect_structure.cc:63 Dynamic row block size because the block size changed from 2 to 15
detect_structure.cc:74 Dynamic e block size because the block size changed from 1 to 9
detect_structure.cc:93 Dynamic f block size because the block size changed from 6 to 9
detect_structure.cc:114 Schur complement static structure <-1,-1,-1>.
detect_structure.cc:63 Dynamic row block size because the block size changed from 2 to 15
detect_structure.cc:74 Dynamic e block size because the block size changed from 1 to 9
detect_structure.cc:93 Dynamic f block size because the block size changed from 6 to 9
detect_structure.cc:114 Schur complement static structure <-1,-1,-1>.
schur_eliminator.cc:155 Template specializations not found for <-1,-1,-1>
block_sparse_matrix.cc:208 Allocating values array with 300792 bytes.
detect_structure.cc:63 Dynamic row block size because the block size changed from 2 to 15
detect_structure.cc:74 Dynamic e block size because the block size changed from 1 to 9
detect_structure.cc:93 Dynamic f block size because the block size changed from 6 to 9
detect_structure.cc:114 Schur complement static structure <-1,-1,-1>.
detect_structure.cc:63 Dynamic row block size because the block size changed from 2 to 15
detect_structure.cc:74 Dynamic e block size because the block size changed from 1 to 9
detect_structure.cc:93 Dynamic f block size because the block size changed from 6 to 9
detect_structure.cc:114 Schur complement static structure <-1,-1,-1>.
schur_eliminator.cc:155 Template specializations not found for <-1,-1,-1>
[FeatureTracker] F-matrix: 142 → 75 (rejected 67, threshold=1)
block_sparse_matrix.cc:208 Allocating values array with 294968 bytes.
detect_structure.cc:63 Dynamic row block size because the block size changed from 2 to 15
detect_structure.cc:74 Dynamic e block size because the block size changed from 1 to 9
detect_structure.cc:93 Dynamic f block size because the block size changed from 6 to 9
detect_structure.cc:114 Schur complement static structure <-1,-1,-1>.
detect_structure.cc:63 Dynamic row block size because the block size changed from 2 to 15
detect_structure.cc:74 Dynamic e block size because the block size changed from 1 to 9
detect_structure.cc:93 Dynamic f block size because the block size changed from 6 to 9
detect_structure.cc:114 Schur complement static structure <-1,-1,-1>.
schur_eliminator.cc:155 Template specializations not found for <-1,-1,-1>
block_sparse_matrix.cc:208 Allocating values array with 286648 bytes.
detect_structure.cc:63 Dynamic row block size because the block size changed from 2 to 15
detect_structure.cc:74 Dynamic e block size because the block size changed from 1 to 9
detect_structure.cc:93 Dynamic f block size because the block size changed from 6 to 9
detect_structure.cc:114 Schur complement static structure <-1,-1,-1>.
detect_structure.cc:63 Dynamic row block size because the block size changed from 2 to 15
detect_structure.cc:74 Dynamic e block size because the block size changed from 1 to 9
detect_structure.cc:93 Dynamic f block size because the block size changed from 6 to 9
detect_structure.cc:114 Schur complement static structure <-1,-1,-1>.
schur_eliminator.cc:155 Template specializations not found for <-1,-1,-1>
block_sparse_matrix.cc:208 Allocating values array with 278744 bytes.
detect_structure.cc:63 Dynamic row block size because the block size changed from 2 to 15
detect_structure.cc:74 Dynamic e block size because the block size changed from 1 to 9
detect_structure.cc:93 Dynamic f block size because the block size changed from 6 to 9
detect_structure.cc:114 Schur complement static structure <-1,-1,-1>.
detect_structure.cc:63 Dynamic row block size because the block size changed from 2 to 15
detect_structure.cc:74 Dynamic e block size because the block size changed from 1 to 9
detect_structure.cc:93 Dynamic f block size because the block size changed from 6 to 9
detect_structure.cc:114 Schur complement static structure <-1,-1,-1>.
schur_eliminator.cc:155 Template specializations not found for <-1,-1,-1>
block_sparse_matrix.cc:208 Allocating values array with 268344 bytes.
detect_structure.cc:63 Dynamic row block size because the block size changed from 2 to 15
detect_structure.cc:74 Dynamic e block size because the block size changed from 1 to 9
detect_structure.cc:93 Dynamic f block size because the block size changed from 6 to 9
detect_structure.cc:114 Schur complement static structure <-1,-1,-1>.
detect_structure.cc:63 Dynamic row block size because the block size changed from 2 to 15
detect_structure.cc:74 Dynamic e block size because the block size changed from 1 to 9
detect_structure.cc:93 Dynamic f block size because the block size changed from 6 to 9
detect_structure.cc:114 Schur complement static structure <-1,-1,-1>.
schur_eliminator.cc:155 Template specializations not found for <-1,-1,-1>
block_sparse_matrix.cc:208 Allocating values array with 283736 bytes.
detect_structure.cc:63 Dynamic row block size because the block size changed from 2 to 15
detect_structure.cc:74 Dynamic e block size because the block size changed from 1 to 9
detect_structure.cc:93 Dynamic f block size because the block size changed from 6 to 9
detect_structure.cc:114 Schur complement static structure <-1,-1,-1>.
detect_structure.cc:63 Dynamic row block size because the block size changed from 2 to 15
detect_structure.cc:74 Dynamic e block size because the block size changed from 1 to 9
detect_structure.cc:93 Dynamic f block size because the block size changed from 6 to 9
detect_structure.cc:114 Schur complement static structure <-1,-1,-1>.
schur_eliminator.cc:155 Template specializations not found for <-1,-1,-1>
block_sparse_matrix.cc:208 Allocating values array with 284984 bytes.
detect_structure.cc:63 Dynamic row block size because the block size changed from 2 to 15
detect_structure.cc:74 Dynamic e block size because the block size changed from 1 to 9
detect_structure.cc:93 Dynamic f block size because the block size changed from 6 to 9
detect_structure.cc:114 Schur complement static structure <-1,-1,-1>.
detect_structure.cc:63 Dynamic row block size because the block size changed from 2 to 15
detect_structure.cc:74 Dynamic e block size because the block size changed from 1 to 9
detect_structure.cc:93 Dynamic f block size because the block size changed from 6 to 9
detect_structure.cc:114 Schur complement static structure <-1,-1,-1>.
schur_eliminator.cc:155 Template specializations not found for <-1,-1,-1>
block_sparse_matrix.cc:208 Allocating values array with 284360 bytes.
detect_structure.cc:63 Dynamic row block size because the block size changed from 2 to 15
detect_structure.cc:74 Dynamic e block size because the block size changed from 1 to 9
detect_structure.cc:93 Dynamic f block size because the block size changed from 6 to 9
detect_structure.cc:114 Schur complement static structure <-1,-1,-1>.
detect_structure.cc:63 Dynamic row block size because the block size changed from 2 to 15
detect_structure.cc:74 Dynamic e block size because the block size changed from 1 to 9
detect_structure.cc:93 Dynamic f block size because the block size changed from 6 to 9
detect_structure.cc:114 Schur complement static structure <-1,-1,-1>.
schur_eliminator.cc:155 Template specializations not found for <-1,-1,-1>
block_sparse_matrix.cc:208 Allocating values array with 287480 bytes.
detect_structure.cc:63 Dynamic row block size because the block size changed from 2 to 15
detect_structure.cc:74 Dynamic e block size because the block size changed from 1 to 9
detect_structure.cc:93 Dynamic f block size because the block size changed from 6 to 9
detect_structure.cc:114 Schur complement static structure <-1,-1,-1>.
detect_structure.cc:63 Dynamic row block size because the block size changed from 2 to 15
detect_structure.cc:74 Dynamic e block size because the block size changed from 1 to 9
detect_structure.cc:93 Dynamic f block size because the block size changed from 6 to 9
detect_structure.cc:114 Schur complement static structure <-1,-1,-1>.
schur_eliminator.cc:155 Template specializations not found for <-1,-1,-1>
[FeatureTracker] F-matrix: 146 → 87 (rejected 59, threshold=1)
block_sparse_matrix.cc:208 Allocating values array with 279576 bytes.
detect_structure.cc:63 Dynamic row block size because the block size changed from 2 to 15
detect_structure.cc:74 Dynamic e block size because the block size changed from 1 to 9
detect_structure.cc:93 Dynamic f block size because the block size changed from 6 to 9
detect_structure.cc:114 Schur complement static structure <-1,-1,-1>.
detect_structure.cc:63 Dynamic row block size because the block size changed from 2 to 15
detect_structure.cc:74 Dynamic e block size because the block size changed from 1 to 9
detect_structure.cc:93 Dynamic f block size because the block size changed from 6 to 9
detect_structure.cc:114 Schur complement static structure <-1,-1,-1>.
schur_eliminator.cc:155 Template specializations not found for <-1,-1,-1>
block_sparse_matrix.cc:208 Allocating values array with 272920 bytes.
detect_structure.cc:63 Dynamic row block size because the block size changed from 2 to 15
detect_structure.cc:74 Dynamic e block size because the block size changed from 1 to 9
detect_structure.cc:93 Dynamic f block size because the block size changed from 6 to 9
detect_structure.cc:114 Schur complement static structure <-1,-1,-1>.
detect_structure.cc:63 Dynamic row block size because the block size changed from 2 to 15
detect_structure.cc:74 Dynamic e block size because the block size changed from 1 to 9
detect_structure.cc:93 Dynamic f block size because the block size changed from 6 to 9
detect_structure.cc:114 Schur complement static structure <-1,-1,-1>.
schur_eliminator.cc:155 Template specializations not found for <-1,-1,-1>
block_sparse_matrix.cc:208 Allocating values array with 273544 bytes.
detect_structure.cc:63 Dynamic row block size because the block size changed from 2 to 15
detect_structure.cc:74 Dynamic e block size because the block size changed from 1 to 9
detect_structure.cc:93 Dynamic f block size because the block size changed from 6 to 9
detect_structure.cc:114 Schur complement static structure <-1,-1,-1>.
detect_structure.cc:63 Dynamic row block size because the block size changed from 2 to 15
detect_structure.cc:74 Dynamic e block size because the block size changed from 1 to 9
detect_structure.cc:93 Dynamic f block size because the block size changed from 6 to 9
detect_structure.cc:114 Schur complement static structure <-1,-1,-1>.
schur_eliminator.cc:155 Template specializations not found for <-1,-1,-1>
block_sparse_matrix.cc:208 Allocating values array with 277288 bytes.
detect_structure.cc:63 Dynamic row block size because the block size changed from 2 to 15
detect_structure.cc:74 Dynamic e block size because the block size changed from 1 to 9
detect_structure.cc:93 Dynamic f block size because the block size changed from 6 to 9
detect_structure.cc:114 Schur complement static structure <-1,-1,-1>.
detect_structure.cc:63 Dynamic row block size because the block size changed from 2 to 15
detect_structure.cc:74 Dynamic e block size because the block size changed from 1 to 9
detect_structure.cc:93 Dynamic f block size because the block size changed from 6 to 9
detect_structure.cc:114 Schur complement static structure <-1,-1,-1>.
schur_eliminator.cc:155 Template specializations not found for <-1,-1,-1>
block_sparse_matrix.cc:208 Allocating values array with 287064 bytes.
detect_structure.cc:63 Dynamic row block size because the block size changed from 2 to 15
detect_structure.cc:74 Dynamic e block size because the block size changed from 1 to 9
detect_structure.cc:93 Dynamic f block size because the block size changed from 6 to 9
detect_structure.cc:114 Schur complement static structure <-1,-1,-1>.
detect_structure.cc:63 Dynamic row block size because the block size changed from 2 to 15
detect_structure.cc:74 Dynamic e block size because the block size changed from 1 to 9
detect_structure.cc:93 Dynamic f block size because the block size changed from 6 to 9
detect_structure.cc:114 Schur complement static structure <-1,-1,-1>.
schur_eliminator.cc:155 Template specializations not found for <-1,-1,-1>
block_sparse_matrix.cc:208 Allocating values array with 287480 bytes.
detect_structure.cc:63 Dynamic row block size because the block size changed from 2 to 15
detect_structure.cc:74 Dynamic e block size because the block size changed from 1 to 9
detect_structure.cc:93 Dynamic f block size because the block size changed from 6 to 9
detect_structure.cc:114 Schur complement static structure <-1,-1,-1>.
detect_structure.cc:63 Dynamic row block size because the block size changed from 2 to 15
detect_structure.cc:74 Dynamic e block size because the block size changed from 1 to 9
detect_structure.cc:93 Dynamic f block size because the block size changed from 6 to 9
detect_structure.cc:114 Schur complement static structure <-1,-1,-1>.
schur_eliminator.cc:155 Template specializations not found for <-1,-1,-1>
block_sparse_matrix.cc:208 Allocating values array with 287688 bytes.
detect_structure.cc:63 Dynamic row block size because the block size changed from 2 to 15
detect_structure.cc:74 Dynamic e block size because the block size changed from 1 to 9
detect_structure.cc:93 Dynamic f block size because the block size changed from 6 to 9
detect_structure.cc:114 Schur complement static structure <-1,-1,-1>.
detect_structure.cc:63 Dynamic row block size because the block size changed from 2 to 15
detect_structure.cc:74 Dynamic e block size because the block size changed from 1 to 9
detect_structure.cc:93 Dynamic f block size because the block size changed from 6 to 9
detect_structure.cc:114 Schur complement static structure <-1,-1,-1>.
schur_eliminator.cc:155 Template specializations not found for <-1,-1,-1>
block_sparse_matrix.cc:208 Allocating values array with 287896 bytes.
detect_structure.cc:63 Dynamic row block size because the block size changed from 2 to 15
detect_structure.cc:74 Dynamic e block size because the block size changed from 1 to 9
detect_structure.cc:93 Dynamic f block size because the block size changed from 6 to 9
detect_structure.cc:114 Schur complement static structure <-1,-1,-1>.
detect_structure.cc:63 Dynamic row block size because the block size changed from 2 to 15
detect_structure.cc:74 Dynamic e block size because the block size changed from 1 to 9
detect_structure.cc:93 Dynamic f block size because the block size changed from 6 to 9
detect_structure.cc:114 Schur complement static structure <-1,-1,-1>.
schur_eliminator.cc:155 Template specializations not found for <-1,-1,-1>
block_sparse_matrix.cc:208 Allocating values array with 286232 bytes.
detect_structure.cc:63 Dynamic row block size because the block size changed from 2 to 15
detect_structure.cc:74 Dynamic e block size because the block size changed from 1 to 9
detect_structure.cc:93 Dynamic f block size because the block size changed from 6 to 9
detect_structure.cc:114 Schur complement static structure <-1,-1,-1>.
detect_structure.cc:63 Dynamic row block size because the block size changed from 2 to 15
detect_structure.cc:74 Dynamic e block size because the block size changed from 1 to 9
detect_structure.cc:93 Dynamic f block size because the block size changed from 6 to 9
detect_structure.cc:114 Schur complement static structure <-1,-1,-1>.
schur_eliminator.cc:155 Template specializations not found for <-1,-1,-1>
block_sparse_matrix.cc:208 Allocating values array with 286856 bytes.
detect_structure.cc:63 Dynamic row block size because the block size changed from 2 to 15
detect_structure.cc:74 Dynamic e block size because the block size changed from 1 to 9
detect_structure.cc:93 Dynamic f block size because the block size changed from 6 to 9
detect_structure.cc:114 Schur complement static structure <-1,-1,-1>.
detect_structure.cc:63 Dynamic row block size because the block size changed from 2 to 15
detect_structure.cc:74 Dynamic e block size because the block size changed from 1 to 9
detect_structure.cc:93 Dynamic f block size because the block size changed from 6 to 9
detect_structure.cc:114 Schur complement static structure <-1,-1,-1>.
schur_eliminator.cc:155 Template specializations not found for <-1,-1,-1>
[VIO DIAG] f=80 tri: ok=151 wait=13 fail=0 default=1 depth: avg=1.28371 min=0.240995 max=4.14905 |vel|=0.815184 vel=(0.400441,-0.0956411,0.70358) ba=(0.218861,-0.174729,-0.0424266) bg=(-0.00148183,0.000713772,0.000629842)
block_sparse_matrix.cc:208 Allocating values array with 295384 bytes.
detect_structure.cc:63 Dynamic row block size because the block size changed from 2 to 15
detect_structure.cc:74 Dynamic e block size because the block size changed from 1 to 9
detect_structure.cc:93 Dynamic f block size because the block size changed from 6 to 9
detect_structure.cc:114 Schur complement static structure <-1,-1,-1>.
detect_structure.cc:63 Dynamic row block size because the block size changed from 2 to 15
detect_structure.cc:74 Dynamic e block size because the block size changed from 1 to 9
detect_structure.cc:93 Dynamic f block size because the block size changed from 6 to 9
detect_structure.cc:114 Schur complement static structure <-1,-1,-1>.
schur_eliminator.cc:155 Template specializations not found for <-1,-1,-1>
block_sparse_matrix.cc:208 Allocating values array with 298504 bytes.
detect_structure.cc:63 Dynamic row block size because the block size changed from 2 to 15
detect_structure.cc:74 Dynamic e block size because the block size changed from 1 to 9
detect_structure.cc:93 Dynamic f block size because the block size changed from 6 to 9
detect_structure.cc:114 Schur complement static structure <-1,-1,-1>.
detect_structure.cc:63 Dynamic row block size because the block size changed from 2 to 15
detect_structure.cc:74 Dynamic e block size because the block size changed from 1 to 9
detect_structure.cc:93 Dynamic f block size because the block size changed from 6 to 9
detect_structure.cc:114 Schur complement static structure <-1,-1,-1>.
schur_eliminator.cc:155 Template specializations not found for <-1,-1,-1>
block_sparse_matrix.cc:208 Allocating values array with 293928 bytes.
detect_structure.cc:63 Dynamic row block size because the block size changed from 2 to 15
detect_structure.cc:74 Dynamic e block size because the block size changed from 1 to 9
detect_structure.cc:93 Dynamic f block size because the block size changed from 6 to 9
detect_structure.cc:114 Schur complement static structure <-1,-1,-1>.
detect_structure.cc:63 Dynamic row block size because the block size changed from 2 to 15
detect_structure.cc:74 Dynamic e block size because the block size changed from 1 to 9
detect_structure.cc:93 Dynamic f block size because the block size changed from 6 to 9
detect_structure.cc:114 Schur complement static structure <-1,-1,-1>.
schur_eliminator.cc:155 Template specializations not found for <-1,-1,-1>
block_sparse_matrix.cc:208 Allocating values array with 296424 bytes.
detect_structure.cc:63 Dynamic row block size because the block size changed from 2 to 15
detect_structure.cc:74 Dynamic e block size because the block size changed from 1 to 9
detect_structure.cc:93 Dynamic f block size because the block size changed from 6 to 9
detect_structure.cc:114 Schur complement static structure <-1,-1,-1>.
detect_structure.cc:63 Dynamic row block size because the block size changed from 2 to 15
detect_structure.cc:74 Dynamic e block size because the block size changed from 1 to 9
detect_structure.cc:93 Dynamic f block size because the block size changed from 6 to 9
detect_structure.cc:114 Schur complement static structure <-1,-1,-1>.
schur_eliminator.cc:155 Template specializations not found for <-1,-1,-1>
block_sparse_matrix.cc:208 Allocating values array with 297464 bytes.
detect_structure.cc:63 Dynamic row block size because the block size changed from 2 to 15
detect_structure.cc:74 Dynamic e block size because the block size changed from 1 to 9
detect_structure.cc:93 Dynamic f block size because the block size changed from 6 to 9
detect_structure.cc:114 Schur complement static structure <-1,-1,-1>.
detect_structure.cc:63 Dynamic row block size because the block size changed from 2 to 15
detect_structure.cc:74 Dynamic e block size because the block size changed from 1 to 9
detect_structure.cc:93 Dynamic f block size because the block size changed from 6 to 9
detect_structure.cc:114 Schur complement static structure <-1,-1,-1>.
schur_eliminator.cc:155 Template specializations not found for <-1,-1,-1>
block_sparse_matrix.cc:208 Allocating values array with 296216 bytes.
detect_structure.cc:63 Dynamic row block size because the block size changed from 2 to 15
detect_structure.cc:74 Dynamic e block size because the block size changed from 1 to 9
detect_structure.cc:93 Dynamic f block size because the block size changed from 6 to 9
detect_structure.cc:114 Schur complement static structure <-1,-1,-1>.
detect_structure.cc:63 Dynamic row block size because the block size changed from 2 to 15
detect_structure.cc:74 Dynamic e block size because the block size changed from 1 to 9
detect_structure.cc:93 Dynamic f block size because the block size changed from 6 to 9
detect_structure.cc:114 Schur complement static structure <-1,-1,-1>.
schur_eliminator.cc:155 Template specializations not found for <-1,-1,-1>
block_sparse_matrix.cc:208 Allocating values array with 299128 bytes.
detect_structure.cc:63 Dynamic row block size because the block size changed from 2 to 15
detect_structure.cc:74 Dynamic e block size because the block size changed from 1 to 9
detect_structure.cc:93 Dynamic f block size because the block size changed from 6 to 9
detect_structure.cc:114 Schur complement static structure <-1,-1,-1>.
detect_structure.cc:63 Dynamic row block size because the block size changed from 2 to 15
detect_structure.cc:74 Dynamic e block size because the block size changed from 1 to 9
detect_structure.cc:93 Dynamic f block size because the block size changed from 6 to 9
detect_structure.cc:114 Schur complement static structure <-1,-1,-1>.
schur_eliminator.cc:155 Template specializations not found for <-1,-1,-1>
[FeatureTracker] F-matrix: 127 → 74 (rejected 53, threshold=1)
block_sparse_matrix.cc:208 Allocating values array with 289976 bytes.
detect_structure.cc:63 Dynamic row block size because the block size changed from 2 to 15
detect_structure.cc:74 Dynamic e block size because the block size changed from 1 to 9
detect_structure.cc:93 Dynamic f block size because the block size changed from 6 to 9
detect_structure.cc:114 Schur complement static structure <-1,-1,-1>.
detect_structure.cc:63 Dynamic row block size because the block size changed from 2 to 15
detect_structure.cc:74 Dynamic e block size because the block size changed from 1 to 9
detect_structure.cc:93 Dynamic f block size because the block size changed from 6 to 9
detect_structure.cc:114 Schur complement static structure <-1,-1,-1>.
schur_eliminator.cc:155 Template specializations not found for <-1,-1,-1>
block_sparse_matrix.cc:208 Allocating values array with 278952 bytes.
detect_structure.cc:63 Dynamic row block size because the block size changed from 2 to 15
detect_structure.cc:74 Dynamic e block size because the block size changed from 1 to 9
detect_structure.cc:93 Dynamic f block size because the block size changed from 6 to 9
detect_structure.cc:114 Schur complement static structure <-1,-1,-1>.
detect_structure.cc:63 Dynamic row block size because the block size changed from 2 to 15
detect_structure.cc:74 Dynamic e block size because the block size changed from 1 to 9
detect_structure.cc:93 Dynamic f block size because the block size changed from 6 to 9
detect_structure.cc:114 Schur complement static structure <-1,-1,-1>.
schur_eliminator.cc:155 Template specializations not found for <-1,-1,-1>
block_sparse_matrix.cc:208 Allocating values array with 270424 bytes.
detect_structure.cc:63 Dynamic row block size because the block size changed from 2 to 15
detect_structure.cc:74 Dynamic e block size because the block size changed from 1 to 9
detect_structure.cc:93 Dynamic f block size because the block size changed from 6 to 9
detect_structure.cc:114 Schur complement static structure <-1,-1,-1>.
detect_structure.cc:63 Dynamic row block size because the block size changed from 2 to 15
detect_structure.cc:74 Dynamic e block size because the block size changed from 1 to 9
detect_structure.cc:93 Dynamic f block size because the block size changed from 6 to 9
detect_structure.cc:114 Schur complement static structure <-1,-1,-1>.
schur_eliminator.cc:155 Template specializations not found for <-1,-1,-1>
block_sparse_matrix.cc:208 Allocating values array with 265016 bytes.
detect_structure.cc:63 Dynamic row block size because the block size changed from 2 to 15
detect_structure.cc:74 Dynamic e block size because the block size changed from 1 to 9
detect_structure.cc:93 Dynamic f block size because the block size changed from 6 to 9
detect_structure.cc:114 Schur complement static structure <-1,-1,-1>.
detect_structure.cc:63 Dynamic row block size because the block size changed from 2 to 15
detect_structure.cc:74 Dynamic e block size because the block size changed from 1 to 9
detect_structure.cc:93 Dynamic f block size because the block size changed from 6 to 9
detect_structure.cc:114 Schur complement static structure <-1,-1,-1>.
schur_eliminator.cc:155 Template specializations not found for <-1,-1,-1>
block_sparse_matrix.cc:208 Allocating values array with 276456 bytes.
detect_structure.cc:63 Dynamic row block size because the block size changed from 2 to 15
detect_structure.cc:74 Dynamic e block size because the block size changed from 1 to 9
detect_structure.cc:93 Dynamic f block size because the block size changed from 6 to 9
detect_structure.cc:114 Schur complement static structure <-1,-1,-1>.
detect_structure.cc:63 Dynamic row block size because the block size changed from 2 to 15
detect_structure.cc:74 Dynamic e block size because the block size changed from 1 to 9
detect_structure.cc:93 Dynamic f block size because the block size changed from 6 to 9
detect_structure.cc:114 Schur complement static structure <-1,-1,-1>.
schur_eliminator.cc:155 Template specializations not found for <-1,-1,-1>
block_sparse_matrix.cc:208 Allocating values array with 275208 bytes.
detect_structure.cc:63 Dynamic row block size because the block size changed from 2 to 15
detect_structure.cc:74 Dynamic e block size because the block size changed from 1 to 9
detect_structure.cc:93 Dynamic f block size because the block size changed from 6 to 9
detect_structure.cc:114 Schur complement static structure <-1,-1,-1>.
detect_structure.cc:63 Dynamic row block size because the block size changed from 2 to 15
detect_structure.cc:74 Dynamic e block size because the block size changed from 1 to 9
detect_structure.cc:93 Dynamic f block size because the block size changed from 6 to 9
detect_structure.cc:114 Schur complement static structure <-1,-1,-1>.
schur_eliminator.cc:155 Template specializations not found for <-1,-1,-1>
block_sparse_matrix.cc:208 Allocating values array with 271880 bytes.
detect_structure.cc:63 Dynamic row block size because the block size changed from 2 to 15
detect_structure.cc:74 Dynamic e block size because the block size changed from 1 to 9
detect_structure.cc:93 Dynamic f block size because the block size changed from 6 to 9
detect_structure.cc:114 Schur complement static structure <-1,-1,-1>.
detect_structure.cc:63 Dynamic row block size because the block size changed from 2 to 15
detect_structure.cc:74 Dynamic e block size because the block size changed from 1 to 9
detect_structure.cc:93 Dynamic f block size because the block size changed from 6 to 9
detect_structure.cc:114 Schur complement static structure <-1,-1,-1>.
schur_eliminator.cc:155 Template specializations not found for <-1,-1,-1>
block_sparse_matrix.cc:208 Allocating values array with 270216 bytes.
detect_structure.cc:63 Dynamic row block size because the block size changed from 2 to 15
detect_structure.cc:74 Dynamic e block size because the block size changed from 1 to 9
detect_structure.cc:93 Dynamic f block size because the block size changed from 6 to 9
detect_structure.cc:114 Schur complement static structure <-1,-1,-1>.
detect_structure.cc:63 Dynamic row block size because the block size changed from 2 to 15
detect_structure.cc:74 Dynamic e block size because the block size changed from 1 to 9
detect_structure.cc:93 Dynamic f block size because the block size changed from 6 to 9
detect_structure.cc:114 Schur complement static structure <-1,-1,-1>.
schur_eliminator.cc:155 Template specializations not found for <-1,-1,-1>
[FeatureTracker] F-matrix: 141 → 97 (rejected 44, threshold=1)
block_sparse_matrix.cc:208 Allocating values array with 263144 bytes.
detect_structure.cc:63 Dynamic row block size because the block size changed from 2 to 15
detect_structure.cc:74 Dynamic e block size because the block size changed from 1 to 9
detect_structure.cc:93 Dynamic f block size because the block size changed from 6 to 9
detect_structure.cc:114 Schur complement static structure <-1,-1,-1>.
detect_structure.cc:63 Dynamic row block size because the block size changed from 2 to 15
detect_structure.cc:74 Dynamic e block size because the block size changed from 1 to 9
detect_structure.cc:93 Dynamic f block size because the block size changed from 6 to 9
detect_structure.cc:114 Schur complement static structure <-1,-1,-1>.
schur_eliminator.cc:155 Template specializations not found for <-1,-1,-1>
block_sparse_matrix.cc:208 Allocating values array with 256280 bytes.
detect_structure.cc:63 Dynamic row block size because the block size changed from 2 to 15
detect_structure.cc:74 Dynamic e block size because the block size changed from 1 to 9
detect_structure.cc:93 Dynamic f block size because the block size changed from 6 to 9
detect_structure.cc:114 Schur complement static structure <-1,-1,-1>.
detect_structure.cc:63 Dynamic row block size because the block size changed from 2 to 15
detect_structure.cc:74 Dynamic e block size because the block size changed from 1 to 9
detect_structure.cc:93 Dynamic f block size because the block size changed from 6 to 9
detect_structure.cc:114 Schur complement static structure <-1,-1,-1>.
schur_eliminator.cc:155 Template specializations not found for <-1,-1,-1>
block_sparse_matrix.cc:208 Allocating values array with 260440 bytes.
detect_structure.cc:63 Dynamic row block size because the block size changed from 2 to 15
detect_structure.cc:74 Dynamic e block size because the block size changed from 1 to 9
detect_structure.cc:93 Dynamic f block size because the block size changed from 6 to 9
detect_structure.cc:114 Schur complement static structure <-1,-1,-1>.
detect_structure.cc:63 Dynamic row block size because the block size changed from 2 to 15
detect_structure.cc:74 Dynamic e block size because the block size changed from 1 to 9
detect_structure.cc:93 Dynamic f block size because the block size changed from 6 to 9
detect_structure.cc:114 Schur complement static structure <-1,-1,-1>.
schur_eliminator.cc:155 Template specializations not found for <-1,-1,-1>
block_sparse_matrix.cc:208 Allocating values array with 263976 bytes.
detect_structure.cc:63 Dynamic row block size because the block size changed from 2 to 15
detect_structure.cc:74 Dynamic e block size because the block size changed from 1 to 9
detect_structure.cc:93 Dynamic f block size because the block size changed from 6 to 9
detect_structure.cc:114 Schur complement static structure <-1,-1,-1>.
detect_structure.cc:63 Dynamic row block size because the block size changed from 2 to 15
detect_structure.cc:74 Dynamic e block size because the block size changed from 1 to 9
detect_structure.cc:93 Dynamic f block size because the block size changed from 6 to 9
detect_structure.cc:114 Schur complement static structure <-1,-1,-1>.
schur_eliminator.cc:155 Template specializations not found for <-1,-1,-1>
block_sparse_matrix.cc:208 Allocating values array with 264808 bytes.
detect_structure.cc:63 Dynamic row block size because the block size changed from 2 to 15
detect_structure.cc:74 Dynamic e block size because the block size changed from 1 to 9
detect_structure.cc:93 Dynamic f block size because the block size changed from 6 to 9
detect_structure.cc:114 Schur complement static structure <-1,-1,-1>.
detect_structure.cc:63 Dynamic row block size because the block size changed from 2 to 15
detect_structure.cc:74 Dynamic e block size because the block size changed from 1 to 9
detect_structure.cc:93 Dynamic f block size because the block size changed from 6 to 9
detect_structure.cc:114 Schur complement static structure <-1,-1,-1>.
schur_eliminator.cc:155 Template specializations not found for <-1,-1,-1>
[VIO DIAG] f=100 tri: ok=156 wait=11 fail=0 default=1 depth: avg=1.4761 min=0.500388 max=4.31377 |vel|=0.989707 vel=(0.832979,0.187104,-0.500658) ba=(0.0689663,-0.130053,-0.0404948) bg=(-0.000872426,0.00165472,0.00106832)
block_sparse_matrix.cc:208 Allocating values array with 265224 bytes.
detect_structure.cc:63 Dynamic row block size because the block size changed from 2 to 15
detect_structure.cc:74 Dynamic e block size because the block size changed from 1 to 9
detect_structure.cc:93 Dynamic f block size because the block size changed from 6 to 9
detect_structure.cc:114 Schur complement static structure <-1,-1,-1>.
detect_structure.cc:63 Dynamic row block size because the block size changed from 2 to 15
detect_structure.cc:74 Dynamic e block size because the block size changed from 1 to 9
detect_structure.cc:93 Dynamic f block size because the block size changed from 6 to 9
detect_structure.cc:114 Schur complement static structure <-1,-1,-1>.
schur_eliminator.cc:155 Template specializations not found for <-1,-1,-1>
block_sparse_matrix.cc:208 Allocating values array with 270216 bytes.
detect_structure.cc:63 Dynamic row block size because the block size changed from 2 to 15
detect_structure.cc:74 Dynamic e block size because the block size changed from 1 to 9
detect_structure.cc:93 Dynamic f block size because the block size changed from 6 to 9
detect_structure.cc:114 Schur complement static structure <-1,-1,-1>.
detect_structure.cc:63 Dynamic row block size because the block size changed from 2 to 15
detect_structure.cc:74 Dynamic e block size because the block size changed from 1 to 9
detect_structure.cc:93 Dynamic f block size because the block size changed from 6 to 9
detect_structure.cc:114 Schur complement static structure <-1,-1,-1>.
schur_eliminator.cc:155 Template specializations not found for <-1,-1,-1>
block_sparse_matrix.cc:208 Allocating values array with 268136 bytes.
detect_structure.cc:63 Dynamic row block size because the block size changed from 2 to 15
detect_structure.cc:74 Dynamic e block size because the block size changed from 1 to 9
detect_structure.cc:93 Dynamic f block size because the block size changed from 6 to 9
detect_structure.cc:114 Schur complement static structure <-1,-1,-1>.
detect_structure.cc:63 Dynamic row block size because the block size changed from 2 to 15
detect_structure.cc:74 Dynamic e block size because the block size changed from 1 to 9
detect_structure.cc:93 Dynamic f block size because the block size changed from 6 to 9
detect_structure.cc:114 Schur complement static structure <-1,-1,-1>.
schur_eliminator.cc:155 Template specializations not found for <-1,-1,-1>
[FeatureTracker] F-matrix: 136 → 73 (rejected 63, threshold=1)
block_sparse_matrix.cc:208 Allocating values array with 263768 bytes.
detect_structure.cc:63 Dynamic row block size because the block size changed from 2 to 15
detect_structure.cc:74 Dynamic e block size because the block size changed from 1 to 9
detect_structure.cc:93 Dynamic f block size because the block size changed from 6 to 9
detect_structure.cc:114 Schur complement static structure <-1,-1,-1>.
detect_structure.cc:63 Dynamic row block size because the block size changed from 2 to 15
detect_structure.cc:74 Dynamic e block size because the block size changed from 1 to 9
detect_structure.cc:93 Dynamic f block size because the block size changed from 6 to 9
detect_structure.cc:114 Schur complement static structure <-1,-1,-1>.
schur_eliminator.cc:155 Template specializations not found for <-1,-1,-1>
block_sparse_matrix.cc:208 Allocating values array with 258152 bytes.
detect_structure.cc:63 Dynamic row block size because the block size changed from 2 to 15
detect_structure.cc:74 Dynamic e block size because the block size changed from 1 to 9
detect_structure.cc:93 Dynamic f block size because the block size changed from 6 to 9
detect_structure.cc:114 Schur complement static structure <-1,-1,-1>.
detect_structure.cc:63 Dynamic row block size because the block size changed from 2 to 15
detect_structure.cc:74 Dynamic e block size because the block size changed from 1 to 9
detect_structure.cc:93 Dynamic f block size because the block size changed from 6 to 9
detect_structure.cc:114 Schur complement static structure <-1,-1,-1>.
schur_eliminator.cc:155 Template specializations not found for <-1,-1,-1>
block_sparse_matrix.cc:208 Allocating values array with 253992 bytes.
detect_structure.cc:63 Dynamic row block size because the block size changed from 2 to 15
detect_structure.cc:74 Dynamic e block size because the block size changed from 1 to 9
detect_structure.cc:93 Dynamic f block size because the block size changed from 6 to 9
detect_structure.cc:114 Schur complement static structure <-1,-1,-1>.
detect_structure.cc:63 Dynamic row block size because the block size changed from 2 to 15
detect_structure.cc:74 Dynamic e block size because the block size changed from 1 to 9
detect_structure.cc:93 Dynamic f block size because the block size changed from 6 to 9
detect_structure.cc:114 Schur complement static structure <-1,-1,-1>.
schur_eliminator.cc:155 Template specializations not found for <-1,-1,-1>
block_sparse_matrix.cc:208 Allocating values array with 251080 bytes.
detect_structure.cc:63 Dynamic row block size because the block size changed from 2 to 15
detect_structure.cc:74 Dynamic e block size because the block size changed from 1 to 9
detect_structure.cc:93 Dynamic f block size because the block size changed from 6 to 9
detect_structure.cc:114 Schur complement static structure <-1,-1,-1>.
detect_structure.cc:63 Dynamic row block size because the block size changed from 2 to 15
detect_structure.cc:74 Dynamic e block size because the block size changed from 1 to 9
detect_structure.cc:93 Dynamic f block size because the block size changed from 6 to 9
detect_structure.cc:114 Schur complement static structure <-1,-1,-1>.
schur_eliminator.cc:155 Template specializations not found for <-1,-1,-1>
block_sparse_matrix.cc:208 Allocating values array with 266056 bytes.
detect_structure.cc:63 Dynamic row block size because the block size changed from 2 to 15
detect_structure.cc:74 Dynamic e block size because the block size changed from 1 to 9
detect_structure.cc:93 Dynamic f block size because the block size changed from 6 to 9
detect_structure.cc:114 Schur complement static structure <-1,-1,-1>.
detect_structure.cc:63 Dynamic row block size because the block size changed from 2 to 15
detect_structure.cc:74 Dynamic e block size because the block size changed from 1 to 9
detect_structure.cc:93 Dynamic f block size because the block size changed from 6 to 9
detect_structure.cc:114 Schur complement static structure <-1,-1,-1>.
schur_eliminator.cc:155 Template specializations not found for <-1,-1,-1>
block_sparse_matrix.cc:208 Allocating values array with 263976 bytes.
detect_structure.cc:63 Dynamic row block size because the block size changed from 2 to 15
detect_structure.cc:74 Dynamic e block size because the block size changed from 1 to 9
detect_structure.cc:93 Dynamic f block size because the block size changed from 6 to 9
detect_structure.cc:114 Schur complement static structure <-1,-1,-1>.
detect_structure.cc:63 Dynamic row block size because the block size changed from 2 to 15
detect_structure.cc:74 Dynamic e block size because the block size changed from 1 to 9
detect_structure.cc:93 Dynamic f block size because the block size changed from 6 to 9
detect_structure.cc:114 Schur complement static structure <-1,-1,-1>.
schur_eliminator.cc:155 Template specializations not found for <-1,-1,-1>
block_sparse_matrix.cc:208 Allocating values array with 261896 bytes.
detect_structure.cc:63 Dynamic row block size because the block size changed from 2 to 15
detect_structure.cc:74 Dynamic e block size because the block size changed from 1 to 9
detect_structure.cc:93 Dynamic f block size because the block size changed from 6 to 9
detect_structure.cc:114 Schur complement static structure <-1,-1,-1>.
detect_structure.cc:63 Dynamic row block size because the block size changed from 2 to 15
detect_structure.cc:74 Dynamic e block size because the block size changed from 1 to 9
detect_structure.cc:93 Dynamic f block size because the block size changed from 6 to 9
detect_structure.cc:114 Schur complement static structure <-1,-1,-1>.
schur_eliminator.cc:155 Template specializations not found for <-1,-1,-1>
block_sparse_matrix.cc:208 Allocating values array with 260440 bytes.
detect_structure.cc:63 Dynamic row block size because the block size changed from 2 to 15
detect_structure.cc:74 Dynamic e block size because the block size changed from 1 to 9
detect_structure.cc:93 Dynamic f block size because the block size changed from 6 to 9
detect_structure.cc:114 Schur complement static structure <-1,-1,-1>.
detect_structure.cc:63 Dynamic row block size because the block size changed from 2 to 15
detect_structure.cc:74 Dynamic e block size because the block size changed from 1 to 9
detect_structure.cc:93 Dynamic f block size because the block size changed from 6 to 9
detect_structure.cc:114 Schur complement static structure <-1,-1,-1>.
schur_eliminator.cc:155 Template specializations not found for <-1,-1,-1>
block_sparse_matrix.cc:208 Allocating values array with 261688 bytes.
detect_structure.cc:63 Dynamic row block size because the block size changed from 2 to 15
detect_structure.cc:74 Dynamic e block size because the block size changed from 1 to 9
detect_structure.cc:93 Dynamic f block size because the block size changed from 6 to 9
detect_structure.cc:114 Schur complement static structure <-1,-1,-1>.
detect_structure.cc:63 Dynamic row block size because the block size changed from 2 to 15
detect_structure.cc:74 Dynamic e block size because the block size changed from 1 to 9
detect_structure.cc:93 Dynamic f block size because the block size changed from 6 to 9
detect_structure.cc:114 Schur complement static structure <-1,-1,-1>.
schur_eliminator.cc:155 Template specializations not found for <-1,-1,-1>
block_sparse_matrix.cc:208 Allocating values array with 266888 bytes.
detect_structure.cc:63 Dynamic row block size because the block size changed from 2 to 15
detect_structure.cc:74 Dynamic e block size because the block size changed from 1 to 9
detect_structure.cc:93 Dynamic f block size because the block size changed from 6 to 9
detect_structure.cc:114 Schur complement static structure <-1,-1,-1>.
detect_structure.cc:63 Dynamic row block size because the block size changed from 2 to 15
detect_structure.cc:74 Dynamic e block size because the block size changed from 1 to 9
detect_structure.cc:93 Dynamic f block size because the block size changed from 6 to 9
detect_structure.cc:114 Schur complement static structure <-1,-1,-1>.
schur_eliminator.cc:155 Template specializations not found for <-1,-1,-1>
block_sparse_matrix.cc:208 Allocating values array with 282072 bytes.
detect_structure.cc:63 Dynamic row block size because the block size changed from 2 to 15
detect_structure.cc:74 Dynamic e block size because the block size changed from 1 to 9
detect_structure.cc:93 Dynamic f block size because the block size changed from 6 to 9
detect_structure.cc:114 Schur complement static structure <-1,-1,-1>.
detect_structure.cc:63 Dynamic row block size because the block size changed from 2 to 15
detect_structure.cc:74 Dynamic e block size because the block size changed from 1 to 9
detect_structure.cc:93 Dynamic f block size because the block size changed from 6 to 9
detect_structure.cc:114 Schur complement static structure <-1,-1,-1>.
schur_eliminator.cc:155 Template specializations not found for <-1,-1,-1>
block_sparse_matrix.cc:208 Allocating values array with 289976 bytes.
detect_structure.cc:63 Dynamic row block size because the block size changed from 2 to 15
detect_structure.cc:74 Dynamic e block size because the block size changed from 1 to 9
detect_structure.cc:93 Dynamic f block size because the block size changed from 6 to 9
detect_structure.cc:114 Schur complement static structure <-1,-1,-1>.
detect_structure.cc:63 Dynamic row block size because the block size changed from 2 to 15
detect_structure.cc:74 Dynamic e block size because the block size changed from 1 to 9
detect_structure.cc:93 Dynamic f block size because the block size changed from 6 to 9
detect_structure.cc:114 Schur complement static structure <-1,-1,-1>.
schur_eliminator.cc:155 Template specializations not found for <-1,-1,-1>
block_sparse_matrix.cc:208 Allocating values array with 292264 bytes.
detect_structure.cc:63 Dynamic row block size because the block size changed from 2 to 15
detect_structure.cc:74 Dynamic e block size because the block size changed from 1 to 9
detect_structure.cc:93 Dynamic f block size because the block size changed from 6 to 9
detect_structure.cc:114 Schur complement static structure <-1,-1,-1>.
detect_structure.cc:63 Dynamic row block size because the block size changed from 2 to 15
detect_structure.cc:74 Dynamic e block size because the block size changed from 1 to 9
detect_structure.cc:93 Dynamic f block size because the block size changed from 6 to 9
detect_structure.cc:114 Schur complement static structure <-1,-1,-1>.
schur_eliminator.cc:155 Template specializations not found for <-1,-1,-1>
block_sparse_matrix.cc:208 Allocating values array with 299128 bytes.
detect_structure.cc:63 Dynamic row block size because the block size changed from 2 to 15
detect_structure.cc:74 Dynamic e block size because the block size changed from 1 to 9
detect_structure.cc:93 Dynamic f block size because the block size changed from 6 to 9
detect_structure.cc:114 Schur complement static structure <-1,-1,-1>.
detect_structure.cc:63 Dynamic row block size because the block size changed from 2 to 15
detect_structure.cc:74 Dynamic e block size because the block size changed from 1 to 9
detect_structure.cc:93 Dynamic f block size because the block size changed from 6 to 9
detect_structure.cc:114 Schur complement static structure <-1,-1,-1>.
schur_eliminator.cc:155 Template specializations not found for <-1,-1,-1>
block_sparse_matrix.cc:208 Allocating values array with 303080 bytes.
detect_structure.cc:63 Dynamic row block size because the block size changed from 2 to 15
detect_structure.cc:74 Dynamic e block size because the block size changed from 1 to 9
detect_structure.cc:93 Dynamic f block size because the block size changed from 6 to 9
detect_structure.cc:114 Schur complement static structure <-1,-1,-1>.
detect_structure.cc:63 Dynamic row block size because the block size changed from 2 to 15
detect_structure.cc:74 Dynamic e block size because the block size changed from 1 to 9
detect_structure.cc:93 Dynamic f block size because the block size changed from 6 to 9
detect_structure.cc:114 Schur complement static structure <-1,-1,-1>.
schur_eliminator.cc:155 Template specializations not found for <-1,-1,-1>
block_sparse_matrix.cc:208 Allocating values array with 308696 bytes.
detect_structure.cc:63 Dynamic row block size because the block size changed from 2 to 15
detect_structure.cc:74 Dynamic e block size because the block size changed from 1 to 9
detect_structure.cc:93 Dynamic f block size because the block size changed from 6 to 9
detect_structure.cc:114 Schur complement static structure <-1,-1,-1>.
detect_structure.cc:63 Dynamic row block size because the block size changed from 2 to 15
detect_structure.cc:74 Dynamic e block size because the block size changed from 1 to 9
detect_structure.cc:93 Dynamic f block size because the block size changed from 6 to 9
detect_structure.cc:114 Schur complement static structure <-1,-1,-1>.
schur_eliminator.cc:155 Template specializations not found for <-1,-1,-1>
[FeatureTracker] F-matrix: 123 → 67 (rejected 56, threshold=1)
block_sparse_matrix.cc:208 Allocating values array with 302664 bytes.
detect_structure.cc:63 Dynamic row block size because the block size changed from 2 to 15
detect_structure.cc:74 Dynamic e block size because the block size changed from 1 to 9
detect_structure.cc:93 Dynamic f block size because the block size changed from 6 to 9
detect_structure.cc:114 Schur complement static structure <-1,-1,-1>.
detect_structure.cc:63 Dynamic row block size because the block size changed from 2 to 15
detect_structure.cc:74 Dynamic e block size because the block size changed from 1 to 9
detect_structure.cc:93 Dynamic f block size because the block size changed from 6 to 9
detect_structure.cc:114 Schur complement static structure <-1,-1,-1>.
schur_eliminator.cc:155 Template specializations not found for <-1,-1,-1>
[VIO DIAG] f=120 tri: ok=148 wait=4 fail=0 default=2 depth: avg=1.46271 min=0.264479 max=11.7697 |vel|=0.835247 vel=(0.790193,0.088046,0.255892) ba=(-0.0543039,-0.00341843,-0.0648972) bg=(0.000581388,0.000545298,0.00112064)
block_sparse_matrix.cc:208 Allocating values array with 293928 bytes.
detect_structure.cc:63 Dynamic row block size because the block size changed from 2 to 15
detect_structure.cc:74 Dynamic e block size because the block size changed from 1 to 9
detect_structure.cc:93 Dynamic f block size because the block size changed from 6 to 9
detect_structure.cc:114 Schur complement static structure <-1,-1,-1>.
detect_structure.cc:63 Dynamic row block size because the block size changed from 2 to 15
detect_structure.cc:74 Dynamic e block size because the block size changed from 1 to 9
detect_structure.cc:93 Dynamic f block size because the block size changed from 6 to 9
detect_structure.cc:114 Schur complement static structure <-1,-1,-1>.
schur_eliminator.cc:155 Template specializations not found for <-1,-1,-1>
block_sparse_matrix.cc:208 Allocating values array with 283112 bytes.
detect_structure.cc:63 Dynamic row block size because the block size changed from 2 to 15
detect_structure.cc:74 Dynamic e block size because the block size changed from 1 to 9
detect_structure.cc:93 Dynamic f block size because the block size changed from 6 to 9
detect_structure.cc:114 Schur complement static structure <-1,-1,-1>.
detect_structure.cc:63 Dynamic row block size because the block size changed from 2 to 15
detect_structure.cc:74 Dynamic e block size because the block size changed from 1 to 9
detect_structure.cc:93 Dynamic f block size because the block size changed from 6 to 9
detect_structure.cc:114 Schur complement static structure <-1,-1,-1>.
schur_eliminator.cc:155 Template specializations not found for <-1,-1,-1>
block_sparse_matrix.cc:208 Allocating values array with 275656 bytes.
detect_structure.cc:63 Dynamic row block size because the block size changed from 2 to 15
detect_structure.cc:74 Dynamic e block size because the block size changed from 1 to 9
detect_structure.cc:93 Dynamic f block size because the block size changed from 6 to 9
detect_structure.cc:114 Schur complement static structure <-1,-1,-1>.
detect_structure.cc:63 Dynamic row block size because the block size changed from 2 to 15
detect_structure.cc:74 Dynamic e block size because the block size changed from 1 to 9
detect_structure.cc:93 Dynamic f block size because the block size changed from 6 to 9
detect_structure.cc:114 Schur complement static structure <-1,-1,-1>.
schur_eliminator.cc:155 Template specializations not found for <-1,-1,-1>
block_sparse_matrix.cc:208 Allocating values array with 275448 bytes.
detect_structure.cc:63 Dynamic row block size because the block size changed from 2 to 15
detect_structure.cc:74 Dynamic e block size because the block size changed from 1 to 9
detect_structure.cc:93 Dynamic f block size because the block size changed from 6 to 9
detect_structure.cc:114 Schur complement static structure <-1,-1,-1>.
detect_structure.cc:63 Dynamic row block size because the block size changed from 2 to 15
detect_structure.cc:74 Dynamic e block size because the block size changed from 1 to 9
detect_structure.cc:93 Dynamic f block size because the block size changed from 6 to 9
detect_structure.cc:114 Schur complement static structure <-1,-1,-1>.
schur_eliminator.cc:155 Template specializations not found for <-1,-1,-1>
block_sparse_matrix.cc:208 Allocating values array with 271880 bytes.
detect_structure.cc:63 Dynamic row block size because the block size changed from 2 to 15
detect_structure.cc:74 Dynamic e block size because the block size changed from 1 to 9
detect_structure.cc:93 Dynamic f block size because the block size changed from 6 to 9
detect_structure.cc:114 Schur complement static structure <-1,-1,-1>.
detect_structure.cc:63 Dynamic row block size because the block size changed from 2 to 15
detect_structure.cc:74 Dynamic e block size because the block size changed from 1 to 9
detect_structure.cc:93 Dynamic f block size because the block size changed from 6 to 9
detect_structure.cc:114 Schur complement static structure <-1,-1,-1>.
schur_eliminator.cc:155 Template specializations not found for <-1,-1,-1>
block_sparse_matrix.cc:208 Allocating values array with 264216 bytes.
detect_structure.cc:63 Dynamic row block size because the block size changed from 2 to 15
detect_structure.cc:74 Dynamic e block size because the block size changed from 1 to 9
detect_structure.cc:93 Dynamic f block size because the block size changed from 6 to 9
detect_structure.cc:114 Schur complement static structure <-1,-1,-1>.
detect_structure.cc:63 Dynamic row block size because the block size changed from 2 to 15
detect_structure.cc:74 Dynamic e block size because the block size changed from 1 to 9
detect_structure.cc:93 Dynamic f block size because the block size changed from 6 to 9
detect_structure.cc:114 Schur complement static structure <-1,-1,-1>.
schur_eliminator.cc:155 Template specializations not found for <-1,-1,-1>
block_sparse_matrix.cc:208 Allocating values array with 288312 bytes.
detect_structure.cc:63 Dynamic row block size because the block size changed from 2 to 15
detect_structure.cc:74 Dynamic e block size because the block size changed from 1 to 9
detect_structure.cc:93 Dynamic f block size because the block size changed from 6 to 9
detect_structure.cc:114 Schur complement static structure <-1,-1,-1>.
detect_structure.cc:63 Dynamic row block size because the block size changed from 2 to 15
detect_structure.cc:74 Dynamic e block size because the block size changed from 1 to 9
detect_structure.cc:93 Dynamic f block size because the block size changed from 6 to 9
detect_structure.cc:114 Schur complement static structure <-1,-1,-1>.
schur_eliminator.cc:155 Template specializations not found for <-1,-1,-1>
block_sparse_matrix.cc:208 Allocating values array with 283944 bytes.
detect_structure.cc:63 Dynamic row block size because the block size changed from 2 to 15
detect_structure.cc:74 Dynamic e block size because the block size changed from 1 to 9
detect_structure.cc:93 Dynamic f block size because the block size changed from 6 to 9
detect_structure.cc:114 Schur complement static structure <-1,-1,-1>.
detect_structure.cc:63 Dynamic row block size because the block size changed from 2 to 15
detect_structure.cc:74 Dynamic e block size because the block size changed from 1 to 9
detect_structure.cc:93 Dynamic f block size because the block size changed from 6 to 9
detect_structure.cc:114 Schur complement static structure <-1,-1,-1>.
schur_eliminator.cc:155 Template specializations not found for <-1,-1,-1>
[FeatureTracker] F-matrix: 147 → 93 (rejected 54, threshold=1)
block_sparse_matrix.cc:208 Allocating values array with 272120 bytes.
detect_structure.cc:63 Dynamic row block size because the block size changed from 2 to 15
detect_structure.cc:74 Dynamic e block size because the block size changed from 1 to 9
detect_structure.cc:93 Dynamic f block size because the block size changed from 6 to 9
detect_structure.cc:114 Schur complement static structure <-1,-1,-1>.
detect_structure.cc:63 Dynamic row block size because the block size changed from 2 to 15
detect_structure.cc:74 Dynamic e block size because the block size changed from 1 to 9
detect_structure.cc:93 Dynamic f block size because the block size changed from 6 to 9
detect_structure.cc:114 Schur complement static structure <-1,-1,-1>.
schur_eliminator.cc:155 Template specializations not found for <-1,-1,-1>
block_sparse_matrix.cc:208 Allocating values array with 271256 bytes.
detect_structure.cc:63 Dynamic row block size because the block size changed from 2 to 15
detect_structure.cc:74 Dynamic e block size because the block size changed from 1 to 9
detect_structure.cc:93 Dynamic f block size because the block size changed from 6 to 9
detect_structure.cc:114 Schur complement static structure <-1,-1,-1>.
detect_structure.cc:63 Dynamic row block size because the block size changed from 2 to 15
detect_structure.cc:74 Dynamic e block size because the block size changed from 1 to 9
detect_structure.cc:93 Dynamic f block size because the block size changed from 6 to 9
detect_structure.cc:114 Schur complement static structure <-1,-1,-1>.
schur_eliminator.cc:155 Template specializations not found for <-1,-1,-1>
block_sparse_matrix.cc:208 Allocating values array with 264216 bytes.
detect_structure.cc:63 Dynamic row block size because the block size changed from 2 to 15
detect_structure.cc:74 Dynamic e block size because the block size changed from 1 to 9
detect_structure.cc:93 Dynamic f block size because the block size changed from 6 to 9
detect_structure.cc:114 Schur complement static structure <-1,-1,-1>.
detect_structure.cc:63 Dynamic row block size because the block size changed from 2 to 15
detect_structure.cc:74 Dynamic e block size because the block size changed from 1 to 9
detect_structure.cc:93 Dynamic f block size because the block size changed from 6 to 9
detect_structure.cc:114 Schur complement static structure <-1,-1,-1>.
schur_eliminator.cc:155 Template specializations not found for <-1,-1,-1>
block_sparse_matrix.cc:208 Allocating values array with 263592 bytes.
detect_structure.cc:63 Dynamic row block size because the block size changed from 2 to 15
detect_structure.cc:74 Dynamic e block size because the block size changed from 1 to 9
detect_structure.cc:93 Dynamic f block size because the block size changed from 6 to 9
detect_structure.cc:114 Schur complement static structure <-1,-1,-1>.
detect_structure.cc:63 Dynamic row block size because the block size changed from 2 to 15
detect_structure.cc:74 Dynamic e block size because the block size changed from 1 to 9
detect_structure.cc:93 Dynamic f block size because the block size changed from 6 to 9
detect_structure.cc:114 Schur complement static structure <-1,-1,-1>.
schur_eliminator.cc:155 Template specializations not found for <-1,-1,-1>
block_sparse_matrix.cc:208 Allocating values array with 261896 bytes.
detect_structure.cc:63 Dynamic row block size because the block size changed from 2 to 15
detect_structure.cc:74 Dynamic e block size because the block size changed from 1 to 9
detect_structure.cc:93 Dynamic f block size because the block size changed from 6 to 9
detect_structure.cc:114 Schur complement static structure <-1,-1,-1>.
detect_structure.cc:63 Dynamic row block size because the block size changed from 2 to 15
detect_structure.cc:74 Dynamic e block size because the block size changed from 1 to 9
detect_structure.cc:93 Dynamic f block size because the block size changed from 6 to 9
detect_structure.cc:114 Schur complement static structure <-1,-1,-1>.
schur_eliminator.cc:155 Template specializations not found for <-1,-1,-1>
block_sparse_matrix.cc:208 Allocating values array with 253400 bytes.
detect_structure.cc:63 Dynamic row block size because the block size changed from 2 to 15
detect_structure.cc:74 Dynamic e block size because the block size changed from 1 to 9
detect_structure.cc:93 Dynamic f block size because the block size changed from 6 to 9
detect_structure.cc:114 Schur complement static structure <-1,-1,-1>.
detect_structure.cc:63 Dynamic row block size because the block size changed from 2 to 15
detect_structure.cc:74 Dynamic e block size because the block size changed from 1 to 9
detect_structure.cc:93 Dynamic f block size because the block size changed from 6 to 9
detect_structure.cc:114 Schur complement static structure <-1,-1,-1>.
schur_eliminator.cc:155 Template specializations not found for <-1,-1,-1>
block_sparse_matrix.cc:208 Allocating values array with 271048 bytes.
detect_structure.cc:63 Dynamic row block size because the block size changed from 2 to 15
detect_structure.cc:74 Dynamic e block size because the block size changed from 1 to 9
detect_structure.cc:93 Dynamic f block size because the block size changed from 6 to 9
detect_structure.cc:114 Schur complement static structure <-1,-1,-1>.
detect_structure.cc:63 Dynamic row block size because the block size changed from 2 to 15
detect_structure.cc:74 Dynamic e block size because the block size changed from 1 to 9
detect_structure.cc:93 Dynamic f block size because the block size changed from 6 to 9
detect_structure.cc:114 Schur complement static structure <-1,-1,-1>.
schur_eliminator.cc:155 Template specializations not found for <-1,-1,-1>
block_sparse_matrix.cc:208 Allocating values array with 262136 bytes.
detect_structure.cc:63 Dynamic row block size because the block size changed from 2 to 15
detect_structure.cc:74 Dynamic e block size because the block size changed from 1 to 9
detect_structure.cc:93 Dynamic f block size because the block size changed from 6 to 9
detect_structure.cc:114 Schur complement static structure <-1,-1,-1>.
detect_structure.cc:63 Dynamic row block size because the block size changed from 2 to 15
detect_structure.cc:74 Dynamic e block size because the block size changed from 1 to 9
detect_structure.cc:93 Dynamic f block size because the block size changed from 6 to 9
detect_structure.cc:114 Schur complement static structure <-1,-1,-1>.
schur_eliminator.cc:155 Template specializations not found for <-1,-1,-1>
[FeatureTracker] F-matrix: 147 → 100 (rejected 47, threshold=1)
block_sparse_matrix.cc:208 Allocating values array with 261688 bytes.
detect_structure.cc:63 Dynamic row block size because the block size changed from 2 to 15
detect_structure.cc:74 Dynamic e block size because the block size changed from 1 to 9
detect_structure.cc:93 Dynamic f block size because the block size changed from 6 to 9
detect_structure.cc:114 Schur complement static structure <-1,-1,-1>.
detect_structure.cc:63 Dynamic row block size because the block size changed from 2 to 15
detect_structure.cc:74 Dynamic e block size because the block size changed from 1 to 9
detect_structure.cc:93 Dynamic f block size because the block size changed from 6 to 9
detect_structure.cc:114 Schur complement static structure <-1,-1,-1>.
schur_eliminator.cc:155 Template specializations not found for <-1,-1,-1>
block_sparse_matrix.cc:208 Allocating values array with 250280 bytes.
detect_structure.cc:63 Dynamic row block size because the block size changed from 2 to 15
detect_structure.cc:74 Dynamic e block size because the block size changed from 1 to 9
detect_structure.cc:93 Dynamic f block size because the block size changed from 6 to 9
detect_structure.cc:114 Schur complement static structure <-1,-1,-1>.
detect_structure.cc:63 Dynamic row block size because the block size changed from 2 to 15
detect_structure.cc:74 Dynamic e block size because the block size changed from 1 to 9
detect_structure.cc:93 Dynamic f block size because the block size changed from 6 to 9
detect_structure.cc:114 Schur complement static structure <-1,-1,-1>.
schur_eliminator.cc:155 Template specializations not found for <-1,-1,-1>
block_sparse_matrix.cc:208 Allocating values array with 260648 bytes.
detect_structure.cc:63 Dynamic row block size because the block size changed from 2 to 15
detect_structure.cc:74 Dynamic e block size because the block size changed from 1 to 9
detect_structure.cc:93 Dynamic f block size because the block size changed from 6 to 9
detect_structure.cc:114 Schur complement static structure <-1,-1,-1>.
detect_structure.cc:63 Dynamic row block size because the block size changed from 2 to 15
detect_structure.cc:74 Dynamic e block size because the block size changed from 1 to 9
detect_structure.cc:93 Dynamic f block size because the block size changed from 6 to 9
detect_structure.cc:114 Schur complement static structure <-1,-1,-1>.
schur_eliminator.cc:155 Template specializations not found for <-1,-1,-1>
block_sparse_matrix.cc:208 Allocating values array with 252776 bytes.
detect_structure.cc:63 Dynamic row block size because the block size changed from 2 to 15
detect_structure.cc:74 Dynamic e block size because the block size changed from 1 to 9
detect_structure.cc:93 Dynamic f block size because the block size changed from 6 to 9
detect_structure.cc:114 Schur complement static structure <-1,-1,-1>.
detect_structure.cc:63 Dynamic row block size because the block size changed from 2 to 15
detect_structure.cc:74 Dynamic e block size because the block size changed from 1 to 9
detect_structure.cc:93 Dynamic f block size because the block size changed from 6 to 9
detect_structure.cc:114 Schur complement static structure <-1,-1,-1>.
schur_eliminator.cc:155 Template specializations not found for <-1,-1,-1>
[VIO DIAG] f=140 tri: ok=176 wait=7 fail=0 default=0 depth: avg=1.32932 min=0.379642 max=2.35386 |vel|=0.86652 vel=(-0.0577686,0.81389,-0.291725) ba=(0.0212326,-0.0775814,-0.0463967) bg=(-0.000141746,0.000507721,0.00113896)
block_sparse_matrix.cc:208 Allocating values array with 263352 bytes.
detect_structure.cc:63 Dynamic row block size because the block size changed from 2 to 15
detect_structure.cc:74 Dynamic e block size because the block size changed from 1 to 9
detect_structure.cc:93 Dynamic f block size because the block size changed from 6 to 9
detect_structure.cc:114 Schur complement static structure <-1,-1,-1>.
detect_structure.cc:63 Dynamic row block size because the block size changed from 2 to 15
detect_structure.cc:74 Dynamic e block size because the block size changed from 1 to 9
detect_structure.cc:93 Dynamic f block size because the block size changed from 6 to 9
detect_structure.cc:114 Schur complement static structure <-1,-1,-1>.
schur_eliminator.cc:155 Template specializations not found for <-1,-1,-1>
block_sparse_matrix.cc:208 Allocating values array with 267512 bytes.
detect_structure.cc:63 Dynamic row block size because the block size changed from 2 to 15
detect_structure.cc:74 Dynamic e block size because the block size changed from 1 to 9
detect_structure.cc:93 Dynamic f block size because the block size changed from 6 to 9
detect_structure.cc:114 Schur complement static structure <-1,-1,-1>.
detect_structure.cc:63 Dynamic row block size because the block size changed from 2 to 15
detect_structure.cc:74 Dynamic e block size because the block size changed from 1 to 9
detect_structure.cc:93 Dynamic f block size because the block size changed from 6 to 9
detect_structure.cc:114 Schur complement static structure <-1,-1,-1>.
schur_eliminator.cc:155 Template specializations not found for <-1,-1,-1>
block_sparse_matrix.cc:208 Allocating values array with 264184 bytes.
detect_structure.cc:63 Dynamic row block size because the block size changed from 2 to 15
detect_structure.cc:74 Dynamic e block size because the block size changed from 1 to 9
detect_structure.cc:93 Dynamic f block size because the block size changed from 6 to 9
detect_structure.cc:114 Schur complement static structure <-1,-1,-1>.
detect_structure.cc:63 Dynamic row block size because the block size changed from 2 to 15
detect_structure.cc:74 Dynamic e block size because the block size changed from 1 to 9
detect_structure.cc:93 Dynamic f block size because the block size changed from 6 to 9
detect_structure.cc:114 Schur complement static structure <-1,-1,-1>.
schur_eliminator.cc:155 Template specializations not found for <-1,-1,-1>
block_sparse_matrix.cc:208 Allocating values array with 263768 bytes.
detect_structure.cc:63 Dynamic row block size because the block size changed from 2 to 15
detect_structure.cc:74 Dynamic e block size because the block size changed from 1 to 9
detect_structure.cc:93 Dynamic f block size because the block size changed from 6 to 9
detect_structure.cc:114 Schur complement static structure <-1,-1,-1>.
detect_structure.cc:63 Dynamic row block size because the block size changed from 2 to 15
detect_structure.cc:74 Dynamic e block size because the block size changed from 1 to 9
detect_structure.cc:93 Dynamic f block size because the block size changed from 6 to 9
detect_structure.cc:114 Schur complement static structure <-1,-1,-1>.
schur_eliminator.cc:155 Template specializations not found for <-1,-1,-1>
[FeatureTracker] F-matrix: 127 → 73 (rejected 54, threshold=1)
block_sparse_matrix.cc:208 Allocating values array with 264600 bytes.
detect_structure.cc:63 Dynamic row block size because the block size changed from 2 to 15
detect_structure.cc:74 Dynamic e block size because the block size changed from 1 to 9
detect_structure.cc:93 Dynamic f block size because the block size changed from 6 to 9
detect_structure.cc:114 Schur complement static structure <-1,-1,-1>.
detect_structure.cc:63 Dynamic row block size because the block size changed from 2 to 15
detect_structure.cc:74 Dynamic e block size because the block size changed from 1 to 9
detect_structure.cc:93 Dynamic f block size because the block size changed from 6 to 9
detect_structure.cc:114 Schur complement static structure <-1,-1,-1>.
schur_eliminator.cc:155 Template specializations not found for <-1,-1,-1>
block_sparse_matrix.cc:208 Allocating values array with 257736 bytes.
detect_structure.cc:63 Dynamic row block size because the block size changed from 2 to 15
detect_structure.cc:74 Dynamic e block size because the block size changed from 1 to 9
detect_structure.cc:93 Dynamic f block size because the block size changed from 6 to 9
detect_structure.cc:114 Schur complement static structure <-1,-1,-1>.
detect_structure.cc:63 Dynamic row block size because the block size changed from 2 to 15
detect_structure.cc:74 Dynamic e block size because the block size changed from 1 to 9
detect_structure.cc:93 Dynamic f block size because the block size changed from 6 to 9
detect_structure.cc:114 Schur complement static structure <-1,-1,-1>.
schur_eliminator.cc:155 Template specializations not found for <-1,-1,-1>
block_sparse_matrix.cc:208 Allocating values array with 250488 bytes.
detect_structure.cc:63 Dynamic row block size because the block size changed from 2 to 15
detect_structure.cc:74 Dynamic e block size because the block size changed from 1 to 9
detect_structure.cc:93 Dynamic f block size because the block size changed from 6 to 9
detect_structure.cc:114 Schur complement static structure <-1,-1,-1>.
detect_structure.cc:63 Dynamic row block size because the block size changed from 2 to 15
detect_structure.cc:74 Dynamic e block size because the block size changed from 1 to 9
detect_structure.cc:93 Dynamic f block size because the block size changed from 6 to 9
detect_structure.cc:114 Schur complement static structure <-1,-1,-1>.
schur_eliminator.cc:155 Template specializations not found for <-1,-1,-1>
block_sparse_matrix.cc:208 Allocating values array with 248792 bytes.
detect_structure.cc:63 Dynamic row block size because the block size changed from 2 to 15
detect_structure.cc:74 Dynamic e block size because the block size changed from 1 to 9
detect_structure.cc:93 Dynamic f block size because the block size changed from 6 to 9
detect_structure.cc:114 Schur complement static structure <-1,-1,-1>.
detect_structure.cc:63 Dynamic row block size because the block size changed from 2 to 15
detect_structure.cc:74 Dynamic e block size because the block size changed from 1 to 9
detect_structure.cc:93 Dynamic f block size because the block size changed from 6 to 9
detect_structure.cc:114 Schur complement static structure <-1,-1,-1>.
schur_eliminator.cc:155 Template specializations not found for <-1,-1,-1>
block_sparse_matrix.cc:208 Allocating values array with 262104 bytes.
detect_structure.cc:63 Dynamic row block size because the block size changed from 2 to 15
detect_structure.cc:74 Dynamic e block size because the block size changed from 1 to 9
detect_structure.cc:93 Dynamic f block size because the block size changed from 6 to 9
detect_structure.cc:114 Schur complement static structure <-1,-1,-1>.
detect_structure.cc:63 Dynamic row block size because the block size changed from 2 to 15
detect_structure.cc:74 Dynamic e block size because the block size changed from 1 to 9
detect_structure.cc:93 Dynamic f block size because the block size changed from 6 to 9
detect_structure.cc:114 Schur complement static structure <-1,-1,-1>.
schur_eliminator.cc:155 Template specializations not found for <-1,-1,-1>
block_sparse_matrix.cc:208 Allocating values array with 264184 bytes.
detect_structure.cc:63 Dynamic row block size because the block size changed from 2 to 15
detect_structure.cc:74 Dynamic e block size because the block size changed from 1 to 9
detect_structure.cc:93 Dynamic f block size because the block size changed from 6 to 9
detect_structure.cc:114 Schur complement static structure <-1,-1,-1>.
detect_structure.cc:63 Dynamic row block size because the block size changed from 2 to 15
detect_structure.cc:74 Dynamic e block size because the block size changed from 1 to 9
detect_structure.cc:93 Dynamic f block size because the block size changed from 6 to 9
detect_structure.cc:114 Schur complement static structure <-1,-1,-1>.
schur_eliminator.cc:155 Template specializations not found for <-1,-1,-1>
block_sparse_matrix.cc:208 Allocating values array with 263768 bytes.
detect_structure.cc:63 Dynamic row block size because the block size changed from 2 to 15
detect_structure.cc:74 Dynamic e block size because the block size changed from 1 to 9
detect_structure.cc:93 Dynamic f block size because the block size changed from 6 to 9
detect_structure.cc:114 Schur complement static structure <-1,-1,-1>.
detect_structure.cc:63 Dynamic row block size because the block size changed from 2 to 15
detect_structure.cc:74 Dynamic e block size because the block size changed from 1 to 9
detect_structure.cc:93 Dynamic f block size because the block size changed from 6 to 9
detect_structure.cc:114 Schur complement static structure <-1,-1,-1>.
schur_eliminator.cc:155 Template specializations not found for <-1,-1,-1>
block_sparse_matrix.cc:208 Allocating values array with 266680 bytes.
detect_structure.cc:63 Dynamic row block size because the block size changed from 2 to 15
detect_structure.cc:74 Dynamic e block size because the block size changed from 1 to 9
detect_structure.cc:93 Dynamic f block size because the block size changed from 6 to 9
detect_structure.cc:114 Schur complement static structure <-1,-1,-1>.
detect_structure.cc:63 Dynamic row block size because the block size changed from 2 to 15
detect_structure.cc:74 Dynamic e block size because the block size changed from 1 to 9
detect_structure.cc:93 Dynamic f block size because the block size changed from 6 to 9
detect_structure.cc:114 Schur complement static structure <-1,-1,-1>.
schur_eliminator.cc:155 Template specializations not found for <-1,-1,-1>
block_sparse_matrix.cc:208 Allocating values array with 272504 bytes.
detect_structure.cc:63 Dynamic row block size because the block size changed from 2 to 15
detect_structure.cc:74 Dynamic e block size because the block size changed from 1 to 9
detect_structure.cc:93 Dynamic f block size because the block size changed from 6 to 9
detect_structure.cc:114 Schur complement static structure <-1,-1,-1>.
detect_structure.cc:63 Dynamic row block size because the block size changed from 2 to 15
detect_structure.cc:74 Dynamic e block size because the block size changed from 1 to 9
detect_structure.cc:93 Dynamic f block size because the block size changed from 6 to 9
detect_structure.cc:114 Schur complement static structure <-1,-1,-1>.
schur_eliminator.cc:155 Template specializations not found for <-1,-1,-1>
block_sparse_matrix.cc:208 Allocating values array with 272712 bytes.
detect_structure.cc:63 Dynamic row block size because the block size changed from 2 to 15
detect_structure.cc:74 Dynamic e block size because the block size changed from 1 to 9
detect_structure.cc:93 Dynamic f block size because the block size changed from 6 to 9
detect_structure.cc:114 Schur complement static structure <-1,-1,-1>.
detect_structure.cc:63 Dynamic row block size because the block size changed from 2 to 15
detect_structure.cc:74 Dynamic e block size because the block size changed from 1 to 9
detect_structure.cc:93 Dynamic f block size because the block size changed from 6 to 9
detect_structure.cc:114 Schur complement static structure <-1,-1,-1>.
schur_eliminator.cc:155 Template specializations not found for <-1,-1,-1>
block_sparse_matrix.cc:208 Allocating values array with 276664 bytes.
detect_structure.cc:63 Dynamic row block size because the block size changed from 2 to 15
detect_structure.cc:74 Dynamic e block size because the block size changed from 1 to 9
detect_structure.cc:93 Dynamic f block size because the block size changed from 6 to 9
detect_structure.cc:114 Schur complement static structure <-1,-1,-1>.
detect_structure.cc:63 Dynamic row block size because the block size changed from 2 to 15
detect_structure.cc:74 Dynamic e block size because the block size changed from 1 to 9
detect_structure.cc:93 Dynamic f block size because the block size changed from 6 to 9
detect_structure.cc:114 Schur complement static structure <-1,-1,-1>.
schur_eliminator.cc:155 Template specializations not found for <-1,-1,-1>
block_sparse_matrix.cc:208 Allocating values array with 268584 bytes.
detect_structure.cc:63 Dynamic row block size because the block size changed from 2 to 15
detect_structure.cc:74 Dynamic e block size because the block size changed from 1 to 9
detect_structure.cc:93 Dynamic f block size because the block size changed from 6 to 9
detect_structure.cc:114 Schur complement static structure <-1,-1,-1>.
detect_structure.cc:63 Dynamic row block size because the block size changed from 2 to 15
detect_structure.cc:74 Dynamic e block size because the block size changed from 1 to 9
detect_structure.cc:93 Dynamic f block size because the block size changed from 6 to 9
detect_structure.cc:114 Schur complement static structure <-1,-1,-1>.
schur_eliminator.cc:155 Template specializations not found for <-1,-1,-1>
block_sparse_matrix.cc:208 Allocating values array with 282280 bytes.
detect_structure.cc:63 Dynamic row block size because the block size changed from 2 to 15
detect_structure.cc:74 Dynamic e block size because the block size changed from 1 to 9
detect_structure.cc:93 Dynamic f block size because the block size changed from 6 to 9
detect_structure.cc:114 Schur complement static structure <-1,-1,-1>.
detect_structure.cc:63 Dynamic row block size because the block size changed from 2 to 15
detect_structure.cc:74 Dynamic e block size because the block size changed from 1 to 9
detect_structure.cc:93 Dynamic f block size because the block size changed from 6 to 9
detect_structure.cc:114 Schur complement static structure <-1,-1,-1>.
schur_eliminator.cc:155 Template specializations not found for <-1,-1,-1>
block_sparse_matrix.cc:208 Allocating values array with 274824 bytes.
detect_structure.cc:63 Dynamic row block size because the block size changed from 2 to 15
detect_structure.cc:74 Dynamic e block size because the block size changed from 1 to 9
detect_structure.cc:93 Dynamic f block size because the block size changed from 6 to 9
detect_structure.cc:114 Schur complement static structure <-1,-1,-1>.
detect_structure.cc:63 Dynamic row block size because the block size changed from 2 to 15
detect_structure.cc:74 Dynamic e block size because the block size changed from 1 to 9
detect_structure.cc:93 Dynamic f block size because the block size changed from 6 to 9
detect_structure.cc:114 Schur complement static structure <-1,-1,-1>.
schur_eliminator.cc:155 Template specializations not found for <-1,-1,-1>
block_sparse_matrix.cc:208 Allocating values array with 291848 bytes.
detect_structure.cc:63 Dynamic row block size because the block size changed from 2 to 15
detect_structure.cc:74 Dynamic e block size because the block size changed from 1 to 9
detect_structure.cc:93 Dynamic f block size because the block size changed from 6 to 9
detect_structure.cc:114 Schur complement static structure <-1,-1,-1>.
detect_structure.cc:63 Dynamic row block size because the block size changed from 2 to 15
detect_structure.cc:74 Dynamic e block size because the block size changed from 1 to 9
detect_structure.cc:93 Dynamic f block size because the block size changed from 6 to 9
detect_structure.cc:114 Schur complement static structure <-1,-1,-1>.
schur_eliminator.cc:155 Template specializations not found for <-1,-1,-1>
block_sparse_matrix.cc:208 Allocating values array with 284392 bytes.
detect_structure.cc:63 Dynamic row block size because the block size changed from 2 to 15
detect_structure.cc:74 Dynamic e block size because the block size changed from 1 to 9
detect_structure.cc:93 Dynamic f block size because the block size changed from 6 to 9
detect_structure.cc:114 Schur complement static structure <-1,-1,-1>.
detect_structure.cc:63 Dynamic row block size because the block size changed from 2 to 15
detect_structure.cc:74 Dynamic e block size because the block size changed from 1 to 9
detect_structure.cc:93 Dynamic f block size because the block size changed from 6 to 9
detect_structure.cc:114 Schur complement static structure <-1,-1,-1>.
schur_eliminator.cc:155 Template specializations not found for <-1,-1,-1>
[VIO DIAG] f=160 tri: ok=165 wait=7 fail=0 default=2 depth: avg=1.45848 min=0.233559 max=3.17625 |vel|=0.762457 vel=(-0.578522,0.0254399,-0.495989) ba=(0.0324072,-0.0792948,-0.0433644) bg=(-0.000682533,-0.000169304,0.000932229)
[FeatureTracker] F-matrix: 143 → 88 (rejected 55, threshold=1)
block_sparse_matrix.cc:208 Allocating values array with 291848 bytes.
detect_structure.cc:63 Dynamic row block size because the block size changed from 2 to 15
detect_structure.cc:74 Dynamic e block size because the block size changed from 1 to 9
detect_structure.cc:93 Dynamic f block size because the block size changed from 6 to 9
detect_structure.cc:114 Schur complement static structure <-1,-1,-1>.
detect_structure.cc:63 Dynamic row block size because the block size changed from 2 to 15
detect_structure.cc:74 Dynamic e block size because the block size changed from 1 to 9
detect_structure.cc:93 Dynamic f block size because the block size changed from 6 to 9
detect_structure.cc:114 Schur complement static structure <-1,-1,-1>.
schur_eliminator.cc:155 Template specializations not found for <-1,-1,-1>
block_sparse_matrix.cc:208 Allocating values array with 291432 bytes.
detect_structure.cc:63 Dynamic row block size because the block size changed from 2 to 15
detect_structure.cc:74 Dynamic e block size because the block size changed from 1 to 9
detect_structure.cc:93 Dynamic f block size because the block size changed from 6 to 9
detect_structure.cc:114 Schur complement static structure <-1,-1,-1>.
detect_structure.cc:63 Dynamic row block size because the block size changed from 2 to 15
detect_structure.cc:74 Dynamic e block size because the block size changed from 1 to 9
detect_structure.cc:93 Dynamic f block size because the block size changed from 6 to 9
detect_structure.cc:114 Schur complement static structure <-1,-1,-1>.
schur_eliminator.cc:155 Template specializations not found for <-1,-1,-1>
block_sparse_matrix.cc:208 Allocating values array with 284184 bytes.
detect_structure.cc:63 Dynamic row block size because the block size changed from 2 to 15
detect_structure.cc:74 Dynamic e block size because the block size changed from 1 to 9
detect_structure.cc:93 Dynamic f block size because the block size changed from 6 to 9
detect_structure.cc:114 Schur complement static structure <-1,-1,-1>.
detect_structure.cc:63 Dynamic row block size because the block size changed from 2 to 15
detect_structure.cc:74 Dynamic e block size because the block size changed from 1 to 9
detect_structure.cc:93 Dynamic f block size because the block size changed from 6 to 9
detect_structure.cc:114 Schur complement static structure <-1,-1,-1>.
schur_eliminator.cc:155 Template specializations not found for <-1,-1,-1>
block_sparse_matrix.cc:208 Allocating values array with 288728 bytes.
detect_structure.cc:63 Dynamic row block size because the block size changed from 2 to 15
detect_structure.cc:74 Dynamic e block size because the block size changed from 1 to 9
detect_structure.cc:93 Dynamic f block size because the block size changed from 6 to 9
detect_structure.cc:114 Schur complement static structure <-1,-1,-1>.
detect_structure.cc:63 Dynamic row block size because the block size changed from 2 to 15
detect_structure.cc:74 Dynamic e block size because the block size changed from 1 to 9
detect_structure.cc:93 Dynamic f block size because the block size changed from 6 to 9
detect_structure.cc:114 Schur complement static structure <-1,-1,-1>.
schur_eliminator.cc:155 Template specializations not found for <-1,-1,-1>
block_sparse_matrix.cc:208 Allocating values array with 297880 bytes.
detect_structure.cc:63 Dynamic row block size because the block size changed from 2 to 15
detect_structure.cc:74 Dynamic e block size because the block size changed from 1 to 9
detect_structure.cc:93 Dynamic f block size because the block size changed from 6 to 9
detect_structure.cc:114 Schur complement static structure <-1,-1,-1>.
detect_structure.cc:63 Dynamic row block size because the block size changed from 2 to 15
detect_structure.cc:74 Dynamic e block size because the block size changed from 1 to 9
detect_structure.cc:93 Dynamic f block size because the block size changed from 6 to 9
detect_structure.cc:114 Schur complement static structure <-1,-1,-1>.
schur_eliminator.cc:155 Template specializations not found for <-1,-1,-1>
block_sparse_matrix.cc:208 Allocating values array with 298712 bytes.
detect_structure.cc:63 Dynamic row block size because the block size changed from 2 to 15
detect_structure.cc:74 Dynamic e block size because the block size changed from 1 to 9
detect_structure.cc:93 Dynamic f block size because the block size changed from 6 to 9
detect_structure.cc:114 Schur complement static structure <-1,-1,-1>.
detect_structure.cc:63 Dynamic row block size because the block size changed from 2 to 15
detect_structure.cc:74 Dynamic e block size because the block size changed from 1 to 9
detect_structure.cc:93 Dynamic f block size because the block size changed from 6 to 9
detect_structure.cc:114 Schur complement static structure <-1,-1,-1>.
schur_eliminator.cc:155 Template specializations not found for <-1,-1,-1>
block_sparse_matrix.cc:208 Allocating values array with 299128 bytes.
detect_structure.cc:63 Dynamic row block size because the block size changed from 2 to 15
detect_structure.cc:74 Dynamic e block size because the block size changed from 1 to 9
detect_structure.cc:93 Dynamic f block size because the block size changed from 6 to 9
detect_structure.cc:114 Schur complement static structure <-1,-1,-1>.
detect_structure.cc:63 Dynamic row block size because the block size changed from 2 to 15
detect_structure.cc:74 Dynamic e block size because the block size changed from 1 to 9
detect_structure.cc:93 Dynamic f block size because the block size changed from 6 to 9
detect_structure.cc:114 Schur complement static structure <-1,-1,-1>.
schur_eliminator.cc:155 Template specializations not found for <-1,-1,-1>
block_sparse_matrix.cc:208 Allocating values array with 299544 bytes.
detect_structure.cc:63 Dynamic row block size because the block size changed from 2 to 15
detect_structure.cc:74 Dynamic e block size because the block size changed from 1 to 9
detect_structure.cc:93 Dynamic f block size because the block size changed from 6 to 9
detect_structure.cc:114 Schur complement static structure <-1,-1,-1>.
detect_structure.cc:63 Dynamic row block size because the block size changed from 2 to 15
detect_structure.cc:74 Dynamic e block size because the block size changed from 1 to 9
detect_structure.cc:93 Dynamic f block size because the block size changed from 6 to 9
detect_structure.cc:114 Schur complement static structure <-1,-1,-1>.
schur_eliminator.cc:155 Template specializations not found for <-1,-1,-1>
block_sparse_matrix.cc:208 Allocating values array with 294344 bytes.
detect_structure.cc:63 Dynamic row block size because the block size changed from 2 to 15
detect_structure.cc:74 Dynamic e block size because the block size changed from 1 to 9
detect_structure.cc:93 Dynamic f block size because the block size changed from 6 to 9
detect_structure.cc:114 Schur complement static structure <-1,-1,-1>.
detect_structure.cc:63 Dynamic row block size because the block size changed from 2 to 15
detect_structure.cc:74 Dynamic e block size because the block size changed from 1 to 9
detect_structure.cc:93 Dynamic f block size because the block size changed from 6 to 9
detect_structure.cc:114 Schur complement static structure <-1,-1,-1>.
schur_eliminator.cc:155 Template specializations not found for <-1,-1,-1>
block_sparse_matrix.cc:208 Allocating values array with 288936 bytes.
detect_structure.cc:63 Dynamic row block size because the block size changed from 2 to 15
detect_structure.cc:74 Dynamic e block size because the block size changed from 1 to 9
detect_structure.cc:93 Dynamic f block size because the block size changed from 6 to 9
detect_structure.cc:114 Schur complement static structure <-1,-1,-1>.
detect_structure.cc:63 Dynamic row block size because the block size changed from 2 to 15
detect_structure.cc:74 Dynamic e block size because the block size changed from 1 to 9
detect_structure.cc:93 Dynamic f block size because the block size changed from 6 to 9
detect_structure.cc:114 Schur complement static structure <-1,-1,-1>.
schur_eliminator.cc:155 Template specializations not found for <-1,-1,-1>
block_sparse_matrix.cc:208 Allocating values array with 282072 bytes.
detect_structure.cc:63 Dynamic row block size because the block size changed from 2 to 15
detect_structure.cc:74 Dynamic e block size because the block size changed from 1 to 9
detect_structure.cc:93 Dynamic f block size because the block size changed from 6 to 9
detect_structure.cc:114 Schur complement static structure <-1,-1,-1>.
detect_structure.cc:63 Dynamic row block size because the block size changed from 2 to 15
detect_structure.cc:74 Dynamic e block size because the block size changed from 1 to 9
detect_structure.cc:93 Dynamic f block size because the block size changed from 6 to 9
detect_structure.cc:114 Schur complement static structure <-1,-1,-1>.
schur_eliminator.cc:155 Template specializations not found for <-1,-1,-1>
[VIOEngine] 300 frames → 172 poses

=== Native Pipeline ===
Loading configuration from: ./config/tum_vi_room1.yaml
Configuration loaded successfully from: ./config/tum_vi_room1.yaml
[INFO ] measurement_processor.cpp:21 === MeasurementProcessor Initialization ===
Loading configuration from: ./config/tum_vi_room1.yaml
Configuration loaded successfully from: ./config/tum_vi_room1.yaml
=== Configuration ===
Processing:
  frame_skip: 0
  start_frame: 0
  end_frame: -1
Camera:
  focal_length: 190.976
  row: 512
  col: 512
  fx: 190.978
  fy: 190.973
  cx: 254.932
  cy: 256.897
  t_ic:  0.0451759  0.0725159 -0.0439599
Feature Tracker:
  max_cnt: 150
  min_dist: 20
  window_size: 20
  f_threshold: 1
  show_track: 0
  equalize: 1
  fisheye: 1
Estimator:
  window_size: 10
  num_iterations: 10
  solver_time: 0.1
  min_parallax: 10
  init_depth: 2
  acc_n: 0.04
  acc_w: 0.0004
  gyr_n: 0.004
  gyr_w: 2e-05
  gravity:       0       0 9.81007
  num_of_features: 1000
===================
[INFO ] measurement_processor.cpp:54 1. Loading IMU data...
[INFO ] measurement_processor.cpp:104 Loaded 28122 IMU data entries
[INFO ] measurement_processor.cpp:109 2. Loading image data...
[INFO ] measurement_processor.cpp:153 Loaded 2821 image data entries

3. Data range information:
IMU data range: 1520530308.181901 (2018-03-08 17:31:48 UTC) ~ 1520530449.232329 (2018-03-08 17:34:09 UTC)
Image data range: 1520530308.199448 (2018-03-08 17:31:48 UTC) ~ 1520530449.203911 (2018-03-08 17:34:09 UTC)
block_sparse_matrix.cc:208 Allocating values array with 212064 bytes.
detect_structure.cc:114 Schur complement static structure <2,3,3>.
detect_structure.cc:114 Schur complement static structure <2,3,3>.
schur_eliminator.cc:155 Template specializations not found for <2,3,3>
[VIO] Initialization SUCCESS
[VIO]   gravity: 0.000000 0.000000 9.810070 (norm=9.810070)
[VIO]   V[0]: -0.013242  0.002940  0.014838 (norm=0.020104)
[VIO]   Ba[0]: 0.000000 0.000000 0.000000
[VIO]   Bg[0]:  0.000487 -0.000179 -0.001131
block_sparse_matrix.cc:208 Allocating values array with 333024 bytes.
detect_structure.cc:63 Dynamic row block size because the block size changed from 2 to 15
detect_structure.cc:74 Dynamic e block size because the block size changed from 1 to 9
detect_structure.cc:93 Dynamic f block size because the block size changed from 6 to 9
detect_structure.cc:114 Schur complement static structure <-1,-1,-1>.
detect_structure.cc:63 Dynamic row block size because the block size changed from 2 to 15
detect_structure.cc:74 Dynamic e block size because the block size changed from 1 to 9
detect_structure.cc:93 Dynamic f block size because the block size changed from 6 to 9
detect_structure.cc:114 Schur complement static structure <-1,-1,-1>.
schur_eliminator.cc:155 Template specializations not found for <-1,-1,-1>
block_sparse_matrix.cc:208 Allocating values array with 328864 bytes.
detect_structure.cc:63 Dynamic row block size because the block size changed from 2 to 15
detect_structure.cc:74 Dynamic e block size because the block size changed from 1 to 9
detect_structure.cc:93 Dynamic f block size because the block size changed from 6 to 9
detect_structure.cc:114 Schur complement static structure <-1,-1,-1>.
detect_structure.cc:63 Dynamic row block size because the block size changed from 2 to 15
detect_structure.cc:74 Dynamic e block size because the block size changed from 1 to 9
detect_structure.cc:93 Dynamic f block size because the block size changed from 6 to 9
detect_structure.cc:114 Schur complement static structure <-1,-1,-1>.
schur_eliminator.cc:155 Template specializations not found for <-1,-1,-1>
block_sparse_matrix.cc:208 Allocating values array with 328656 bytes.
detect_structure.cc:63 Dynamic row block size because the block size changed from 2 to 15
detect_structure.cc:74 Dynamic e block size because the block size changed from 1 to 9
detect_structure.cc:93 Dynamic f block size because the block size changed from 6 to 9
detect_structure.cc:114 Schur complement static structure <-1,-1,-1>.
detect_structure.cc:63 Dynamic row block size because the block size changed from 2 to 15
detect_structure.cc:74 Dynamic e block size because the block size changed from 1 to 9
detect_structure.cc:93 Dynamic f block size because the block size changed from 6 to 9
detect_structure.cc:114 Schur complement static structure <-1,-1,-1>.
schur_eliminator.cc:155 Template specializations not found for <-1,-1,-1>
block_sparse_matrix.cc:208 Allocating values array with 328656 bytes.
detect_structure.cc:63 Dynamic row block size because the block size changed from 2 to 15
detect_structure.cc:74 Dynamic e block size because the block size changed from 1 to 9
detect_structure.cc:93 Dynamic f block size because the block size changed from 6 to 9
detect_structure.cc:114 Schur complement static structure <-1,-1,-1>.
detect_structure.cc:63 Dynamic row block size because the block size changed from 2 to 15
detect_structure.cc:74 Dynamic e block size because the block size changed from 1 to 9
detect_structure.cc:93 Dynamic f block size because the block size changed from 6 to 9
detect_structure.cc:114 Schur complement static structure <-1,-1,-1>.
schur_eliminator.cc:155 Template specializations not found for <-1,-1,-1>
block_sparse_matrix.cc:208 Allocating values array with 328448 bytes.
detect_structure.cc:63 Dynamic row block size because the block size changed from 2 to 15
detect_structure.cc:74 Dynamic e block size because the block size changed from 1 to 9
detect_structure.cc:93 Dynamic f block size because the block size changed from 6 to 9
detect_structure.cc:114 Schur complement static structure <-1,-1,-1>.
detect_structure.cc:63 Dynamic row block size because the block size changed from 2 to 15
detect_structure.cc:74 Dynamic e block size because the block size changed from 1 to 9
detect_structure.cc:93 Dynamic f block size because the block size changed from 6 to 9
detect_structure.cc:114 Schur complement static structure <-1,-1,-1>.
schur_eliminator.cc:155 Template specializations not found for <-1,-1,-1>
block_sparse_matrix.cc:208 Allocating values array with 328240 bytes.
detect_structure.cc:63 Dynamic row block size because the block size changed from 2 to 15
detect_structure.cc:74 Dynamic e block size because the block size changed from 1 to 9
detect_structure.cc:93 Dynamic f block size because the block size changed from 6 to 9
detect_structure.cc:114 Schur complement static structure <-1,-1,-1>.
detect_structure.cc:63 Dynamic row block size because the block size changed from 2 to 15
detect_structure.cc:74 Dynamic e block size because the block size changed from 1 to 9
detect_structure.cc:93 Dynamic f block size because the block size changed from 6 to 9
detect_structure.cc:114 Schur complement static structure <-1,-1,-1>.
schur_eliminator.cc:155 Template specializations not found for <-1,-1,-1>
block_sparse_matrix.cc:208 Allocating values array with 328240 bytes.
detect_structure.cc:63 Dynamic row block size because the block size changed from 2 to 15
detect_structure.cc:74 Dynamic e block size because the block size changed from 1 to 9
detect_structure.cc:93 Dynamic f block size because the block size changed from 6 to 9
detect_structure.cc:114 Schur complement static structure <-1,-1,-1>.
detect_structure.cc:63 Dynamic row block size because the block size changed from 2 to 15
detect_structure.cc:74 Dynamic e block size because the block size changed from 1 to 9
detect_structure.cc:93 Dynamic f block size because the block size changed from 6 to 9
detect_structure.cc:114 Schur complement static structure <-1,-1,-1>.
schur_eliminator.cc:155 Template specializations not found for <-1,-1,-1>
block_sparse_matrix.cc:208 Allocating values array with 328240 bytes.
detect_structure.cc:63 Dynamic row block size because the block size changed from 2 to 15
detect_structure.cc:74 Dynamic e block size because the block size changed from 1 to 9
detect_structure.cc:93 Dynamic f block size because the block size changed from 6 to 9
detect_structure.cc:114 Schur complement static structure <-1,-1,-1>.
detect_structure.cc:63 Dynamic row block size because the block size changed from 2 to 15
detect_structure.cc:74 Dynamic e block size because the block size changed from 1 to 9
detect_structure.cc:93 Dynamic f block size because the block size changed from 6 to 9
detect_structure.cc:114 Schur complement static structure <-1,-1,-1>.
schur_eliminator.cc:155 Template specializations not found for <-1,-1,-1>
block_sparse_matrix.cc:208 Allocating values array with 328032 bytes.
detect_structure.cc:63 Dynamic row block size because the block size changed from 2 to 15
detect_structure.cc:74 Dynamic e block size because the block size changed from 1 to 9
detect_structure.cc:93 Dynamic f block size because the block size changed from 6 to 9
detect_structure.cc:114 Schur complement static structure <-1,-1,-1>.
detect_structure.cc:63 Dynamic row block size because the block size changed from 2 to 15
detect_structure.cc:74 Dynamic e block size because the block size changed from 1 to 9
detect_structure.cc:93 Dynamic f block size because the block size changed from 6 to 9
detect_structure.cc:114 Schur complement static structure <-1,-1,-1>.
schur_eliminator.cc:155 Template specializations not found for <-1,-1,-1>
block_sparse_matrix.cc:208 Allocating values array with 327824 bytes.
detect_structure.cc:63 Dynamic row block size because the block size changed from 2 to 15
detect_structure.cc:74 Dynamic e block size because the block size changed from 1 to 9
detect_structure.cc:93 Dynamic f block size because the block size changed from 6 to 9
detect_structure.cc:114 Schur complement static structure <-1,-1,-1>.
detect_structure.cc:63 Dynamic row block size because the block size changed from 2 to 15
detect_structure.cc:74 Dynamic e block size because the block size changed from 1 to 9
detect_structure.cc:93 Dynamic f block size because the block size changed from 6 to 9
detect_structure.cc:114 Schur complement static structure <-1,-1,-1>.
schur_eliminator.cc:155 Template specializations not found for <-1,-1,-1>
block_sparse_matrix.cc:208 Allocating values array with 327824 bytes.
detect_structure.cc:63 Dynamic row block size because the block size changed from 2 to 15
detect_structure.cc:74 Dynamic e block size because the block size changed from 1 to 9
detect_structure.cc:93 Dynamic f block size because the block size changed from 6 to 9
detect_structure.cc:114 Schur complement static structure <-1,-1,-1>.
detect_structure.cc:63 Dynamic row block size because the block size changed from 2 to 15
detect_structure.cc:74 Dynamic e block size because the block size changed from 1 to 9
detect_structure.cc:93 Dynamic f block size because the block size changed from 6 to 9
detect_structure.cc:114 Schur complement static structure <-1,-1,-1>.
schur_eliminator.cc:155 Template specializations not found for <-1,-1,-1>
block_sparse_matrix.cc:208 Allocating values array with 327824 bytes.
detect_structure.cc:63 Dynamic row block size because the block size changed from 2 to 15
detect_structure.cc:74 Dynamic e block size because the block size changed from 1 to 9
detect_structure.cc:93 Dynamic f block size because the block size changed from 6 to 9
detect_structure.cc:114 Schur complement static structure <-1,-1,-1>.
detect_structure.cc:63 Dynamic row block size because the block size changed from 2 to 15
detect_structure.cc:74 Dynamic e block size because the block size changed from 1 to 9
detect_structure.cc:93 Dynamic f block size because the block size changed from 6 to 9
detect_structure.cc:114 Schur complement static structure <-1,-1,-1>.
schur_eliminator.cc:155 Template specializations not found for <-1,-1,-1>
block_sparse_matrix.cc:208 Allocating values array with 327824 bytes.
detect_structure.cc:63 Dynamic row block size because the block size changed from 2 to 15
detect_structure.cc:74 Dynamic e block size because the block size changed from 1 to 9
detect_structure.cc:93 Dynamic f block size because the block size changed from 6 to 9
detect_structure.cc:114 Schur complement static structure <-1,-1,-1>.
detect_structure.cc:63 Dynamic row block size because the block size changed from 2 to 15
detect_structure.cc:74 Dynamic e block size because the block size changed from 1 to 9
detect_structure.cc:93 Dynamic f block size because the block size changed from 6 to 9
detect_structure.cc:114 Schur complement static structure <-1,-1,-1>.
schur_eliminator.cc:155 Template specializations not found for <-1,-1,-1>
block_sparse_matrix.cc:208 Allocating values array with 327824 bytes.
detect_structure.cc:63 Dynamic row block size because the block size changed from 2 to 15
detect_structure.cc:74 Dynamic e block size because the block size changed from 1 to 9
detect_structure.cc:93 Dynamic f block size because the block size changed from 6 to 9
detect_structure.cc:114 Schur complement static structure <-1,-1,-1>.
detect_structure.cc:63 Dynamic row block size because the block size changed from 2 to 15
detect_structure.cc:74 Dynamic e block size because the block size changed from 1 to 9
detect_structure.cc:93 Dynamic f block size because the block size changed from 6 to 9
detect_structure.cc:114 Schur complement static structure <-1,-1,-1>.
schur_eliminator.cc:155 Template specializations not found for <-1,-1,-1>
block_sparse_matrix.cc:208 Allocating values array with 327824 bytes.
detect_structure.cc:63 Dynamic row block size because the block size changed from 2 to 15
detect_structure.cc:74 Dynamic e block size because the block size changed from 1 to 9
detect_structure.cc:93 Dynamic f block size because the block size changed from 6 to 9
detect_structure.cc:114 Schur complement static structure <-1,-1,-1>.
detect_structure.cc:63 Dynamic row block size because the block size changed from 2 to 15
detect_structure.cc:74 Dynamic e block size because the block size changed from 1 to 9
detect_structure.cc:93 Dynamic f block size because the block size changed from 6 to 9
detect_structure.cc:114 Schur complement static structure <-1,-1,-1>.
schur_eliminator.cc:155 Template specializations not found for <-1,-1,-1>
block_sparse_matrix.cc:208 Allocating values array with 327616 bytes.
detect_structure.cc:63 Dynamic row block size because the block size changed from 2 to 15
detect_structure.cc:74 Dynamic e block size because the block size changed from 1 to 9
detect_structure.cc:93 Dynamic f block size because the block size changed from 6 to 9
detect_structure.cc:114 Schur complement static structure <-1,-1,-1>.
detect_structure.cc:63 Dynamic row block size because the block size changed from 2 to 15
detect_structure.cc:74 Dynamic e block size because the block size changed from 1 to 9
detect_structure.cc:93 Dynamic f block size because the block size changed from 6 to 9
detect_structure.cc:114 Schur complement static structure <-1,-1,-1>.
schur_eliminator.cc:155 Template specializations not found for <-1,-1,-1>
block_sparse_matrix.cc:208 Allocating values array with 327408 bytes.
detect_structure.cc:63 Dynamic row block size because the block size changed from 2 to 15
detect_structure.cc:74 Dynamic e block size because the block size changed from 1 to 9
detect_structure.cc:93 Dynamic f block size because the block size changed from 6 to 9
detect_structure.cc:114 Schur complement static structure <-1,-1,-1>.
detect_structure.cc:63 Dynamic row block size because the block size changed from 2 to 15
detect_structure.cc:74 Dynamic e block size because the block size changed from 1 to 9
detect_structure.cc:93 Dynamic f block size because the block size changed from 6 to 9
detect_structure.cc:114 Schur complement static structure <-1,-1,-1>.
schur_eliminator.cc:155 Template specializations not found for <-1,-1,-1>
block_sparse_matrix.cc:208 Allocating values array with 368600 bytes.
detect_structure.cc:63 Dynamic row block size because the block size changed from 2 to 15
detect_structure.cc:74 Dynamic e block size because the block size changed from 1 to 9
detect_structure.cc:93 Dynamic f block size because the block size changed from 6 to 9
detect_structure.cc:114 Schur complement static structure <-1,-1,-1>.
detect_structure.cc:63 Dynamic row block size because the block size changed from 2 to 15
detect_structure.cc:74 Dynamic e block size because the block size changed from 1 to 9
detect_structure.cc:93 Dynamic f block size because the block size changed from 6 to 9
detect_structure.cc:114 Schur complement static structure <-1,-1,-1>.
schur_eliminator.cc:155 Template specializations not found for <-1,-1,-1>
block_sparse_matrix.cc:208 Allocating values array with 361560 bytes.
detect_structure.cc:63 Dynamic row block size because the block size changed from 2 to 15
detect_structure.cc:74 Dynamic e block size because the block size changed from 1 to 9
detect_structure.cc:93 Dynamic f block size because the block size changed from 6 to 9
detect_structure.cc:114 Schur complement static structure <-1,-1,-1>.
detect_structure.cc:63 Dynamic row block size because the block size changed from 2 to 15
detect_structure.cc:74 Dynamic e block size because the block size changed from 1 to 9
detect_structure.cc:93 Dynamic f block size because the block size changed from 6 to 9
detect_structure.cc:114 Schur complement static structure <-1,-1,-1>.
schur_eliminator.cc:155 Template specializations not found for <-1,-1,-1>
block_sparse_matrix.cc:208 Allocating values array with 361560 bytes.
detect_structure.cc:63 Dynamic row block size because the block size changed from 2 to 15
detect_structure.cc:74 Dynamic e block size because the block size changed from 1 to 9
detect_structure.cc:93 Dynamic f block size because the block size changed from 6 to 9
detect_structure.cc:114 Schur complement static structure <-1,-1,-1>.
detect_structure.cc:63 Dynamic row block size because the block size changed from 2 to 15
detect_structure.cc:74 Dynamic e block size because the block size changed from 1 to 9
detect_structure.cc:93 Dynamic f block size because the block size changed from 6 to 9
detect_structure.cc:114 Schur complement static structure <-1,-1,-1>.
schur_eliminator.cc:155 Template specializations not found for <-1,-1,-1>
block_sparse_matrix.cc:208 Allocating values array with 361352 bytes.
detect_structure.cc:63 Dynamic row block size because the block size changed from 2 to 15
detect_structure.cc:74 Dynamic e block size because the block size changed from 1 to 9
detect_structure.cc:93 Dynamic f block size because the block size changed from 6 to 9
detect_structure.cc:114 Schur complement static structure <-1,-1,-1>.
detect_structure.cc:63 Dynamic row block size because the block size changed from 2 to 15
detect_structure.cc:74 Dynamic e block size because the block size changed from 1 to 9
detect_structure.cc:93 Dynamic f block size because the block size changed from 6 to 9
detect_structure.cc:114 Schur complement static structure <-1,-1,-1>.
schur_eliminator.cc:155 Template specializations not found for <-1,-1,-1>
block_sparse_matrix.cc:208 Allocating values array with 361144 bytes.
detect_structure.cc:63 Dynamic row block size because the block size changed from 2 to 15
detect_structure.cc:74 Dynamic e block size because the block size changed from 1 to 9
detect_structure.cc:93 Dynamic f block size because the block size changed from 6 to 9
detect_structure.cc:114 Schur complement static structure <-1,-1,-1>.
detect_structure.cc:63 Dynamic row block size because the block size changed from 2 to 15
detect_structure.cc:74 Dynamic e block size because the block size changed from 1 to 9
detect_structure.cc:93 Dynamic f block size because the block size changed from 6 to 9
detect_structure.cc:114 Schur complement static structure <-1,-1,-1>.
schur_eliminator.cc:155 Template specializations not found for <-1,-1,-1>
block_sparse_matrix.cc:208 Allocating values array with 361144 bytes.
detect_structure.cc:63 Dynamic row block size because the block size changed from 2 to 15
detect_structure.cc:74 Dynamic e block size because the block size changed from 1 to 9
detect_structure.cc:93 Dynamic f block size because the block size changed from 6 to 9
detect_structure.cc:114 Schur complement static structure <-1,-1,-1>.
detect_structure.cc:63 Dynamic row block size because the block size changed from 2 to 15
detect_structure.cc:74 Dynamic e block size because the block size changed from 1 to 9
detect_structure.cc:93 Dynamic f block size because the block size changed from 6 to 9
detect_structure.cc:114 Schur complement static structure <-1,-1,-1>.
schur_eliminator.cc:155 Template specializations not found for <-1,-1,-1>
block_sparse_matrix.cc:208 Allocating values array with 361144 bytes.
detect_structure.cc:63 Dynamic row block size because the block size changed from 2 to 15
detect_structure.cc:74 Dynamic e block size because the block size changed from 1 to 9
detect_structure.cc:93 Dynamic f block size because the block size changed from 6 to 9
detect_structure.cc:114 Schur complement static structure <-1,-1,-1>.
detect_structure.cc:63 Dynamic row block size because the block size changed from 2 to 15
detect_structure.cc:74 Dynamic e block size because the block size changed from 1 to 9
detect_structure.cc:93 Dynamic f block size because the block size changed from 6 to 9
detect_structure.cc:114 Schur complement static structure <-1,-1,-1>.
schur_eliminator.cc:155 Template specializations not found for <-1,-1,-1>
block_sparse_matrix.cc:208 Allocating values array with 361144 bytes.
detect_structure.cc:63 Dynamic row block size because the block size changed from 2 to 15
detect_structure.cc:74 Dynamic e block size because the block size changed from 1 to 9
detect_structure.cc:93 Dynamic f block size because the block size changed from 6 to 9
detect_structure.cc:114 Schur complement static structure <-1,-1,-1>.
detect_structure.cc:63 Dynamic row block size because the block size changed from 2 to 15
detect_structure.cc:74 Dynamic e block size because the block size changed from 1 to 9
detect_structure.cc:93 Dynamic f block size because the block size changed from 6 to 9
detect_structure.cc:114 Schur complement static structure <-1,-1,-1>.
schur_eliminator.cc:155 Template specializations not found for <-1,-1,-1>
block_sparse_matrix.cc:208 Allocating values array with 361144 bytes.
detect_structure.cc:63 Dynamic row block size because the block size changed from 2 to 15
detect_structure.cc:74 Dynamic e block size because the block size changed from 1 to 9
detect_structure.cc:93 Dynamic f block size because the block size changed from 6 to 9
detect_structure.cc:114 Schur complement static structure <-1,-1,-1>.
detect_structure.cc:63 Dynamic row block size because the block size changed from 2 to 15
detect_structure.cc:74 Dynamic e block size because the block size changed from 1 to 9
detect_structure.cc:93 Dynamic f block size because the block size changed from 6 to 9
detect_structure.cc:114 Schur complement static structure <-1,-1,-1>.
schur_eliminator.cc:155 Template specializations not found for <-1,-1,-1>
block_sparse_matrix.cc:208 Allocating values array with 361144 bytes.
detect_structure.cc:63 Dynamic row block size because the block size changed from 2 to 15
detect_structure.cc:74 Dynamic e block size because the block size changed from 1 to 9
detect_structure.cc:93 Dynamic f block size because the block size changed from 6 to 9
detect_structure.cc:114 Schur complement static structure <-1,-1,-1>.
detect_structure.cc:63 Dynamic row block size because the block size changed from 2 to 15
detect_structure.cc:74 Dynamic e block size because the block size changed from 1 to 9
detect_structure.cc:93 Dynamic f block size because the block size changed from 6 to 9
detect_structure.cc:114 Schur complement static structure <-1,-1,-1>.
schur_eliminator.cc:155 Template specializations not found for <-1,-1,-1>
block_sparse_matrix.cc:208 Allocating values array with 361144 bytes.
detect_structure.cc:63 Dynamic row block size because the block size changed from 2 to 15
detect_structure.cc:74 Dynamic e block size because the block size changed from 1 to 9
detect_structure.cc:93 Dynamic f block size because the block size changed from 6 to 9
detect_structure.cc:114 Schur complement static structure <-1,-1,-1>.
detect_structure.cc:63 Dynamic row block size because the block size changed from 2 to 15
detect_structure.cc:74 Dynamic e block size because the block size changed from 1 to 9
detect_structure.cc:93 Dynamic f block size because the block size changed from 6 to 9
detect_structure.cc:114 Schur complement static structure <-1,-1,-1>.
schur_eliminator.cc:155 Template specializations not found for <-1,-1,-1>
block_sparse_matrix.cc:208 Allocating values array with 361144 bytes.
detect_structure.cc:63 Dynamic row block size because the block size changed from 2 to 15
detect_structure.cc:74 Dynamic e block size because the block size changed from 1 to 9
detect_structure.cc:93 Dynamic f block size because the block size changed from 6 to 9
detect_structure.cc:114 Schur complement static structure <-1,-1,-1>.
detect_structure.cc:63 Dynamic row block size because the block size changed from 2 to 15
detect_structure.cc:74 Dynamic e block size because the block size changed from 1 to 9
detect_structure.cc:93 Dynamic f block size because the block size changed from 6 to 9
detect_structure.cc:114 Schur complement static structure <-1,-1,-1>.
schur_eliminator.cc:155 Template specializations not found for <-1,-1,-1>
block_sparse_matrix.cc:208 Allocating values array with 360312 bytes.
detect_structure.cc:63 Dynamic row block size because the block size changed from 2 to 15
detect_structure.cc:74 Dynamic e block size because the block size changed from 1 to 9
detect_structure.cc:93 Dynamic f block size because the block size changed from 6 to 9
detect_structure.cc:114 Schur complement static structure <-1,-1,-1>.
detect_structure.cc:63 Dynamic row block size because the block size changed from 2 to 15
detect_structure.cc:74 Dynamic e block size because the block size changed from 1 to 9
detect_structure.cc:93 Dynamic f block size because the block size changed from 6 to 9
detect_structure.cc:114 Schur complement static structure <-1,-1,-1>.
schur_eliminator.cc:155 Template specializations not found for <-1,-1,-1>
block_sparse_matrix.cc:208 Allocating values array with 360312 bytes.
detect_structure.cc:63 Dynamic row block size because the block size changed from 2 to 15
detect_structure.cc:74 Dynamic e block size because the block size changed from 1 to 9
detect_structure.cc:93 Dynamic f block size because the block size changed from 6 to 9
detect_structure.cc:114 Schur complement static structure <-1,-1,-1>.
detect_structure.cc:63 Dynamic row block size because the block size changed from 2 to 15
detect_structure.cc:74 Dynamic e block size because the block size changed from 1 to 9
detect_structure.cc:93 Dynamic f block size because the block size changed from 6 to 9
detect_structure.cc:114 Schur complement static structure <-1,-1,-1>.
schur_eliminator.cc:155 Template specializations not found for <-1,-1,-1>
block_sparse_matrix.cc:208 Allocating values array with 360312 bytes.
detect_structure.cc:63 Dynamic row block size because the block size changed from 2 to 15
detect_structure.cc:74 Dynamic e block size because the block size changed from 1 to 9
detect_structure.cc:93 Dynamic f block size because the block size changed from 6 to 9
detect_structure.cc:114 Schur complement static structure <-1,-1,-1>.
detect_structure.cc:63 Dynamic row block size because the block size changed from 2 to 15
detect_structure.cc:74 Dynamic e block size because the block size changed from 1 to 9
detect_structure.cc:93 Dynamic f block size because the block size changed from 6 to 9
detect_structure.cc:114 Schur complement static structure <-1,-1,-1>.
schur_eliminator.cc:155 Template specializations not found for <-1,-1,-1>
block_sparse_matrix.cc:208 Allocating values array with 360312 bytes.
detect_structure.cc:63 Dynamic row block size because the block size changed from 2 to 15
detect_structure.cc:74 Dynamic e block size because the block size changed from 1 to 9
detect_structure.cc:93 Dynamic f block size because the block size changed from 6 to 9
detect_structure.cc:114 Schur complement static structure <-1,-1,-1>.
detect_structure.cc:63 Dynamic row block size because the block size changed from 2 to 15
detect_structure.cc:74 Dynamic e block size because the block size changed from 1 to 9
detect_structure.cc:93 Dynamic f block size because the block size changed from 6 to 9
detect_structure.cc:114 Schur complement static structure <-1,-1,-1>.
schur_eliminator.cc:155 Template specializations not found for <-1,-1,-1>
block_sparse_matrix.cc:208 Allocating values array with 360312 bytes.
detect_structure.cc:63 Dynamic row block size because the block size changed from 2 to 15
detect_structure.cc:74 Dynamic e block size because the block size changed from 1 to 9
detect_structure.cc:93 Dynamic f block size because the block size changed from 6 to 9
detect_structure.cc:114 Schur complement static structure <-1,-1,-1>.
detect_structure.cc:63 Dynamic row block size because the block size changed from 2 to 15
detect_structure.cc:74 Dynamic e block size because the block size changed from 1 to 9
detect_structure.cc:93 Dynamic f block size because the block size changed from 6 to 9
detect_structure.cc:114 Schur complement static structure <-1,-1,-1>.
schur_eliminator.cc:155 Template specializations not found for <-1,-1,-1>
block_sparse_matrix.cc:208 Allocating values array with 360312 bytes.
detect_structure.cc:63 Dynamic row block size because the block size changed from 2 to 15
detect_structure.cc:74 Dynamic e block size because the block size changed from 1 to 9
detect_structure.cc:93 Dynamic f block size because the block size changed from 6 to 9
detect_structure.cc:114 Schur complement static structure <-1,-1,-1>.
detect_structure.cc:63 Dynamic row block size because the block size changed from 2 to 15
detect_structure.cc:74 Dynamic e block size because the block size changed from 1 to 9
detect_structure.cc:93 Dynamic f block size because the block size changed from 6 to 9
detect_structure.cc:114 Schur complement static structure <-1,-1,-1>.
schur_eliminator.cc:155 Template specializations not found for <-1,-1,-1>
block_sparse_matrix.cc:208 Allocating values array with 359688 bytes.
detect_structure.cc:63 Dynamic row block size because the block size changed from 2 to 15
detect_structure.cc:74 Dynamic e block size because the block size changed from 1 to 9
detect_structure.cc:93 Dynamic f block size because the block size changed from 6 to 9
detect_structure.cc:114 Schur complement static structure <-1,-1,-1>.
detect_structure.cc:63 Dynamic row block size because the block size changed from 2 to 15
detect_structure.cc:74 Dynamic e block size because the block size changed from 1 to 9
detect_structure.cc:93 Dynamic f block size because the block size changed from 6 to 9
detect_structure.cc:114 Schur complement static structure <-1,-1,-1>.
schur_eliminator.cc:155 Template specializations not found for <-1,-1,-1>
block_sparse_matrix.cc:208 Allocating values array with 359688 bytes.
detect_structure.cc:63 Dynamic row block size because the block size changed from 2 to 15
detect_structure.cc:74 Dynamic e block size because the block size changed from 1 to 9
detect_structure.cc:93 Dynamic f block size because the block size changed from 6 to 9
detect_structure.cc:114 Schur complement static structure <-1,-1,-1>.
detect_structure.cc:63 Dynamic row block size because the block size changed from 2 to 15
detect_structure.cc:74 Dynamic e block size because the block size changed from 1 to 9
detect_structure.cc:93 Dynamic f block size because the block size changed from 6 to 9
detect_structure.cc:114 Schur complement static structure <-1,-1,-1>.
schur_eliminator.cc:155 Template specializations not found for <-1,-1,-1>
block_sparse_matrix.cc:208 Allocating values array with 359688 bytes.
detect_structure.cc:63 Dynamic row block size because the block size changed from 2 to 15
detect_structure.cc:74 Dynamic e block size because the block size changed from 1 to 9
detect_structure.cc:93 Dynamic f block size because the block size changed from 6 to 9
detect_structure.cc:114 Schur complement static structure <-1,-1,-1>.
detect_structure.cc:63 Dynamic row block size because the block size changed from 2 to 15
detect_structure.cc:74 Dynamic e block size because the block size changed from 1 to 9
detect_structure.cc:93 Dynamic f block size because the block size changed from 6 to 9
detect_structure.cc:114 Schur complement static structure <-1,-1,-1>.
schur_eliminator.cc:155 Template specializations not found for <-1,-1,-1>
block_sparse_matrix.cc:208 Allocating values array with 359688 bytes.
detect_structure.cc:63 Dynamic row block size because the block size changed from 2 to 15
detect_structure.cc:74 Dynamic e block size because the block size changed from 1 to 9
detect_structure.cc:93 Dynamic f block size because the block size changed from 6 to 9
detect_structure.cc:114 Schur complement static structure <-1,-1,-1>.
detect_structure.cc:63 Dynamic row block size because the block size changed from 2 to 15
detect_structure.cc:74 Dynamic e block size because the block size changed from 1 to 9
detect_structure.cc:93 Dynamic f block size because the block size changed from 6 to 9
detect_structure.cc:114 Schur complement static structure <-1,-1,-1>.
schur_eliminator.cc:155 Template specializations not found for <-1,-1,-1>
block_sparse_matrix.cc:208 Allocating values array with 359688 bytes.
detect_structure.cc:63 Dynamic row block size because the block size changed from 2 to 15
detect_structure.cc:74 Dynamic e block size because the block size changed from 1 to 9
detect_structure.cc:93 Dynamic f block size because the block size changed from 6 to 9
detect_structure.cc:114 Schur complement static structure <-1,-1,-1>.
detect_structure.cc:63 Dynamic row block size because the block size changed from 2 to 15
detect_structure.cc:74 Dynamic e block size because the block size changed from 1 to 9
detect_structure.cc:93 Dynamic f block size because the block size changed from 6 to 9
detect_structure.cc:114 Schur complement static structure <-1,-1,-1>.
schur_eliminator.cc:155 Template specializations not found for <-1,-1,-1>
block_sparse_matrix.cc:208 Allocating values array with 359688 bytes.
detect_structure.cc:63 Dynamic row block size because the block size changed from 2 to 15
detect_structure.cc:74 Dynamic e block size because the block size changed from 1 to 9
detect_structure.cc:93 Dynamic f block size because the block size changed from 6 to 9
detect_structure.cc:114 Schur complement static structure <-1,-1,-1>.
detect_structure.cc:63 Dynamic row block size because the block size changed from 2 to 15
detect_structure.cc:74 Dynamic e block size because the block size changed from 1 to 9
detect_structure.cc:93 Dynamic f block size because the block size changed from 6 to 9
detect_structure.cc:114 Schur complement static structure <-1,-1,-1>.
schur_eliminator.cc:155 Template specializations not found for <-1,-1,-1>
block_sparse_matrix.cc:208 Allocating values array with 359688 bytes.
detect_structure.cc:63 Dynamic row block size because the block size changed from 2 to 15
detect_structure.cc:74 Dynamic e block size because the block size changed from 1 to 9
detect_structure.cc:93 Dynamic f block size because the block size changed from 6 to 9
detect_structure.cc:114 Schur complement static structure <-1,-1,-1>.
detect_structure.cc:63 Dynamic row block size because the block size changed from 2 to 15
detect_structure.cc:74 Dynamic e block size because the block size changed from 1 to 9
detect_structure.cc:93 Dynamic f block size because the block size changed from 6 to 9
detect_structure.cc:114 Schur complement static structure <-1,-1,-1>.
schur_eliminator.cc:155 Template specializations not found for <-1,-1,-1>
block_sparse_matrix.cc:208 Allocating values array with 359688 bytes.
detect_structure.cc:63 Dynamic row block size because the block size changed from 2 to 15
detect_structure.cc:74 Dynamic e block size because the block size changed from 1 to 9
detect_structure.cc:93 Dynamic f block size because the block size changed from 6 to 9
detect_structure.cc:114 Schur complement static structure <-1,-1,-1>.
detect_structure.cc:63 Dynamic row block size because the block size changed from 2 to 15
detect_structure.cc:74 Dynamic e block size because the block size changed from 1 to 9
detect_structure.cc:93 Dynamic f block size because the block size changed from 6 to 9
detect_structure.cc:114 Schur complement static structure <-1,-1,-1>.
schur_eliminator.cc:155 Template specializations not found for <-1,-1,-1>
block_sparse_matrix.cc:208 Allocating values array with 359480 bytes.
detect_structure.cc:63 Dynamic row block size because the block size changed from 2 to 15
detect_structure.cc:74 Dynamic e block size because the block size changed from 1 to 9
detect_structure.cc:93 Dynamic f block size because the block size changed from 6 to 9
detect_structure.cc:114 Schur complement static structure <-1,-1,-1>.
detect_structure.cc:63 Dynamic row block size because the block size changed from 2 to 15
detect_structure.cc:74 Dynamic e block size because the block size changed from 1 to 9
detect_structure.cc:93 Dynamic f block size because the block size changed from 6 to 9
detect_structure.cc:114 Schur complement static structure <-1,-1,-1>.
schur_eliminator.cc:155 Template specializations not found for <-1,-1,-1>
block_sparse_matrix.cc:208 Allocating values array with 359272 bytes.
detect_structure.cc:63 Dynamic row block size because the block size changed from 2 to 15
detect_structure.cc:74 Dynamic e block size because the block size changed from 1 to 9
detect_structure.cc:93 Dynamic f block size because the block size changed from 6 to 9
detect_structure.cc:114 Schur complement static structure <-1,-1,-1>.
detect_structure.cc:63 Dynamic row block size because the block size changed from 2 to 15
detect_structure.cc:74 Dynamic e block size because the block size changed from 1 to 9
detect_structure.cc:93 Dynamic f block size because the block size changed from 6 to 9
detect_structure.cc:114 Schur complement static structure <-1,-1,-1>.
schur_eliminator.cc:155 Template specializations not found for <-1,-1,-1>
block_sparse_matrix.cc:208 Allocating values array with 359272 bytes.
detect_structure.cc:63 Dynamic row block size because the block size changed from 2 to 15
detect_structure.cc:74 Dynamic e block size because the block size changed from 1 to 9
detect_structure.cc:93 Dynamic f block size because the block size changed from 6 to 9
detect_structure.cc:114 Schur complement static structure <-1,-1,-1>.
detect_structure.cc:63 Dynamic row block size because the block size changed from 2 to 15
detect_structure.cc:74 Dynamic e block size because the block size changed from 1 to 9
detect_structure.cc:93 Dynamic f block size because the block size changed from 6 to 9
detect_structure.cc:114 Schur complement static structure <-1,-1,-1>.
schur_eliminator.cc:155 Template specializations not found for <-1,-1,-1>
block_sparse_matrix.cc:208 Allocating values array with 359272 bytes.
detect_structure.cc:63 Dynamic row block size because the block size changed from 2 to 15
detect_structure.cc:74 Dynamic e block size because the block size changed from 1 to 9
detect_structure.cc:93 Dynamic f block size because the block size changed from 6 to 9
detect_structure.cc:114 Schur complement static structure <-1,-1,-1>.
detect_structure.cc:63 Dynamic row block size because the block size changed from 2 to 15
detect_structure.cc:74 Dynamic e block size because the block size changed from 1 to 9
detect_structure.cc:93 Dynamic f block size because the block size changed from 6 to 9
detect_structure.cc:114 Schur complement static structure <-1,-1,-1>.
schur_eliminator.cc:155 Template specializations not found for <-1,-1,-1>
block_sparse_matrix.cc:208 Allocating values array with 359272 bytes.
detect_structure.cc:63 Dynamic row block size because the block size changed from 2 to 15
detect_structure.cc:74 Dynamic e block size because the block size changed from 1 to 9
detect_structure.cc:93 Dynamic f block size because the block size changed from 6 to 9
detect_structure.cc:114 Schur complement static structure <-1,-1,-1>.
detect_structure.cc:63 Dynamic row block size because the block size changed from 2 to 15
detect_structure.cc:74 Dynamic e block size because the block size changed from 1 to 9
detect_structure.cc:93 Dynamic f block size because the block size changed from 6 to 9
detect_structure.cc:114 Schur complement static structure <-1,-1,-1>.
schur_eliminator.cc:155 Template specializations not found for <-1,-1,-1>
block_sparse_matrix.cc:208 Allocating values array with 359272 bytes.
detect_structure.cc:63 Dynamic row block size because the block size changed from 2 to 15
detect_structure.cc:74 Dynamic e block size because the block size changed from 1 to 9
detect_structure.cc:93 Dynamic f block size because the block size changed from 6 to 9
detect_structure.cc:114 Schur complement static structure <-1,-1,-1>.
detect_structure.cc:63 Dynamic row block size because the block size changed from 2 to 15
detect_structure.cc:74 Dynamic e block size because the block size changed from 1 to 9
detect_structure.cc:93 Dynamic f block size because the block size changed from 6 to 9
detect_structure.cc:114 Schur complement static structure <-1,-1,-1>.
schur_eliminator.cc:155 Template specializations not found for <-1,-1,-1>
block_sparse_matrix.cc:208 Allocating values array with 359272 bytes.
detect_structure.cc:63 Dynamic row block size because the block size changed from 2 to 15
detect_structure.cc:74 Dynamic e block size because the block size changed from 1 to 9
detect_structure.cc:93 Dynamic f block size because the block size changed from 6 to 9
detect_structure.cc:114 Schur complement static structure <-1,-1,-1>.
detect_structure.cc:63 Dynamic row block size because the block size changed from 2 to 15
detect_structure.cc:74 Dynamic e block size because the block size changed from 1 to 9
detect_structure.cc:93 Dynamic f block size because the block size changed from 6 to 9
detect_structure.cc:114 Schur complement static structure <-1,-1,-1>.
schur_eliminator.cc:155 Template specializations not found for <-1,-1,-1>
block_sparse_matrix.cc:208 Allocating values array with 359272 bytes.
detect_structure.cc:63 Dynamic row block size because the block size changed from 2 to 15
detect_structure.cc:74 Dynamic e block size because the block size changed from 1 to 9
detect_structure.cc:93 Dynamic f block size because the block size changed from 6 to 9
detect_structure.cc:114 Schur complement static structure <-1,-1,-1>.
detect_structure.cc:63 Dynamic row block size because the block size changed from 2 to 15
detect_structure.cc:74 Dynamic e block size because the block size changed from 1 to 9
detect_structure.cc:93 Dynamic f block size because the block size changed from 6 to 9
detect_structure.cc:114 Schur complement static structure <-1,-1,-1>.
schur_eliminator.cc:155 Template specializations not found for <-1,-1,-1>
block_sparse_matrix.cc:208 Allocating values array with 359272 bytes.
detect_structure.cc:63 Dynamic row block size because the block size changed from 2 to 15
detect_structure.cc:74 Dynamic e block size because the block size changed from 1 to 9
detect_structure.cc:93 Dynamic f block size because the block size changed from 6 to 9
detect_structure.cc:114 Schur complement static structure <-1,-1,-1>.
detect_structure.cc:63 Dynamic row block size because the block size changed from 2 to 15
detect_structure.cc:74 Dynamic e block size because the block size changed from 1 to 9
detect_structure.cc:93 Dynamic f block size because the block size changed from 6 to 9
detect_structure.cc:114 Schur complement static structure <-1,-1,-1>.
schur_eliminator.cc:155 Template specializations not found for <-1,-1,-1>
block_sparse_matrix.cc:208 Allocating values array with 359272 bytes.
detect_structure.cc:63 Dynamic row block size because the block size changed from 2 to 15
detect_structure.cc:74 Dynamic e block size because the block size changed from 1 to 9
detect_structure.cc:93 Dynamic f block size because the block size changed from 6 to 9
detect_structure.cc:114 Schur complement static structure <-1,-1,-1>.
detect_structure.cc:63 Dynamic row block size because the block size changed from 2 to 15
detect_structure.cc:74 Dynamic e block size because the block size changed from 1 to 9
detect_structure.cc:93 Dynamic f block size because the block size changed from 6 to 9
detect_structure.cc:114 Schur complement static structure <-1,-1,-1>.
schur_eliminator.cc:155 Template specializations not found for <-1,-1,-1>
block_sparse_matrix.cc:208 Allocating values array with 359272 bytes.
detect_structure.cc:63 Dynamic row block size because the block size changed from 2 to 15
detect_structure.cc:74 Dynamic e block size because the block size changed from 1 to 9
detect_structure.cc:93 Dynamic f block size because the block size changed from 6 to 9
detect_structure.cc:114 Schur complement static structure <-1,-1,-1>.
detect_structure.cc:63 Dynamic row block size because the block size changed from 2 to 15
detect_structure.cc:74 Dynamic e block size because the block size changed from 1 to 9
detect_structure.cc:93 Dynamic f block size because the block size changed from 6 to 9
detect_structure.cc:114 Schur complement static structure <-1,-1,-1>.
schur_eliminator.cc:155 Template specializations not found for <-1,-1,-1>
block_sparse_matrix.cc:208 Allocating values array with 359272 bytes.
detect_structure.cc:63 Dynamic row block size because the block size changed from 2 to 15
detect_structure.cc:74 Dynamic e block size because the block size changed from 1 to 9
detect_structure.cc:93 Dynamic f block size because the block size changed from 6 to 9
detect_structure.cc:114 Schur complement static structure <-1,-1,-1>.
detect_structure.cc:63 Dynamic row block size because the block size changed from 2 to 15
detect_structure.cc:74 Dynamic e block size because the block size changed from 1 to 9
detect_structure.cc:93 Dynamic f block size because the block size changed from 6 to 9
detect_structure.cc:114 Schur complement static structure <-1,-1,-1>.
schur_eliminator.cc:155 Template specializations not found for <-1,-1,-1>
block_sparse_matrix.cc:208 Allocating values array with 359272 bytes.
detect_structure.cc:63 Dynamic row block size because the block size changed from 2 to 15
detect_structure.cc:74 Dynamic e block size because the block size changed from 1 to 9
detect_structure.cc:93 Dynamic f block size because the block size changed from 6 to 9
detect_structure.cc:114 Schur complement static structure <-1,-1,-1>.
detect_structure.cc:63 Dynamic row block size because the block size changed from 2 to 15
detect_structure.cc:74 Dynamic e block size because the block size changed from 1 to 9
detect_structure.cc:93 Dynamic f block size because the block size changed from 6 to 9
detect_structure.cc:114 Schur complement static structure <-1,-1,-1>.
schur_eliminator.cc:155 Template specializations not found for <-1,-1,-1>
block_sparse_matrix.cc:208 Allocating values array with 359064 bytes.
detect_structure.cc:63 Dynamic row block size because the block size changed from 2 to 15
detect_structure.cc:74 Dynamic e block size because the block size changed from 1 to 9
detect_structure.cc:93 Dynamic f block size because the block size changed from 6 to 9
detect_structure.cc:114 Schur complement static structure <-1,-1,-1>.
detect_structure.cc:63 Dynamic row block size because the block size changed from 2 to 15
detect_structure.cc:74 Dynamic e block size because the block size changed from 1 to 9
detect_structure.cc:93 Dynamic f block size because the block size changed from 6 to 9
detect_structure.cc:114 Schur complement static structure <-1,-1,-1>.
schur_eliminator.cc:155 Template specializations not found for <-1,-1,-1>
block_sparse_matrix.cc:208 Allocating values array with 358856 bytes.
detect_structure.cc:63 Dynamic row block size because the block size changed from 2 to 15
detect_structure.cc:74 Dynamic e block size because the block size changed from 1 to 9
detect_structure.cc:93 Dynamic f block size because the block size changed from 6 to 9
detect_structure.cc:114 Schur complement static structure <-1,-1,-1>.
detect_structure.cc:63 Dynamic row block size because the block size changed from 2 to 15
detect_structure.cc:74 Dynamic e block size because the block size changed from 1 to 9
detect_structure.cc:93 Dynamic f block size because the block size changed from 6 to 9
detect_structure.cc:114 Schur complement static structure <-1,-1,-1>.
schur_eliminator.cc:155 Template specializations not found for <-1,-1,-1>
block_sparse_matrix.cc:208 Allocating values array with 358856 bytes.
detect_structure.cc:63 Dynamic row block size because the block size changed from 2 to 15
detect_structure.cc:74 Dynamic e block size because the block size changed from 1 to 9
detect_structure.cc:93 Dynamic f block size because the block size changed from 6 to 9
detect_structure.cc:114 Schur complement static structure <-1,-1,-1>.
detect_structure.cc:63 Dynamic row block size because the block size changed from 2 to 15
detect_structure.cc:74 Dynamic e block size because the block size changed from 1 to 9
detect_structure.cc:93 Dynamic f block size because the block size changed from 6 to 9
detect_structure.cc:114 Schur complement static structure <-1,-1,-1>.
schur_eliminator.cc:155 Template specializations not found for <-1,-1,-1>
block_sparse_matrix.cc:208 Allocating values array with 358856 bytes.
detect_structure.cc:63 Dynamic row block size because the block size changed from 2 to 15
detect_structure.cc:74 Dynamic e block size because the block size changed from 1 to 9
detect_structure.cc:93 Dynamic f block size because the block size changed from 6 to 9
detect_structure.cc:114 Schur complement static structure <-1,-1,-1>.
detect_structure.cc:63 Dynamic row block size because the block size changed from 2 to 15
detect_structure.cc:74 Dynamic e block size because the block size changed from 1 to 9
detect_structure.cc:93 Dynamic f block size because the block size changed from 6 to 9
detect_structure.cc:114 Schur complement static structure <-1,-1,-1>.
schur_eliminator.cc:155 Template specializations not found for <-1,-1,-1>
block_sparse_matrix.cc:208 Allocating values array with 358856 bytes.
detect_structure.cc:63 Dynamic row block size because the block size changed from 2 to 15
detect_structure.cc:74 Dynamic e block size because the block size changed from 1 to 9
detect_structure.cc:93 Dynamic f block size because the block size changed from 6 to 9
detect_structure.cc:114 Schur complement static structure <-1,-1,-1>.
detect_structure.cc:63 Dynamic row block size because the block size changed from 2 to 15
detect_structure.cc:74 Dynamic e block size because the block size changed from 1 to 9
detect_structure.cc:93 Dynamic f block size because the block size changed from 6 to 9
detect_structure.cc:114 Schur complement static structure <-1,-1,-1>.
schur_eliminator.cc:155 Template specializations not found for <-1,-1,-1>
block_sparse_matrix.cc:208 Allocating values array with 358856 bytes.
detect_structure.cc:63 Dynamic row block size because the block size changed from 2 to 15
detect_structure.cc:74 Dynamic e block size because the block size changed from 1 to 9
detect_structure.cc:93 Dynamic f block size because the block size changed from 6 to 9
detect_structure.cc:114 Schur complement static structure <-1,-1,-1>.
detect_structure.cc:63 Dynamic row block size because the block size changed from 2 to 15
detect_structure.cc:74 Dynamic e block size because the block size changed from 1 to 9
detect_structure.cc:93 Dynamic f block size because the block size changed from 6 to 9
detect_structure.cc:114 Schur complement static structure <-1,-1,-1>.
schur_eliminator.cc:155 Template specializations not found for <-1,-1,-1>
block_sparse_matrix.cc:208 Allocating values array with 358856 bytes.
detect_structure.cc:63 Dynamic row block size because the block size changed from 2 to 15
detect_structure.cc:74 Dynamic e block size because the block size changed from 1 to 9
detect_structure.cc:93 Dynamic f block size because the block size changed from 6 to 9
detect_structure.cc:114 Schur complement static structure <-1,-1,-1>.
detect_structure.cc:63 Dynamic row block size because the block size changed from 2 to 15
detect_structure.cc:74 Dynamic e block size because the block size changed from 1 to 9
detect_structure.cc:93 Dynamic f block size because the block size changed from 6 to 9
detect_structure.cc:114 Schur complement static structure <-1,-1,-1>.
schur_eliminator.cc:155 Template specializations not found for <-1,-1,-1>
block_sparse_matrix.cc:208 Allocating values array with 358856 bytes.
detect_structure.cc:63 Dynamic row block size because the block size changed from 2 to 15
detect_structure.cc:74 Dynamic e block size because the block size changed from 1 to 9
detect_structure.cc:93 Dynamic f block size because the block size changed from 6 to 9
detect_structure.cc:114 Schur complement static structure <-1,-1,-1>.
detect_structure.cc:63 Dynamic row block size because the block size changed from 2 to 15
detect_structure.cc:74 Dynamic e block size because the block size changed from 1 to 9
detect_structure.cc:93 Dynamic f block size because the block size changed from 6 to 9
detect_structure.cc:114 Schur complement static structure <-1,-1,-1>.
schur_eliminator.cc:155 Template specializations not found for <-1,-1,-1>
block_sparse_matrix.cc:208 Allocating values array with 358856 bytes.
detect_structure.cc:63 Dynamic row block size because the block size changed from 2 to 15
detect_structure.cc:74 Dynamic e block size because the block size changed from 1 to 9
detect_structure.cc:93 Dynamic f block size because the block size changed from 6 to 9
detect_structure.cc:114 Schur complement static structure <-1,-1,-1>.
detect_structure.cc:63 Dynamic row block size because the block size changed from 2 to 15
detect_structure.cc:74 Dynamic e block size because the block size changed from 1 to 9
detect_structure.cc:93 Dynamic f block size because the block size changed from 6 to 9
detect_structure.cc:114 Schur complement static structure <-1,-1,-1>.
schur_eliminator.cc:155 Template specializations not found for <-1,-1,-1>
block_sparse_matrix.cc:208 Allocating values array with 358856 bytes.
detect_structure.cc:63 Dynamic row block size because the block size changed from 2 to 15
detect_structure.cc:74 Dynamic e block size because the block size changed from 1 to 9
detect_structure.cc:93 Dynamic f block size because the block size changed from 6 to 9
detect_structure.cc:114 Schur complement static structure <-1,-1,-1>.
detect_structure.cc:63 Dynamic row block size because the block size changed from 2 to 15
detect_structure.cc:74 Dynamic e block size because the block size changed from 1 to 9
detect_structure.cc:93 Dynamic f block size because the block size changed from 6 to 9
detect_structure.cc:114 Schur complement static structure <-1,-1,-1>.
schur_eliminator.cc:155 Template specializations not found for <-1,-1,-1>
block_sparse_matrix.cc:208 Allocating values array with 358856 bytes.
detect_structure.cc:63 Dynamic row block size because the block size changed from 2 to 15
detect_structure.cc:74 Dynamic e block size because the block size changed from 1 to 9
detect_structure.cc:93 Dynamic f block size because the block size changed from 6 to 9
detect_structure.cc:114 Schur complement static structure <-1,-1,-1>.
detect_structure.cc:63 Dynamic row block size because the block size changed from 2 to 15
detect_structure.cc:74 Dynamic e block size because the block size changed from 1 to 9
detect_structure.cc:93 Dynamic f block size because the block size changed from 6 to 9
detect_structure.cc:114 Schur complement static structure <-1,-1,-1>.
schur_eliminator.cc:155 Template specializations not found for <-1,-1,-1>
block_sparse_matrix.cc:208 Allocating values array with 365480 bytes.
detect_structure.cc:63 Dynamic row block size because the block size changed from 2 to 15
detect_structure.cc:74 Dynamic e block size because the block size changed from 1 to 9
detect_structure.cc:93 Dynamic f block size because the block size changed from 6 to 9
detect_structure.cc:114 Schur complement static structure <-1,-1,-1>.
detect_structure.cc:63 Dynamic row block size because the block size changed from 2 to 15
detect_structure.cc:74 Dynamic e block size because the block size changed from 1 to 9
detect_structure.cc:93 Dynamic f block size because the block size changed from 6 to 9
detect_structure.cc:114 Schur complement static structure <-1,-1,-1>.
schur_eliminator.cc:155 Template specializations not found for <-1,-1,-1>
block_sparse_matrix.cc:208 Allocating values array with 358648 bytes.
detect_structure.cc:63 Dynamic row block size because the block size changed from 2 to 15
detect_structure.cc:74 Dynamic e block size because the block size changed from 1 to 9
detect_structure.cc:93 Dynamic f block size because the block size changed from 6 to 9
detect_structure.cc:114 Schur complement static structure <-1,-1,-1>.
detect_structure.cc:63 Dynamic row block size because the block size changed from 2 to 15
detect_structure.cc:74 Dynamic e block size because the block size changed from 1 to 9
detect_structure.cc:93 Dynamic f block size because the block size changed from 6 to 9
detect_structure.cc:114 Schur complement static structure <-1,-1,-1>.
schur_eliminator.cc:155 Template specializations not found for <-1,-1,-1>
block_sparse_matrix.cc:208 Allocating values array with 358440 bytes.
detect_structure.cc:63 Dynamic row block size because the block size changed from 2 to 15
detect_structure.cc:74 Dynamic e block size because the block size changed from 1 to 9
detect_structure.cc:93 Dynamic f block size because the block size changed from 6 to 9
detect_structure.cc:114 Schur complement static structure <-1,-1,-1>.
detect_structure.cc:63 Dynamic row block size because the block size changed from 2 to 15
detect_structure.cc:74 Dynamic e block size because the block size changed from 1 to 9
detect_structure.cc:93 Dynamic f block size because the block size changed from 6 to 9
detect_structure.cc:114 Schur complement static structure <-1,-1,-1>.
schur_eliminator.cc:155 Template specializations not found for <-1,-1,-1>
block_sparse_matrix.cc:208 Allocating values array with 358440 bytes.
detect_structure.cc:63 Dynamic row block size because the block size changed from 2 to 15
detect_structure.cc:74 Dynamic e block size because the block size changed from 1 to 9
detect_structure.cc:93 Dynamic f block size because the block size changed from 6 to 9
detect_structure.cc:114 Schur complement static structure <-1,-1,-1>.
detect_structure.cc:63 Dynamic row block size because the block size changed from 2 to 15
detect_structure.cc:74 Dynamic e block size because the block size changed from 1 to 9
detect_structure.cc:93 Dynamic f block size because the block size changed from 6 to 9
detect_structure.cc:114 Schur complement static structure <-1,-1,-1>.
schur_eliminator.cc:155 Template specializations not found for <-1,-1,-1>
block_sparse_matrix.cc:208 Allocating values array with 358440 bytes.
detect_structure.cc:63 Dynamic row block size because the block size changed from 2 to 15
detect_structure.cc:74 Dynamic e block size because the block size changed from 1 to 9
detect_structure.cc:93 Dynamic f block size because the block size changed from 6 to 9
detect_structure.cc:114 Schur complement static structure <-1,-1,-1>.
detect_structure.cc:63 Dynamic row block size because the block size changed from 2 to 15
detect_structure.cc:74 Dynamic e block size because the block size changed from 1 to 9
detect_structure.cc:93 Dynamic f block size because the block size changed from 6 to 9
detect_structure.cc:114 Schur complement static structure <-1,-1,-1>.
schur_eliminator.cc:155 Template specializations not found for <-1,-1,-1>
block_sparse_matrix.cc:208 Allocating values array with 358440 bytes.
detect_structure.cc:63 Dynamic row block size because the block size changed from 2 to 15
detect_structure.cc:74 Dynamic e block size because the block size changed from 1 to 9
detect_structure.cc:93 Dynamic f block size because the block size changed from 6 to 9
detect_structure.cc:114 Schur complement static structure <-1,-1,-1>.
detect_structure.cc:63 Dynamic row block size because the block size changed from 2 to 15
detect_structure.cc:74 Dynamic e block size because the block size changed from 1 to 9
detect_structure.cc:93 Dynamic f block size because the block size changed from 6 to 9
detect_structure.cc:114 Schur complement static structure <-1,-1,-1>.
schur_eliminator.cc:155 Template specializations not found for <-1,-1,-1>
block_sparse_matrix.cc:208 Allocating values array with 358232 bytes.
detect_structure.cc:63 Dynamic row block size because the block size changed from 2 to 15
detect_structure.cc:74 Dynamic e block size because the block size changed from 1 to 9
detect_structure.cc:93 Dynamic f block size because the block size changed from 6 to 9
detect_structure.cc:114 Schur complement static structure <-1,-1,-1>.
detect_structure.cc:63 Dynamic row block size because the block size changed from 2 to 15
detect_structure.cc:74 Dynamic e block size because the block size changed from 1 to 9
detect_structure.cc:93 Dynamic f block size because the block size changed from 6 to 9
detect_structure.cc:114 Schur complement static structure <-1,-1,-1>.
schur_eliminator.cc:155 Template specializations not found for <-1,-1,-1>
block_sparse_matrix.cc:208 Allocating values array with 358024 bytes.
detect_structure.cc:63 Dynamic row block size because the block size changed from 2 to 15
detect_structure.cc:74 Dynamic e block size because the block size changed from 1 to 9
detect_structure.cc:93 Dynamic f block size because the block size changed from 6 to 9
detect_structure.cc:114 Schur complement static structure <-1,-1,-1>.
detect_structure.cc:63 Dynamic row block size because the block size changed from 2 to 15
detect_structure.cc:74 Dynamic e block size because the block size changed from 1 to 9
detect_structure.cc:93 Dynamic f block size because the block size changed from 6 to 9
detect_structure.cc:114 Schur complement static structure <-1,-1,-1>.
schur_eliminator.cc:155 Template specializations not found for <-1,-1,-1>
block_sparse_matrix.cc:208 Allocating values array with 357400 bytes.
detect_structure.cc:63 Dynamic row block size because the block size changed from 2 to 15
detect_structure.cc:74 Dynamic e block size because the block size changed from 1 to 9
detect_structure.cc:93 Dynamic f block size because the block size changed from 6 to 9
detect_structure.cc:114 Schur complement static structure <-1,-1,-1>.
detect_structure.cc:63 Dynamic row block size because the block size changed from 2 to 15
detect_structure.cc:74 Dynamic e block size because the block size changed from 1 to 9
detect_structure.cc:93 Dynamic f block size because the block size changed from 6 to 9
detect_structure.cc:114 Schur complement static structure <-1,-1,-1>.
schur_eliminator.cc:155 Template specializations not found for <-1,-1,-1>
block_sparse_matrix.cc:208 Allocating values array with 367352 bytes.
detect_structure.cc:63 Dynamic row block size because the block size changed from 2 to 15
detect_structure.cc:74 Dynamic e block size because the block size changed from 1 to 9
detect_structure.cc:93 Dynamic f block size because the block size changed from 6 to 9
detect_structure.cc:114 Schur complement static structure <-1,-1,-1>.
detect_structure.cc:63 Dynamic row block size because the block size changed from 2 to 15
detect_structure.cc:74 Dynamic e block size because the block size changed from 1 to 9
detect_structure.cc:93 Dynamic f block size because the block size changed from 6 to 9
detect_structure.cc:114 Schur complement static structure <-1,-1,-1>.
schur_eliminator.cc:155 Template specializations not found for <-1,-1,-1>
block_sparse_matrix.cc:208 Allocating values array with 359064 bytes.
detect_structure.cc:63 Dynamic row block size because the block size changed from 2 to 15
detect_structure.cc:74 Dynamic e block size because the block size changed from 1 to 9
detect_structure.cc:93 Dynamic f block size because the block size changed from 6 to 9
detect_structure.cc:114 Schur complement static structure <-1,-1,-1>.
detect_structure.cc:63 Dynamic row block size because the block size changed from 2 to 15
detect_structure.cc:74 Dynamic e block size because the block size changed from 1 to 9
detect_structure.cc:93 Dynamic f block size because the block size changed from 6 to 9
detect_structure.cc:114 Schur complement static structure <-1,-1,-1>.
schur_eliminator.cc:155 Template specializations not found for <-1,-1,-1>
block_sparse_matrix.cc:208 Allocating values array with 356984 bytes.
detect_structure.cc:63 Dynamic row block size because the block size changed from 2 to 15
detect_structure.cc:74 Dynamic e block size because the block size changed from 1 to 9
detect_structure.cc:93 Dynamic f block size because the block size changed from 6 to 9
detect_structure.cc:114 Schur complement static structure <-1,-1,-1>.
detect_structure.cc:63 Dynamic row block size because the block size changed from 2 to 15
detect_structure.cc:74 Dynamic e block size because the block size changed from 1 to 9
detect_structure.cc:93 Dynamic f block size because the block size changed from 6 to 9
detect_structure.cc:114 Schur complement static structure <-1,-1,-1>.
schur_eliminator.cc:155 Template specializations not found for <-1,-1,-1>
block_sparse_matrix.cc:208 Allocating values array with 362984 bytes.
detect_structure.cc:63 Dynamic row block size because the block size changed from 2 to 15
detect_structure.cc:74 Dynamic e block size because the block size changed from 1 to 9
detect_structure.cc:93 Dynamic f block size because the block size changed from 6 to 9
detect_structure.cc:114 Schur complement static structure <-1,-1,-1>.
detect_structure.cc:63 Dynamic row block size because the block size changed from 2 to 15
detect_structure.cc:74 Dynamic e block size because the block size changed from 1 to 9
detect_structure.cc:93 Dynamic f block size because the block size changed from 6 to 9
detect_structure.cc:114 Schur complement static structure <-1,-1,-1>.
schur_eliminator.cc:155 Template specializations not found for <-1,-1,-1>
block_sparse_matrix.cc:208 Allocating values array with 355736 bytes.
detect_structure.cc:63 Dynamic row block size because the block size changed from 2 to 15
detect_structure.cc:74 Dynamic e block size because the block size changed from 1 to 9
detect_structure.cc:93 Dynamic f block size because the block size changed from 6 to 9
detect_structure.cc:114 Schur complement static structure <-1,-1,-1>.
detect_structure.cc:63 Dynamic row block size because the block size changed from 2 to 15
detect_structure.cc:74 Dynamic e block size because the block size changed from 1 to 9
detect_structure.cc:93 Dynamic f block size because the block size changed from 6 to 9
detect_structure.cc:114 Schur complement static structure <-1,-1,-1>.
schur_eliminator.cc:155 Template specializations not found for <-1,-1,-1>
block_sparse_matrix.cc:208 Allocating values array with 355112 bytes.
detect_structure.cc:63 Dynamic row block size because the block size changed from 2 to 15
detect_structure.cc:74 Dynamic e block size because the block size changed from 1 to 9
detect_structure.cc:93 Dynamic f block size because the block size changed from 6 to 9
detect_structure.cc:114 Schur complement static structure <-1,-1,-1>.
detect_structure.cc:63 Dynamic row block size because the block size changed from 2 to 15
detect_structure.cc:74 Dynamic e block size because the block size changed from 1 to 9
detect_structure.cc:93 Dynamic f block size because the block size changed from 6 to 9
detect_structure.cc:114 Schur complement static structure <-1,-1,-1>.
schur_eliminator.cc:155 Template specializations not found for <-1,-1,-1>
block_sparse_matrix.cc:208 Allocating values array with 359032 bytes.
detect_structure.cc:63 Dynamic row block size because the block size changed from 2 to 15
detect_structure.cc:74 Dynamic e block size because the block size changed from 1 to 9
detect_structure.cc:93 Dynamic f block size because the block size changed from 6 to 9
detect_structure.cc:114 Schur complement static structure <-1,-1,-1>.
detect_structure.cc:63 Dynamic row block size because the block size changed from 2 to 15
detect_structure.cc:74 Dynamic e block size because the block size changed from 1 to 9
detect_structure.cc:93 Dynamic f block size because the block size changed from 6 to 9
detect_structure.cc:114 Schur complement static structure <-1,-1,-1>.
schur_eliminator.cc:155 Template specializations not found for <-1,-1,-1>
block_sparse_matrix.cc:208 Allocating values array with 350952 bytes.
detect_structure.cc:63 Dynamic row block size because the block size changed from 2 to 15
detect_structure.cc:74 Dynamic e block size because the block size changed from 1 to 9
detect_structure.cc:93 Dynamic f block size because the block size changed from 6 to 9
detect_structure.cc:114 Schur complement static structure <-1,-1,-1>.
detect_structure.cc:63 Dynamic row block size because the block size changed from 2 to 15
detect_structure.cc:74 Dynamic e block size because the block size changed from 1 to 9
detect_structure.cc:93 Dynamic f block size because the block size changed from 6 to 9
detect_structure.cc:114 Schur complement static structure <-1,-1,-1>.
schur_eliminator.cc:155 Template specializations not found for <-1,-1,-1>
block_sparse_matrix.cc:208 Allocating values array with 358200 bytes.
detect_structure.cc:63 Dynamic row block size because the block size changed from 2 to 15
detect_structure.cc:74 Dynamic e block size because the block size changed from 1 to 9
detect_structure.cc:93 Dynamic f block size because the block size changed from 6 to 9
detect_structure.cc:114 Schur complement static structure <-1,-1,-1>.
detect_structure.cc:63 Dynamic row block size because the block size changed from 2 to 15
detect_structure.cc:74 Dynamic e block size because the block size changed from 1 to 9
detect_structure.cc:93 Dynamic f block size because the block size changed from 6 to 9
detect_structure.cc:114 Schur complement static structure <-1,-1,-1>.
schur_eliminator.cc:155 Template specializations not found for <-1,-1,-1>
block_sparse_matrix.cc:208 Allocating values array with 350536 bytes.
detect_structure.cc:63 Dynamic row block size because the block size changed from 2 to 15
detect_structure.cc:74 Dynamic e block size because the block size changed from 1 to 9
detect_structure.cc:93 Dynamic f block size because the block size changed from 6 to 9
detect_structure.cc:114 Schur complement static structure <-1,-1,-1>.
detect_structure.cc:63 Dynamic row block size because the block size changed from 2 to 15
detect_structure.cc:74 Dynamic e block size because the block size changed from 1 to 9
detect_structure.cc:93 Dynamic f block size because the block size changed from 6 to 9
detect_structure.cc:114 Schur complement static structure <-1,-1,-1>.
schur_eliminator.cc:155 Template specializations not found for <-1,-1,-1>
block_sparse_matrix.cc:208 Allocating values array with 355080 bytes.
detect_structure.cc:63 Dynamic row block size because the block size changed from 2 to 15
detect_structure.cc:74 Dynamic e block size because the block size changed from 1 to 9
detect_structure.cc:93 Dynamic f block size because the block size changed from 6 to 9
detect_structure.cc:114 Schur complement static structure <-1,-1,-1>.
detect_structure.cc:63 Dynamic row block size because the block size changed from 2 to 15
detect_structure.cc:74 Dynamic e block size because the block size changed from 1 to 9
detect_structure.cc:93 Dynamic f block size because the block size changed from 6 to 9
detect_structure.cc:114 Schur complement static structure <-1,-1,-1>.
schur_eliminator.cc:155 Template specializations not found for <-1,-1,-1>
block_sparse_matrix.cc:208 Allocating values array with 351336 bytes.
detect_structure.cc:63 Dynamic row block size because the block size changed from 2 to 15
detect_structure.cc:74 Dynamic e block size because the block size changed from 1 to 9
detect_structure.cc:93 Dynamic f block size because the block size changed from 6 to 9
detect_structure.cc:114 Schur complement static structure <-1,-1,-1>.
detect_structure.cc:63 Dynamic row block size because the block size changed from 2 to 15
detect_structure.cc:74 Dynamic e block size because the block size changed from 1 to 9
detect_structure.cc:93 Dynamic f block size because the block size changed from 6 to 9
detect_structure.cc:114 Schur complement static structure <-1,-1,-1>.
schur_eliminator.cc:155 Template specializations not found for <-1,-1,-1>
block_sparse_matrix.cc:208 Allocating values array with 348424 bytes.
detect_structure.cc:63 Dynamic row block size because the block size changed from 2 to 15
detect_structure.cc:74 Dynamic e block size because the block size changed from 1 to 9
detect_structure.cc:93 Dynamic f block size because the block size changed from 6 to 9
detect_structure.cc:114 Schur complement static structure <-1,-1,-1>.
detect_structure.cc:63 Dynamic row block size because the block size changed from 2 to 15
detect_structure.cc:74 Dynamic e block size because the block size changed from 1 to 9
detect_structure.cc:93 Dynamic f block size because the block size changed from 6 to 9
detect_structure.cc:114 Schur complement static structure <-1,-1,-1>.
schur_eliminator.cc:155 Template specializations not found for <-1,-1,-1>
block_sparse_matrix.cc:208 Allocating values array with 344056 bytes.
detect_structure.cc:63 Dynamic row block size because the block size changed from 2 to 15
detect_structure.cc:74 Dynamic e block size because the block size changed from 1 to 9
detect_structure.cc:93 Dynamic f block size because the block size changed from 6 to 9
detect_structure.cc:114 Schur complement static structure <-1,-1,-1>.
detect_structure.cc:63 Dynamic row block size because the block size changed from 2 to 15
detect_structure.cc:74 Dynamic e block size because the block size changed from 1 to 9
detect_structure.cc:93 Dynamic f block size because the block size changed from 6 to 9
detect_structure.cc:114 Schur complement static structure <-1,-1,-1>.
schur_eliminator.cc:155 Template specializations not found for <-1,-1,-1>
block_sparse_matrix.cc:208 Allocating values array with 340312 bytes.
detect_structure.cc:63 Dynamic row block size because the block size changed from 2 to 15
detect_structure.cc:74 Dynamic e block size because the block size changed from 1 to 9
detect_structure.cc:93 Dynamic f block size because the block size changed from 6 to 9
detect_structure.cc:114 Schur complement static structure <-1,-1,-1>.
detect_structure.cc:63 Dynamic row block size because the block size changed from 2 to 15
detect_structure.cc:74 Dynamic e block size because the block size changed from 1 to 9
detect_structure.cc:93 Dynamic f block size because the block size changed from 6 to 9
detect_structure.cc:114 Schur complement static structure <-1,-1,-1>.
schur_eliminator.cc:155 Template specializations not found for <-1,-1,-1>
block_sparse_matrix.cc:208 Allocating values array with 337816 bytes.
detect_structure.cc:63 Dynamic row block size because the block size changed from 2 to 15
detect_structure.cc:74 Dynamic e block size because the block size changed from 1 to 9
detect_structure.cc:93 Dynamic f block size because the block size changed from 6 to 9
detect_structure.cc:114 Schur complement static structure <-1,-1,-1>.
detect_structure.cc:63 Dynamic row block size because the block size changed from 2 to 15
detect_structure.cc:74 Dynamic e block size because the block size changed from 1 to 9
detect_structure.cc:93 Dynamic f block size because the block size changed from 6 to 9
detect_structure.cc:114 Schur complement static structure <-1,-1,-1>.
schur_eliminator.cc:155 Template specializations not found for <-1,-1,-1>
block_sparse_matrix.cc:208 Allocating values array with 334280 bytes.
detect_structure.cc:63 Dynamic row block size because the block size changed from 2 to 15
detect_structure.cc:74 Dynamic e block size because the block size changed from 1 to 9
detect_structure.cc:93 Dynamic f block size because the block size changed from 6 to 9
detect_structure.cc:114 Schur complement static structure <-1,-1,-1>.
detect_structure.cc:63 Dynamic row block size because the block size changed from 2 to 15
detect_structure.cc:74 Dynamic e block size because the block size changed from 1 to 9
detect_structure.cc:93 Dynamic f block size because the block size changed from 6 to 9
detect_structure.cc:114 Schur complement static structure <-1,-1,-1>.
schur_eliminator.cc:155 Template specializations not found for <-1,-1,-1>
block_sparse_matrix.cc:208 Allocating values array with 331160 bytes.
detect_structure.cc:63 Dynamic row block size because the block size changed from 2 to 15
detect_structure.cc:74 Dynamic e block size because the block size changed from 1 to 9
detect_structure.cc:93 Dynamic f block size because the block size changed from 6 to 9
detect_structure.cc:114 Schur complement static structure <-1,-1,-1>.
detect_structure.cc:63 Dynamic row block size because the block size changed from 2 to 15
detect_structure.cc:74 Dynamic e block size because the block size changed from 1 to 9
detect_structure.cc:93 Dynamic f block size because the block size changed from 6 to 9
detect_structure.cc:114 Schur complement static structure <-1,-1,-1>.
schur_eliminator.cc:155 Template specializations not found for <-1,-1,-1>
block_sparse_matrix.cc:208 Allocating values array with 329704 bytes.
detect_structure.cc:63 Dynamic row block size because the block size changed from 2 to 15
detect_structure.cc:74 Dynamic e block size because the block size changed from 1 to 9
detect_structure.cc:93 Dynamic f block size because the block size changed from 6 to 9
detect_structure.cc:114 Schur complement static structure <-1,-1,-1>.
detect_structure.cc:63 Dynamic row block size because the block size changed from 2 to 15
detect_structure.cc:74 Dynamic e block size because the block size changed from 1 to 9
detect_structure.cc:93 Dynamic f block size because the block size changed from 6 to 9
detect_structure.cc:114 Schur complement static structure <-1,-1,-1>.
schur_eliminator.cc:155 Template specializations not found for <-1,-1,-1>
block_sparse_matrix.cc:208 Allocating values array with 322664 bytes.
detect_structure.cc:63 Dynamic row block size because the block size changed from 2 to 15
detect_structure.cc:74 Dynamic e block size because the block size changed from 1 to 9
detect_structure.cc:93 Dynamic f block size because the block size changed from 6 to 9
detect_structure.cc:114 Schur complement static structure <-1,-1,-1>.
detect_structure.cc:63 Dynamic row block size because the block size changed from 2 to 15
detect_structure.cc:74 Dynamic e block size because the block size changed from 1 to 9
detect_structure.cc:93 Dynamic f block size because the block size changed from 6 to 9
detect_structure.cc:114 Schur complement static structure <-1,-1,-1>.
schur_eliminator.cc:155 Template specializations not found for <-1,-1,-1>
block_sparse_matrix.cc:208 Allocating values array with 329288 bytes.
detect_structure.cc:63 Dynamic row block size because the block size changed from 2 to 15
detect_structure.cc:74 Dynamic e block size because the block size changed from 1 to 9
detect_structure.cc:93 Dynamic f block size because the block size changed from 6 to 9
detect_structure.cc:114 Schur complement static structure <-1,-1,-1>.
detect_structure.cc:63 Dynamic row block size because the block size changed from 2 to 15
detect_structure.cc:74 Dynamic e block size because the block size changed from 1 to 9
detect_structure.cc:93 Dynamic f block size because the block size changed from 6 to 9
detect_structure.cc:114 Schur complement static structure <-1,-1,-1>.
schur_eliminator.cc:155 Template specializations not found for <-1,-1,-1>
[FeatureTracker] F-matrix: 145 → 97 (rejected 48, threshold=1.000000)
block_sparse_matrix.cc:208 Allocating values array with 315176 bytes.
detect_structure.cc:63 Dynamic row block size because the block size changed from 2 to 15
detect_structure.cc:74 Dynamic e block size because the block size changed from 1 to 9
detect_structure.cc:93 Dynamic f block size because the block size changed from 6 to 9
detect_structure.cc:114 Schur complement static structure <-1,-1,-1>.
detect_structure.cc:63 Dynamic row block size because the block size changed from 2 to 15
detect_structure.cc:74 Dynamic e block size because the block size changed from 1 to 9
detect_structure.cc:93 Dynamic f block size because the block size changed from 6 to 9
detect_structure.cc:114 Schur complement static structure <-1,-1,-1>.
schur_eliminator.cc:155 Template specializations not found for <-1,-1,-1>
block_sparse_matrix.cc:208 Allocating values array with 307480 bytes.
detect_structure.cc:63 Dynamic row block size because the block size changed from 2 to 15
detect_structure.cc:74 Dynamic e block size because the block size changed from 1 to 9
detect_structure.cc:93 Dynamic f block size because the block size changed from 6 to 9
detect_structure.cc:114 Schur complement static structure <-1,-1,-1>.
detect_structure.cc:63 Dynamic row block size because the block size changed from 2 to 15
detect_structure.cc:74 Dynamic e block size because the block size changed from 1 to 9
detect_structure.cc:93 Dynamic f block size because the block size changed from 6 to 9
detect_structure.cc:114 Schur complement static structure <-1,-1,-1>.
schur_eliminator.cc:155 Template specializations not found for <-1,-1,-1>
block_sparse_matrix.cc:208 Allocating values array with 307064 bytes.
detect_structure.cc:63 Dynamic row block size because the block size changed from 2 to 15
detect_structure.cc:74 Dynamic e block size because the block size changed from 1 to 9
detect_structure.cc:93 Dynamic f block size because the block size changed from 6 to 9
detect_structure.cc:114 Schur complement static structure <-1,-1,-1>.
detect_structure.cc:63 Dynamic row block size because the block size changed from 2 to 15
detect_structure.cc:74 Dynamic e block size because the block size changed from 1 to 9
detect_structure.cc:93 Dynamic f block size because the block size changed from 6 to 9
detect_structure.cc:114 Schur complement static structure <-1,-1,-1>.
schur_eliminator.cc:155 Template specializations not found for <-1,-1,-1>
block_sparse_matrix.cc:208 Allocating values array with 306440 bytes.
detect_structure.cc:63 Dynamic row block size because the block size changed from 2 to 15
detect_structure.cc:74 Dynamic e block size because the block size changed from 1 to 9
detect_structure.cc:93 Dynamic f block size because the block size changed from 6 to 9
detect_structure.cc:114 Schur complement static structure <-1,-1,-1>.
detect_structure.cc:63 Dynamic row block size because the block size changed from 2 to 15
detect_structure.cc:74 Dynamic e block size because the block size changed from 1 to 9
detect_structure.cc:93 Dynamic f block size because the block size changed from 6 to 9
detect_structure.cc:114 Schur complement static structure <-1,-1,-1>.
schur_eliminator.cc:155 Template specializations not found for <-1,-1,-1>
block_sparse_matrix.cc:208 Allocating values array with 305400 bytes.
detect_structure.cc:63 Dynamic row block size because the block size changed from 2 to 15
detect_structure.cc:74 Dynamic e block size because the block size changed from 1 to 9
detect_structure.cc:93 Dynamic f block size because the block size changed from 6 to 9
detect_structure.cc:114 Schur complement static structure <-1,-1,-1>.
detect_structure.cc:63 Dynamic row block size because the block size changed from 2 to 15
detect_structure.cc:74 Dynamic e block size because the block size changed from 1 to 9
detect_structure.cc:93 Dynamic f block size because the block size changed from 6 to 9
detect_structure.cc:114 Schur complement static structure <-1,-1,-1>.
schur_eliminator.cc:155 Template specializations not found for <-1,-1,-1>
block_sparse_matrix.cc:208 Allocating values array with 302664 bytes.
detect_structure.cc:63 Dynamic row block size because the block size changed from 2 to 15
detect_structure.cc:74 Dynamic e block size because the block size changed from 1 to 9
detect_structure.cc:93 Dynamic f block size because the block size changed from 6 to 9
detect_structure.cc:114 Schur complement static structure <-1,-1,-1>.
detect_structure.cc:63 Dynamic row block size because the block size changed from 2 to 15
detect_structure.cc:74 Dynamic e block size because the block size changed from 1 to 9
detect_structure.cc:93 Dynamic f block size because the block size changed from 6 to 9
detect_structure.cc:114 Schur complement static structure <-1,-1,-1>.
schur_eliminator.cc:155 Template specializations not found for <-1,-1,-1>
block_sparse_matrix.cc:208 Allocating values array with 311608 bytes.
detect_structure.cc:63 Dynamic row block size because the block size changed from 2 to 15
detect_structure.cc:74 Dynamic e block size because the block size changed from 1 to 9
detect_structure.cc:93 Dynamic f block size because the block size changed from 6 to 9
detect_structure.cc:114 Schur complement static structure <-1,-1,-1>.
detect_structure.cc:63 Dynamic row block size because the block size changed from 2 to 15
detect_structure.cc:74 Dynamic e block size because the block size changed from 1 to 9
detect_structure.cc:93 Dynamic f block size because the block size changed from 6 to 9
detect_structure.cc:114 Schur complement static structure <-1,-1,-1>.
schur_eliminator.cc:155 Template specializations not found for <-1,-1,-1>
block_sparse_matrix.cc:208 Allocating values array with 306616 bytes.
detect_structure.cc:63 Dynamic row block size because the block size changed from 2 to 15
detect_structure.cc:74 Dynamic e block size because the block size changed from 1 to 9
detect_structure.cc:93 Dynamic f block size because the block size changed from 6 to 9
detect_structure.cc:114 Schur complement static structure <-1,-1,-1>.
detect_structure.cc:63 Dynamic row block size because the block size changed from 2 to 15
detect_structure.cc:74 Dynamic e block size because the block size changed from 1 to 9
detect_structure.cc:93 Dynamic f block size because the block size changed from 6 to 9
detect_structure.cc:114 Schur complement static structure <-1,-1,-1>.
schur_eliminator.cc:155 Template specializations not found for <-1,-1,-1>
block_sparse_matrix.cc:208 Allocating values array with 301208 bytes.
detect_structure.cc:63 Dynamic row block size because the block size changed from 2 to 15
detect_structure.cc:74 Dynamic e block size because the block size changed from 1 to 9
detect_structure.cc:93 Dynamic f block size because the block size changed from 6 to 9
detect_structure.cc:114 Schur complement static structure <-1,-1,-1>.
detect_structure.cc:63 Dynamic row block size because the block size changed from 2 to 15
detect_structure.cc:74 Dynamic e block size because the block size changed from 1 to 9
detect_structure.cc:93 Dynamic f block size because the block size changed from 6 to 9
detect_structure.cc:114 Schur complement static structure <-1,-1,-1>.
schur_eliminator.cc:155 Template specializations not found for <-1,-1,-1>
block_sparse_matrix.cc:208 Allocating values array with 297672 bytes.
detect_structure.cc:63 Dynamic row block size because the block size changed from 2 to 15
detect_structure.cc:74 Dynamic e block size because the block size changed from 1 to 9
detect_structure.cc:93 Dynamic f block size because the block size changed from 6 to 9
detect_structure.cc:114 Schur complement static structure <-1,-1,-1>.
detect_structure.cc:63 Dynamic row block size because the block size changed from 2 to 15
detect_structure.cc:74 Dynamic e block size because the block size changed from 1 to 9
detect_structure.cc:93 Dynamic f block size because the block size changed from 6 to 9
detect_structure.cc:114 Schur complement static structure <-1,-1,-1>.
schur_eliminator.cc:155 Template specializations not found for <-1,-1,-1>
block_sparse_matrix.cc:208 Allocating values array with 293512 bytes.
detect_structure.cc:63 Dynamic row block size because the block size changed from 2 to 15
detect_structure.cc:74 Dynamic e block size because the block size changed from 1 to 9
detect_structure.cc:93 Dynamic f block size because the block size changed from 6 to 9
detect_structure.cc:114 Schur complement static structure <-1,-1,-1>.
detect_structure.cc:63 Dynamic row block size because the block size changed from 2 to 15
detect_structure.cc:74 Dynamic e block size because the block size changed from 1 to 9
detect_structure.cc:93 Dynamic f block size because the block size changed from 6 to 9
detect_structure.cc:114 Schur complement static structure <-1,-1,-1>.
schur_eliminator.cc:155 Template specializations not found for <-1,-1,-1>
block_sparse_matrix.cc:208 Allocating values array with 286856 bytes.
detect_structure.cc:63 Dynamic row block size because the block size changed from 2 to 15
detect_structure.cc:74 Dynamic e block size because the block size changed from 1 to 9
detect_structure.cc:93 Dynamic f block size because the block size changed from 6 to 9
detect_structure.cc:114 Schur complement static structure <-1,-1,-1>.
detect_structure.cc:63 Dynamic row block size because the block size changed from 2 to 15
detect_structure.cc:74 Dynamic e block size because the block size changed from 1 to 9
detect_structure.cc:93 Dynamic f block size because the block size changed from 6 to 9
detect_structure.cc:114 Schur complement static structure <-1,-1,-1>.
schur_eliminator.cc:155 Template specializations not found for <-1,-1,-1>
block_sparse_matrix.cc:208 Allocating values array with 284152 bytes.
detect_structure.cc:63 Dynamic row block size because the block size changed from 2 to 15
detect_structure.cc:74 Dynamic e block size because the block size changed from 1 to 9
detect_structure.cc:93 Dynamic f block size because the block size changed from 6 to 9
detect_structure.cc:114 Schur complement static structure <-1,-1,-1>.
detect_structure.cc:63 Dynamic row block size because the block size changed from 2 to 15
detect_structure.cc:74 Dynamic e block size because the block size changed from 1 to 9
detect_structure.cc:93 Dynamic f block size because the block size changed from 6 to 9
detect_structure.cc:114 Schur complement static structure <-1,-1,-1>.
schur_eliminator.cc:155 Template specializations not found for <-1,-1,-1>
block_sparse_matrix.cc:208 Allocating values array with 289768 bytes.
detect_structure.cc:63 Dynamic row block size because the block size changed from 2 to 15
detect_structure.cc:74 Dynamic e block size because the block size changed from 1 to 9
detect_structure.cc:93 Dynamic f block size because the block size changed from 6 to 9
detect_structure.cc:114 Schur complement static structure <-1,-1,-1>.
detect_structure.cc:63 Dynamic row block size because the block size changed from 2 to 15
detect_structure.cc:74 Dynamic e block size because the block size changed from 1 to 9
detect_structure.cc:93 Dynamic f block size because the block size changed from 6 to 9
detect_structure.cc:114 Schur complement static structure <-1,-1,-1>.
schur_eliminator.cc:155 Template specializations not found for <-1,-1,-1>
block_sparse_matrix.cc:208 Allocating values array with 291640 bytes.
detect_structure.cc:63 Dynamic row block size because the block size changed from 2 to 15
detect_structure.cc:74 Dynamic e block size because the block size changed from 1 to 9
detect_structure.cc:93 Dynamic f block size because the block size changed from 6 to 9
detect_structure.cc:114 Schur complement static structure <-1,-1,-1>.
detect_structure.cc:63 Dynamic row block size because the block size changed from 2 to 15
detect_structure.cc:74 Dynamic e block size because the block size changed from 1 to 9
detect_structure.cc:93 Dynamic f block size because the block size changed from 6 to 9
detect_structure.cc:114 Schur complement static structure <-1,-1,-1>.
schur_eliminator.cc:155 Template specializations not found for <-1,-1,-1>
block_sparse_matrix.cc:208 Allocating values array with 288520 bytes.
detect_structure.cc:63 Dynamic row block size because the block size changed from 2 to 15
detect_structure.cc:74 Dynamic e block size because the block size changed from 1 to 9
detect_structure.cc:93 Dynamic f block size because the block size changed from 6 to 9
detect_structure.cc:114 Schur complement static structure <-1,-1,-1>.
detect_structure.cc:63 Dynamic row block size because the block size changed from 2 to 15
detect_structure.cc:74 Dynamic e block size because the block size changed from 1 to 9
detect_structure.cc:93 Dynamic f block size because the block size changed from 6 to 9
detect_structure.cc:114 Schur complement static structure <-1,-1,-1>.
schur_eliminator.cc:155 Template specializations not found for <-1,-1,-1>
[FeatureTracker] F-matrix: 117 → 59 (rejected 58, threshold=1.000000)
block_sparse_matrix.cc:208 Allocating values array with 279784 bytes.
detect_structure.cc:63 Dynamic row block size because the block size changed from 2 to 15
detect_structure.cc:74 Dynamic e block size because the block size changed from 1 to 9
detect_structure.cc:93 Dynamic f block size because the block size changed from 6 to 9
detect_structure.cc:114 Schur complement static structure <-1,-1,-1>.
detect_structure.cc:63 Dynamic row block size because the block size changed from 2 to 15
detect_structure.cc:74 Dynamic e block size because the block size changed from 1 to 9
detect_structure.cc:93 Dynamic f block size because the block size changed from 6 to 9
detect_structure.cc:114 Schur complement static structure <-1,-1,-1>.
schur_eliminator.cc:155 Template specializations not found for <-1,-1,-1>
block_sparse_matrix.cc:208 Allocating values array with 262760 bytes.
detect_structure.cc:63 Dynamic row block size because the block size changed from 2 to 15
detect_structure.cc:74 Dynamic e block size because the block size changed from 1 to 9
detect_structure.cc:93 Dynamic f block size because the block size changed from 6 to 9
detect_structure.cc:114 Schur complement static structure <-1,-1,-1>.
detect_structure.cc:63 Dynamic row block size because the block size changed from 2 to 15
detect_structure.cc:74 Dynamic e block size because the block size changed from 1 to 9
detect_structure.cc:93 Dynamic f block size because the block size changed from 6 to 9
detect_structure.cc:114 Schur complement static structure <-1,-1,-1>.
schur_eliminator.cc:155 Template specializations not found for <-1,-1,-1>
block_sparse_matrix.cc:208 Allocating values array with 259816 bytes.
detect_structure.cc:63 Dynamic row block size because the block size changed from 2 to 15
detect_structure.cc:74 Dynamic e block size because the block size changed from 1 to 9
detect_structure.cc:93 Dynamic f block size because the block size changed from 6 to 9
detect_structure.cc:114 Schur complement static structure <-1,-1,-1>.
detect_structure.cc:63 Dynamic row block size because the block size changed from 2 to 15
detect_structure.cc:74 Dynamic e block size because the block size changed from 1 to 9
detect_structure.cc:93 Dynamic f block size because the block size changed from 6 to 9
detect_structure.cc:114 Schur complement static structure <-1,-1,-1>.
schur_eliminator.cc:155 Template specializations not found for <-1,-1,-1>
block_sparse_matrix.cc:208 Allocating values array with 253192 bytes.
detect_structure.cc:63 Dynamic row block size because the block size changed from 2 to 15
detect_structure.cc:74 Dynamic e block size because the block size changed from 1 to 9
detect_structure.cc:93 Dynamic f block size because the block size changed from 6 to 9
detect_structure.cc:114 Schur complement static structure <-1,-1,-1>.
detect_structure.cc:63 Dynamic row block size because the block size changed from 2 to 15
detect_structure.cc:74 Dynamic e block size because the block size changed from 1 to 9
detect_structure.cc:93 Dynamic f block size because the block size changed from 6 to 9
detect_structure.cc:114 Schur complement static structure <-1,-1,-1>.
schur_eliminator.cc:155 Template specializations not found for <-1,-1,-1>
block_sparse_matrix.cc:208 Allocating values array with 251288 bytes.
detect_structure.cc:63 Dynamic row block size because the block size changed from 2 to 15
detect_structure.cc:74 Dynamic e block size because the block size changed from 1 to 9
detect_structure.cc:93 Dynamic f block size because the block size changed from 6 to 9
detect_structure.cc:114 Schur complement static structure <-1,-1,-1>.
detect_structure.cc:63 Dynamic row block size because the block size changed from 2 to 15
detect_structure.cc:74 Dynamic e block size because the block size changed from 1 to 9
detect_structure.cc:93 Dynamic f block size because the block size changed from 6 to 9
detect_structure.cc:114 Schur complement static structure <-1,-1,-1>.
schur_eliminator.cc:155 Template specializations not found for <-1,-1,-1>
block_sparse_matrix.cc:208 Allocating values array with 280408 bytes.
detect_structure.cc:63 Dynamic row block size because the block size changed from 2 to 15
detect_structure.cc:74 Dynamic e block size because the block size changed from 1 to 9
detect_structure.cc:93 Dynamic f block size because the block size changed from 6 to 9
detect_structure.cc:114 Schur complement static structure <-1,-1,-1>.
detect_structure.cc:63 Dynamic row block size because the block size changed from 2 to 15
detect_structure.cc:74 Dynamic e block size because the block size changed from 1 to 9
detect_structure.cc:93 Dynamic f block size because the block size changed from 6 to 9
detect_structure.cc:114 Schur complement static structure <-1,-1,-1>.
schur_eliminator.cc:155 Template specializations not found for <-1,-1,-1>
block_sparse_matrix.cc:208 Allocating values array with 283320 bytes.
detect_structure.cc:63 Dynamic row block size because the block size changed from 2 to 15
detect_structure.cc:74 Dynamic e block size because the block size changed from 1 to 9
detect_structure.cc:93 Dynamic f block size because the block size changed from 6 to 9
detect_structure.cc:114 Schur complement static structure <-1,-1,-1>.
detect_structure.cc:63 Dynamic row block size because the block size changed from 2 to 15
detect_structure.cc:74 Dynamic e block size because the block size changed from 1 to 9
detect_structure.cc:93 Dynamic f block size because the block size changed from 6 to 9
detect_structure.cc:114 Schur complement static structure <-1,-1,-1>.
schur_eliminator.cc:155 Template specializations not found for <-1,-1,-1>
block_sparse_matrix.cc:208 Allocating values array with 284776 bytes.
detect_structure.cc:63 Dynamic row block size because the block size changed from 2 to 15
detect_structure.cc:74 Dynamic e block size because the block size changed from 1 to 9
detect_structure.cc:93 Dynamic f block size because the block size changed from 6 to 9
detect_structure.cc:114 Schur complement static structure <-1,-1,-1>.
detect_structure.cc:63 Dynamic row block size because the block size changed from 2 to 15
detect_structure.cc:74 Dynamic e block size because the block size changed from 1 to 9
detect_structure.cc:93 Dynamic f block size because the block size changed from 6 to 9
detect_structure.cc:114 Schur complement static structure <-1,-1,-1>.
schur_eliminator.cc:155 Template specializations not found for <-1,-1,-1>
block_sparse_matrix.cc:208 Allocating values array with 282904 bytes.
detect_structure.cc:63 Dynamic row block size because the block size changed from 2 to 15
detect_structure.cc:74 Dynamic e block size because the block size changed from 1 to 9
detect_structure.cc:93 Dynamic f block size because the block size changed from 6 to 9
detect_structure.cc:114 Schur complement static structure <-1,-1,-1>.
detect_structure.cc:63 Dynamic row block size because the block size changed from 2 to 15
detect_structure.cc:74 Dynamic e block size because the block size changed from 1 to 9
detect_structure.cc:93 Dynamic f block size because the block size changed from 6 to 9
detect_structure.cc:114 Schur complement static structure <-1,-1,-1>.
schur_eliminator.cc:155 Template specializations not found for <-1,-1,-1>
block_sparse_matrix.cc:208 Allocating values array with 288728 bytes.
detect_structure.cc:63 Dynamic row block size because the block size changed from 2 to 15
detect_structure.cc:74 Dynamic e block size because the block size changed from 1 to 9
detect_structure.cc:93 Dynamic f block size because the block size changed from 6 to 9
detect_structure.cc:114 Schur complement static structure <-1,-1,-1>.
detect_structure.cc:63 Dynamic row block size because the block size changed from 2 to 15
detect_structure.cc:74 Dynamic e block size because the block size changed from 1 to 9
detect_structure.cc:93 Dynamic f block size because the block size changed from 6 to 9
detect_structure.cc:114 Schur complement static structure <-1,-1,-1>.
schur_eliminator.cc:155 Template specializations not found for <-1,-1,-1>
block_sparse_matrix.cc:208 Allocating values array with 296216 bytes.
detect_structure.cc:63 Dynamic row block size because the block size changed from 2 to 15
detect_structure.cc:74 Dynamic e block size because the block size changed from 1 to 9
detect_structure.cc:93 Dynamic f block size because the block size changed from 6 to 9
detect_structure.cc:114 Schur complement static structure <-1,-1,-1>.
detect_structure.cc:63 Dynamic row block size because the block size changed from 2 to 15
detect_structure.cc:74 Dynamic e block size because the block size changed from 1 to 9
detect_structure.cc:93 Dynamic f block size because the block size changed from 6 to 9
detect_structure.cc:114 Schur complement static structure <-1,-1,-1>.
schur_eliminator.cc:155 Template specializations not found for <-1,-1,-1>
block_sparse_matrix.cc:208 Allocating values array with 309944 bytes.
detect_structure.cc:63 Dynamic row block size because the block size changed from 2 to 15
detect_structure.cc:74 Dynamic e block size because the block size changed from 1 to 9
detect_structure.cc:93 Dynamic f block size because the block size changed from 6 to 9
detect_structure.cc:114 Schur complement static structure <-1,-1,-1>.
detect_structure.cc:63 Dynamic row block size because the block size changed from 2 to 15
detect_structure.cc:74 Dynamic e block size because the block size changed from 1 to 9
detect_structure.cc:93 Dynamic f block size because the block size changed from 6 to 9
detect_structure.cc:114 Schur complement static structure <-1,-1,-1>.
schur_eliminator.cc:155 Template specializations not found for <-1,-1,-1>
block_sparse_matrix.cc:208 Allocating values array with 322632 bytes.
detect_structure.cc:63 Dynamic row block size because the block size changed from 2 to 15
detect_structure.cc:74 Dynamic e block size because the block size changed from 1 to 9
detect_structure.cc:93 Dynamic f block size because the block size changed from 6 to 9
detect_structure.cc:114 Schur complement static structure <-1,-1,-1>.
detect_structure.cc:63 Dynamic row block size because the block size changed from 2 to 15
detect_structure.cc:74 Dynamic e block size because the block size changed from 1 to 9
detect_structure.cc:93 Dynamic f block size because the block size changed from 6 to 9
detect_structure.cc:114 Schur complement static structure <-1,-1,-1>.
schur_eliminator.cc:155 Template specializations not found for <-1,-1,-1>
block_sparse_matrix.cc:208 Allocating values array with 314552 bytes.
detect_structure.cc:63 Dynamic row block size because the block size changed from 2 to 15
detect_structure.cc:74 Dynamic e block size because the block size changed from 1 to 9
detect_structure.cc:93 Dynamic f block size because the block size changed from 6 to 9
detect_structure.cc:114 Schur complement static structure <-1,-1,-1>.
detect_structure.cc:63 Dynamic row block size because the block size changed from 2 to 15
detect_structure.cc:74 Dynamic e block size because the block size changed from 1 to 9
detect_structure.cc:93 Dynamic f block size because the block size changed from 6 to 9
detect_structure.cc:114 Schur complement static structure <-1,-1,-1>.
schur_eliminator.cc:155 Template specializations not found for <-1,-1,-1>
block_sparse_matrix.cc:208 Allocating values array with 324088 bytes.
detect_structure.cc:63 Dynamic row block size because the block size changed from 2 to 15
detect_structure.cc:74 Dynamic e block size because the block size changed from 1 to 9
detect_structure.cc:93 Dynamic f block size because the block size changed from 6 to 9
detect_structure.cc:114 Schur complement static structure <-1,-1,-1>.
detect_structure.cc:63 Dynamic row block size because the block size changed from 2 to 15
detect_structure.cc:74 Dynamic e block size because the block size changed from 1 to 9
detect_structure.cc:93 Dynamic f block size because the block size changed from 6 to 9
detect_structure.cc:114 Schur complement static structure <-1,-1,-1>.
schur_eliminator.cc:155 Template specializations not found for <-1,-1,-1>
block_sparse_matrix.cc:208 Allocating values array with 326792 bytes.
detect_structure.cc:63 Dynamic row block size because the block size changed from 2 to 15
detect_structure.cc:74 Dynamic e block size because the block size changed from 1 to 9
detect_structure.cc:93 Dynamic f block size because the block size changed from 6 to 9
detect_structure.cc:114 Schur complement static structure <-1,-1,-1>.
detect_structure.cc:63 Dynamic row block size because the block size changed from 2 to 15
detect_structure.cc:74 Dynamic e block size because the block size changed from 1 to 9
detect_structure.cc:93 Dynamic f block size because the block size changed from 6 to 9
detect_structure.cc:114 Schur complement static structure <-1,-1,-1>.
schur_eliminator.cc:155 Template specializations not found for <-1,-1,-1>
block_sparse_matrix.cc:208 Allocating values array with 328040 bytes.
detect_structure.cc:63 Dynamic row block size because the block size changed from 2 to 15
detect_structure.cc:74 Dynamic e block size because the block size changed from 1 to 9
detect_structure.cc:93 Dynamic f block size because the block size changed from 6 to 9
detect_structure.cc:114 Schur complement static structure <-1,-1,-1>.
detect_structure.cc:63 Dynamic row block size because the block size changed from 2 to 15
detect_structure.cc:74 Dynamic e block size because the block size changed from 1 to 9
detect_structure.cc:93 Dynamic f block size because the block size changed from 6 to 9
detect_structure.cc:114 Schur complement static structure <-1,-1,-1>.
schur_eliminator.cc:155 Template specializations not found for <-1,-1,-1>
[FeatureTracker] F-matrix: 130 → 74 (rejected 56, threshold=1.000000)
block_sparse_matrix.cc:208 Allocating values array with 308936 bytes.
detect_structure.cc:63 Dynamic row block size because the block size changed from 2 to 15
detect_structure.cc:74 Dynamic e block size because the block size changed from 1 to 9
detect_structure.cc:93 Dynamic f block size because the block size changed from 6 to 9
detect_structure.cc:114 Schur complement static structure <-1,-1,-1>.
detect_structure.cc:63 Dynamic row block size because the block size changed from 2 to 15
detect_structure.cc:74 Dynamic e block size because the block size changed from 1 to 9
detect_structure.cc:93 Dynamic f block size because the block size changed from 6 to 9
detect_structure.cc:114 Schur complement static structure <-1,-1,-1>.
schur_eliminator.cc:155 Template specializations not found for <-1,-1,-1>
block_sparse_matrix.cc:208 Allocating values array with 306200 bytes.
detect_structure.cc:63 Dynamic row block size because the block size changed from 2 to 15
detect_structure.cc:74 Dynamic e block size because the block size changed from 1 to 9
detect_structure.cc:93 Dynamic f block size because the block size changed from 6 to 9
detect_structure.cc:114 Schur complement static structure <-1,-1,-1>.
detect_structure.cc:63 Dynamic row block size because the block size changed from 2 to 15
detect_structure.cc:74 Dynamic e block size because the block size changed from 1 to 9
detect_structure.cc:93 Dynamic f block size because the block size changed from 6 to 9
detect_structure.cc:114 Schur complement static structure <-1,-1,-1>.
schur_eliminator.cc:155 Template specializations not found for <-1,-1,-1>
block_sparse_matrix.cc:208 Allocating values array with 298504 bytes.
detect_structure.cc:63 Dynamic row block size because the block size changed from 2 to 15
detect_structure.cc:74 Dynamic e block size because the block size changed from 1 to 9
detect_structure.cc:93 Dynamic f block size because the block size changed from 6 to 9
detect_structure.cc:114 Schur complement static structure <-1,-1,-1>.
detect_structure.cc:63 Dynamic row block size because the block size changed from 2 to 15
detect_structure.cc:74 Dynamic e block size because the block size changed from 1 to 9
detect_structure.cc:93 Dynamic f block size because the block size changed from 6 to 9
detect_structure.cc:114 Schur complement static structure <-1,-1,-1>.
schur_eliminator.cc:155 Template specializations not found for <-1,-1,-1>
block_sparse_matrix.cc:208 Allocating values array with 290632 bytes.
detect_structure.cc:63 Dynamic row block size because the block size changed from 2 to 15
detect_structure.cc:74 Dynamic e block size because the block size changed from 1 to 9
detect_structure.cc:93 Dynamic f block size because the block size changed from 6 to 9
detect_structure.cc:114 Schur complement static structure <-1,-1,-1>.
detect_structure.cc:63 Dynamic row block size because the block size changed from 2 to 15
detect_structure.cc:74 Dynamic e block size because the block size changed from 1 to 9
detect_structure.cc:93 Dynamic f block size because the block size changed from 6 to 9
detect_structure.cc:114 Schur complement static structure <-1,-1,-1>.
schur_eliminator.cc:155 Template specializations not found for <-1,-1,-1>
block_sparse_matrix.cc:208 Allocating values array with 283528 bytes.
detect_structure.cc:63 Dynamic row block size because the block size changed from 2 to 15
detect_structure.cc:74 Dynamic e block size because the block size changed from 1 to 9
detect_structure.cc:93 Dynamic f block size because the block size changed from 6 to 9
detect_structure.cc:114 Schur complement static structure <-1,-1,-1>.
detect_structure.cc:63 Dynamic row block size because the block size changed from 2 to 15
detect_structure.cc:74 Dynamic e block size because the block size changed from 1 to 9
detect_structure.cc:93 Dynamic f block size because the block size changed from 6 to 9
detect_structure.cc:114 Schur complement static structure <-1,-1,-1>.
schur_eliminator.cc:155 Template specializations not found for <-1,-1,-1>
block_sparse_matrix.cc:208 Allocating values array with 276280 bytes.
detect_structure.cc:63 Dynamic row block size because the block size changed from 2 to 15
detect_structure.cc:74 Dynamic e block size because the block size changed from 1 to 9
detect_structure.cc:93 Dynamic f block size because the block size changed from 6 to 9
detect_structure.cc:114 Schur complement static structure <-1,-1,-1>.
detect_structure.cc:63 Dynamic row block size because the block size changed from 2 to 15
detect_structure.cc:74 Dynamic e block size because the block size changed from 1 to 9
detect_structure.cc:93 Dynamic f block size because the block size changed from 6 to 9
detect_structure.cc:114 Schur complement static structure <-1,-1,-1>.
schur_eliminator.cc:155 Template specializations not found for <-1,-1,-1>
block_sparse_matrix.cc:208 Allocating values array with 299752 bytes.
detect_structure.cc:63 Dynamic row block size because the block size changed from 2 to 15
detect_structure.cc:74 Dynamic e block size because the block size changed from 1 to 9
detect_structure.cc:93 Dynamic f block size because the block size changed from 6 to 9
detect_structure.cc:114 Schur complement static structure <-1,-1,-1>.
detect_structure.cc:63 Dynamic row block size because the block size changed from 2 to 15
detect_structure.cc:74 Dynamic e block size because the block size changed from 1 to 9
detect_structure.cc:93 Dynamic f block size because the block size changed from 6 to 9
detect_structure.cc:114 Schur complement static structure <-1,-1,-1>.
schur_eliminator.cc:155 Template specializations not found for <-1,-1,-1>
block_sparse_matrix.cc:208 Allocating values array with 291256 bytes.
detect_structure.cc:63 Dynamic row block size because the block size changed from 2 to 15
detect_structure.cc:74 Dynamic e block size because the block size changed from 1 to 9
detect_structure.cc:93 Dynamic f block size because the block size changed from 6 to 9
detect_structure.cc:114 Schur complement static structure <-1,-1,-1>.
detect_structure.cc:63 Dynamic row block size because the block size changed from 2 to 15
detect_structure.cc:74 Dynamic e block size because the block size changed from 1 to 9
detect_structure.cc:93 Dynamic f block size because the block size changed from 6 to 9
detect_structure.cc:114 Schur complement static structure <-1,-1,-1>.
schur_eliminator.cc:155 Template specializations not found for <-1,-1,-1>
block_sparse_matrix.cc:208 Allocating values array with 302040 bytes.
detect_structure.cc:63 Dynamic row block size because the block size changed from 2 to 15
detect_structure.cc:74 Dynamic e block size because the block size changed from 1 to 9
detect_structure.cc:93 Dynamic f block size because the block size changed from 6 to 9
detect_structure.cc:114 Schur complement static structure <-1,-1,-1>.
detect_structure.cc:63 Dynamic row block size because the block size changed from 2 to 15
detect_structure.cc:74 Dynamic e block size because the block size changed from 1 to 9
detect_structure.cc:93 Dynamic f block size because the block size changed from 6 to 9
detect_structure.cc:114 Schur complement static structure <-1,-1,-1>.
schur_eliminator.cc:155 Template specializations not found for <-1,-1,-1>
block_sparse_matrix.cc:208 Allocating values array with 302040 bytes.
detect_structure.cc:63 Dynamic row block size because the block size changed from 2 to 15
detect_structure.cc:74 Dynamic e block size because the block size changed from 1 to 9
detect_structure.cc:93 Dynamic f block size because the block size changed from 6 to 9
detect_structure.cc:114 Schur complement static structure <-1,-1,-1>.
detect_structure.cc:63 Dynamic row block size because the block size changed from 2 to 15
detect_structure.cc:74 Dynamic e block size because the block size changed from 1 to 9
detect_structure.cc:93 Dynamic f block size because the block size changed from 6 to 9
detect_structure.cc:114 Schur complement static structure <-1,-1,-1>.
schur_eliminator.cc:155 Template specializations not found for <-1,-1,-1>
block_sparse_matrix.cc:208 Allocating values array with 300792 bytes.
detect_structure.cc:63 Dynamic row block size because the block size changed from 2 to 15
detect_structure.cc:74 Dynamic e block size because the block size changed from 1 to 9
detect_structure.cc:93 Dynamic f block size because the block size changed from 6 to 9
detect_structure.cc:114 Schur complement static structure <-1,-1,-1>.
detect_structure.cc:63 Dynamic row block size because the block size changed from 2 to 15
detect_structure.cc:74 Dynamic e block size because the block size changed from 1 to 9
detect_structure.cc:93 Dynamic f block size because the block size changed from 6 to 9
detect_structure.cc:114 Schur complement static structure <-1,-1,-1>.
schur_eliminator.cc:155 Template specializations not found for <-1,-1,-1>
block_sparse_matrix.cc:208 Allocating values array with 290008 bytes.
detect_structure.cc:63 Dynamic row block size because the block size changed from 2 to 15
detect_structure.cc:74 Dynamic e block size because the block size changed from 1 to 9
detect_structure.cc:93 Dynamic f block size because the block size changed from 6 to 9
detect_structure.cc:114 Schur complement static structure <-1,-1,-1>.
detect_structure.cc:63 Dynamic row block size because the block size changed from 2 to 15
detect_structure.cc:74 Dynamic e block size because the block size changed from 1 to 9
detect_structure.cc:93 Dynamic f block size because the block size changed from 6 to 9
detect_structure.cc:114 Schur complement static structure <-1,-1,-1>.
schur_eliminator.cc:155 Template specializations not found for <-1,-1,-1>
block_sparse_matrix.cc:208 Allocating values array with 289976 bytes.
detect_structure.cc:63 Dynamic row block size because the block size changed from 2 to 15
detect_structure.cc:74 Dynamic e block size because the block size changed from 1 to 9
detect_structure.cc:93 Dynamic f block size because the block size changed from 6 to 9
detect_structure.cc:114 Schur complement static structure <-1,-1,-1>.
detect_structure.cc:63 Dynamic row block size because the block size changed from 2 to 15
detect_structure.cc:74 Dynamic e block size because the block size changed from 1 to 9
detect_structure.cc:93 Dynamic f block size because the block size changed from 6 to 9
detect_structure.cc:114 Schur complement static structure <-1,-1,-1>.
schur_eliminator.cc:155 Template specializations not found for <-1,-1,-1>
block_sparse_matrix.cc:208 Allocating values array with 281896 bytes.
detect_structure.cc:63 Dynamic row block size because the block size changed from 2 to 15
detect_structure.cc:74 Dynamic e block size because the block size changed from 1 to 9
detect_structure.cc:93 Dynamic f block size because the block size changed from 6 to 9
detect_structure.cc:114 Schur complement static structure <-1,-1,-1>.
detect_structure.cc:63 Dynamic row block size because the block size changed from 2 to 15
detect_structure.cc:74 Dynamic e block size because the block size changed from 1 to 9
detect_structure.cc:93 Dynamic f block size because the block size changed from 6 to 9
detect_structure.cc:114 Schur complement static structure <-1,-1,-1>.
schur_eliminator.cc:155 Template specializations not found for <-1,-1,-1>
block_sparse_matrix.cc:208 Allocating values array with 289352 bytes.
detect_structure.cc:63 Dynamic row block size because the block size changed from 2 to 15
detect_structure.cc:74 Dynamic e block size because the block size changed from 1 to 9
detect_structure.cc:93 Dynamic f block size because the block size changed from 6 to 9
detect_structure.cc:114 Schur complement static structure <-1,-1,-1>.
detect_structure.cc:63 Dynamic row block size because the block size changed from 2 to 15
detect_structure.cc:74 Dynamic e block size because the block size changed from 1 to 9
detect_structure.cc:93 Dynamic f block size because the block size changed from 6 to 9
detect_structure.cc:114 Schur complement static structure <-1,-1,-1>.
schur_eliminator.cc:155 Template specializations not found for <-1,-1,-1>
block_sparse_matrix.cc:208 Allocating values array with 303496 bytes.
detect_structure.cc:63 Dynamic row block size because the block size changed from 2 to 15
detect_structure.cc:74 Dynamic e block size because the block size changed from 1 to 9
detect_structure.cc:93 Dynamic f block size because the block size changed from 6 to 9
detect_structure.cc:114 Schur complement static structure <-1,-1,-1>.
detect_structure.cc:63 Dynamic row block size because the block size changed from 2 to 15
detect_structure.cc:74 Dynamic e block size because the block size changed from 1 to 9
detect_structure.cc:93 Dynamic f block size because the block size changed from 6 to 9
detect_structure.cc:114 Schur complement static structure <-1,-1,-1>.
schur_eliminator.cc:155 Template specializations not found for <-1,-1,-1>
[FeatureTracker] F-matrix: 144 → 75 (rejected 69, threshold=1.000000)
block_sparse_matrix.cc:208 Allocating values array with 306616 bytes.
detect_structure.cc:63 Dynamic row block size because the block size changed from 2 to 15
detect_structure.cc:74 Dynamic e block size because the block size changed from 1 to 9
detect_structure.cc:93 Dynamic f block size because the block size changed from 6 to 9
detect_structure.cc:114 Schur complement static structure <-1,-1,-1>.
detect_structure.cc:63 Dynamic row block size because the block size changed from 2 to 15
detect_structure.cc:74 Dynamic e block size because the block size changed from 1 to 9
detect_structure.cc:93 Dynamic f block size because the block size changed from 6 to 9
detect_structure.cc:114 Schur complement static structure <-1,-1,-1>.
schur_eliminator.cc:155 Template specializations not found for <-1,-1,-1>
block_sparse_matrix.cc:208 Allocating values array with 297464 bytes.
detect_structure.cc:63 Dynamic row block size because the block size changed from 2 to 15
detect_structure.cc:74 Dynamic e block size because the block size changed from 1 to 9
detect_structure.cc:93 Dynamic f block size because the block size changed from 6 to 9
detect_structure.cc:114 Schur complement static structure <-1,-1,-1>.
detect_structure.cc:63 Dynamic row block size because the block size changed from 2 to 15
detect_structure.cc:74 Dynamic e block size because the block size changed from 1 to 9
detect_structure.cc:93 Dynamic f block size because the block size changed from 6 to 9
detect_structure.cc:114 Schur complement static structure <-1,-1,-1>.
schur_eliminator.cc:155 Template specializations not found for <-1,-1,-1>
block_sparse_matrix.cc:208 Allocating values array with 284776 bytes.
detect_structure.cc:63 Dynamic row block size because the block size changed from 2 to 15
detect_structure.cc:74 Dynamic e block size because the block size changed from 1 to 9
detect_structure.cc:93 Dynamic f block size because the block size changed from 6 to 9
detect_structure.cc:114 Schur complement static structure <-1,-1,-1>.
detect_structure.cc:63 Dynamic row block size because the block size changed from 2 to 15
detect_structure.cc:74 Dynamic e block size because the block size changed from 1 to 9
detect_structure.cc:93 Dynamic f block size because the block size changed from 6 to 9
detect_structure.cc:114 Schur complement static structure <-1,-1,-1>.
schur_eliminator.cc:155 Template specializations not found for <-1,-1,-1>
block_sparse_matrix.cc:208 Allocating values array with 271048 bytes.
detect_structure.cc:63 Dynamic row block size because the block size changed from 2 to 15
detect_structure.cc:74 Dynamic e block size because the block size changed from 1 to 9
detect_structure.cc:93 Dynamic f block size because the block size changed from 6 to 9
detect_structure.cc:114 Schur complement static structure <-1,-1,-1>.
detect_structure.cc:63 Dynamic row block size because the block size changed from 2 to 15
detect_structure.cc:74 Dynamic e block size because the block size changed from 1 to 9
detect_structure.cc:93 Dynamic f block size because the block size changed from 6 to 9
detect_structure.cc:114 Schur complement static structure <-1,-1,-1>.
schur_eliminator.cc:155 Template specializations not found for <-1,-1,-1>
block_sparse_matrix.cc:208 Allocating values array with 282488 bytes.
detect_structure.cc:63 Dynamic row block size because the block size changed from 2 to 15
detect_structure.cc:74 Dynamic e block size because the block size changed from 1 to 9
detect_structure.cc:93 Dynamic f block size because the block size changed from 6 to 9
detect_structure.cc:114 Schur complement static structure <-1,-1,-1>.
detect_structure.cc:63 Dynamic row block size because the block size changed from 2 to 15
detect_structure.cc:74 Dynamic e block size because the block size changed from 1 to 9
detect_structure.cc:93 Dynamic f block size because the block size changed from 6 to 9
detect_structure.cc:114 Schur complement static structure <-1,-1,-1>.
schur_eliminator.cc:155 Template specializations not found for <-1,-1,-1>
block_sparse_matrix.cc:208 Allocating values array with 284984 bytes.
detect_structure.cc:63 Dynamic row block size because the block size changed from 2 to 15
detect_structure.cc:74 Dynamic e block size because the block size changed from 1 to 9
detect_structure.cc:93 Dynamic f block size because the block size changed from 6 to 9
detect_structure.cc:114 Schur complement static structure <-1,-1,-1>.
detect_structure.cc:63 Dynamic row block size because the block size changed from 2 to 15
detect_structure.cc:74 Dynamic e block size because the block size changed from 1 to 9
detect_structure.cc:93 Dynamic f block size because the block size changed from 6 to 9
detect_structure.cc:114 Schur complement static structure <-1,-1,-1>.
schur_eliminator.cc:155 Template specializations not found for <-1,-1,-1>
block_sparse_matrix.cc:208 Allocating values array with 289144 bytes.
detect_structure.cc:63 Dynamic row block size because the block size changed from 2 to 15
detect_structure.cc:74 Dynamic e block size because the block size changed from 1 to 9
detect_structure.cc:93 Dynamic f block size because the block size changed from 6 to 9
detect_structure.cc:114 Schur complement static structure <-1,-1,-1>.
detect_structure.cc:63 Dynamic row block size because the block size changed from 2 to 15
detect_structure.cc:74 Dynamic e block size because the block size changed from 1 to 9
detect_structure.cc:93 Dynamic f block size because the block size changed from 6 to 9
detect_structure.cc:114 Schur complement static structure <-1,-1,-1>.
schur_eliminator.cc:155 Template specializations not found for <-1,-1,-1>
block_sparse_matrix.cc:208 Allocating values array with 283944 bytes.
detect_structure.cc:63 Dynamic row block size because the block size changed from 2 to 15
detect_structure.cc:74 Dynamic e block size because the block size changed from 1 to 9
detect_structure.cc:93 Dynamic f block size because the block size changed from 6 to 9
detect_structure.cc:114 Schur complement static structure <-1,-1,-1>.
detect_structure.cc:63 Dynamic row block size because the block size changed from 2 to 15
detect_structure.cc:74 Dynamic e block size because the block size changed from 1 to 9
detect_structure.cc:93 Dynamic f block size because the block size changed from 6 to 9
detect_structure.cc:114 Schur complement static structure <-1,-1,-1>.
schur_eliminator.cc:155 Template specializations not found for <-1,-1,-1>
[FeatureTracker] F-matrix: 149 → 89 (rejected 60, threshold=1.000000)
block_sparse_matrix.cc:208 Allocating values array with 278744 bytes.
detect_structure.cc:63 Dynamic row block size because the block size changed from 2 to 15
detect_structure.cc:74 Dynamic e block size because the block size changed from 1 to 9
detect_structure.cc:93 Dynamic f block size because the block size changed from 6 to 9
detect_structure.cc:114 Schur complement static structure <-1,-1,-1>.
detect_structure.cc:63 Dynamic row block size because the block size changed from 2 to 15
detect_structure.cc:74 Dynamic e block size because the block size changed from 1 to 9
detect_structure.cc:93 Dynamic f block size because the block size changed from 6 to 9
detect_structure.cc:114 Schur complement static structure <-1,-1,-1>.
schur_eliminator.cc:155 Template specializations not found for <-1,-1,-1>
block_sparse_matrix.cc:208 Allocating values array with 272712 bytes.
detect_structure.cc:63 Dynamic row block size because the block size changed from 2 to 15
detect_structure.cc:74 Dynamic e block size because the block size changed from 1 to 9
detect_structure.cc:93 Dynamic f block size because the block size changed from 6 to 9
detect_structure.cc:114 Schur complement static structure <-1,-1,-1>.
detect_structure.cc:63 Dynamic row block size because the block size changed from 2 to 15
detect_structure.cc:74 Dynamic e block size because the block size changed from 1 to 9
detect_structure.cc:93 Dynamic f block size because the block size changed from 6 to 9
detect_structure.cc:114 Schur complement static structure <-1,-1,-1>.
schur_eliminator.cc:155 Template specializations not found for <-1,-1,-1>
block_sparse_matrix.cc:208 Allocating values array with 274376 bytes.
detect_structure.cc:63 Dynamic row block size because the block size changed from 2 to 15
detect_structure.cc:74 Dynamic e block size because the block size changed from 1 to 9
detect_structure.cc:93 Dynamic f block size because the block size changed from 6 to 9
detect_structure.cc:114 Schur complement static structure <-1,-1,-1>.
detect_structure.cc:63 Dynamic row block size because the block size changed from 2 to 15
detect_structure.cc:74 Dynamic e block size because the block size changed from 1 to 9
detect_structure.cc:93 Dynamic f block size because the block size changed from 6 to 9
detect_structure.cc:114 Schur complement static structure <-1,-1,-1>.
schur_eliminator.cc:155 Template specializations not found for <-1,-1,-1>
block_sparse_matrix.cc:208 Allocating values array with 275624 bytes.
detect_structure.cc:63 Dynamic row block size because the block size changed from 2 to 15
detect_structure.cc:74 Dynamic e block size because the block size changed from 1 to 9
detect_structure.cc:93 Dynamic f block size because the block size changed from 6 to 9
detect_structure.cc:114 Schur complement static structure <-1,-1,-1>.
detect_structure.cc:63 Dynamic row block size because the block size changed from 2 to 15
detect_structure.cc:74 Dynamic e block size because the block size changed from 1 to 9
detect_structure.cc:93 Dynamic f block size because the block size changed from 6 to 9
detect_structure.cc:114 Schur complement static structure <-1,-1,-1>.
schur_eliminator.cc:155 Template specializations not found for <-1,-1,-1>
block_sparse_matrix.cc:208 Allocating values array with 290808 bytes.
detect_structure.cc:63 Dynamic row block size because the block size changed from 2 to 15
detect_structure.cc:74 Dynamic e block size because the block size changed from 1 to 9
detect_structure.cc:93 Dynamic f block size because the block size changed from 6 to 9
detect_structure.cc:114 Schur complement static structure <-1,-1,-1>.
detect_structure.cc:63 Dynamic row block size because the block size changed from 2 to 15
detect_structure.cc:74 Dynamic e block size because the block size changed from 1 to 9
detect_structure.cc:93 Dynamic f block size because the block size changed from 6 to 9
detect_structure.cc:114 Schur complement static structure <-1,-1,-1>.
schur_eliminator.cc:155 Template specializations not found for <-1,-1,-1>
block_sparse_matrix.cc:208 Allocating values array with 290808 bytes.
detect_structure.cc:63 Dynamic row block size because the block size changed from 2 to 15
detect_structure.cc:74 Dynamic e block size because the block size changed from 1 to 9
detect_structure.cc:93 Dynamic f block size because the block size changed from 6 to 9
detect_structure.cc:114 Schur complement static structure <-1,-1,-1>.
detect_structure.cc:63 Dynamic row block size because the block size changed from 2 to 15
detect_structure.cc:74 Dynamic e block size because the block size changed from 1 to 9
detect_structure.cc:93 Dynamic f block size because the block size changed from 6 to 9
detect_structure.cc:114 Schur complement static structure <-1,-1,-1>.
schur_eliminator.cc:155 Template specializations not found for <-1,-1,-1>
block_sparse_matrix.cc:208 Allocating values array with 292888 bytes.
detect_structure.cc:63 Dynamic row block size because the block size changed from 2 to 15
detect_structure.cc:74 Dynamic e block size because the block size changed from 1 to 9
detect_structure.cc:93 Dynamic f block size because the block size changed from 6 to 9
detect_structure.cc:114 Schur complement static structure <-1,-1,-1>.
detect_structure.cc:63 Dynamic row block size because the block size changed from 2 to 15
detect_structure.cc:74 Dynamic e block size because the block size changed from 1 to 9
detect_structure.cc:93 Dynamic f block size because the block size changed from 6 to 9
detect_structure.cc:114 Schur complement static structure <-1,-1,-1>.
schur_eliminator.cc:155 Template specializations not found for <-1,-1,-1>
block_sparse_matrix.cc:208 Allocating values array with 301624 bytes.
detect_structure.cc:63 Dynamic row block size because the block size changed from 2 to 15
detect_structure.cc:74 Dynamic e block size because the block size changed from 1 to 9
detect_structure.cc:93 Dynamic f block size because the block size changed from 6 to 9
detect_structure.cc:114 Schur complement static structure <-1,-1,-1>.
detect_structure.cc:63 Dynamic row block size because the block size changed from 2 to 15
detect_structure.cc:74 Dynamic e block size because the block size changed from 1 to 9
detect_structure.cc:93 Dynamic f block size because the block size changed from 6 to 9
detect_structure.cc:114 Schur complement static structure <-1,-1,-1>.
schur_eliminator.cc:155 Template specializations not found for <-1,-1,-1>
block_sparse_matrix.cc:208 Allocating values array with 303912 bytes.
detect_structure.cc:63 Dynamic row block size because the block size changed from 2 to 15
detect_structure.cc:74 Dynamic e block size because the block size changed from 1 to 9
detect_structure.cc:93 Dynamic f block size because the block size changed from 6 to 9
detect_structure.cc:114 Schur complement static structure <-1,-1,-1>.
detect_structure.cc:63 Dynamic row block size because the block size changed from 2 to 15
detect_structure.cc:74 Dynamic e block size because the block size changed from 1 to 9
detect_structure.cc:93 Dynamic f block size because the block size changed from 6 to 9
detect_structure.cc:114 Schur complement static structure <-1,-1,-1>.
schur_eliminator.cc:155 Template specializations not found for <-1,-1,-1>
block_sparse_matrix.cc:208 Allocating values array with 302872 bytes.
detect_structure.cc:63 Dynamic row block size because the block size changed from 2 to 15
detect_structure.cc:74 Dynamic e block size because the block size changed from 1 to 9
detect_structure.cc:93 Dynamic f block size because the block size changed from 6 to 9
detect_structure.cc:114 Schur complement static structure <-1,-1,-1>.
detect_structure.cc:63 Dynamic row block size because the block size changed from 2 to 15
detect_structure.cc:74 Dynamic e block size because the block size changed from 1 to 9
detect_structure.cc:93 Dynamic f block size because the block size changed from 6 to 9
detect_structure.cc:114 Schur complement static structure <-1,-1,-1>.
schur_eliminator.cc:155 Template specializations not found for <-1,-1,-1>
block_sparse_matrix.cc:208 Allocating values array with 310360 bytes.
detect_structure.cc:63 Dynamic row block size because the block size changed from 2 to 15
detect_structure.cc:74 Dynamic e block size because the block size changed from 1 to 9
detect_structure.cc:93 Dynamic f block size because the block size changed from 6 to 9
detect_structure.cc:114 Schur complement static structure <-1,-1,-1>.
detect_structure.cc:63 Dynamic row block size because the block size changed from 2 to 15
detect_structure.cc:74 Dynamic e block size because the block size changed from 1 to 9
detect_structure.cc:93 Dynamic f block size because the block size changed from 6 to 9
detect_structure.cc:114 Schur complement static structure <-1,-1,-1>.
schur_eliminator.cc:155 Template specializations not found for <-1,-1,-1>
block_sparse_matrix.cc:208 Allocating values array with 314728 bytes.
detect_structure.cc:63 Dynamic row block size because the block size changed from 2 to 15
detect_structure.cc:74 Dynamic e block size because the block size changed from 1 to 9
detect_structure.cc:93 Dynamic f block size because the block size changed from 6 to 9
detect_structure.cc:114 Schur complement static structure <-1,-1,-1>.
detect_structure.cc:63 Dynamic row block size because the block size changed from 2 to 15
detect_structure.cc:74 Dynamic e block size because the block size changed from 1 to 9
detect_structure.cc:93 Dynamic f block size because the block size changed from 6 to 9
detect_structure.cc:114 Schur complement static structure <-1,-1,-1>.
schur_eliminator.cc:155 Template specializations not found for <-1,-1,-1>
block_sparse_matrix.cc:208 Allocating values array with 312856 bytes.
detect_structure.cc:63 Dynamic row block size because the block size changed from 2 to 15
detect_structure.cc:74 Dynamic e block size because the block size changed from 1 to 9
detect_structure.cc:93 Dynamic f block size because the block size changed from 6 to 9
detect_structure.cc:114 Schur complement static structure <-1,-1,-1>.
detect_structure.cc:63 Dynamic row block size because the block size changed from 2 to 15
detect_structure.cc:74 Dynamic e block size because the block size changed from 1 to 9
detect_structure.cc:93 Dynamic f block size because the block size changed from 6 to 9
detect_structure.cc:114 Schur complement static structure <-1,-1,-1>.
schur_eliminator.cc:155 Template specializations not found for <-1,-1,-1>
block_sparse_matrix.cc:208 Allocating values array with 320136 bytes.
detect_structure.cc:63 Dynamic row block size because the block size changed from 2 to 15
detect_structure.cc:74 Dynamic e block size because the block size changed from 1 to 9
detect_structure.cc:93 Dynamic f block size because the block size changed from 6 to 9
detect_structure.cc:114 Schur complement static structure <-1,-1,-1>.
detect_structure.cc:63 Dynamic row block size because the block size changed from 2 to 15
detect_structure.cc:74 Dynamic e block size because the block size changed from 1 to 9
detect_structure.cc:93 Dynamic f block size because the block size changed from 6 to 9
detect_structure.cc:114 Schur complement static structure <-1,-1,-1>.
schur_eliminator.cc:155 Template specializations not found for <-1,-1,-1>
block_sparse_matrix.cc:208 Allocating values array with 324504 bytes.
detect_structure.cc:63 Dynamic row block size because the block size changed from 2 to 15
detect_structure.cc:74 Dynamic e block size because the block size changed from 1 to 9
detect_structure.cc:93 Dynamic f block size because the block size changed from 6 to 9
detect_structure.cc:114 Schur complement static structure <-1,-1,-1>.
detect_structure.cc:63 Dynamic row block size because the block size changed from 2 to 15
detect_structure.cc:74 Dynamic e block size because the block size changed from 1 to 9
detect_structure.cc:93 Dynamic f block size because the block size changed from 6 to 9
detect_structure.cc:114 Schur complement static structure <-1,-1,-1>.
schur_eliminator.cc:155 Template specializations not found for <-1,-1,-1>
block_sparse_matrix.cc:208 Allocating values array with 324088 bytes.
detect_structure.cc:63 Dynamic row block size because the block size changed from 2 to 15
detect_structure.cc:74 Dynamic e block size because the block size changed from 1 to 9
detect_structure.cc:93 Dynamic f block size because the block size changed from 6 to 9
detect_structure.cc:114 Schur complement static structure <-1,-1,-1>.
detect_structure.cc:63 Dynamic row block size because the block size changed from 2 to 15
detect_structure.cc:74 Dynamic e block size because the block size changed from 1 to 9
detect_structure.cc:93 Dynamic f block size because the block size changed from 6 to 9
detect_structure.cc:114 Schur complement static structure <-1,-1,-1>.
schur_eliminator.cc:155 Template specializations not found for <-1,-1,-1>
block_sparse_matrix.cc:208 Allocating values array with 326376 bytes.
detect_structure.cc:63 Dynamic row block size because the block size changed from 2 to 15
detect_structure.cc:74 Dynamic e block size because the block size changed from 1 to 9
detect_structure.cc:93 Dynamic f block size because the block size changed from 6 to 9
detect_structure.cc:114 Schur complement static structure <-1,-1,-1>.
detect_structure.cc:63 Dynamic row block size because the block size changed from 2 to 15
detect_structure.cc:74 Dynamic e block size because the block size changed from 1 to 9
detect_structure.cc:93 Dynamic f block size because the block size changed from 6 to 9
detect_structure.cc:114 Schur complement static structure <-1,-1,-1>.
schur_eliminator.cc:155 Template specializations not found for <-1,-1,-1>
[FeatureTracker] F-matrix: 128 → 76 (rejected 52, threshold=1.000000)
block_sparse_matrix.cc:208 Allocating values array with 317640 bytes.
detect_structure.cc:63 Dynamic row block size because the block size changed from 2 to 15
detect_structure.cc:74 Dynamic e block size because the block size changed from 1 to 9
detect_structure.cc:93 Dynamic f block size because the block size changed from 6 to 9
detect_structure.cc:114 Schur complement static structure <-1,-1,-1>.
detect_structure.cc:63 Dynamic row block size because the block size changed from 2 to 15
detect_structure.cc:74 Dynamic e block size because the block size changed from 1 to 9
detect_structure.cc:93 Dynamic f block size because the block size changed from 6 to 9
detect_structure.cc:114 Schur complement static structure <-1,-1,-1>.
schur_eliminator.cc:155 Template specializations not found for <-1,-1,-1>
block_sparse_matrix.cc:208 Allocating values array with 305576 bytes.
detect_structure.cc:63 Dynamic row block size because the block size changed from 2 to 15
detect_structure.cc:74 Dynamic e block size because the block size changed from 1 to 9
detect_structure.cc:93 Dynamic f block size because the block size changed from 6 to 9
detect_structure.cc:114 Schur complement static structure <-1,-1,-1>.
detect_structure.cc:63 Dynamic row block size because the block size changed from 2 to 15
detect_structure.cc:74 Dynamic e block size because the block size changed from 1 to 9
detect_structure.cc:93 Dynamic f block size because the block size changed from 6 to 9
detect_structure.cc:114 Schur complement static structure <-1,-1,-1>.
schur_eliminator.cc:155 Template specializations not found for <-1,-1,-1>
block_sparse_matrix.cc:208 Allocating values array with 298088 bytes.
detect_structure.cc:63 Dynamic row block size because the block size changed from 2 to 15
detect_structure.cc:74 Dynamic e block size because the block size changed from 1 to 9
detect_structure.cc:93 Dynamic f block size because the block size changed from 6 to 9
detect_structure.cc:114 Schur complement static structure <-1,-1,-1>.
detect_structure.cc:63 Dynamic row block size because the block size changed from 2 to 15
detect_structure.cc:74 Dynamic e block size because the block size changed from 1 to 9
detect_structure.cc:93 Dynamic f block size because the block size changed from 6 to 9
detect_structure.cc:114 Schur complement static structure <-1,-1,-1>.
schur_eliminator.cc:155 Template specializations not found for <-1,-1,-1>
block_sparse_matrix.cc:208 Allocating values array with 291432 bytes.
detect_structure.cc:63 Dynamic row block size because the block size changed from 2 to 15
detect_structure.cc:74 Dynamic e block size because the block size changed from 1 to 9
detect_structure.cc:93 Dynamic f block size because the block size changed from 6 to 9
detect_structure.cc:114 Schur complement static structure <-1,-1,-1>.
detect_structure.cc:63 Dynamic row block size because the block size changed from 2 to 15
detect_structure.cc:74 Dynamic e block size because the block size changed from 1 to 9
detect_structure.cc:93 Dynamic f block size because the block size changed from 6 to 9
detect_structure.cc:114 Schur complement static structure <-1,-1,-1>.
schur_eliminator.cc:155 Template specializations not found for <-1,-1,-1>
block_sparse_matrix.cc:208 Allocating values array with 301416 bytes.
detect_structure.cc:63 Dynamic row block size because the block size changed from 2 to 15
detect_structure.cc:74 Dynamic e block size because the block size changed from 1 to 9
detect_structure.cc:93 Dynamic f block size because the block size changed from 6 to 9
detect_structure.cc:114 Schur complement static structure <-1,-1,-1>.
detect_structure.cc:63 Dynamic row block size because the block size changed from 2 to 15
detect_structure.cc:74 Dynamic e block size because the block size changed from 1 to 9
detect_structure.cc:93 Dynamic f block size because the block size changed from 6 to 9
detect_structure.cc:114 Schur complement static structure <-1,-1,-1>.
schur_eliminator.cc:155 Template specializations not found for <-1,-1,-1>
block_sparse_matrix.cc:208 Allocating values array with 298504 bytes.
detect_structure.cc:63 Dynamic row block size because the block size changed from 2 to 15
detect_structure.cc:74 Dynamic e block size because the block size changed from 1 to 9
detect_structure.cc:93 Dynamic f block size because the block size changed from 6 to 9
detect_structure.cc:114 Schur complement static structure <-1,-1,-1>.
detect_structure.cc:63 Dynamic row block size because the block size changed from 2 to 15
detect_structure.cc:74 Dynamic e block size because the block size changed from 1 to 9
detect_structure.cc:93 Dynamic f block size because the block size changed from 6 to 9
detect_structure.cc:114 Schur complement static structure <-1,-1,-1>.
schur_eliminator.cc:155 Template specializations not found for <-1,-1,-1>
block_sparse_matrix.cc:208 Allocating values array with 294760 bytes.
detect_structure.cc:63 Dynamic row block size because the block size changed from 2 to 15
detect_structure.cc:74 Dynamic e block size because the block size changed from 1 to 9
detect_structure.cc:93 Dynamic f block size because the block size changed from 6 to 9
detect_structure.cc:114 Schur complement static structure <-1,-1,-1>.
detect_structure.cc:63 Dynamic row block size because the block size changed from 2 to 15
detect_structure.cc:74 Dynamic e block size because the block size changed from 1 to 9
detect_structure.cc:93 Dynamic f block size because the block size changed from 6 to 9
detect_structure.cc:114 Schur complement static structure <-1,-1,-1>.
schur_eliminator.cc:155 Template specializations not found for <-1,-1,-1>
block_sparse_matrix.cc:208 Allocating values array with 291432 bytes.
detect_structure.cc:63 Dynamic row block size because the block size changed from 2 to 15
detect_structure.cc:74 Dynamic e block size because the block size changed from 1 to 9
detect_structure.cc:93 Dynamic f block size because the block size changed from 6 to 9
detect_structure.cc:114 Schur complement static structure <-1,-1,-1>.
detect_structure.cc:63 Dynamic row block size because the block size changed from 2 to 15
detect_structure.cc:74 Dynamic e block size because the block size changed from 1 to 9
detect_structure.cc:93 Dynamic f block size because the block size changed from 6 to 9
detect_structure.cc:114 Schur complement static structure <-1,-1,-1>.
schur_eliminator.cc:155 Template specializations not found for <-1,-1,-1>
block_sparse_matrix.cc:208 Allocating values array with 282280 bytes.
detect_structure.cc:63 Dynamic row block size because the block size changed from 2 to 15
detect_structure.cc:74 Dynamic e block size because the block size changed from 1 to 9
detect_structure.cc:93 Dynamic f block size because the block size changed from 6 to 9
detect_structure.cc:114 Schur complement static structure <-1,-1,-1>.
detect_structure.cc:63 Dynamic row block size because the block size changed from 2 to 15
detect_structure.cc:74 Dynamic e block size because the block size changed from 1 to 9
detect_structure.cc:93 Dynamic f block size because the block size changed from 6 to 9
detect_structure.cc:114 Schur complement static structure <-1,-1,-1>.
schur_eliminator.cc:155 Template specializations not found for <-1,-1,-1>
block_sparse_matrix.cc:208 Allocating values array with 274168 bytes.
detect_structure.cc:63 Dynamic row block size because the block size changed from 2 to 15
detect_structure.cc:74 Dynamic e block size because the block size changed from 1 to 9
detect_structure.cc:93 Dynamic f block size because the block size changed from 6 to 9
detect_structure.cc:114 Schur complement static structure <-1,-1,-1>.
detect_structure.cc:63 Dynamic row block size because the block size changed from 2 to 15
detect_structure.cc:74 Dynamic e block size because the block size changed from 1 to 9
detect_structure.cc:93 Dynamic f block size because the block size changed from 6 to 9
detect_structure.cc:114 Schur complement static structure <-1,-1,-1>.
schur_eliminator.cc:155 Template specializations not found for <-1,-1,-1>
block_sparse_matrix.cc:208 Allocating values array with 276664 bytes.
detect_structure.cc:63 Dynamic row block size because the block size changed from 2 to 15
detect_structure.cc:74 Dynamic e block size because the block size changed from 1 to 9
detect_structure.cc:93 Dynamic f block size because the block size changed from 6 to 9
detect_structure.cc:114 Schur complement static structure <-1,-1,-1>.
detect_structure.cc:63 Dynamic row block size because the block size changed from 2 to 15
detect_structure.cc:74 Dynamic e block size because the block size changed from 1 to 9
detect_structure.cc:93 Dynamic f block size because the block size changed from 6 to 9
detect_structure.cc:114 Schur complement static structure <-1,-1,-1>.
schur_eliminator.cc:155 Template specializations not found for <-1,-1,-1>
block_sparse_matrix.cc:208 Allocating values array with 279576 bytes.
detect_structure.cc:63 Dynamic row block size because the block size changed from 2 to 15
detect_structure.cc:74 Dynamic e block size because the block size changed from 1 to 9
detect_structure.cc:93 Dynamic f block size because the block size changed from 6 to 9
detect_structure.cc:114 Schur complement static structure <-1,-1,-1>.
detect_structure.cc:63 Dynamic row block size because the block size changed from 2 to 15
detect_structure.cc:74 Dynamic e block size because the block size changed from 1 to 9
detect_structure.cc:93 Dynamic f block size because the block size changed from 6 to 9
detect_structure.cc:114 Schur complement static structure <-1,-1,-1>.
schur_eliminator.cc:155 Template specializations not found for <-1,-1,-1>
block_sparse_matrix.cc:208 Allocating values array with 277912 bytes.
detect_structure.cc:63 Dynamic row block size because the block size changed from 2 to 15
detect_structure.cc:74 Dynamic e block size because the block size changed from 1 to 9
detect_structure.cc:93 Dynamic f block size because the block size changed from 6 to 9
detect_structure.cc:114 Schur complement static structure <-1,-1,-1>.
detect_structure.cc:63 Dynamic row block size because the block size changed from 2 to 15
detect_structure.cc:74 Dynamic e block size because the block size changed from 1 to 9
detect_structure.cc:93 Dynamic f block size because the block size changed from 6 to 9
detect_structure.cc:114 Schur complement static structure <-1,-1,-1>.
schur_eliminator.cc:155 Template specializations not found for <-1,-1,-1>
block_sparse_matrix.cc:208 Allocating values array with 273336 bytes.
detect_structure.cc:63 Dynamic row block size because the block size changed from 2 to 15
detect_structure.cc:74 Dynamic e block size because the block size changed from 1 to 9
detect_structure.cc:93 Dynamic f block size because the block size changed from 6 to 9
detect_structure.cc:114 Schur complement static structure <-1,-1,-1>.
detect_structure.cc:63 Dynamic row block size because the block size changed from 2 to 15
detect_structure.cc:74 Dynamic e block size because the block size changed from 1 to 9
detect_structure.cc:93 Dynamic f block size because the block size changed from 6 to 9
detect_structure.cc:114 Schur complement static structure <-1,-1,-1>.
schur_eliminator.cc:155 Template specializations not found for <-1,-1,-1>
block_sparse_matrix.cc:208 Allocating values array with 270008 bytes.
detect_structure.cc:63 Dynamic row block size because the block size changed from 2 to 15
detect_structure.cc:74 Dynamic e block size because the block size changed from 1 to 9
detect_structure.cc:93 Dynamic f block size because the block size changed from 6 to 9
detect_structure.cc:114 Schur complement static structure <-1,-1,-1>.
detect_structure.cc:63 Dynamic row block size because the block size changed from 2 to 15
detect_structure.cc:74 Dynamic e block size because the block size changed from 1 to 9
detect_structure.cc:93 Dynamic f block size because the block size changed from 6 to 9
detect_structure.cc:114 Schur complement static structure <-1,-1,-1>.
schur_eliminator.cc:155 Template specializations not found for <-1,-1,-1>
block_sparse_matrix.cc:208 Allocating values array with 270216 bytes.
detect_structure.cc:63 Dynamic row block size because the block size changed from 2 to 15
detect_structure.cc:74 Dynamic e block size because the block size changed from 1 to 9
detect_structure.cc:93 Dynamic f block size because the block size changed from 6 to 9
detect_structure.cc:114 Schur complement static structure <-1,-1,-1>.
detect_structure.cc:63 Dynamic row block size because the block size changed from 2 to 15
detect_structure.cc:74 Dynamic e block size because the block size changed from 1 to 9
detect_structure.cc:93 Dynamic f block size because the block size changed from 6 to 9
detect_structure.cc:114 Schur complement static structure <-1,-1,-1>.
schur_eliminator.cc:155 Template specializations not found for <-1,-1,-1>
[FeatureTracker] F-matrix: 134 → 76 (rejected 58, threshold=1.000000)
block_sparse_matrix.cc:208 Allocating values array with 262728 bytes.
detect_structure.cc:63 Dynamic row block size because the block size changed from 2 to 15
detect_structure.cc:74 Dynamic e block size because the block size changed from 1 to 9
detect_structure.cc:93 Dynamic f block size because the block size changed from 6 to 9
detect_structure.cc:114 Schur complement static structure <-1,-1,-1>.
detect_structure.cc:63 Dynamic row block size because the block size changed from 2 to 15
detect_structure.cc:74 Dynamic e block size because the block size changed from 1 to 9
detect_structure.cc:93 Dynamic f block size because the block size changed from 6 to 9
detect_structure.cc:114 Schur complement static structure <-1,-1,-1>.
schur_eliminator.cc:155 Template specializations not found for <-1,-1,-1>
block_sparse_matrix.cc:208 Allocating values array with 255864 bytes.
detect_structure.cc:63 Dynamic row block size because the block size changed from 2 to 15
detect_structure.cc:74 Dynamic e block size because the block size changed from 1 to 9
detect_structure.cc:93 Dynamic f block size because the block size changed from 6 to 9
detect_structure.cc:114 Schur complement static structure <-1,-1,-1>.
detect_structure.cc:63 Dynamic row block size because the block size changed from 2 to 15
detect_structure.cc:74 Dynamic e block size because the block size changed from 1 to 9
detect_structure.cc:93 Dynamic f block size because the block size changed from 6 to 9
detect_structure.cc:114 Schur complement static structure <-1,-1,-1>.
schur_eliminator.cc:155 Template specializations not found for <-1,-1,-1>
block_sparse_matrix.cc:208 Allocating values array with 250664 bytes.
detect_structure.cc:63 Dynamic row block size because the block size changed from 2 to 15
detect_structure.cc:74 Dynamic e block size because the block size changed from 1 to 9
detect_structure.cc:93 Dynamic f block size because the block size changed from 6 to 9
detect_structure.cc:114 Schur complement static structure <-1,-1,-1>.
detect_structure.cc:63 Dynamic row block size because the block size changed from 2 to 15
detect_structure.cc:74 Dynamic e block size because the block size changed from 1 to 9
detect_structure.cc:93 Dynamic f block size because the block size changed from 6 to 9
detect_structure.cc:114 Schur complement static structure <-1,-1,-1>.
schur_eliminator.cc:155 Template specializations not found for <-1,-1,-1>
block_sparse_matrix.cc:208 Allocating values array with 244632 bytes.
detect_structure.cc:63 Dynamic row block size because the block size changed from 2 to 15
detect_structure.cc:74 Dynamic e block size because the block size changed from 1 to 9
detect_structure.cc:93 Dynamic f block size because the block size changed from 6 to 9
detect_structure.cc:114 Schur complement static structure <-1,-1,-1>.
detect_structure.cc:63 Dynamic row block size because the block size changed from 2 to 15
detect_structure.cc:74 Dynamic e block size because the block size changed from 1 to 9
detect_structure.cc:93 Dynamic f block size because the block size changed from 6 to 9
detect_structure.cc:114 Schur complement static structure <-1,-1,-1>.
schur_eliminator.cc:155 Template specializations not found for <-1,-1,-1>
block_sparse_matrix.cc:208 Allocating values array with 261272 bytes.
detect_structure.cc:63 Dynamic row block size because the block size changed from 2 to 15
detect_structure.cc:74 Dynamic e block size because the block size changed from 1 to 9
detect_structure.cc:93 Dynamic f block size because the block size changed from 6 to 9
detect_structure.cc:114 Schur complement static structure <-1,-1,-1>.
detect_structure.cc:63 Dynamic row block size because the block size changed from 2 to 15
detect_structure.cc:74 Dynamic e block size because the block size changed from 1 to 9
detect_structure.cc:93 Dynamic f block size because the block size changed from 6 to 9
detect_structure.cc:114 Schur complement static structure <-1,-1,-1>.
schur_eliminator.cc:155 Template specializations not found for <-1,-1,-1>
block_sparse_matrix.cc:208 Allocating values array with 260648 bytes.
detect_structure.cc:63 Dynamic row block size because the block size changed from 2 to 15
detect_structure.cc:74 Dynamic e block size because the block size changed from 1 to 9
detect_structure.cc:93 Dynamic f block size because the block size changed from 6 to 9
detect_structure.cc:114 Schur complement static structure <-1,-1,-1>.
detect_structure.cc:63 Dynamic row block size because the block size changed from 2 to 15
detect_structure.cc:74 Dynamic e block size because the block size changed from 1 to 9
detect_structure.cc:93 Dynamic f block size because the block size changed from 6 to 9
detect_structure.cc:114 Schur complement static structure <-1,-1,-1>.
schur_eliminator.cc:155 Template specializations not found for <-1,-1,-1>
block_sparse_matrix.cc:208 Allocating values array with 263560 bytes.
detect_structure.cc:63 Dynamic row block size because the block size changed from 2 to 15
detect_structure.cc:74 Dynamic e block size because the block size changed from 1 to 9
detect_structure.cc:93 Dynamic f block size because the block size changed from 6 to 9
detect_structure.cc:114 Schur complement static structure <-1,-1,-1>.
detect_structure.cc:63 Dynamic row block size because the block size changed from 2 to 15
detect_structure.cc:74 Dynamic e block size because the block size changed from 1 to 9
detect_structure.cc:93 Dynamic f block size because the block size changed from 6 to 9
detect_structure.cc:114 Schur complement static structure <-1,-1,-1>.
schur_eliminator.cc:155 Template specializations not found for <-1,-1,-1>
block_sparse_matrix.cc:208 Allocating values array with 263144 bytes.
detect_structure.cc:63 Dynamic row block size because the block size changed from 2 to 15
detect_structure.cc:74 Dynamic e block size because the block size changed from 1 to 9
detect_structure.cc:93 Dynamic f block size because the block size changed from 6 to 9
detect_structure.cc:114 Schur complement static structure <-1,-1,-1>.
detect_structure.cc:63 Dynamic row block size because the block size changed from 2 to 15
detect_structure.cc:74 Dynamic e block size because the block size changed from 1 to 9
detect_structure.cc:93 Dynamic f block size because the block size changed from 6 to 9
detect_structure.cc:114 Schur complement static structure <-1,-1,-1>.
schur_eliminator.cc:155 Template specializations not found for <-1,-1,-1>
block_sparse_matrix.cc:208 Allocating values array with 262104 bytes.
detect_structure.cc:63 Dynamic row block size because the block size changed from 2 to 15
detect_structure.cc:74 Dynamic e block size because the block size changed from 1 to 9
detect_structure.cc:93 Dynamic f block size because the block size changed from 6 to 9
detect_structure.cc:114 Schur complement static structure <-1,-1,-1>.
detect_structure.cc:63 Dynamic row block size because the block size changed from 2 to 15
detect_structure.cc:74 Dynamic e block size because the block size changed from 1 to 9
detect_structure.cc:93 Dynamic f block size because the block size changed from 6 to 9
detect_structure.cc:114 Schur complement static structure <-1,-1,-1>.
schur_eliminator.cc:155 Template specializations not found for <-1,-1,-1>
block_sparse_matrix.cc:208 Allocating values array with 267096 bytes.
detect_structure.cc:63 Dynamic row block size because the block size changed from 2 to 15
detect_structure.cc:74 Dynamic e block size because the block size changed from 1 to 9
detect_structure.cc:93 Dynamic f block size because the block size changed from 6 to 9
detect_structure.cc:114 Schur complement static structure <-1,-1,-1>.
detect_structure.cc:63 Dynamic row block size because the block size changed from 2 to 15
detect_structure.cc:74 Dynamic e block size because the block size changed from 1 to 9
detect_structure.cc:93 Dynamic f block size because the block size changed from 6 to 9
detect_structure.cc:114 Schur complement static structure <-1,-1,-1>.
schur_eliminator.cc:155 Template specializations not found for <-1,-1,-1>
block_sparse_matrix.cc:208 Allocating values array with 276040 bytes.
detect_structure.cc:63 Dynamic row block size because the block size changed from 2 to 15
detect_structure.cc:74 Dynamic e block size because the block size changed from 1 to 9
detect_structure.cc:93 Dynamic f block size because the block size changed from 6 to 9
detect_structure.cc:114 Schur complement static structure <-1,-1,-1>.
detect_structure.cc:63 Dynamic row block size because the block size changed from 2 to 15
detect_structure.cc:74 Dynamic e block size because the block size changed from 1 to 9
detect_structure.cc:93 Dynamic f block size because the block size changed from 6 to 9
detect_structure.cc:114 Schur complement static structure <-1,-1,-1>.
schur_eliminator.cc:155 Template specializations not found for <-1,-1,-1>
block_sparse_matrix.cc:208 Allocating values array with 285608 bytes.
detect_structure.cc:63 Dynamic row block size because the block size changed from 2 to 15
detect_structure.cc:74 Dynamic e block size because the block size changed from 1 to 9
detect_structure.cc:93 Dynamic f block size because the block size changed from 6 to 9
detect_structure.cc:114 Schur complement static structure <-1,-1,-1>.
detect_structure.cc:63 Dynamic row block size because the block size changed from 2 to 15
detect_structure.cc:74 Dynamic e block size because the block size changed from 1 to 9
detect_structure.cc:93 Dynamic f block size because the block size changed from 6 to 9
detect_structure.cc:114 Schur complement static structure <-1,-1,-1>.
schur_eliminator.cc:155 Template specializations not found for <-1,-1,-1>
block_sparse_matrix.cc:208 Allocating values array with 287896 bytes.
detect_structure.cc:63 Dynamic row block size because the block size changed from 2 to 15
detect_structure.cc:74 Dynamic e block size because the block size changed from 1 to 9
detect_structure.cc:93 Dynamic f block size because the block size changed from 6 to 9
detect_structure.cc:114 Schur complement static structure <-1,-1,-1>.
detect_structure.cc:63 Dynamic row block size because the block size changed from 2 to 15
detect_structure.cc:74 Dynamic e block size because the block size changed from 1 to 9
detect_structure.cc:93 Dynamic f block size because the block size changed from 6 to 9
detect_structure.cc:114 Schur complement static structure <-1,-1,-1>.
schur_eliminator.cc:155 Template specializations not found for <-1,-1,-1>
block_sparse_matrix.cc:208 Allocating values array with 292888 bytes.
detect_structure.cc:63 Dynamic row block size because the block size changed from 2 to 15
detect_structure.cc:74 Dynamic e block size because the block size changed from 1 to 9
detect_structure.cc:93 Dynamic f block size because the block size changed from 6 to 9
detect_structure.cc:114 Schur complement static structure <-1,-1,-1>.
detect_structure.cc:63 Dynamic row block size because the block size changed from 2 to 15
detect_structure.cc:74 Dynamic e block size because the block size changed from 1 to 9
detect_structure.cc:93 Dynamic f block size because the block size changed from 6 to 9
detect_structure.cc:114 Schur complement static structure <-1,-1,-1>.
schur_eliminator.cc:155 Template specializations not found for <-1,-1,-1>
block_sparse_matrix.cc:208 Allocating values array with 283352 bytes.
detect_structure.cc:63 Dynamic row block size because the block size changed from 2 to 15
detect_structure.cc:74 Dynamic e block size because the block size changed from 1 to 9
detect_structure.cc:93 Dynamic f block size because the block size changed from 6 to 9
detect_structure.cc:114 Schur complement static structure <-1,-1,-1>.
detect_structure.cc:63 Dynamic row block size because the block size changed from 2 to 15
detect_structure.cc:74 Dynamic e block size because the block size changed from 1 to 9
detect_structure.cc:93 Dynamic f block size because the block size changed from 6 to 9
detect_structure.cc:114 Schur complement static structure <-1,-1,-1>.
schur_eliminator.cc:155 Template specializations not found for <-1,-1,-1>
block_sparse_matrix.cc:208 Allocating values array with 294344 bytes.
detect_structure.cc:63 Dynamic row block size because the block size changed from 2 to 15
detect_structure.cc:74 Dynamic e block size because the block size changed from 1 to 9
detect_structure.cc:93 Dynamic f block size because the block size changed from 6 to 9
detect_structure.cc:114 Schur complement static structure <-1,-1,-1>.
detect_structure.cc:63 Dynamic row block size because the block size changed from 2 to 15
detect_structure.cc:74 Dynamic e block size because the block size changed from 1 to 9
detect_structure.cc:93 Dynamic f block size because the block size changed from 6 to 9
detect_structure.cc:114 Schur complement static structure <-1,-1,-1>.
schur_eliminator.cc:155 Template specializations not found for <-1,-1,-1>
[FeatureTracker] F-matrix: 121 → 69 (rejected 52, threshold=1.000000)
block_sparse_matrix.cc:208 Allocating values array with 292888 bytes.
detect_structure.cc:63 Dynamic row block size because the block size changed from 2 to 15
detect_structure.cc:74 Dynamic e block size because the block size changed from 1 to 9
detect_structure.cc:93 Dynamic f block size because the block size changed from 6 to 9
detect_structure.cc:114 Schur complement static structure <-1,-1,-1>.
detect_structure.cc:63 Dynamic row block size because the block size changed from 2 to 15
detect_structure.cc:74 Dynamic e block size because the block size changed from 1 to 9
detect_structure.cc:93 Dynamic f block size because the block size changed from 6 to 9
detect_structure.cc:114 Schur complement static structure <-1,-1,-1>.
schur_eliminator.cc:155 Template specializations not found for <-1,-1,-1>
block_sparse_matrix.cc:208 Allocating values array with 287480 bytes.
detect_structure.cc:63 Dynamic row block size because the block size changed from 2 to 15
detect_structure.cc:74 Dynamic e block size because the block size changed from 1 to 9
detect_structure.cc:93 Dynamic f block size because the block size changed from 6 to 9
detect_structure.cc:114 Schur complement static structure <-1,-1,-1>.
detect_structure.cc:63 Dynamic row block size because the block size changed from 2 to 15
detect_structure.cc:74 Dynamic e block size because the block size changed from 1 to 9
detect_structure.cc:93 Dynamic f block size because the block size changed from 6 to 9
detect_structure.cc:114 Schur complement static structure <-1,-1,-1>.
schur_eliminator.cc:155 Template specializations not found for <-1,-1,-1>
block_sparse_matrix.cc:208 Allocating values array with 278120 bytes.
detect_structure.cc:63 Dynamic row block size because the block size changed from 2 to 15
detect_structure.cc:74 Dynamic e block size because the block size changed from 1 to 9
detect_structure.cc:93 Dynamic f block size because the block size changed from 6 to 9
detect_structure.cc:114 Schur complement static structure <-1,-1,-1>.
detect_structure.cc:63 Dynamic row block size because the block size changed from 2 to 15
detect_structure.cc:74 Dynamic e block size because the block size changed from 1 to 9
detect_structure.cc:93 Dynamic f block size because the block size changed from 6 to 9
detect_structure.cc:114 Schur complement static structure <-1,-1,-1>.
schur_eliminator.cc:155 Template specializations not found for <-1,-1,-1>
block_sparse_matrix.cc:208 Allocating values array with 271288 bytes.
detect_structure.cc:63 Dynamic row block size because the block size changed from 2 to 15
detect_structure.cc:74 Dynamic e block size because the block size changed from 1 to 9
detect_structure.cc:93 Dynamic f block size because the block size changed from 6 to 9
detect_structure.cc:114 Schur complement static structure <-1,-1,-1>.
detect_structure.cc:63 Dynamic row block size because the block size changed from 2 to 15
detect_structure.cc:74 Dynamic e block size because the block size changed from 1 to 9
detect_structure.cc:93 Dynamic f block size because the block size changed from 6 to 9
detect_structure.cc:114 Schur complement static structure <-1,-1,-1>.
schur_eliminator.cc:155 Template specializations not found for <-1,-1,-1>
block_sparse_matrix.cc:208 Allocating values array with 270664 bytes.
detect_structure.cc:63 Dynamic row block size because the block size changed from 2 to 15
detect_structure.cc:74 Dynamic e block size because the block size changed from 1 to 9
detect_structure.cc:93 Dynamic f block size because the block size changed from 6 to 9
detect_structure.cc:114 Schur complement static structure <-1,-1,-1>.
detect_structure.cc:63 Dynamic row block size because the block size changed from 2 to 15
detect_structure.cc:74 Dynamic e block size because the block size changed from 1 to 9
detect_structure.cc:93 Dynamic f block size because the block size changed from 6 to 9
detect_structure.cc:114 Schur complement static structure <-1,-1,-1>.
schur_eliminator.cc:155 Template specializations not found for <-1,-1,-1>
block_sparse_matrix.cc:208 Allocating values array with 269624 bytes.
detect_structure.cc:63 Dynamic row block size because the block size changed from 2 to 15
detect_structure.cc:74 Dynamic e block size because the block size changed from 1 to 9
detect_structure.cc:93 Dynamic f block size because the block size changed from 6 to 9
detect_structure.cc:114 Schur complement static structure <-1,-1,-1>.
detect_structure.cc:63 Dynamic row block size because the block size changed from 2 to 15
detect_structure.cc:74 Dynamic e block size because the block size changed from 1 to 9
detect_structure.cc:93 Dynamic f block size because the block size changed from 6 to 9
detect_structure.cc:114 Schur complement static structure <-1,-1,-1>.
schur_eliminator.cc:155 Template specializations not found for <-1,-1,-1>
block_sparse_matrix.cc:208 Allocating values array with 264808 bytes.
detect_structure.cc:63 Dynamic row block size because the block size changed from 2 to 15
detect_structure.cc:74 Dynamic e block size because the block size changed from 1 to 9
detect_structure.cc:93 Dynamic f block size because the block size changed from 6 to 9
detect_structure.cc:114 Schur complement static structure <-1,-1,-1>.
detect_structure.cc:63 Dynamic row block size because the block size changed from 2 to 15
detect_structure.cc:74 Dynamic e block size because the block size changed from 1 to 9
detect_structure.cc:93 Dynamic f block size because the block size changed from 6 to 9
detect_structure.cc:114 Schur complement static structure <-1,-1,-1>.
schur_eliminator.cc:155 Template specializations not found for <-1,-1,-1>
block_sparse_matrix.cc:208 Allocating values array with 257144 bytes.
detect_structure.cc:63 Dynamic row block size because the block size changed from 2 to 15
detect_structure.cc:74 Dynamic e block size because the block size changed from 1 to 9
detect_structure.cc:93 Dynamic f block size because the block size changed from 6 to 9
detect_structure.cc:114 Schur complement static structure <-1,-1,-1>.
detect_structure.cc:63 Dynamic row block size because the block size changed from 2 to 15
detect_structure.cc:74 Dynamic e block size because the block size changed from 1 to 9
detect_structure.cc:93 Dynamic f block size because the block size changed from 6 to 9
detect_structure.cc:114 Schur complement static structure <-1,-1,-1>.
schur_eliminator.cc:155 Template specializations not found for <-1,-1,-1>
block_sparse_matrix.cc:208 Allocating values array with 282904 bytes.
detect_structure.cc:63 Dynamic row block size because the block size changed from 2 to 15
detect_structure.cc:74 Dynamic e block size because the block size changed from 1 to 9
detect_structure.cc:93 Dynamic f block size because the block size changed from 6 to 9
detect_structure.cc:114 Schur complement static structure <-1,-1,-1>.
detect_structure.cc:63 Dynamic row block size because the block size changed from 2 to 15
detect_structure.cc:74 Dynamic e block size because the block size changed from 1 to 9
detect_structure.cc:93 Dynamic f block size because the block size changed from 6 to 9
detect_structure.cc:114 Schur complement static structure <-1,-1,-1>.
schur_eliminator.cc:155 Template specializations not found for <-1,-1,-1>
[FeatureTracker] F-matrix: 147 → 91 (rejected 56, threshold=1.000000)
block_sparse_matrix.cc:208 Allocating values array with 269832 bytes.
detect_structure.cc:63 Dynamic row block size because the block size changed from 2 to 15
detect_structure.cc:74 Dynamic e block size because the block size changed from 1 to 9
detect_structure.cc:93 Dynamic f block size because the block size changed from 6 to 9
detect_structure.cc:114 Schur complement static structure <-1,-1,-1>.
detect_structure.cc:63 Dynamic row block size because the block size changed from 2 to 15
detect_structure.cc:74 Dynamic e block size because the block size changed from 1 to 9
detect_structure.cc:93 Dynamic f block size because the block size changed from 6 to 9
detect_structure.cc:114 Schur complement static structure <-1,-1,-1>.
schur_eliminator.cc:155 Template specializations not found for <-1,-1,-1>
block_sparse_matrix.cc:208 Allocating values array with 271048 bytes.
detect_structure.cc:63 Dynamic row block size because the block size changed from 2 to 15
detect_structure.cc:74 Dynamic e block size because the block size changed from 1 to 9
detect_structure.cc:93 Dynamic f block size because the block size changed from 6 to 9
detect_structure.cc:114 Schur complement static structure <-1,-1,-1>.
detect_structure.cc:63 Dynamic row block size because the block size changed from 2 to 15
detect_structure.cc:74 Dynamic e block size because the block size changed from 1 to 9
detect_structure.cc:93 Dynamic f block size because the block size changed from 6 to 9
detect_structure.cc:114 Schur complement static structure <-1,-1,-1>.
schur_eliminator.cc:155 Template specializations not found for <-1,-1,-1>
block_sparse_matrix.cc:208 Allocating values array with 263592 bytes.
detect_structure.cc:63 Dynamic row block size because the block size changed from 2 to 15
detect_structure.cc:74 Dynamic e block size because the block size changed from 1 to 9
detect_structure.cc:93 Dynamic f block size because the block size changed from 6 to 9
detect_structure.cc:114 Schur complement static structure <-1,-1,-1>.
detect_structure.cc:63 Dynamic row block size because the block size changed from 2 to 15
detect_structure.cc:74 Dynamic e block size because the block size changed from 1 to 9
detect_structure.cc:93 Dynamic f block size because the block size changed from 6 to 9
detect_structure.cc:114 Schur complement static structure <-1,-1,-1>.
schur_eliminator.cc:155 Template specializations not found for <-1,-1,-1>
block_sparse_matrix.cc:208 Allocating values array with 262968 bytes.
detect_structure.cc:63 Dynamic row block size because the block size changed from 2 to 15
detect_structure.cc:74 Dynamic e block size because the block size changed from 1 to 9
detect_structure.cc:93 Dynamic f block size because the block size changed from 6 to 9
detect_structure.cc:114 Schur complement static structure <-1,-1,-1>.
detect_structure.cc:63 Dynamic row block size because the block size changed from 2 to 15
detect_structure.cc:74 Dynamic e block size because the block size changed from 1 to 9
detect_structure.cc:93 Dynamic f block size because the block size changed from 6 to 9
detect_structure.cc:114 Schur complement static structure <-1,-1,-1>.
schur_eliminator.cc:155 Template specializations not found for <-1,-1,-1>
block_sparse_matrix.cc:208 Allocating values array with 261480 bytes.
detect_structure.cc:63 Dynamic row block size because the block size changed from 2 to 15
detect_structure.cc:74 Dynamic e block size because the block size changed from 1 to 9
detect_structure.cc:93 Dynamic f block size because the block size changed from 6 to 9
detect_structure.cc:114 Schur complement static structure <-1,-1,-1>.
detect_structure.cc:63 Dynamic row block size because the block size changed from 2 to 15
detect_structure.cc:74 Dynamic e block size because the block size changed from 1 to 9
detect_structure.cc:93 Dynamic f block size because the block size changed from 6 to 9
detect_structure.cc:114 Schur complement static structure <-1,-1,-1>.
schur_eliminator.cc:155 Template specializations not found for <-1,-1,-1>
block_sparse_matrix.cc:208 Allocating values array with 254232 bytes.
detect_structure.cc:63 Dynamic row block size because the block size changed from 2 to 15
detect_structure.cc:74 Dynamic e block size because the block size changed from 1 to 9
detect_structure.cc:93 Dynamic f block size because the block size changed from 6 to 9
detect_structure.cc:114 Schur complement static structure <-1,-1,-1>.
detect_structure.cc:63 Dynamic row block size because the block size changed from 2 to 15
detect_structure.cc:74 Dynamic e block size because the block size changed from 1 to 9
detect_structure.cc:93 Dynamic f block size because the block size changed from 6 to 9
detect_structure.cc:114 Schur complement static structure <-1,-1,-1>.
schur_eliminator.cc:155 Template specializations not found for <-1,-1,-1>
block_sparse_matrix.cc:208 Allocating values array with 266472 bytes.
detect_structure.cc:63 Dynamic row block size because the block size changed from 2 to 15
detect_structure.cc:74 Dynamic e block size because the block size changed from 1 to 9
detect_structure.cc:93 Dynamic f block size because the block size changed from 6 to 9
detect_structure.cc:114 Schur complement static structure <-1,-1,-1>.
detect_structure.cc:63 Dynamic row block size because the block size changed from 2 to 15
detect_structure.cc:74 Dynamic e block size because the block size changed from 1 to 9
detect_structure.cc:93 Dynamic f block size because the block size changed from 6 to 9
detect_structure.cc:114 Schur complement static structure <-1,-1,-1>.
schur_eliminator.cc:155 Template specializations not found for <-1,-1,-1>
block_sparse_matrix.cc:208 Allocating values array with 257976 bytes.
detect_structure.cc:63 Dynamic row block size because the block size changed from 2 to 15
detect_structure.cc:74 Dynamic e block size because the block size changed from 1 to 9
detect_structure.cc:93 Dynamic f block size because the block size changed from 6 to 9
detect_structure.cc:114 Schur complement static structure <-1,-1,-1>.
detect_structure.cc:63 Dynamic row block size because the block size changed from 2 to 15
detect_structure.cc:74 Dynamic e block size because the block size changed from 1 to 9
detect_structure.cc:93 Dynamic f block size because the block size changed from 6 to 9
detect_structure.cc:114 Schur complement static structure <-1,-1,-1>.
schur_eliminator.cc:155 Template specializations not found for <-1,-1,-1>
block_sparse_matrix.cc:208 Allocating values array with 261896 bytes.
detect_structure.cc:63 Dynamic row block size because the block size changed from 2 to 15
detect_structure.cc:74 Dynamic e block size because the block size changed from 1 to 9
detect_structure.cc:93 Dynamic f block size because the block size changed from 6 to 9
detect_structure.cc:114 Schur complement static structure <-1,-1,-1>.
detect_structure.cc:63 Dynamic row block size because the block size changed from 2 to 15
detect_structure.cc:74 Dynamic e block size because the block size changed from 1 to 9
detect_structure.cc:93 Dynamic f block size because the block size changed from 6 to 9
detect_structure.cc:114 Schur complement static structure <-1,-1,-1>.
schur_eliminator.cc:155 Template specializations not found for <-1,-1,-1>
block_sparse_matrix.cc:208 Allocating values array with 249032 bytes.
detect_structure.cc:63 Dynamic row block size because the block size changed from 2 to 15
detect_structure.cc:74 Dynamic e block size because the block size changed from 1 to 9
detect_structure.cc:93 Dynamic f block size because the block size changed from 6 to 9
detect_structure.cc:114 Schur complement static structure <-1,-1,-1>.
detect_structure.cc:63 Dynamic row block size because the block size changed from 2 to 15
detect_structure.cc:74 Dynamic e block size because the block size changed from 1 to 9
detect_structure.cc:93 Dynamic f block size because the block size changed from 6 to 9
detect_structure.cc:114 Schur complement static structure <-1,-1,-1>.
schur_eliminator.cc:155 Template specializations not found for <-1,-1,-1>
block_sparse_matrix.cc:208 Allocating values array with 244216 bytes.
detect_structure.cc:63 Dynamic row block size because the block size changed from 2 to 15
detect_structure.cc:74 Dynamic e block size because the block size changed from 1 to 9
detect_structure.cc:93 Dynamic f block size because the block size changed from 6 to 9
detect_structure.cc:114 Schur complement static structure <-1,-1,-1>.
detect_structure.cc:63 Dynamic row block size because the block size changed from 2 to 15
detect_structure.cc:74 Dynamic e block size because the block size changed from 1 to 9
detect_structure.cc:93 Dynamic f block size because the block size changed from 6 to 9
detect_structure.cc:114 Schur complement static structure <-1,-1,-1>.
schur_eliminator.cc:155 Template specializations not found for <-1,-1,-1>
block_sparse_matrix.cc:208 Allocating values array with 236552 bytes.
detect_structure.cc:63 Dynamic row block size because the block size changed from 2 to 15
detect_structure.cc:74 Dynamic e block size because the block size changed from 1 to 9
detect_structure.cc:93 Dynamic f block size because the block size changed from 6 to 9
detect_structure.cc:114 Schur complement static structure <-1,-1,-1>.
detect_structure.cc:63 Dynamic row block size because the block size changed from 2 to 15
detect_structure.cc:74 Dynamic e block size because the block size changed from 1 to 9
detect_structure.cc:93 Dynamic f block size because the block size changed from 6 to 9
detect_structure.cc:114 Schur complement static structure <-1,-1,-1>.
schur_eliminator.cc:155 Template specializations not found for <-1,-1,-1>
block_sparse_matrix.cc:208 Allocating values array with 247960 bytes.
detect_structure.cc:63 Dynamic row block size because the block size changed from 2 to 15
detect_structure.cc:74 Dynamic e block size because the block size changed from 1 to 9
detect_structure.cc:93 Dynamic f block size because the block size changed from 6 to 9
detect_structure.cc:114 Schur complement static structure <-1,-1,-1>.
detect_structure.cc:63 Dynamic row block size because the block size changed from 2 to 15
detect_structure.cc:74 Dynamic e block size because the block size changed from 1 to 9
detect_structure.cc:93 Dynamic f block size because the block size changed from 6 to 9
detect_structure.cc:114 Schur complement static structure <-1,-1,-1>.
schur_eliminator.cc:155 Template specializations not found for <-1,-1,-1>
block_sparse_matrix.cc:208 Allocating values array with 269176 bytes.
detect_structure.cc:63 Dynamic row block size because the block size changed from 2 to 15
detect_structure.cc:74 Dynamic e block size because the block size changed from 1 to 9
detect_structure.cc:93 Dynamic f block size because the block size changed from 6 to 9
detect_structure.cc:114 Schur complement static structure <-1,-1,-1>.
detect_structure.cc:63 Dynamic row block size because the block size changed from 2 to 15
detect_structure.cc:74 Dynamic e block size because the block size changed from 1 to 9
detect_structure.cc:93 Dynamic f block size because the block size changed from 6 to 9
detect_structure.cc:114 Schur complement static structure <-1,-1,-1>.
schur_eliminator.cc:155 Template specializations not found for <-1,-1,-1>
block_sparse_matrix.cc:208 Allocating values array with 267096 bytes.
detect_structure.cc:63 Dynamic row block size because the block size changed from 2 to 15
detect_structure.cc:74 Dynamic e block size because the block size changed from 1 to 9
detect_structure.cc:93 Dynamic f block size because the block size changed from 6 to 9
detect_structure.cc:114 Schur complement static structure <-1,-1,-1>.
detect_structure.cc:63 Dynamic row block size because the block size changed from 2 to 15
detect_structure.cc:74 Dynamic e block size because the block size changed from 1 to 9
detect_structure.cc:93 Dynamic f block size because the block size changed from 6 to 9
detect_structure.cc:114 Schur complement static structure <-1,-1,-1>.
schur_eliminator.cc:155 Template specializations not found for <-1,-1,-1>
block_sparse_matrix.cc:208 Allocating values array with 263768 bytes.
detect_structure.cc:63 Dynamic row block size because the block size changed from 2 to 15
detect_structure.cc:74 Dynamic e block size because the block size changed from 1 to 9
detect_structure.cc:93 Dynamic f block size because the block size changed from 6 to 9
detect_structure.cc:114 Schur complement static structure <-1,-1,-1>.
detect_structure.cc:63 Dynamic row block size because the block size changed from 2 to 15
detect_structure.cc:74 Dynamic e block size because the block size changed from 1 to 9
detect_structure.cc:93 Dynamic f block size because the block size changed from 6 to 9
detect_structure.cc:114 Schur complement static structure <-1,-1,-1>.
schur_eliminator.cc:155 Template specializations not found for <-1,-1,-1>
[FeatureTracker] F-matrix: 140 → 71 (rejected 69, threshold=1.000000)
block_sparse_matrix.cc:208 Allocating values array with 264808 bytes.
detect_structure.cc:63 Dynamic row block size because the block size changed from 2 to 15
detect_structure.cc:74 Dynamic e block size because the block size changed from 1 to 9
detect_structure.cc:93 Dynamic f block size because the block size changed from 6 to 9
detect_structure.cc:114 Schur complement static structure <-1,-1,-1>.
detect_structure.cc:63 Dynamic row block size because the block size changed from 2 to 15
detect_structure.cc:74 Dynamic e block size because the block size changed from 1 to 9
detect_structure.cc:93 Dynamic f block size because the block size changed from 6 to 9
detect_structure.cc:114 Schur complement static structure <-1,-1,-1>.
schur_eliminator.cc:155 Template specializations not found for <-1,-1,-1>
block_sparse_matrix.cc:208 Allocating values array with 249240 bytes.
detect_structure.cc:63 Dynamic row block size because the block size changed from 2 to 15
detect_structure.cc:74 Dynamic e block size because the block size changed from 1 to 9
detect_structure.cc:93 Dynamic f block size because the block size changed from 6 to 9
detect_structure.cc:114 Schur complement static structure <-1,-1,-1>.
detect_structure.cc:63 Dynamic row block size because the block size changed from 2 to 15
detect_structure.cc:74 Dynamic e block size because the block size changed from 1 to 9
detect_structure.cc:93 Dynamic f block size because the block size changed from 6 to 9
detect_structure.cc:114 Schur complement static structure <-1,-1,-1>.
schur_eliminator.cc:155 Template specializations not found for <-1,-1,-1>
block_sparse_matrix.cc:208 Allocating values array with 248408 bytes.
detect_structure.cc:63 Dynamic row block size because the block size changed from 2 to 15
detect_structure.cc:74 Dynamic e block size because the block size changed from 1 to 9
detect_structure.cc:93 Dynamic f block size because the block size changed from 6 to 9
detect_structure.cc:114 Schur complement static structure <-1,-1,-1>.
detect_structure.cc:63 Dynamic row block size because the block size changed from 2 to 15
detect_structure.cc:74 Dynamic e block size because the block size changed from 1 to 9
detect_structure.cc:93 Dynamic f block size because the block size changed from 6 to 9
detect_structure.cc:114 Schur complement static structure <-1,-1,-1>.
schur_eliminator.cc:155 Template specializations not found for <-1,-1,-1>
block_sparse_matrix.cc:208 Allocating values array with 247992 bytes.
detect_structure.cc:63 Dynamic row block size because the block size changed from 2 to 15
detect_structure.cc:74 Dynamic e block size because the block size changed from 1 to 9
detect_structure.cc:93 Dynamic f block size because the block size changed from 6 to 9
detect_structure.cc:114 Schur complement static structure <-1,-1,-1>.
detect_structure.cc:63 Dynamic row block size because the block size changed from 2 to 15
detect_structure.cc:74 Dynamic e block size because the block size changed from 1 to 9
detect_structure.cc:93 Dynamic f block size because the block size changed from 6 to 9
detect_structure.cc:114 Schur complement static structure <-1,-1,-1>.
schur_eliminator.cc:155 Template specializations not found for <-1,-1,-1>
block_sparse_matrix.cc:208 Allocating values array with 246296 bytes.
detect_structure.cc:63 Dynamic row block size because the block size changed from 2 to 15
detect_structure.cc:74 Dynamic e block size because the block size changed from 1 to 9
detect_structure.cc:93 Dynamic f block size because the block size changed from 6 to 9
detect_structure.cc:114 Schur complement static structure <-1,-1,-1>.
detect_structure.cc:63 Dynamic row block size because the block size changed from 2 to 15
detect_structure.cc:74 Dynamic e block size because the block size changed from 1 to 9
detect_structure.cc:93 Dynamic f block size because the block size changed from 6 to 9
detect_structure.cc:114 Schur complement static structure <-1,-1,-1>.
schur_eliminator.cc:155 Template specializations not found for <-1,-1,-1>
block_sparse_matrix.cc:208 Allocating values array with 263352 bytes.
detect_structure.cc:63 Dynamic row block size because the block size changed from 2 to 15
detect_structure.cc:74 Dynamic e block size because the block size changed from 1 to 9
detect_structure.cc:93 Dynamic f block size because the block size changed from 6 to 9
detect_structure.cc:114 Schur complement static structure <-1,-1,-1>.
detect_structure.cc:63 Dynamic row block size because the block size changed from 2 to 15
detect_structure.cc:74 Dynamic e block size because the block size changed from 1 to 9
detect_structure.cc:93 Dynamic f block size because the block size changed from 6 to 9
detect_structure.cc:114 Schur complement static structure <-1,-1,-1>.
schur_eliminator.cc:155 Template specializations not found for <-1,-1,-1>
block_sparse_matrix.cc:208 Allocating values array with 270840 bytes.
detect_structure.cc:63 Dynamic row block size because the block size changed from 2 to 15
detect_structure.cc:74 Dynamic e block size because the block size changed from 1 to 9
detect_structure.cc:93 Dynamic f block size because the block size changed from 6 to 9
detect_structure.cc:114 Schur complement static structure <-1,-1,-1>.
detect_structure.cc:63 Dynamic row block size because the block size changed from 2 to 15
detect_structure.cc:74 Dynamic e block size because the block size changed from 1 to 9
detect_structure.cc:93 Dynamic f block size because the block size changed from 6 to 9
detect_structure.cc:114 Schur complement static structure <-1,-1,-1>.
schur_eliminator.cc:155 Template specializations not found for <-1,-1,-1>
block_sparse_matrix.cc:208 Allocating values array with 278328 bytes.
detect_structure.cc:63 Dynamic row block size because the block size changed from 2 to 15
detect_structure.cc:74 Dynamic e block size because the block size changed from 1 to 9
detect_structure.cc:93 Dynamic f block size because the block size changed from 6 to 9
detect_structure.cc:114 Schur complement static structure <-1,-1,-1>.
detect_structure.cc:63 Dynamic row block size because the block size changed from 2 to 15
detect_structure.cc:74 Dynamic e block size because the block size changed from 1 to 9
detect_structure.cc:93 Dynamic f block size because the block size changed from 6 to 9
detect_structure.cc:114 Schur complement static structure <-1,-1,-1>.
schur_eliminator.cc:155 Template specializations not found for <-1,-1,-1>
block_sparse_matrix.cc:208 Allocating values array with 278744 bytes.
detect_structure.cc:63 Dynamic row block size because the block size changed from 2 to 15
detect_structure.cc:74 Dynamic e block size because the block size changed from 1 to 9
detect_structure.cc:93 Dynamic f block size because the block size changed from 6 to 9
detect_structure.cc:114 Schur complement static structure <-1,-1,-1>.
detect_structure.cc:63 Dynamic row block size because the block size changed from 2 to 15
detect_structure.cc:74 Dynamic e block size because the block size changed from 1 to 9
detect_structure.cc:93 Dynamic f block size because the block size changed from 6 to 9
detect_structure.cc:114 Schur complement static structure <-1,-1,-1>.
schur_eliminator.cc:155 Template specializations not found for <-1,-1,-1>
block_sparse_matrix.cc:208 Allocating values array with 279160 bytes.
detect_structure.cc:63 Dynamic row block size because the block size changed from 2 to 15
detect_structure.cc:74 Dynamic e block size because the block size changed from 1 to 9
detect_structure.cc:93 Dynamic f block size because the block size changed from 6 to 9
detect_structure.cc:114 Schur complement static structure <-1,-1,-1>.
detect_structure.cc:63 Dynamic row block size because the block size changed from 2 to 15
detect_structure.cc:74 Dynamic e block size because the block size changed from 1 to 9
detect_structure.cc:93 Dynamic f block size because the block size changed from 6 to 9
detect_structure.cc:114 Schur complement static structure <-1,-1,-1>.
schur_eliminator.cc:155 Template specializations not found for <-1,-1,-1>
block_sparse_matrix.cc:208 Allocating values array with 270040 bytes.
detect_structure.cc:63 Dynamic row block size because the block size changed from 2 to 15
detect_structure.cc:74 Dynamic e block size because the block size changed from 1 to 9
detect_structure.cc:93 Dynamic f block size because the block size changed from 6 to 9
detect_structure.cc:114 Schur complement static structure <-1,-1,-1>.
detect_structure.cc:63 Dynamic row block size because the block size changed from 2 to 15
detect_structure.cc:74 Dynamic e block size because the block size changed from 1 to 9
detect_structure.cc:93 Dynamic f block size because the block size changed from 6 to 9
detect_structure.cc:114 Schur complement static structure <-1,-1,-1>.
schur_eliminator.cc:155 Template specializations not found for <-1,-1,-1>
block_sparse_matrix.cc:208 Allocating values array with 279992 bytes.
detect_structure.cc:63 Dynamic row block size because the block size changed from 2 to 15
detect_structure.cc:74 Dynamic e block size because the block size changed from 1 to 9
detect_structure.cc:93 Dynamic f block size because the block size changed from 6 to 9
detect_structure.cc:114 Schur complement static structure <-1,-1,-1>.
detect_structure.cc:63 Dynamic row block size because the block size changed from 2 to 15
detect_structure.cc:74 Dynamic e block size because the block size changed from 1 to 9
detect_structure.cc:93 Dynamic f block size because the block size changed from 6 to 9
detect_structure.cc:114 Schur complement static structure <-1,-1,-1>.
schur_eliminator.cc:155 Template specializations not found for <-1,-1,-1>
block_sparse_matrix.cc:208 Allocating values array with 271704 bytes.
detect_structure.cc:63 Dynamic row block size because the block size changed from 2 to 15
detect_structure.cc:74 Dynamic e block size because the block size changed from 1 to 9
detect_structure.cc:93 Dynamic f block size because the block size changed from 6 to 9
detect_structure.cc:114 Schur complement static structure <-1,-1,-1>.
detect_structure.cc:63 Dynamic row block size because the block size changed from 2 to 15
detect_structure.cc:74 Dynamic e block size because the block size changed from 1 to 9
detect_structure.cc:93 Dynamic f block size because the block size changed from 6 to 9
detect_structure.cc:114 Schur complement static structure <-1,-1,-1>.
schur_eliminator.cc:155 Template specializations not found for <-1,-1,-1>
block_sparse_matrix.cc:208 Allocating values array with 288104 bytes.
detect_structure.cc:63 Dynamic row block size because the block size changed from 2 to 15
detect_structure.cc:74 Dynamic e block size because the block size changed from 1 to 9
detect_structure.cc:93 Dynamic f block size because the block size changed from 6 to 9
detect_structure.cc:114 Schur complement static structure <-1,-1,-1>.
detect_structure.cc:63 Dynamic row block size because the block size changed from 2 to 15
detect_structure.cc:74 Dynamic e block size because the block size changed from 1 to 9
detect_structure.cc:93 Dynamic f block size because the block size changed from 6 to 9
detect_structure.cc:114 Schur complement static structure <-1,-1,-1>.
schur_eliminator.cc:155 Template specializations not found for <-1,-1,-1>
block_sparse_matrix.cc:208 Allocating values array with 278568 bytes.
detect_structure.cc:63 Dynamic row block size because the block size changed from 2 to 15
detect_structure.cc:74 Dynamic e block size because the block size changed from 1 to 9
detect_structure.cc:93 Dynamic f block size because the block size changed from 6 to 9
detect_structure.cc:114 Schur complement static structure <-1,-1,-1>.
detect_structure.cc:63 Dynamic row block size because the block size changed from 2 to 15
detect_structure.cc:74 Dynamic e block size because the block size changed from 1 to 9
detect_structure.cc:93 Dynamic f block size because the block size changed from 6 to 9
detect_structure.cc:114 Schur complement static structure <-1,-1,-1>.
schur_eliminator.cc:155 Template specializations not found for <-1,-1,-1>
block_sparse_matrix.cc:208 Allocating values array with 300792 bytes.
detect_structure.cc:63 Dynamic row block size because the block size changed from 2 to 15
detect_structure.cc:74 Dynamic e block size because the block size changed from 1 to 9
detect_structure.cc:93 Dynamic f block size because the block size changed from 6 to 9
detect_structure.cc:114 Schur complement static structure <-1,-1,-1>.
detect_structure.cc:63 Dynamic row block size because the block size changed from 2 to 15
detect_structure.cc:74 Dynamic e block size because the block size changed from 1 to 9
detect_structure.cc:93 Dynamic f block size because the block size changed from 6 to 9
detect_structure.cc:114 Schur complement static structure <-1,-1,-1>.
schur_eliminator.cc:155 Template specializations not found for <-1,-1,-1>
[FeatureTracker] F-matrix: 144 → 93 (rejected 51, threshold=1.000000)
block_sparse_matrix.cc:208 Allocating values array with 287304 bytes.
detect_structure.cc:63 Dynamic row block size because the block size changed from 2 to 15
detect_structure.cc:74 Dynamic e block size because the block size changed from 1 to 9
detect_structure.cc:93 Dynamic f block size because the block size changed from 6 to 9
detect_structure.cc:114 Schur complement static structure <-1,-1,-1>.
detect_structure.cc:63 Dynamic row block size because the block size changed from 2 to 15
detect_structure.cc:74 Dynamic e block size because the block size changed from 1 to 9
detect_structure.cc:93 Dynamic f block size because the block size changed from 6 to 9
detect_structure.cc:114 Schur complement static structure <-1,-1,-1>.
schur_eliminator.cc:155 Template specializations not found for <-1,-1,-1>
block_sparse_matrix.cc:208 Allocating values array with 292056 bytes.
detect_structure.cc:63 Dynamic row block size because the block size changed from 2 to 15
detect_structure.cc:74 Dynamic e block size because the block size changed from 1 to 9
detect_structure.cc:93 Dynamic f block size because the block size changed from 6 to 9
detect_structure.cc:114 Schur complement static structure <-1,-1,-1>.
detect_structure.cc:63 Dynamic row block size because the block size changed from 2 to 15
detect_structure.cc:74 Dynamic e block size because the block size changed from 1 to 9
detect_structure.cc:93 Dynamic f block size because the block size changed from 6 to 9
detect_structure.cc:114 Schur complement static structure <-1,-1,-1>.
schur_eliminator.cc:155 Template specializations not found for <-1,-1,-1>
block_sparse_matrix.cc:208 Allocating values array with 285016 bytes.
detect_structure.cc:63 Dynamic row block size because the block size changed from 2 to 15
detect_structure.cc:74 Dynamic e block size because the block size changed from 1 to 9
detect_structure.cc:93 Dynamic f block size because the block size changed from 6 to 9
detect_structure.cc:114 Schur complement static structure <-1,-1,-1>.
detect_structure.cc:63 Dynamic row block size because the block size changed from 2 to 15
detect_structure.cc:74 Dynamic e block size because the block size changed from 1 to 9
detect_structure.cc:93 Dynamic f block size because the block size changed from 6 to 9
detect_structure.cc:114 Schur complement static structure <-1,-1,-1>.
schur_eliminator.cc:155 Template specializations not found for <-1,-1,-1>
block_sparse_matrix.cc:208 Allocating values array with 289560 bytes.
detect_structure.cc:63 Dynamic row block size because the block size changed from 2 to 15
detect_structure.cc:74 Dynamic e block size because the block size changed from 1 to 9
detect_structure.cc:93 Dynamic f block size because the block size changed from 6 to 9
detect_structure.cc:114 Schur complement static structure <-1,-1,-1>.
detect_structure.cc:63 Dynamic row block size because the block size changed from 2 to 15
detect_structure.cc:74 Dynamic e block size because the block size changed from 1 to 9
detect_structure.cc:93 Dynamic f block size because the block size changed from 6 to 9
detect_structure.cc:114 Schur complement static structure <-1,-1,-1>.
schur_eliminator.cc:155 Template specializations not found for <-1,-1,-1>
block_sparse_matrix.cc:208 Allocating values array with 302248 bytes.
detect_structure.cc:63 Dynamic row block size because the block size changed from 2 to 15
detect_structure.cc:74 Dynamic e block size because the block size changed from 1 to 9
detect_structure.cc:93 Dynamic f block size because the block size changed from 6 to 9
detect_structure.cc:114 Schur complement static structure <-1,-1,-1>.
detect_structure.cc:63 Dynamic row block size because the block size changed from 2 to 15
detect_structure.cc:74 Dynamic e block size because the block size changed from 1 to 9
detect_structure.cc:93 Dynamic f block size because the block size changed from 6 to 9
detect_structure.cc:114 Schur complement static structure <-1,-1,-1>.
schur_eliminator.cc:155 Template specializations not found for <-1,-1,-1>
block_sparse_matrix.cc:208 Allocating values array with 304328 bytes.
detect_structure.cc:63 Dynamic row block size because the block size changed from 2 to 15
detect_structure.cc:74 Dynamic e block size because the block size changed from 1 to 9
detect_structure.cc:93 Dynamic f block size because the block size changed from 6 to 9
detect_structure.cc:114 Schur complement static structure <-1,-1,-1>.
detect_structure.cc:63 Dynamic row block size because the block size changed from 2 to 15
detect_structure.cc:74 Dynamic e block size because the block size changed from 1 to 9
detect_structure.cc:93 Dynamic f block size because the block size changed from 6 to 9
detect_structure.cc:114 Schur complement static structure <-1,-1,-1>.
schur_eliminator.cc:155 Template specializations not found for <-1,-1,-1>
block_sparse_matrix.cc:208 Allocating values array with 304328 bytes.
detect_structure.cc:63 Dynamic row block size because the block size changed from 2 to 15
detect_structure.cc:74 Dynamic e block size because the block size changed from 1 to 9
detect_structure.cc:93 Dynamic f block size because the block size changed from 6 to 9
detect_structure.cc:114 Schur complement static structure <-1,-1,-1>.
detect_structure.cc:63 Dynamic row block size because the block size changed from 2 to 15
detect_structure.cc:74 Dynamic e block size because the block size changed from 1 to 9
detect_structure.cc:93 Dynamic f block size because the block size changed from 6 to 9
detect_structure.cc:114 Schur complement static structure <-1,-1,-1>.
schur_eliminator.cc:155 Template specializations not found for <-1,-1,-1>
block_sparse_matrix.cc:208 Allocating values array with 306616 bytes.
detect_structure.cc:63 Dynamic row block size because the block size changed from 2 to 15
detect_structure.cc:74 Dynamic e block size because the block size changed from 1 to 9
detect_structure.cc:93 Dynamic f block size because the block size changed from 6 to 9
detect_structure.cc:114 Schur complement static structure <-1,-1,-1>.
detect_structure.cc:63 Dynamic row block size because the block size changed from 2 to 15
detect_structure.cc:74 Dynamic e block size because the block size changed from 1 to 9
detect_structure.cc:93 Dynamic f block size because the block size changed from 6 to 9
detect_structure.cc:114 Schur complement static structure <-1,-1,-1>.
schur_eliminator.cc:155 Template specializations not found for <-1,-1,-1>
block_sparse_matrix.cc:208 Allocating values array with 304328 bytes.
detect_structure.cc:63 Dynamic row block size because the block size changed from 2 to 15
detect_structure.cc:74 Dynamic e block size because the block size changed from 1 to 9
detect_structure.cc:93 Dynamic f block size because the block size changed from 6 to 9
detect_structure.cc:114 Schur complement static structure <-1,-1,-1>.
detect_structure.cc:63 Dynamic row block size because the block size changed from 2 to 15
detect_structure.cc:74 Dynamic e block size because the block size changed from 1 to 9
detect_structure.cc:93 Dynamic f block size because the block size changed from 6 to 9
detect_structure.cc:114 Schur complement static structure <-1,-1,-1>.
schur_eliminator.cc:155 Template specializations not found for <-1,-1,-1>
block_sparse_matrix.cc:208 Allocating values array with 299960 bytes.
detect_structure.cc:63 Dynamic row block size because the block size changed from 2 to 15
detect_structure.cc:74 Dynamic e block size because the block size changed from 1 to 9
detect_structure.cc:93 Dynamic f block size because the block size changed from 6 to 9
detect_structure.cc:114 Schur complement static structure <-1,-1,-1>.
detect_structure.cc:63 Dynamic row block size because the block size changed from 2 to 15
detect_structure.cc:74 Dynamic e block size because the block size changed from 1 to 9
detect_structure.cc:93 Dynamic f block size because the block size changed from 6 to 9
detect_structure.cc:114 Schur complement static structure <-1,-1,-1>.
schur_eliminator.cc:155 Template specializations not found for <-1,-1,-1>
block_sparse_matrix.cc:208 Allocating values array with 293512 bytes.
detect_structure.cc:63 Dynamic row block size because the block size changed from 2 to 15
detect_structure.cc:74 Dynamic e block size because the block size changed from 1 to 9
detect_structure.cc:93 Dynamic f block size because the block size changed from 6 to 9
detect_structure.cc:114 Schur complement static structure <-1,-1,-1>.
detect_structure.cc:63 Dynamic row block size because the block size changed from 2 to 15
detect_structure.cc:74 Dynamic e block size because the block size changed from 1 to 9
detect_structure.cc:93 Dynamic f block size because the block size changed from 6 to 9
detect_structure.cc:114 Schur complement static structure <-1,-1,-1>.
schur_eliminator.cc:155 Template specializations not found for <-1,-1,-1>
[Native]    300 frames → 255 poses

=== Summary ===
VIOEngine: 172 poses
Native:    255 poses
VIOEngine last: [-0.0773, 0.6217, -0.1284]
Native    last: [-0.0306, 0.6156, -0.2009]
[       OK ] VIOParityTest.BothProduceTrajectories (11499 ms)
[ RUN      ] VIOParityTest.TrajectoryComparison
Loading configuration from: ./config/tum_vi_room1.yaml
Configuration loaded successfully from: ./config/tum_vi_room1.yaml
block_sparse_matrix.cc:208 Allocating values array with 214272 bytes.
detect_structure.cc:114 Schur complement static structure <2,3,3>.
detect_structure.cc:114 Schur complement static structure <2,3,3>.
schur_eliminator.cc:155 Template specializations not found for <2,3,3>
block_sparse_matrix.cc:208 Allocating values array with 214080 bytes.
detect_structure.cc:114 Schur complement static structure <2,3,3>.
detect_structure.cc:114 Schur complement static structure <2,3,3>.
schur_eliminator.cc:155 Template specializations not found for <2,3,3>
block_sparse_matrix.cc:208 Allocating values array with 213792 bytes.
detect_structure.cc:114 Schur complement static structure <2,3,3>.
detect_structure.cc:114 Schur complement static structure <2,3,3>.
schur_eliminator.cc:155 Template specializations not found for <2,3,3>
block_sparse_matrix.cc:208 Allocating values array with 208512 bytes.
detect_structure.cc:114 Schur complement static structure <2,3,3>.
detect_structure.cc:114 Schur complement static structure <2,3,3>.
schur_eliminator.cc:155 Template specializations not found for <2,3,3>
block_sparse_matrix.cc:208 Allocating values array with 207552 bytes.
detect_structure.cc:114 Schur complement static structure <2,3,3>.
detect_structure.cc:114 Schur complement static structure <2,3,3>.
schur_eliminator.cc:155 Template specializations not found for <2,3,3>
[VIO] Initialization SUCCESS
[VIO]   gravity: -0.0000 -0.0000  9.8101 (norm=9.8101)
[VIO]   V[0]:  0.0379 -0.0076 -0.0199 (norm=0.0435)
[VIO]   Ba[0]: 0.0000 0.0000 0.0000
[VIO]   Bg[0]: -0.0035  0.0055 -0.0018
block_sparse_matrix.cc:208 Allocating values array with 326576 bytes.
detect_structure.cc:63 Dynamic row block size because the block size changed from 2 to 15
detect_structure.cc:74 Dynamic e block size because the block size changed from 1 to 9
detect_structure.cc:93 Dynamic f block size because the block size changed from 6 to 9
detect_structure.cc:114 Schur complement static structure <-1,-1,-1>.
detect_structure.cc:63 Dynamic row block size because the block size changed from 2 to 15
detect_structure.cc:74 Dynamic e block size because the block size changed from 1 to 9
detect_structure.cc:93 Dynamic f block size because the block size changed from 6 to 9
detect_structure.cc:114 Schur complement static structure <-1,-1,-1>.
schur_eliminator.cc:155 Template specializations not found for <-1,-1,-1>
block_sparse_matrix.cc:208 Allocating values array with 358824 bytes.
detect_structure.cc:63 Dynamic row block size because the block size changed from 2 to 15
detect_structure.cc:74 Dynamic e block size because the block size changed from 1 to 9
detect_structure.cc:93 Dynamic f block size because the block size changed from 6 to 9
detect_structure.cc:114 Schur complement static structure <-1,-1,-1>.
detect_structure.cc:63 Dynamic row block size because the block size changed from 2 to 15
detect_structure.cc:74 Dynamic e block size because the block size changed from 1 to 9
detect_structure.cc:93 Dynamic f block size because the block size changed from 6 to 9
detect_structure.cc:114 Schur complement static structure <-1,-1,-1>.
schur_eliminator.cc:155 Template specializations not found for <-1,-1,-1>
block_sparse_matrix.cc:208 Allocating values array with 356952 bytes.
detect_structure.cc:63 Dynamic row block size because the block size changed from 2 to 15
detect_structure.cc:74 Dynamic e block size because the block size changed from 1 to 9
detect_structure.cc:93 Dynamic f block size because the block size changed from 6 to 9
detect_structure.cc:114 Schur complement static structure <-1,-1,-1>.
detect_structure.cc:63 Dynamic row block size because the block size changed from 2 to 15
detect_structure.cc:74 Dynamic e block size because the block size changed from 1 to 9
detect_structure.cc:93 Dynamic f block size because the block size changed from 6 to 9
detect_structure.cc:114 Schur complement static structure <-1,-1,-1>.
schur_eliminator.cc:155 Template specializations not found for <-1,-1,-1>
block_sparse_matrix.cc:208 Allocating values array with 351336 bytes.
detect_structure.cc:63 Dynamic row block size because the block size changed from 2 to 15
detect_structure.cc:74 Dynamic e block size because the block size changed from 1 to 9
detect_structure.cc:93 Dynamic f block size because the block size changed from 6 to 9
detect_structure.cc:114 Schur complement static structure <-1,-1,-1>.
detect_structure.cc:63 Dynamic row block size because the block size changed from 2 to 15
detect_structure.cc:74 Dynamic e block size because the block size changed from 1 to 9
detect_structure.cc:93 Dynamic f block size because the block size changed from 6 to 9
detect_structure.cc:114 Schur complement static structure <-1,-1,-1>.
schur_eliminator.cc:155 Template specializations not found for <-1,-1,-1>
block_sparse_matrix.cc:208 Allocating values array with 344680 bytes.
detect_structure.cc:63 Dynamic row block size because the block size changed from 2 to 15
detect_structure.cc:74 Dynamic e block size because the block size changed from 1 to 9
detect_structure.cc:93 Dynamic f block size because the block size changed from 6 to 9
detect_structure.cc:114 Schur complement static structure <-1,-1,-1>.
detect_structure.cc:63 Dynamic row block size because the block size changed from 2 to 15
detect_structure.cc:74 Dynamic e block size because the block size changed from 1 to 9
detect_structure.cc:93 Dynamic f block size because the block size changed from 6 to 9
detect_structure.cc:114 Schur complement static structure <-1,-1,-1>.
schur_eliminator.cc:155 Template specializations not found for <-1,-1,-1>
block_sparse_matrix.cc:208 Allocating values array with 340104 bytes.
detect_structure.cc:63 Dynamic row block size because the block size changed from 2 to 15
detect_structure.cc:74 Dynamic e block size because the block size changed from 1 to 9
detect_structure.cc:93 Dynamic f block size because the block size changed from 6 to 9
detect_structure.cc:114 Schur complement static structure <-1,-1,-1>.
detect_structure.cc:63 Dynamic row block size because the block size changed from 2 to 15
detect_structure.cc:74 Dynamic e block size because the block size changed from 1 to 9
detect_structure.cc:93 Dynamic f block size because the block size changed from 6 to 9
detect_structure.cc:114 Schur complement static structure <-1,-1,-1>.
schur_eliminator.cc:155 Template specializations not found for <-1,-1,-1>
block_sparse_matrix.cc:208 Allocating values array with 334904 bytes.
detect_structure.cc:63 Dynamic row block size because the block size changed from 2 to 15
detect_structure.cc:74 Dynamic e block size because the block size changed from 1 to 9
detect_structure.cc:93 Dynamic f block size because the block size changed from 6 to 9
detect_structure.cc:114 Schur complement static structure <-1,-1,-1>.
detect_structure.cc:63 Dynamic row block size because the block size changed from 2 to 15
detect_structure.cc:74 Dynamic e block size because the block size changed from 1 to 9
detect_structure.cc:93 Dynamic f block size because the block size changed from 6 to 9
detect_structure.cc:114 Schur complement static structure <-1,-1,-1>.
schur_eliminator.cc:155 Template specializations not found for <-1,-1,-1>
block_sparse_matrix.cc:208 Allocating values array with 331784 bytes.
detect_structure.cc:63 Dynamic row block size because the block size changed from 2 to 15
detect_structure.cc:74 Dynamic e block size because the block size changed from 1 to 9
detect_structure.cc:93 Dynamic f block size because the block size changed from 6 to 9
detect_structure.cc:114 Schur complement static structure <-1,-1,-1>.
detect_structure.cc:63 Dynamic row block size because the block size changed from 2 to 15
detect_structure.cc:74 Dynamic e block size because the block size changed from 1 to 9
detect_structure.cc:93 Dynamic f block size because the block size changed from 6 to 9
detect_structure.cc:114 Schur complement static structure <-1,-1,-1>.
schur_eliminator.cc:155 Template specializations not found for <-1,-1,-1>
block_sparse_matrix.cc:208 Allocating values array with 324296 bytes.
detect_structure.cc:63 Dynamic row block size because the block size changed from 2 to 15
detect_structure.cc:74 Dynamic e block size because the block size changed from 1 to 9
detect_structure.cc:93 Dynamic f block size because the block size changed from 6 to 9
detect_structure.cc:114 Schur complement static structure <-1,-1,-1>.
detect_structure.cc:63 Dynamic row block size because the block size changed from 2 to 15
detect_structure.cc:74 Dynamic e block size because the block size changed from 1 to 9
detect_structure.cc:93 Dynamic f block size because the block size changed from 6 to 9
detect_structure.cc:114 Schur complement static structure <-1,-1,-1>.
schur_eliminator.cc:155 Template specializations not found for <-1,-1,-1>
[VIO DIAG] f=180 tri: ok=165 wait=6 fail=0 default=0 depth: avg=1.3915 min=0.3325 max=2.3009 |vel|=0.6106 vel=(0.2766,-0.0667,0.5402) ba=(-0.1766,-0.0242,0.0048) bg=(-0.0028,0.0001,-0.0006)
block_sparse_matrix.cc:208 Allocating values array with 318264 bytes.
detect_structure.cc:63 Dynamic row block size because the block size changed from 2 to 15
detect_structure.cc:74 Dynamic e block size because the block size changed from 1 to 9
detect_structure.cc:93 Dynamic f block size because the block size changed from 6 to 9
detect_structure.cc:114 Schur complement static structure <-1,-1,-1>.
detect_structure.cc:63 Dynamic row block size because the block size changed from 2 to 15
detect_structure.cc:74 Dynamic e block size because the block size changed from 1 to 9
detect_structure.cc:93 Dynamic f block size because the block size changed from 6 to 9
detect_structure.cc:114 Schur complement static structure <-1,-1,-1>.
schur_eliminator.cc:155 Template specializations not found for <-1,-1,-1>
block_sparse_matrix.cc:208 Allocating values array with 314520 bytes.
detect_structure.cc:63 Dynamic row block size because the block size changed from 2 to 15
detect_structure.cc:74 Dynamic e block size because the block size changed from 1 to 9
detect_structure.cc:93 Dynamic f block size because the block size changed from 6 to 9
detect_structure.cc:114 Schur complement static structure <-1,-1,-1>.
detect_structure.cc:63 Dynamic row block size because the block size changed from 2 to 15
detect_structure.cc:74 Dynamic e block size because the block size changed from 1 to 9
detect_structure.cc:93 Dynamic f block size because the block size changed from 6 to 9
detect_structure.cc:114 Schur complement static structure <-1,-1,-1>.
schur_eliminator.cc:155 Template specializations not found for <-1,-1,-1>
block_sparse_matrix.cc:208 Allocating values array with 311816 bytes.
detect_structure.cc:63 Dynamic row block size because the block size changed from 2 to 15
detect_structure.cc:74 Dynamic e block size because the block size changed from 1 to 9
detect_structure.cc:93 Dynamic f block size because the block size changed from 6 to 9
detect_structure.cc:114 Schur complement static structure <-1,-1,-1>.
detect_structure.cc:63 Dynamic row block size because the block size changed from 2 to 15
detect_structure.cc:74 Dynamic e block size because the block size changed from 1 to 9
detect_structure.cc:93 Dynamic f block size because the block size changed from 6 to 9
detect_structure.cc:114 Schur complement static structure <-1,-1,-1>.
schur_eliminator.cc:155 Template specializations not found for <-1,-1,-1>
block_sparse_matrix.cc:208 Allocating values array with 304776 bytes.
detect_structure.cc:63 Dynamic row block size because the block size changed from 2 to 15
detect_structure.cc:74 Dynamic e block size because the block size changed from 1 to 9
detect_structure.cc:93 Dynamic f block size because the block size changed from 6 to 9
detect_structure.cc:114 Schur complement static structure <-1,-1,-1>.
detect_structure.cc:63 Dynamic row block size because the block size changed from 2 to 15
detect_structure.cc:74 Dynamic e block size because the block size changed from 1 to 9
detect_structure.cc:93 Dynamic f block size because the block size changed from 6 to 9
detect_structure.cc:114 Schur complement static structure <-1,-1,-1>.
schur_eliminator.cc:155 Template specializations not found for <-1,-1,-1>
block_sparse_matrix.cc:208 Allocating values array with 312232 bytes.
detect_structure.cc:63 Dynamic row block size because the block size changed from 2 to 15
detect_structure.cc:74 Dynamic e block size because the block size changed from 1 to 9
detect_structure.cc:93 Dynamic f block size because the block size changed from 6 to 9
detect_structure.cc:114 Schur complement static structure <-1,-1,-1>.
detect_structure.cc:63 Dynamic row block size because the block size changed from 2 to 15
detect_structure.cc:74 Dynamic e block size because the block size changed from 1 to 9
detect_structure.cc:93 Dynamic f block size because the block size changed from 6 to 9
detect_structure.cc:114 Schur complement static structure <-1,-1,-1>.
schur_eliminator.cc:155 Template specializations not found for <-1,-1,-1>
[FeatureTracker] F-matrix: 145 → 91 (rejected 54, threshold=1.0000)
block_sparse_matrix.cc:208 Allocating values array with 297704 bytes.
detect_structure.cc:63 Dynamic row block size because the block size changed from 2 to 15
detect_structure.cc:74 Dynamic e block size because the block size changed from 1 to 9
detect_structure.cc:93 Dynamic f block size because the block size changed from 6 to 9
detect_structure.cc:114 Schur complement static structure <-1,-1,-1>.
detect_structure.cc:63 Dynamic row block size because the block size changed from 2 to 15
detect_structure.cc:74 Dynamic e block size because the block size changed from 1 to 9
detect_structure.cc:93 Dynamic f block size because the block size changed from 6 to 9
detect_structure.cc:114 Schur complement static structure <-1,-1,-1>.
schur_eliminator.cc:155 Template specializations not found for <-1,-1,-1>
block_sparse_matrix.cc:208 Allocating values array with 289592 bytes.
detect_structure.cc:63 Dynamic row block size because the block size changed from 2 to 15
detect_structure.cc:74 Dynamic e block size because the block size changed from 1 to 9
detect_structure.cc:93 Dynamic f block size because the block size changed from 6 to 9
detect_structure.cc:114 Schur complement static structure <-1,-1,-1>.
detect_structure.cc:63 Dynamic row block size because the block size changed from 2 to 15
detect_structure.cc:74 Dynamic e block size because the block size changed from 1 to 9
detect_structure.cc:93 Dynamic f block size because the block size changed from 6 to 9
detect_structure.cc:114 Schur complement static structure <-1,-1,-1>.
schur_eliminator.cc:155 Template specializations not found for <-1,-1,-1>
block_sparse_matrix.cc:208 Allocating values array with 289384 bytes.
detect_structure.cc:63 Dynamic row block size because the block size changed from 2 to 15
detect_structure.cc:74 Dynamic e block size because the block size changed from 1 to 9
detect_structure.cc:93 Dynamic f block size because the block size changed from 6 to 9
detect_structure.cc:114 Schur complement static structure <-1,-1,-1>.
detect_structure.cc:63 Dynamic row block size because the block size changed from 2 to 15
detect_structure.cc:74 Dynamic e block size because the block size changed from 1 to 9
detect_structure.cc:93 Dynamic f block size because the block size changed from 6 to 9
detect_structure.cc:114 Schur complement static structure <-1,-1,-1>.
schur_eliminator.cc:155 Template specializations not found for <-1,-1,-1>
block_sparse_matrix.cc:208 Allocating values array with 288968 bytes.
detect_structure.cc:63 Dynamic row block size because the block size changed from 2 to 15
detect_structure.cc:74 Dynamic e block size because the block size changed from 1 to 9
detect_structure.cc:93 Dynamic f block size because the block size changed from 6 to 9
detect_structure.cc:114 Schur complement static structure <-1,-1,-1>.
detect_structure.cc:63 Dynamic row block size because the block size changed from 2 to 15
detect_structure.cc:74 Dynamic e block size because the block size changed from 1 to 9
detect_structure.cc:93 Dynamic f block size because the block size changed from 6 to 9
detect_structure.cc:114 Schur complement static structure <-1,-1,-1>.
schur_eliminator.cc:155 Template specializations not found for <-1,-1,-1>
block_sparse_matrix.cc:208 Allocating values array with 288344 bytes.
detect_structure.cc:63 Dynamic row block size because the block size changed from 2 to 15
detect_structure.cc:74 Dynamic e block size because the block size changed from 1 to 9
detect_structure.cc:93 Dynamic f block size because the block size changed from 6 to 9
detect_structure.cc:114 Schur complement static structure <-1,-1,-1>.
detect_structure.cc:63 Dynamic row block size because the block size changed from 2 to 15
detect_structure.cc:74 Dynamic e block size because the block size changed from 1 to 9
detect_structure.cc:93 Dynamic f block size because the block size changed from 6 to 9
detect_structure.cc:114 Schur complement static structure <-1,-1,-1>.
schur_eliminator.cc:155 Template specializations not found for <-1,-1,-1>
block_sparse_matrix.cc:208 Allocating values array with 285608 bytes.
detect_structure.cc:63 Dynamic row block size because the block size changed from 2 to 15
detect_structure.cc:74 Dynamic e block size because the block size changed from 1 to 9
detect_structure.cc:93 Dynamic f block size because the block size changed from 6 to 9
detect_structure.cc:114 Schur complement static structure <-1,-1,-1>.
detect_structure.cc:63 Dynamic row block size because the block size changed from 2 to 15
detect_structure.cc:74 Dynamic e block size because the block size changed from 1 to 9
detect_structure.cc:93 Dynamic f block size because the block size changed from 6 to 9
detect_structure.cc:114 Schur complement static structure <-1,-1,-1>.
schur_eliminator.cc:155 Template specializations not found for <-1,-1,-1>
block_sparse_matrix.cc:208 Allocating values array with 289976 bytes.
detect_structure.cc:63 Dynamic row block size because the block size changed from 2 to 15
detect_structure.cc:74 Dynamic e block size because the block size changed from 1 to 9
detect_structure.cc:93 Dynamic f block size because the block size changed from 6 to 9
detect_structure.cc:114 Schur complement static structure <-1,-1,-1>.
detect_structure.cc:63 Dynamic row block size because the block size changed from 2 to 15
detect_structure.cc:74 Dynamic e block size because the block size changed from 1 to 9
detect_structure.cc:93 Dynamic f block size because the block size changed from 6 to 9
detect_structure.cc:114 Schur complement static structure <-1,-1,-1>.
schur_eliminator.cc:155 Template specializations not found for <-1,-1,-1>
block_sparse_matrix.cc:208 Allocating values array with 287064 bytes.
detect_structure.cc:63 Dynamic row block size because the block size changed from 2 to 15
detect_structure.cc:74 Dynamic e block size because the block size changed from 1 to 9
detect_structure.cc:93 Dynamic f block size because the block size changed from 6 to 9
detect_structure.cc:114 Schur complement static structure <-1,-1,-1>.
detect_structure.cc:63 Dynamic row block size because the block size changed from 2 to 15
detect_structure.cc:74 Dynamic e block size because the block size changed from 1 to 9
detect_structure.cc:93 Dynamic f block size because the block size changed from 6 to 9
detect_structure.cc:114 Schur complement static structure <-1,-1,-1>.
schur_eliminator.cc:155 Template specializations not found for <-1,-1,-1>
block_sparse_matrix.cc:208 Allocating values array with 284152 bytes.
detect_structure.cc:63 Dynamic row block size because the block size changed from 2 to 15
detect_structure.cc:74 Dynamic e block size because the block size changed from 1 to 9
detect_structure.cc:93 Dynamic f block size because the block size changed from 6 to 9
detect_structure.cc:114 Schur complement static structure <-1,-1,-1>.
detect_structure.cc:63 Dynamic row block size because the block size changed from 2 to 15
detect_structure.cc:74 Dynamic e block size because the block size changed from 1 to 9
detect_structure.cc:93 Dynamic f block size because the block size changed from 6 to 9
detect_structure.cc:114 Schur complement static structure <-1,-1,-1>.
schur_eliminator.cc:155 Template specializations not found for <-1,-1,-1>
block_sparse_matrix.cc:208 Allocating values array with 279992 bytes.
detect_structure.cc:63 Dynamic row block size because the block size changed from 2 to 15
detect_structure.cc:74 Dynamic e block size because the block size changed from 1 to 9
detect_structure.cc:93 Dynamic f block size because the block size changed from 6 to 9
detect_structure.cc:114 Schur complement static structure <-1,-1,-1>.
detect_structure.cc:63 Dynamic row block size because the block size changed from 2 to 15
detect_structure.cc:74 Dynamic e block size because the block size changed from 1 to 9
detect_structure.cc:93 Dynamic f block size because the block size changed from 6 to 9
detect_structure.cc:114 Schur complement static structure <-1,-1,-1>.
schur_eliminator.cc:155 Template specializations not found for <-1,-1,-1>
block_sparse_matrix.cc:208 Allocating values array with 276872 bytes.
detect_structure.cc:63 Dynamic row block size because the block size changed from 2 to 15
detect_structure.cc:74 Dynamic e block size because the block size changed from 1 to 9
detect_structure.cc:93 Dynamic f block size because the block size changed from 6 to 9
detect_structure.cc:114 Schur complement static structure <-1,-1,-1>.
detect_structure.cc:63 Dynamic row block size because the block size changed from 2 to 15
detect_structure.cc:74 Dynamic e block size because the block size changed from 1 to 9
detect_structure.cc:93 Dynamic f block size because the block size changed from 6 to 9
detect_structure.cc:114 Schur complement static structure <-1,-1,-1>.
schur_eliminator.cc:155 Template specializations not found for <-1,-1,-1>
block_sparse_matrix.cc:208 Allocating values array with 273128 bytes.
detect_structure.cc:63 Dynamic row block size because the block size changed from 2 to 15
detect_structure.cc:74 Dynamic e block size because the block size changed from 1 to 9
detect_structure.cc:93 Dynamic f block size because the block size changed from 6 to 9
detect_structure.cc:114 Schur complement static structure <-1,-1,-1>.
detect_structure.cc:63 Dynamic row block size because the block size changed from 2 to 15
detect_structure.cc:74 Dynamic e block size because the block size changed from 1 to 9
detect_structure.cc:93 Dynamic f block size because the block size changed from 6 to 9
detect_structure.cc:114 Schur complement static structure <-1,-1,-1>.
schur_eliminator.cc:155 Template specializations not found for <-1,-1,-1>
block_sparse_matrix.cc:208 Allocating values array with 268344 bytes.
detect_structure.cc:63 Dynamic row block size because the block size changed from 2 to 15
detect_structure.cc:74 Dynamic e block size because the block size changed from 1 to 9
detect_structure.cc:93 Dynamic f block size because the block size changed from 6 to 9
detect_structure.cc:114 Schur complement static structure <-1,-1,-1>.
detect_structure.cc:63 Dynamic row block size because the block size changed from 2 to 15
detect_structure.cc:74 Dynamic e block size because the block size changed from 1 to 9
detect_structure.cc:93 Dynamic f block size because the block size changed from 6 to 9
detect_structure.cc:114 Schur complement static structure <-1,-1,-1>.
schur_eliminator.cc:155 Template specializations not found for <-1,-1,-1>
block_sparse_matrix.cc:208 Allocating values array with 273336 bytes.
detect_structure.cc:63 Dynamic row block size because the block size changed from 2 to 15
detect_structure.cc:74 Dynamic e block size because the block size changed from 1 to 9
detect_structure.cc:93 Dynamic f block size because the block size changed from 6 to 9
detect_structure.cc:114 Schur complement static structure <-1,-1,-1>.
detect_structure.cc:63 Dynamic row block size because the block size changed from 2 to 15
detect_structure.cc:74 Dynamic e block size because the block size changed from 1 to 9
detect_structure.cc:93 Dynamic f block size because the block size changed from 6 to 9
detect_structure.cc:114 Schur complement static structure <-1,-1,-1>.
schur_eliminator.cc:155 Template specializations not found for <-1,-1,-1>
block_sparse_matrix.cc:208 Allocating values array with 274376 bytes.
detect_structure.cc:63 Dynamic row block size because the block size changed from 2 to 15
detect_structure.cc:74 Dynamic e block size because the block size changed from 1 to 9
detect_structure.cc:93 Dynamic f block size because the block size changed from 6 to 9
detect_structure.cc:114 Schur complement static structure <-1,-1,-1>.
detect_structure.cc:63 Dynamic row block size because the block size changed from 2 to 15
detect_structure.cc:74 Dynamic e block size because the block size changed from 1 to 9
detect_structure.cc:93 Dynamic f block size because the block size changed from 6 to 9
detect_structure.cc:114 Schur complement static structure <-1,-1,-1>.
schur_eliminator.cc:155 Template specializations not found for <-1,-1,-1>
[VIO DIAG] f=200 tri: ok=152 wait=1 fail=0 default=0 depth: avg=1.3680 min=0.2337 max=2.4789 |vel|=0.8602 vel=(-0.8575,0.0467,0.0496) ba=(0.3439,-1.1420,0.0549) bg=(-0.0044,-0.0008,0.0003)
block_sparse_matrix.cc:208 Allocating values array with 270632 bytes.
detect_structure.cc:63 Dynamic row block size because the block size changed from 2 to 15
detect_structure.cc:74 Dynamic e block size because the block size changed from 1 to 9
detect_structure.cc:93 Dynamic f block size because the block size changed from 6 to 9
detect_structure.cc:114 Schur complement static structure <-1,-1,-1>.
detect_structure.cc:63 Dynamic row block size because the block size changed from 2 to 15
detect_structure.cc:74 Dynamic e block size because the block size changed from 1 to 9
detect_structure.cc:93 Dynamic f block size because the block size changed from 6 to 9
detect_structure.cc:114 Schur complement static structure <-1,-1,-1>.
schur_eliminator.cc:155 Template specializations not found for <-1,-1,-1>
[FeatureTracker] F-matrix: 122 → 60 (rejected 62, threshold=1.0000)
block_sparse_matrix.cc:208 Allocating values array with 263768 bytes.
detect_structure.cc:63 Dynamic row block size because the block size changed from 2 to 15
detect_structure.cc:74 Dynamic e block size because the block size changed from 1 to 9
detect_structure.cc:93 Dynamic f block size because the block size changed from 6 to 9
detect_structure.cc:114 Schur complement static structure <-1,-1,-1>.
detect_structure.cc:63 Dynamic row block size because the block size changed from 2 to 15
detect_structure.cc:74 Dynamic e block size because the block size changed from 1 to 9
detect_structure.cc:93 Dynamic f block size because the block size changed from 6 to 9
detect_structure.cc:114 Schur complement static structure <-1,-1,-1>.
schur_eliminator.cc:155 Template specializations not found for <-1,-1,-1>
block_sparse_matrix.cc:208 Allocating values array with 248408 bytes.
detect_structure.cc:63 Dynamic row block size because the block size changed from 2 to 15
detect_structure.cc:74 Dynamic e block size because the block size changed from 1 to 9
detect_structure.cc:93 Dynamic f block size because the block size changed from 6 to 9
detect_structure.cc:114 Schur complement static structure <-1,-1,-1>.
detect_structure.cc:63 Dynamic row block size because the block size changed from 2 to 15
detect_structure.cc:74 Dynamic e block size because the block size changed from 1 to 9
detect_structure.cc:93 Dynamic f block size because the block size changed from 6 to 9
detect_structure.cc:114 Schur complement static structure <-1,-1,-1>.
schur_eliminator.cc:155 Template specializations not found for <-1,-1,-1>
block_sparse_matrix.cc:208 Allocating values array with 247960 bytes.
detect_structure.cc:63 Dynamic row block size because the block size changed from 2 to 15
detect_structure.cc:74 Dynamic e block size because the block size changed from 1 to 9
detect_structure.cc:93 Dynamic f block size because the block size changed from 6 to 9
detect_structure.cc:114 Schur complement static structure <-1,-1,-1>.
detect_structure.cc:63 Dynamic row block size because the block size changed from 2 to 15
detect_structure.cc:74 Dynamic e block size because the block size changed from 1 to 9
detect_structure.cc:93 Dynamic f block size because the block size changed from 6 to 9
detect_structure.cc:114 Schur complement static structure <-1,-1,-1>.
schur_eliminator.cc:155 Template specializations not found for <-1,-1,-1>
block_sparse_matrix.cc:208 Allocating values array with 241336 bytes.
detect_structure.cc:63 Dynamic row block size because the block size changed from 2 to 15
detect_structure.cc:74 Dynamic e block size because the block size changed from 1 to 9
detect_structure.cc:93 Dynamic f block size because the block size changed from 6 to 9
detect_structure.cc:114 Schur complement static structure <-1,-1,-1>.
detect_structure.cc:63 Dynamic row block size because the block size changed from 2 to 15
detect_structure.cc:74 Dynamic e block size because the block size changed from 1 to 9
detect_structure.cc:93 Dynamic f block size because the block size changed from 6 to 9
detect_structure.cc:114 Schur complement static structure <-1,-1,-1>.
schur_eliminator.cc:155 Template specializations not found for <-1,-1,-1>
block_sparse_matrix.cc:208 Allocating values array with 238808 bytes.
detect_structure.cc:63 Dynamic row block size because the block size changed from 2 to 15
detect_structure.cc:74 Dynamic e block size because the block size changed from 1 to 9
detect_structure.cc:93 Dynamic f block size because the block size changed from 6 to 9
detect_structure.cc:114 Schur complement static structure <-1,-1,-1>.
detect_structure.cc:63 Dynamic row block size because the block size changed from 2 to 15
detect_structure.cc:74 Dynamic e block size because the block size changed from 1 to 9
detect_structure.cc:93 Dynamic f block size because the block size changed from 6 to 9
detect_structure.cc:114 Schur complement static structure <-1,-1,-1>.
schur_eliminator.cc:155 Template specializations not found for <-1,-1,-1>
block_sparse_matrix.cc:208 Allocating values array with 265016 bytes.
detect_structure.cc:63 Dynamic row block size because the block size changed from 2 to 15
detect_structure.cc:74 Dynamic e block size because the block size changed from 1 to 9
detect_structure.cc:93 Dynamic f block size because the block size changed from 6 to 9
detect_structure.cc:114 Schur complement static structure <-1,-1,-1>.
detect_structure.cc:63 Dynamic row block size because the block size changed from 2 to 15
detect_structure.cc:74 Dynamic e block size because the block size changed from 1 to 9
detect_structure.cc:93 Dynamic f block size because the block size changed from 6 to 9
detect_structure.cc:114 Schur complement static structure <-1,-1,-1>.
schur_eliminator.cc:155 Template specializations not found for <-1,-1,-1>
block_sparse_matrix.cc:208 Allocating values array with 269800 bytes.
detect_structure.cc:63 Dynamic row block size because the block size changed from 2 to 15
detect_structure.cc:74 Dynamic e block size because the block size changed from 1 to 9
detect_structure.cc:93 Dynamic f block size because the block size changed from 6 to 9
detect_structure.cc:114 Schur complement static structure <-1,-1,-1>.
detect_structure.cc:63 Dynamic row block size because the block size changed from 2 to 15
detect_structure.cc:74 Dynamic e block size because the block size changed from 1 to 9
detect_structure.cc:93 Dynamic f block size because the block size changed from 6 to 9
detect_structure.cc:114 Schur complement static structure <-1,-1,-1>.
schur_eliminator.cc:155 Template specializations not found for <-1,-1,-1>
block_sparse_matrix.cc:208 Allocating values array with 272920 bytes.
detect_structure.cc:63 Dynamic row block size because the block size changed from 2 to 15
detect_structure.cc:74 Dynamic e block size because the block size changed from 1 to 9
detect_structure.cc:93 Dynamic f block size because the block size changed from 6 to 9
detect_structure.cc:114 Schur complement static structure <-1,-1,-1>.
detect_structure.cc:63 Dynamic row block size because the block size changed from 2 to 15
detect_structure.cc:74 Dynamic e block size because the block size changed from 1 to 9
detect_structure.cc:93 Dynamic f block size because the block size changed from 6 to 9
detect_structure.cc:114 Schur complement static structure <-1,-1,-1>.
schur_eliminator.cc:155 Template specializations not found for <-1,-1,-1>
block_sparse_matrix.cc:208 Allocating values array with 279160 bytes.
detect_structure.cc:63 Dynamic row block size because the block size changed from 2 to 15
detect_structure.cc:74 Dynamic e block size because the block size changed from 1 to 9
detect_structure.cc:93 Dynamic f block size because the block size changed from 6 to 9
detect_structure.cc:114 Schur complement static structure <-1,-1,-1>.
detect_structure.cc:63 Dynamic row block size because the block size changed from 2 to 15
detect_structure.cc:74 Dynamic e block size because the block size changed from 1 to 9
detect_structure.cc:93 Dynamic f block size because the block size changed from 6 to 9
detect_structure.cc:114 Schur complement static structure <-1,-1,-1>.
schur_eliminator.cc:155 Template specializations not found for <-1,-1,-1>
block_sparse_matrix.cc:208 Allocating values array with 285192 bytes.
detect_structure.cc:63 Dynamic row block size because the block size changed from 2 to 15
detect_structure.cc:74 Dynamic e block size because the block size changed from 1 to 9
detect_structure.cc:93 Dynamic f block size because the block size changed from 6 to 9
detect_structure.cc:114 Schur complement static structure <-1,-1,-1>.
detect_structure.cc:63 Dynamic row block size because the block size changed from 2 to 15
detect_structure.cc:74 Dynamic e block size because the block size changed from 1 to 9
detect_structure.cc:93 Dynamic f block size because the block size changed from 6 to 9
detect_structure.cc:114 Schur complement static structure <-1,-1,-1>.
schur_eliminator.cc:155 Template specializations not found for <-1,-1,-1>
block_sparse_matrix.cc:208 Allocating values array with 290600 bytes.
detect_structure.cc:63 Dynamic row block size because the block size changed from 2 to 15
detect_structure.cc:74 Dynamic e block size because the block size changed from 1 to 9
detect_structure.cc:93 Dynamic f block size because the block size changed from 6 to 9
detect_structure.cc:114 Schur complement static structure <-1,-1,-1>.
detect_structure.cc:63 Dynamic row block size because the block size changed from 2 to 15
detect_structure.cc:74 Dynamic e block size because the block size changed from 1 to 9
detect_structure.cc:93 Dynamic f block size because the block size changed from 6 to 9
detect_structure.cc:114 Schur complement static structure <-1,-1,-1>.
schur_eliminator.cc:155 Template specializations not found for <-1,-1,-1>
block_sparse_matrix.cc:208 Allocating values array with 301832 bytes.
detect_structure.cc:63 Dynamic row block size because the block size changed from 2 to 15
detect_structure.cc:74 Dynamic e block size because the block size changed from 1 to 9
detect_structure.cc:93 Dynamic f block size because the block size changed from 6 to 9
detect_structure.cc:114 Schur complement static structure <-1,-1,-1>.
detect_structure.cc:63 Dynamic row block size because the block size changed from 2 to 15
detect_structure.cc:74 Dynamic e block size because the block size changed from 1 to 9
detect_structure.cc:93 Dynamic f block size because the block size changed from 6 to 9
detect_structure.cc:114 Schur complement static structure <-1,-1,-1>.
schur_eliminator.cc:155 Template specializations not found for <-1,-1,-1>
block_sparse_matrix.cc:208 Allocating values array with 314728 bytes.
detect_structure.cc:63 Dynamic row block size because the block size changed from 2 to 15
detect_structure.cc:74 Dynamic e block size because the block size changed from 1 to 9
detect_structure.cc:93 Dynamic f block size because the block size changed from 6 to 9
detect_structure.cc:114 Schur complement static structure <-1,-1,-1>.
detect_structure.cc:63 Dynamic row block size because the block size changed from 2 to 15
detect_structure.cc:74 Dynamic e block size because the block size changed from 1 to 9
detect_structure.cc:93 Dynamic f block size because the block size changed from 6 to 9
detect_structure.cc:114 Schur complement static structure <-1,-1,-1>.
schur_eliminator.cc:155 Template specializations not found for <-1,-1,-1>
block_sparse_matrix.cc:208 Allocating values array with 306856 bytes.
detect_structure.cc:63 Dynamic row block size because the block size changed from 2 to 15
detect_structure.cc:74 Dynamic e block size because the block size changed from 1 to 9
detect_structure.cc:93 Dynamic f block size because the block size changed from 6 to 9
detect_structure.cc:114 Schur complement static structure <-1,-1,-1>.
detect_structure.cc:63 Dynamic row block size because the block size changed from 2 to 15
detect_structure.cc:74 Dynamic e block size because the block size changed from 1 to 9
detect_structure.cc:93 Dynamic f block size because the block size changed from 6 to 9
detect_structure.cc:114 Schur complement static structure <-1,-1,-1>.
schur_eliminator.cc:155 Template specializations not found for <-1,-1,-1>
block_sparse_matrix.cc:208 Allocating values array with 314312 bytes.
detect_structure.cc:63 Dynamic row block size because the block size changed from 2 to 15
detect_structure.cc:74 Dynamic e block size because the block size changed from 1 to 9
detect_structure.cc:93 Dynamic f block size because the block size changed from 6 to 9
detect_structure.cc:114 Schur complement static structure <-1,-1,-1>.
detect_structure.cc:63 Dynamic row block size because the block size changed from 2 to 15
detect_structure.cc:74 Dynamic e block size because the block size changed from 1 to 9
detect_structure.cc:93 Dynamic f block size because the block size changed from 6 to 9
detect_structure.cc:114 Schur complement static structure <-1,-1,-1>.
schur_eliminator.cc:155 Template specializations not found for <-1,-1,-1>
block_sparse_matrix.cc:208 Allocating values array with 320968 bytes.
detect_structure.cc:63 Dynamic row block size because the block size changed from 2 to 15
detect_structure.cc:74 Dynamic e block size because the block size changed from 1 to 9
detect_structure.cc:93 Dynamic f block size because the block size changed from 6 to 9
detect_structure.cc:114 Schur complement static structure <-1,-1,-1>.
detect_structure.cc:63 Dynamic row block size because the block size changed from 2 to 15
detect_structure.cc:74 Dynamic e block size because the block size changed from 1 to 9
detect_structure.cc:93 Dynamic f block size because the block size changed from 6 to 9
detect_structure.cc:114 Schur complement static structure <-1,-1,-1>.
schur_eliminator.cc:155 Template specializations not found for <-1,-1,-1>
block_sparse_matrix.cc:208 Allocating values array with 322840 bytes.
detect_structure.cc:63 Dynamic row block size because the block size changed from 2 to 15
detect_structure.cc:74 Dynamic e block size because the block size changed from 1 to 9
detect_structure.cc:93 Dynamic f block size because the block size changed from 6 to 9
detect_structure.cc:114 Schur complement static structure <-1,-1,-1>.
detect_structure.cc:63 Dynamic row block size because the block size changed from 2 to 15
detect_structure.cc:74 Dynamic e block size because the block size changed from 1 to 9
detect_structure.cc:93 Dynamic f block size because the block size changed from 6 to 9
detect_structure.cc:114 Schur complement static structure <-1,-1,-1>.
schur_eliminator.cc:155 Template specializations not found for <-1,-1,-1>
[FeatureTracker] F-matrix: 129 → 68 (rejected 61, threshold=1.0000)
block_sparse_matrix.cc:208 Allocating values array with 312856 bytes.
detect_structure.cc:63 Dynamic row block size because the block size changed from 2 to 15
detect_structure.cc:74 Dynamic e block size because the block size changed from 1 to 9
detect_structure.cc:93 Dynamic f block size because the block size changed from 6 to 9
detect_structure.cc:114 Schur complement static structure <-1,-1,-1>.
detect_structure.cc:63 Dynamic row block size because the block size changed from 2 to 15
detect_structure.cc:74 Dynamic e block size because the block size changed from 1 to 9
detect_structure.cc:93 Dynamic f block size because the block size changed from 6 to 9
detect_structure.cc:114 Schur complement static structure <-1,-1,-1>.
schur_eliminator.cc:155 Template specializations not found for <-1,-1,-1>
block_sparse_matrix.cc:208 Allocating values array with 294376 bytes.
detect_structure.cc:63 Dynamic row block size because the block size changed from 2 to 15
detect_structure.cc:74 Dynamic e block size because the block size changed from 1 to 9
detect_structure.cc:93 Dynamic f block size because the block size changed from 6 to 9
detect_structure.cc:114 Schur complement static structure <-1,-1,-1>.
detect_structure.cc:63 Dynamic row block size because the block size changed from 2 to 15
detect_structure.cc:74 Dynamic e block size because the block size changed from 1 to 9
detect_structure.cc:93 Dynamic f block size because the block size changed from 6 to 9
detect_structure.cc:114 Schur complement static structure <-1,-1,-1>.
schur_eliminator.cc:155 Template specializations not found for <-1,-1,-1>
[VIO DIAG] f=220 tri: ok=164 wait=0 fail=0 default=1 depth: avg=1.4909 min=0.4125 max=9.9363 |vel|=0.7143 vel=(-0.6489,-0.2160,-0.2062) ba=(0.2484,-0.6495,0.0084) bg=(-0.0021,-0.0003,0.0005)
block_sparse_matrix.cc:208 Allocating values array with 288728 bytes.
detect_structure.cc:63 Dynamic row block size because the block size changed from 2 to 15
detect_structure.cc:74 Dynamic e block size because the block size changed from 1 to 9
detect_structure.cc:93 Dynamic f block size because the block size changed from 6 to 9
detect_structure.cc:114 Schur complement static structure <-1,-1,-1>.
detect_structure.cc:63 Dynamic row block size because the block size changed from 2 to 15
detect_structure.cc:74 Dynamic e block size because the block size changed from 1 to 9
detect_structure.cc:93 Dynamic f block size because the block size changed from 6 to 9
detect_structure.cc:114 Schur complement static structure <-1,-1,-1>.
schur_eliminator.cc:155 Template specializations not found for <-1,-1,-1>
block_sparse_matrix.cc:208 Allocating values array with 281688 bytes.
detect_structure.cc:63 Dynamic row block size because the block size changed from 2 to 15
detect_structure.cc:74 Dynamic e block size because the block size changed from 1 to 9
detect_structure.cc:93 Dynamic f block size because the block size changed from 6 to 9
detect_structure.cc:114 Schur complement static structure <-1,-1,-1>.
detect_structure.cc:63 Dynamic row block size because the block size changed from 2 to 15
detect_structure.cc:74 Dynamic e block size because the block size changed from 1 to 9
detect_structure.cc:93 Dynamic f block size because the block size changed from 6 to 9
detect_structure.cc:114 Schur complement static structure <-1,-1,-1>.
schur_eliminator.cc:155 Template specializations not found for <-1,-1,-1>
block_sparse_matrix.cc:208 Allocating values array with 275416 bytes.
detect_structure.cc:63 Dynamic row block size because the block size changed from 2 to 15
detect_structure.cc:74 Dynamic e block size because the block size changed from 1 to 9
detect_structure.cc:93 Dynamic f block size because the block size changed from 6 to 9
detect_structure.cc:114 Schur complement static structure <-1,-1,-1>.
detect_structure.cc:63 Dynamic row block size because the block size changed from 2 to 15
detect_structure.cc:74 Dynamic e block size because the block size changed from 1 to 9
detect_structure.cc:93 Dynamic f block size because the block size changed from 6 to 9
detect_structure.cc:114 Schur complement static structure <-1,-1,-1>.
schur_eliminator.cc:155 Template specializations not found for <-1,-1,-1>
block_sparse_matrix.cc:208 Allocating values array with 293304 bytes.
detect_structure.cc:63 Dynamic row block size because the block size changed from 2 to 15
detect_structure.cc:74 Dynamic e block size because the block size changed from 1 to 9
detect_structure.cc:93 Dynamic f block size because the block size changed from 6 to 9
detect_structure.cc:114 Schur complement static structure <-1,-1,-1>.
detect_structure.cc:63 Dynamic row block size because the block size changed from 2 to 15
detect_structure.cc:74 Dynamic e block size because the block size changed from 1 to 9
detect_structure.cc:93 Dynamic f block size because the block size changed from 6 to 9
detect_structure.cc:114 Schur complement static structure <-1,-1,-1>.
schur_eliminator.cc:155 Template specializations not found for <-1,-1,-1>
block_sparse_matrix.cc:208 Allocating values array with 284600 bytes.
detect_structure.cc:63 Dynamic row block size because the block size changed from 2 to 15
detect_structure.cc:74 Dynamic e block size because the block size changed from 1 to 9
detect_structure.cc:93 Dynamic f block size because the block size changed from 6 to 9
detect_structure.cc:114 Schur complement static structure <-1,-1,-1>.
detect_structure.cc:63 Dynamic row block size because the block size changed from 2 to 15
detect_structure.cc:74 Dynamic e block size because the block size changed from 1 to 9
detect_structure.cc:93 Dynamic f block size because the block size changed from 6 to 9
detect_structure.cc:114 Schur complement static structure <-1,-1,-1>.
schur_eliminator.cc:155 Template specializations not found for <-1,-1,-1>
block_sparse_matrix.cc:208 Allocating values array with 288520 bytes.
detect_structure.cc:63 Dynamic row block size because the block size changed from 2 to 15
detect_structure.cc:74 Dynamic e block size because the block size changed from 1 to 9
detect_structure.cc:93 Dynamic f block size because the block size changed from 6 to 9
detect_structure.cc:114 Schur complement static structure <-1,-1,-1>.
detect_structure.cc:63 Dynamic row block size because the block size changed from 2 to 15
detect_structure.cc:74 Dynamic e block size because the block size changed from 1 to 9
detect_structure.cc:93 Dynamic f block size because the block size changed from 6 to 9
detect_structure.cc:114 Schur complement static structure <-1,-1,-1>.
schur_eliminator.cc:155 Template specializations not found for <-1,-1,-1>
block_sparse_matrix.cc:208 Allocating values array with 287896 bytes.
detect_structure.cc:63 Dynamic row block size because the block size changed from 2 to 15
detect_structure.cc:74 Dynamic e block size because the block size changed from 1 to 9
detect_structure.cc:93 Dynamic f block size because the block size changed from 6 to 9
detect_structure.cc:114 Schur complement static structure <-1,-1,-1>.
detect_structure.cc:63 Dynamic row block size because the block size changed from 2 to 15
detect_structure.cc:74 Dynamic e block size because the block size changed from 1 to 9
detect_structure.cc:93 Dynamic f block size because the block size changed from 6 to 9
detect_structure.cc:114 Schur complement static structure <-1,-1,-1>.
schur_eliminator.cc:155 Template specializations not found for <-1,-1,-1>
block_sparse_matrix.cc:208 Allocating values array with 281032 bytes.
detect_structure.cc:63 Dynamic row block size because the block size changed from 2 to 15
detect_structure.cc:74 Dynamic e block size because the block size changed from 1 to 9
detect_structure.cc:93 Dynamic f block size because the block size changed from 6 to 9
detect_structure.cc:114 Schur complement static structure <-1,-1,-1>.
detect_structure.cc:63 Dynamic row block size because the block size changed from 2 to 15
detect_structure.cc:74 Dynamic e block size because the block size changed from 1 to 9
detect_structure.cc:93 Dynamic f block size because the block size changed from 6 to 9
detect_structure.cc:114 Schur complement static structure <-1,-1,-1>.
schur_eliminator.cc:155 Template specializations not found for <-1,-1,-1>
block_sparse_matrix.cc:208 Allocating values array with 279368 bytes.
detect_structure.cc:63 Dynamic row block size because the block size changed from 2 to 15
detect_structure.cc:74 Dynamic e block size because the block size changed from 1 to 9
detect_structure.cc:93 Dynamic f block size because the block size changed from 6 to 9
detect_structure.cc:114 Schur complement static structure <-1,-1,-1>.
detect_structure.cc:63 Dynamic row block size because the block size changed from 2 to 15
detect_structure.cc:74 Dynamic e block size because the block size changed from 1 to 9
detect_structure.cc:93 Dynamic f block size because the block size changed from 6 to 9
detect_structure.cc:114 Schur complement static structure <-1,-1,-1>.
schur_eliminator.cc:155 Template specializations not found for <-1,-1,-1>
block_sparse_matrix.cc:208 Allocating values array with 271496 bytes.
detect_structure.cc:63 Dynamic row block size because the block size changed from 2 to 15
detect_structure.cc:74 Dynamic e block size because the block size changed from 1 to 9
detect_structure.cc:93 Dynamic f block size because the block size changed from 6 to 9
detect_structure.cc:114 Schur complement static structure <-1,-1,-1>.
detect_structure.cc:63 Dynamic row block size because the block size changed from 2 to 15
detect_structure.cc:74 Dynamic e block size because the block size changed from 1 to 9
detect_structure.cc:93 Dynamic f block size because the block size changed from 6 to 9
detect_structure.cc:114 Schur complement static structure <-1,-1,-1>.
schur_eliminator.cc:155 Template specializations not found for <-1,-1,-1>
block_sparse_matrix.cc:208 Allocating values array with 272920 bytes.
detect_structure.cc:63 Dynamic row block size because the block size changed from 2 to 15
detect_structure.cc:74 Dynamic e block size because the block size changed from 1 to 9
detect_structure.cc:93 Dynamic f block size because the block size changed from 6 to 9
detect_structure.cc:114 Schur complement static structure <-1,-1,-1>.
detect_structure.cc:63 Dynamic row block size because the block size changed from 2 to 15
detect_structure.cc:74 Dynamic e block size because the block size changed from 1 to 9
detect_structure.cc:93 Dynamic f block size because the block size changed from 6 to 9
detect_structure.cc:114 Schur complement static structure <-1,-1,-1>.
schur_eliminator.cc:155 Template specializations not found for <-1,-1,-1>
block_sparse_matrix.cc:208 Allocating values array with 289768 bytes.
detect_structure.cc:63 Dynamic row block size because the block size changed from 2 to 15
detect_structure.cc:74 Dynamic e block size because the block size changed from 1 to 9
detect_structure.cc:93 Dynamic f block size because the block size changed from 6 to 9
detect_structure.cc:114 Schur complement static structure <-1,-1,-1>.
detect_structure.cc:63 Dynamic row block size because the block size changed from 2 to 15
detect_structure.cc:74 Dynamic e block size because the block size changed from 1 to 9
detect_structure.cc:93 Dynamic f block size because the block size changed from 6 to 9
detect_structure.cc:114 Schur complement static structure <-1,-1,-1>.
schur_eliminator.cc:155 Template specializations not found for <-1,-1,-1>
block_sparse_matrix.cc:208 Allocating values array with 282312 bytes.
detect_structure.cc:63 Dynamic row block size because the block size changed from 2 to 15
detect_structure.cc:74 Dynamic e block size because the block size changed from 1 to 9
detect_structure.cc:93 Dynamic f block size because the block size changed from 6 to 9
detect_structure.cc:114 Schur complement static structure <-1,-1,-1>.
detect_structure.cc:63 Dynamic row block size because the block size changed from 2 to 15
detect_structure.cc:74 Dynamic e block size because the block size changed from 1 to 9
detect_structure.cc:93 Dynamic f block size because the block size changed from 6 to 9
detect_structure.cc:114 Schur complement static structure <-1,-1,-1>.
schur_eliminator.cc:155 Template specializations not found for <-1,-1,-1>
block_sparse_matrix.cc:208 Allocating values array with 300792 bytes.
detect_structure.cc:63 Dynamic row block size because the block size changed from 2 to 15
detect_structure.cc:74 Dynamic e block size because the block size changed from 1 to 9
detect_structure.cc:93 Dynamic f block size because the block size changed from 6 to 9
detect_structure.cc:114 Schur complement static structure <-1,-1,-1>.
detect_structure.cc:63 Dynamic row block size because the block size changed from 2 to 15
detect_structure.cc:74 Dynamic e block size because the block size changed from 1 to 9
detect_structure.cc:93 Dynamic f block size because the block size changed from 6 to 9
detect_structure.cc:114 Schur complement static structure <-1,-1,-1>.
schur_eliminator.cc:155 Template specializations not found for <-1,-1,-1>
[FeatureTracker] F-matrix: 142 → 75 (rejected 67, threshold=1.0000)
block_sparse_matrix.cc:208 Allocating values array with 294968 bytes.
detect_structure.cc:63 Dynamic row block size because the block size changed from 2 to 15
detect_structure.cc:74 Dynamic e block size because the block size changed from 1 to 9
detect_structure.cc:93 Dynamic f block size because the block size changed from 6 to 9
detect_structure.cc:114 Schur complement static structure <-1,-1,-1>.
detect_structure.cc:63 Dynamic row block size because the block size changed from 2 to 15
detect_structure.cc:74 Dynamic e block size because the block size changed from 1 to 9
detect_structure.cc:93 Dynamic f block size because the block size changed from 6 to 9
detect_structure.cc:114 Schur complement static structure <-1,-1,-1>.
schur_eliminator.cc:155 Template specializations not found for <-1,-1,-1>
block_sparse_matrix.cc:208 Allocating values array with 286648 bytes.
detect_structure.cc:63 Dynamic row block size because the block size changed from 2 to 15
detect_structure.cc:74 Dynamic e block size because the block size changed from 1 to 9
detect_structure.cc:93 Dynamic f block size because the block size changed from 6 to 9
detect_structure.cc:114 Schur complement static structure <-1,-1,-1>.
detect_structure.cc:63 Dynamic row block size because the block size changed from 2 to 15
detect_structure.cc:74 Dynamic e block size because the block size changed from 1 to 9
detect_structure.cc:93 Dynamic f block size because the block size changed from 6 to 9
detect_structure.cc:114 Schur complement static structure <-1,-1,-1>.
schur_eliminator.cc:155 Template specializations not found for <-1,-1,-1>
block_sparse_matrix.cc:208 Allocating values array with 278744 bytes.
detect_structure.cc:63 Dynamic row block size because the block size changed from 2 to 15
detect_structure.cc:74 Dynamic e block size because the block size changed from 1 to 9
detect_structure.cc:93 Dynamic f block size because the block size changed from 6 to 9
detect_structure.cc:114 Schur complement static structure <-1,-1,-1>.
detect_structure.cc:63 Dynamic row block size because the block size changed from 2 to 15
detect_structure.cc:74 Dynamic e block size because the block size changed from 1 to 9
detect_structure.cc:93 Dynamic f block size because the block size changed from 6 to 9
detect_structure.cc:114 Schur complement static structure <-1,-1,-1>.
schur_eliminator.cc:155 Template specializations not found for <-1,-1,-1>
block_sparse_matrix.cc:208 Allocating values array with 268344 bytes.
detect_structure.cc:63 Dynamic row block size because the block size changed from 2 to 15
detect_structure.cc:74 Dynamic e block size because the block size changed from 1 to 9
detect_structure.cc:93 Dynamic f block size because the block size changed from 6 to 9
detect_structure.cc:114 Schur complement static structure <-1,-1,-1>.
detect_structure.cc:63 Dynamic row block size because the block size changed from 2 to 15
detect_structure.cc:74 Dynamic e block size because the block size changed from 1 to 9
detect_structure.cc:93 Dynamic f block size because the block size changed from 6 to 9
detect_structure.cc:114 Schur complement static structure <-1,-1,-1>.
schur_eliminator.cc:155 Template specializations not found for <-1,-1,-1>
block_sparse_matrix.cc:208 Allocating values array with 283736 bytes.
detect_structure.cc:63 Dynamic row block size because the block size changed from 2 to 15
detect_structure.cc:74 Dynamic e block size because the block size changed from 1 to 9
detect_structure.cc:93 Dynamic f block size because the block size changed from 6 to 9
detect_structure.cc:114 Schur complement static structure <-1,-1,-1>.
detect_structure.cc:63 Dynamic row block size because the block size changed from 2 to 15
detect_structure.cc:74 Dynamic e block size because the block size changed from 1 to 9
detect_structure.cc:93 Dynamic f block size because the block size changed from 6 to 9
detect_structure.cc:114 Schur complement static structure <-1,-1,-1>.
schur_eliminator.cc:155 Template specializations not found for <-1,-1,-1>
block_sparse_matrix.cc:208 Allocating values array with 284984 bytes.
detect_structure.cc:63 Dynamic row block size because the block size changed from 2 to 15
detect_structure.cc:74 Dynamic e block size because the block size changed from 1 to 9
detect_structure.cc:93 Dynamic f block size because the block size changed from 6 to 9
detect_structure.cc:114 Schur complement static structure <-1,-1,-1>.
detect_structure.cc:63 Dynamic row block size because the block size changed from 2 to 15
detect_structure.cc:74 Dynamic e block size because the block size changed from 1 to 9
detect_structure.cc:93 Dynamic f block size because the block size changed from 6 to 9
detect_structure.cc:114 Schur complement static structure <-1,-1,-1>.
schur_eliminator.cc:155 Template specializations not found for <-1,-1,-1>
[VIO DIAG] f=240 tri: ok=179 wait=9 fail=0 default=0 depth: avg=1.3131 min=0.1846 max=4.4105 |vel|=0.8028 vel=(-0.7925,0.1016,0.0790) ba=(0.1311,-0.3600,-0.0229) bg=(-0.0018,-0.0002,0.0007)
block_sparse_matrix.cc:208 Allocating values array with 284360 bytes.
detect_structure.cc:63 Dynamic row block size because the block size changed from 2 to 15
detect_structure.cc:74 Dynamic e block size because the block size changed from 1 to 9
detect_structure.cc:93 Dynamic f block size because the block size changed from 6 to 9
detect_structure.cc:114 Schur complement static structure <-1,-1,-1>.
detect_structure.cc:63 Dynamic row block size because the block size changed from 2 to 15
detect_structure.cc:74 Dynamic e block size because the block size changed from 1 to 9
detect_structure.cc:93 Dynamic f block size because the block size changed from 6 to 9
detect_structure.cc:114 Schur complement static structure <-1,-1,-1>.
schur_eliminator.cc:155 Template specializations not found for <-1,-1,-1>
block_sparse_matrix.cc:208 Allocating values array with 287480 bytes.
detect_structure.cc:63 Dynamic row block size because the block size changed from 2 to 15
detect_structure.cc:74 Dynamic e block size because the block size changed from 1 to 9
detect_structure.cc:93 Dynamic f block size because the block size changed from 6 to 9
detect_structure.cc:114 Schur complement static structure <-1,-1,-1>.
detect_structure.cc:63 Dynamic row block size because the block size changed from 2 to 15
detect_structure.cc:74 Dynamic e block size because the block size changed from 1 to 9
detect_structure.cc:93 Dynamic f block size because the block size changed from 6 to 9
detect_structure.cc:114 Schur complement static structure <-1,-1,-1>.
schur_eliminator.cc:155 Template specializations not found for <-1,-1,-1>
[FeatureTracker] F-matrix: 146 → 87 (rejected 59, threshold=1.0000)
block_sparse_matrix.cc:208 Allocating values array with 279576 bytes.
detect_structure.cc:63 Dynamic row block size because the block size changed from 2 to 15
detect_structure.cc:74 Dynamic e block size because the block size changed from 1 to 9
detect_structure.cc:93 Dynamic f block size because the block size changed from 6 to 9
detect_structure.cc:114 Schur complement static structure <-1,-1,-1>.
detect_structure.cc:63 Dynamic row block size because the block size changed from 2 to 15
detect_structure.cc:74 Dynamic e block size because the block size changed from 1 to 9
detect_structure.cc:93 Dynamic f block size because the block size changed from 6 to 9
detect_structure.cc:114 Schur complement static structure <-1,-1,-1>.
schur_eliminator.cc:155 Template specializations not found for <-1,-1,-1>
block_sparse_matrix.cc:208 Allocating values array with 272920 bytes.
detect_structure.cc:63 Dynamic row block size because the block size changed from 2 to 15
detect_structure.cc:74 Dynamic e block size because the block size changed from 1 to 9
detect_structure.cc:93 Dynamic f block size because the block size changed from 6 to 9
detect_structure.cc:114 Schur complement static structure <-1,-1,-1>.
detect_structure.cc:63 Dynamic row block size because the block size changed from 2 to 15
detect_structure.cc:74 Dynamic e block size because the block size changed from 1 to 9
detect_structure.cc:93 Dynamic f block size because the block size changed from 6 to 9
detect_structure.cc:114 Schur complement static structure <-1,-1,-1>.
schur_eliminator.cc:155 Template specializations not found for <-1,-1,-1>
block_sparse_matrix.cc:208 Allocating values array with 273544 bytes.
detect_structure.cc:63 Dynamic row block size because the block size changed from 2 to 15
detect_structure.cc:74 Dynamic e block size because the block size changed from 1 to 9
detect_structure.cc:93 Dynamic f block size because the block size changed from 6 to 9
detect_structure.cc:114 Schur complement static structure <-1,-1,-1>.
detect_structure.cc:63 Dynamic row block size because the block size changed from 2 to 15
detect_structure.cc:74 Dynamic e block size because the block size changed from 1 to 9
detect_structure.cc:93 Dynamic f block size because the block size changed from 6 to 9
detect_structure.cc:114 Schur complement static structure <-1,-1,-1>.
schur_eliminator.cc:155 Template specializations not found for <-1,-1,-1>
block_sparse_matrix.cc:208 Allocating values array with 277288 bytes.
detect_structure.cc:63 Dynamic row block size because the block size changed from 2 to 15
detect_structure.cc:74 Dynamic e block size because the block size changed from 1 to 9
detect_structure.cc:93 Dynamic f block size because the block size changed from 6 to 9
detect_structure.cc:114 Schur complement static structure <-1,-1,-1>.
detect_structure.cc:63 Dynamic row block size because the block size changed from 2 to 15
detect_structure.cc:74 Dynamic e block size because the block size changed from 1 to 9
detect_structure.cc:93 Dynamic f block size because the block size changed from 6 to 9
detect_structure.cc:114 Schur complement static structure <-1,-1,-1>.
schur_eliminator.cc:155 Template specializations not found for <-1,-1,-1>
block_sparse_matrix.cc:208 Allocating values array with 287064 bytes.
detect_structure.cc:63 Dynamic row block size because the block size changed from 2 to 15
detect_structure.cc:74 Dynamic e block size because the block size changed from 1 to 9
detect_structure.cc:93 Dynamic f block size because the block size changed from 6 to 9
detect_structure.cc:114 Schur complement static structure <-1,-1,-1>.
detect_structure.cc:63 Dynamic row block size because the block size changed from 2 to 15
detect_structure.cc:74 Dynamic e block size because the block size changed from 1 to 9
detect_structure.cc:93 Dynamic f block size because the block size changed from 6 to 9
detect_structure.cc:114 Schur complement static structure <-1,-1,-1>.
schur_eliminator.cc:155 Template specializations not found for <-1,-1,-1>
block_sparse_matrix.cc:208 Allocating values array with 287480 bytes.
detect_structure.cc:63 Dynamic row block size because the block size changed from 2 to 15
detect_structure.cc:74 Dynamic e block size because the block size changed from 1 to 9
detect_structure.cc:93 Dynamic f block size because the block size changed from 6 to 9
detect_structure.cc:114 Schur complement static structure <-1,-1,-1>.
detect_structure.cc:63 Dynamic row block size because the block size changed from 2 to 15
detect_structure.cc:74 Dynamic e block size because the block size changed from 1 to 9
detect_structure.cc:93 Dynamic f block size because the block size changed from 6 to 9
detect_structure.cc:114 Schur complement static structure <-1,-1,-1>.
schur_eliminator.cc:155 Template specializations not found for <-1,-1,-1>
block_sparse_matrix.cc:208 Allocating values array with 287688 bytes.
detect_structure.cc:63 Dynamic row block size because the block size changed from 2 to 15
detect_structure.cc:74 Dynamic e block size because the block size changed from 1 to 9
detect_structure.cc:93 Dynamic f block size because the block size changed from 6 to 9
detect_structure.cc:114 Schur complement static structure <-1,-1,-1>.
detect_structure.cc:63 Dynamic row block size because the block size changed from 2 to 15
detect_structure.cc:74 Dynamic e block size because the block size changed from 1 to 9
detect_structure.cc:93 Dynamic f block size because the block size changed from 6 to 9
detect_structure.cc:114 Schur complement static structure <-1,-1,-1>.
schur_eliminator.cc:155 Template specializations not found for <-1,-1,-1>
block_sparse_matrix.cc:208 Allocating values array with 287896 bytes.
detect_structure.cc:63 Dynamic row block size because the block size changed from 2 to 15
detect_structure.cc:74 Dynamic e block size because the block size changed from 1 to 9
detect_structure.cc:93 Dynamic f block size because the block size changed from 6 to 9
detect_structure.cc:114 Schur complement static structure <-1,-1,-1>.
detect_structure.cc:63 Dynamic row block size because the block size changed from 2 to 15
detect_structure.cc:74 Dynamic e block size because the block size changed from 1 to 9
detect_structure.cc:93 Dynamic f block size because the block size changed from 6 to 9
detect_structure.cc:114 Schur complement static structure <-1,-1,-1>.
schur_eliminator.cc:155 Template specializations not found for <-1,-1,-1>
block_sparse_matrix.cc:208 Allocating values array with 286232 bytes.
detect_structure.cc:63 Dynamic row block size because the block size changed from 2 to 15
detect_structure.cc:74 Dynamic e block size because the block size changed from 1 to 9
detect_structure.cc:93 Dynamic f block size because the block size changed from 6 to 9
detect_structure.cc:114 Schur complement static structure <-1,-1,-1>.
detect_structure.cc:63 Dynamic row block size because the block size changed from 2 to 15
detect_structure.cc:74 Dynamic e block size because the block size changed from 1 to 9
detect_structure.cc:93 Dynamic f block size because the block size changed from 6 to 9
detect_structure.cc:114 Schur complement static structure <-1,-1,-1>.
schur_eliminator.cc:155 Template specializations not found for <-1,-1,-1>
block_sparse_matrix.cc:208 Allocating values array with 286856 bytes.
detect_structure.cc:63 Dynamic row block size because the block size changed from 2 to 15
detect_structure.cc:74 Dynamic e block size because the block size changed from 1 to 9
detect_structure.cc:93 Dynamic f block size because the block size changed from 6 to 9
detect_structure.cc:114 Schur complement static structure <-1,-1,-1>.
detect_structure.cc:63 Dynamic row block size because the block size changed from 2 to 15
detect_structure.cc:74 Dynamic e block size because the block size changed from 1 to 9
detect_structure.cc:93 Dynamic f block size because the block size changed from 6 to 9
detect_structure.cc:114 Schur complement static structure <-1,-1,-1>.
schur_eliminator.cc:155 Template specializations not found for <-1,-1,-1>
block_sparse_matrix.cc:208 Allocating values array with 295384 bytes.
detect_structure.cc:63 Dynamic row block size because the block size changed from 2 to 15
detect_structure.cc:74 Dynamic e block size because the block size changed from 1 to 9
detect_structure.cc:93 Dynamic f block size because the block size changed from 6 to 9
detect_structure.cc:114 Schur complement static structure <-1,-1,-1>.
detect_structure.cc:63 Dynamic row block size because the block size changed from 2 to 15
detect_structure.cc:74 Dynamic e block size because the block size changed from 1 to 9
detect_structure.cc:93 Dynamic f block size because the block size changed from 6 to 9
detect_structure.cc:114 Schur complement static structure <-1,-1,-1>.
schur_eliminator.cc:155 Template specializations not found for <-1,-1,-1>
block_sparse_matrix.cc:208 Allocating values array with 298504 bytes.
detect_structure.cc:63 Dynamic row block size because the block size changed from 2 to 15
detect_structure.cc:74 Dynamic e block size because the block size changed from 1 to 9
detect_structure.cc:93 Dynamic f block size because the block size changed from 6 to 9
detect_structure.cc:114 Schur complement static structure <-1,-1,-1>.
detect_structure.cc:63 Dynamic row block size because the block size changed from 2 to 15
detect_structure.cc:74 Dynamic e block size because the block size changed from 1 to 9
detect_structure.cc:93 Dynamic f block size because the block size changed from 6 to 9
detect_structure.cc:114 Schur complement static structure <-1,-1,-1>.
schur_eliminator.cc:155 Template specializations not found for <-1,-1,-1>
block_sparse_matrix.cc:208 Allocating values array with 293928 bytes.
detect_structure.cc:63 Dynamic row block size because the block size changed from 2 to 15
detect_structure.cc:74 Dynamic e block size because the block size changed from 1 to 9
detect_structure.cc:93 Dynamic f block size because the block size changed from 6 to 9
detect_structure.cc:114 Schur complement static structure <-1,-1,-1>.
detect_structure.cc:63 Dynamic row block size because the block size changed from 2 to 15
detect_structure.cc:74 Dynamic e block size because the block size changed from 1 to 9
detect_structure.cc:93 Dynamic f block size because the block size changed from 6 to 9
detect_structure.cc:114 Schur complement static structure <-1,-1,-1>.
schur_eliminator.cc:155 Template specializations not found for <-1,-1,-1>
block_sparse_matrix.cc:208 Allocating values array with 296424 bytes.
detect_structure.cc:63 Dynamic row block size because the block size changed from 2 to 15
detect_structure.cc:74 Dynamic e block size because the block size changed from 1 to 9
detect_structure.cc:93 Dynamic f block size because the block size changed from 6 to 9
detect_structure.cc:114 Schur complement static structure <-1,-1,-1>.
detect_structure.cc:63 Dynamic row block size because the block size changed from 2 to 15
detect_structure.cc:74 Dynamic e block size because the block size changed from 1 to 9
detect_structure.cc:93 Dynamic f block size because the block size changed from 6 to 9
detect_structure.cc:114 Schur complement static structure <-1,-1,-1>.
schur_eliminator.cc:155 Template specializations not found for <-1,-1,-1>
block_sparse_matrix.cc:208 Allocating values array with 297464 bytes.
detect_structure.cc:63 Dynamic row block size because the block size changed from 2 to 15
detect_structure.cc:74 Dynamic e block size because the block size changed from 1 to 9
detect_structure.cc:93 Dynamic f block size because the block size changed from 6 to 9
detect_structure.cc:114 Schur complement static structure <-1,-1,-1>.
detect_structure.cc:63 Dynamic row block size because the block size changed from 2 to 15
detect_structure.cc:74 Dynamic e block size because the block size changed from 1 to 9
detect_structure.cc:93 Dynamic f block size because the block size changed from 6 to 9
detect_structure.cc:114 Schur complement static structure <-1,-1,-1>.
schur_eliminator.cc:155 Template specializations not found for <-1,-1,-1>
block_sparse_matrix.cc:208 Allocating values array with 296216 bytes.
detect_structure.cc:63 Dynamic row block size because the block size changed from 2 to 15
detect_structure.cc:74 Dynamic e block size because the block size changed from 1 to 9
detect_structure.cc:93 Dynamic f block size because the block size changed from 6 to 9
detect_structure.cc:114 Schur complement static structure <-1,-1,-1>.
detect_structure.cc:63 Dynamic row block size because the block size changed from 2 to 15
detect_structure.cc:74 Dynamic e block size because the block size changed from 1 to 9
detect_structure.cc:93 Dynamic f block size because the block size changed from 6 to 9
detect_structure.cc:114 Schur complement static structure <-1,-1,-1>.
schur_eliminator.cc:155 Template specializations not found for <-1,-1,-1>
block_sparse_matrix.cc:208 Allocating values array with 299128 bytes.
detect_structure.cc:63 Dynamic row block size because the block size changed from 2 to 15
detect_structure.cc:74 Dynamic e block size because the block size changed from 1 to 9
detect_structure.cc:93 Dynamic f block size because the block size changed from 6 to 9
detect_structure.cc:114 Schur complement static structure <-1,-1,-1>.
detect_structure.cc:63 Dynamic row block size because the block size changed from 2 to 15
detect_structure.cc:74 Dynamic e block size because the block size changed from 1 to 9
detect_structure.cc:93 Dynamic f block size because the block size changed from 6 to 9
detect_structure.cc:114 Schur complement static structure <-1,-1,-1>.
schur_eliminator.cc:155 Template specializations not found for <-1,-1,-1>
[FeatureTracker] F-matrix: 127 → 74 (rejected 53, threshold=1.0000)
block_sparse_matrix.cc:208 Allocating values array with 289976 bytes.
detect_structure.cc:63 Dynamic row block size because the block size changed from 2 to 15
detect_structure.cc:74 Dynamic e block size because the block size changed from 1 to 9
detect_structure.cc:93 Dynamic f block size because the block size changed from 6 to 9
detect_structure.cc:114 Schur complement static structure <-1,-1,-1>.
detect_structure.cc:63 Dynamic row block size because the block size changed from 2 to 15
detect_structure.cc:74 Dynamic e block size because the block size changed from 1 to 9
detect_structure.cc:93 Dynamic f block size because the block size changed from 6 to 9
detect_structure.cc:114 Schur complement static structure <-1,-1,-1>.
schur_eliminator.cc:155 Template specializations not found for <-1,-1,-1>
[VIO DIAG] f=260 tri: ok=157 wait=7 fail=0 default=0 depth: avg=1.3820 min=0.0680 max=4.6128 |vel|=0.9882 vel=(0.9433,0.1242,-0.2669) ba=(0.1777,-0.1579,-0.0448) bg=(-0.0013,0.0012,0.0005)
block_sparse_matrix.cc:208 Allocating values array with 278952 bytes.
detect_structure.cc:63 Dynamic row block size because the block size changed from 2 to 15
detect_structure.cc:74 Dynamic e block size because the block size changed from 1 to 9
detect_structure.cc:93 Dynamic f block size because the block size changed from 6 to 9
detect_structure.cc:114 Schur complement static structure <-1,-1,-1>.
detect_structure.cc:63 Dynamic row block size because the block size changed from 2 to 15
detect_structure.cc:74 Dynamic e block size because the block size changed from 1 to 9
detect_structure.cc:93 Dynamic f block size because the block size changed from 6 to 9
detect_structure.cc:114 Schur complement static structure <-1,-1,-1>.
schur_eliminator.cc:155 Template specializations not found for <-1,-1,-1>
block_sparse_matrix.cc:208 Allocating values array with 270424 bytes.
detect_structure.cc:63 Dynamic row block size because the block size changed from 2 to 15
detect_structure.cc:74 Dynamic e block size because the block size changed from 1 to 9
detect_structure.cc:93 Dynamic f block size because the block size changed from 6 to 9
detect_structure.cc:114 Schur complement static structure <-1,-1,-1>.
detect_structure.cc:63 Dynamic row block size because the block size changed from 2 to 15
detect_structure.cc:74 Dynamic e block size because the block size changed from 1 to 9
detect_structure.cc:93 Dynamic f block size because the block size changed from 6 to 9
detect_structure.cc:114 Schur complement static structure <-1,-1,-1>.
schur_eliminator.cc:155 Template specializations not found for <-1,-1,-1>
block_sparse_matrix.cc:208 Allocating values array with 265016 bytes.
detect_structure.cc:63 Dynamic row block size because the block size changed from 2 to 15
detect_structure.cc:74 Dynamic e block size because the block size changed from 1 to 9
detect_structure.cc:93 Dynamic f block size because the block size changed from 6 to 9
detect_structure.cc:114 Schur complement static structure <-1,-1,-1>.
detect_structure.cc:63 Dynamic row block size because the block size changed from 2 to 15
detect_structure.cc:74 Dynamic e block size because the block size changed from 1 to 9
detect_structure.cc:93 Dynamic f block size because the block size changed from 6 to 9
detect_structure.cc:114 Schur complement static structure <-1,-1,-1>.
schur_eliminator.cc:155 Template specializations not found for <-1,-1,-1>
block_sparse_matrix.cc:208 Allocating values array with 276456 bytes.
detect_structure.cc:63 Dynamic row block size because the block size changed from 2 to 15
detect_structure.cc:74 Dynamic e block size because the block size changed from 1 to 9
detect_structure.cc:93 Dynamic f block size because the block size changed from 6 to 9
detect_structure.cc:114 Schur complement static structure <-1,-1,-1>.
detect_structure.cc:63 Dynamic row block size because the block size changed from 2 to 15
detect_structure.cc:74 Dynamic e block size because the block size changed from 1 to 9
detect_structure.cc:93 Dynamic f block size because the block size changed from 6 to 9
detect_structure.cc:114 Schur complement static structure <-1,-1,-1>.
schur_eliminator.cc:155 Template specializations not found for <-1,-1,-1>
block_sparse_matrix.cc:208 Allocating values array with 275208 bytes.
detect_structure.cc:63 Dynamic row block size because the block size changed from 2 to 15
detect_structure.cc:74 Dynamic e block size because the block size changed from 1 to 9
detect_structure.cc:93 Dynamic f block size because the block size changed from 6 to 9
detect_structure.cc:114 Schur complement static structure <-1,-1,-1>.
detect_structure.cc:63 Dynamic row block size because the block size changed from 2 to 15
detect_structure.cc:74 Dynamic e block size because the block size changed from 1 to 9
detect_structure.cc:93 Dynamic f block size because the block size changed from 6 to 9
detect_structure.cc:114 Schur complement static structure <-1,-1,-1>.
schur_eliminator.cc:155 Template specializations not found for <-1,-1,-1>
block_sparse_matrix.cc:208 Allocating values array with 271880 bytes.
detect_structure.cc:63 Dynamic row block size because the block size changed from 2 to 15
detect_structure.cc:74 Dynamic e block size because the block size changed from 1 to 9
detect_structure.cc:93 Dynamic f block size because the block size changed from 6 to 9
detect_structure.cc:114 Schur complement static structure <-1,-1,-1>.
detect_structure.cc:63 Dynamic row block size because the block size changed from 2 to 15
detect_structure.cc:74 Dynamic e block size because the block size changed from 1 to 9
detect_structure.cc:93 Dynamic f block size because the block size changed from 6 to 9
detect_structure.cc:114 Schur complement static structure <-1,-1,-1>.
schur_eliminator.cc:155 Template specializations not found for <-1,-1,-1>
block_sparse_matrix.cc:208 Allocating values array with 270216 bytes.
detect_structure.cc:63 Dynamic row block size because the block size changed from 2 to 15
detect_structure.cc:74 Dynamic e block size because the block size changed from 1 to 9
detect_structure.cc:93 Dynamic f block size because the block size changed from 6 to 9
detect_structure.cc:114 Schur complement static structure <-1,-1,-1>.
detect_structure.cc:63 Dynamic row block size because the block size changed from 2 to 15
detect_structure.cc:74 Dynamic e block size because the block size changed from 1 to 9
detect_structure.cc:93 Dynamic f block size because the block size changed from 6 to 9
detect_structure.cc:114 Schur complement static structure <-1,-1,-1>.
schur_eliminator.cc:155 Template specializations not found for <-1,-1,-1>
[FeatureTracker] F-matrix: 141 → 97 (rejected 44, threshold=1.0000)
block_sparse_matrix.cc:208 Allocating values array with 263144 bytes.
detect_structure.cc:63 Dynamic row block size because the block size changed from 2 to 15
detect_structure.cc:74 Dynamic e block size because the block size changed from 1 to 9
detect_structure.cc:93 Dynamic f block size because the block size changed from 6 to 9
detect_structure.cc:114 Schur complement static structure <-1,-1,-1>.
detect_structure.cc:63 Dynamic row block size because the block size changed from 2 to 15
detect_structure.cc:74 Dynamic e block size because the block size changed from 1 to 9
detect_structure.cc:93 Dynamic f block size because the block size changed from 6 to 9
detect_structure.cc:114 Schur complement static structure <-1,-1,-1>.
schur_eliminator.cc:155 Template specializations not found for <-1,-1,-1>
block_sparse_matrix.cc:208 Allocating values array with 256280 bytes.
detect_structure.cc:63 Dynamic row block size because the block size changed from 2 to 15
detect_structure.cc:74 Dynamic e block size because the block size changed from 1 to 9
detect_structure.cc:93 Dynamic f block size because the block size changed from 6 to 9
detect_structure.cc:114 Schur complement static structure <-1,-1,-1>.
detect_structure.cc:63 Dynamic row block size because the block size changed from 2 to 15
detect_structure.cc:74 Dynamic e block size because the block size changed from 1 to 9
detect_structure.cc:93 Dynamic f block size because the block size changed from 6 to 9
detect_structure.cc:114 Schur complement static structure <-1,-1,-1>.
schur_eliminator.cc:155 Template specializations not found for <-1,-1,-1>
block_sparse_matrix.cc:208 Allocating values array with 260440 bytes.
detect_structure.cc:63 Dynamic row block size because the block size changed from 2 to 15
detect_structure.cc:74 Dynamic e block size because the block size changed from 1 to 9
detect_structure.cc:93 Dynamic f block size because the block size changed from 6 to 9
detect_structure.cc:114 Schur complement static structure <-1,-1,-1>.
detect_structure.cc:63 Dynamic row block size because the block size changed from 2 to 15
detect_structure.cc:74 Dynamic e block size because the block size changed from 1 to 9
detect_structure.cc:93 Dynamic f block size because the block size changed from 6 to 9
detect_structure.cc:114 Schur complement static structure <-1,-1,-1>.
schur_eliminator.cc:155 Template specializations not found for <-1,-1,-1>
block_sparse_matrix.cc:208 Allocating values array with 263976 bytes.
detect_structure.cc:63 Dynamic row block size because the block size changed from 2 to 15
detect_structure.cc:74 Dynamic e block size because the block size changed from 1 to 9
detect_structure.cc:93 Dynamic f block size because the block size changed from 6 to 9
detect_structure.cc:114 Schur complement static structure <-1,-1,-1>.
detect_structure.cc:63 Dynamic row block size because the block size changed from 2 to 15
detect_structure.cc:74 Dynamic e block size because the block size changed from 1 to 9
detect_structure.cc:93 Dynamic f block size because the block size changed from 6 to 9
detect_structure.cc:114 Schur complement static structure <-1,-1,-1>.
schur_eliminator.cc:155 Template specializations not found for <-1,-1,-1>
block_sparse_matrix.cc:208 Allocating values array with 264808 bytes.
detect_structure.cc:63 Dynamic row block size because the block size changed from 2 to 15
detect_structure.cc:74 Dynamic e block size because the block size changed from 1 to 9
detect_structure.cc:93 Dynamic f block size because the block size changed from 6 to 9
detect_structure.cc:114 Schur complement static structure <-1,-1,-1>.
detect_structure.cc:63 Dynamic row block size because the block size changed from 2 to 15
detect_structure.cc:74 Dynamic e block size because the block size changed from 1 to 9
detect_structure.cc:93 Dynamic f block size because the block size changed from 6 to 9
detect_structure.cc:114 Schur complement static structure <-1,-1,-1>.
schur_eliminator.cc:155 Template specializations not found for <-1,-1,-1>
block_sparse_matrix.cc:208 Allocating values array with 265224 bytes.
detect_structure.cc:63 Dynamic row block size because the block size changed from 2 to 15
detect_structure.cc:74 Dynamic e block size because the block size changed from 1 to 9
detect_structure.cc:93 Dynamic f block size because the block size changed from 6 to 9
detect_structure.cc:114 Schur complement static structure <-1,-1,-1>.
detect_structure.cc:63 Dynamic row block size because the block size changed from 2 to 15
detect_structure.cc:74 Dynamic e block size because the block size changed from 1 to 9
detect_structure.cc:93 Dynamic f block size because the block size changed from 6 to 9
detect_structure.cc:114 Schur complement static structure <-1,-1,-1>.
schur_eliminator.cc:155 Template specializations not found for <-1,-1,-1>
block_sparse_matrix.cc:208 Allocating values array with 270216 bytes.
detect_structure.cc:63 Dynamic row block size because the block size changed from 2 to 15
detect_structure.cc:74 Dynamic e block size because the block size changed from 1 to 9
detect_structure.cc:93 Dynamic f block size because the block size changed from 6 to 9
detect_structure.cc:114 Schur complement static structure <-1,-1,-1>.
detect_structure.cc:63 Dynamic row block size because the block size changed from 2 to 15
detect_structure.cc:74 Dynamic e block size because the block size changed from 1 to 9
detect_structure.cc:93 Dynamic f block size because the block size changed from 6 to 9
detect_structure.cc:114 Schur complement static structure <-1,-1,-1>.
schur_eliminator.cc:155 Template specializations not found for <-1,-1,-1>
block_sparse_matrix.cc:208 Allocating values array with 268136 bytes.
detect_structure.cc:63 Dynamic row block size because the block size changed from 2 to 15
detect_structure.cc:74 Dynamic e block size because the block size changed from 1 to 9
detect_structure.cc:93 Dynamic f block size because the block size changed from 6 to 9
detect_structure.cc:114 Schur complement static structure <-1,-1,-1>.
detect_structure.cc:63 Dynamic row block size because the block size changed from 2 to 15
detect_structure.cc:74 Dynamic e block size because the block size changed from 1 to 9
detect_structure.cc:93 Dynamic f block size because the block size changed from 6 to 9
detect_structure.cc:114 Schur complement static structure <-1,-1,-1>.
schur_eliminator.cc:155 Template specializations not found for <-1,-1,-1>
[FeatureTracker] F-matrix: 136 → 73 (rejected 63, threshold=1.0000)
block_sparse_matrix.cc:208 Allocating values array with 263768 bytes.
detect_structure.cc:63 Dynamic row block size because the block size changed from 2 to 15
detect_structure.cc:74 Dynamic e block size because the block size changed from 1 to 9
detect_structure.cc:93 Dynamic f block size because the block size changed from 6 to 9
detect_structure.cc:114 Schur complement static structure <-1,-1,-1>.
detect_structure.cc:63 Dynamic row block size because the block size changed from 2 to 15
detect_structure.cc:74 Dynamic e block size because the block size changed from 1 to 9
detect_structure.cc:93 Dynamic f block size because the block size changed from 6 to 9
detect_structure.cc:114 Schur complement static structure <-1,-1,-1>.
schur_eliminator.cc:155 Template specializations not found for <-1,-1,-1>
block_sparse_matrix.cc:208 Allocating values array with 258152 bytes.
detect_structure.cc:63 Dynamic row block size because the block size changed from 2 to 15
detect_structure.cc:74 Dynamic e block size because the block size changed from 1 to 9
detect_structure.cc:93 Dynamic f block size because the block size changed from 6 to 9
detect_structure.cc:114 Schur complement static structure <-1,-1,-1>.
detect_structure.cc:63 Dynamic row block size because the block size changed from 2 to 15
detect_structure.cc:74 Dynamic e block size because the block size changed from 1 to 9
detect_structure.cc:93 Dynamic f block size because the block size changed from 6 to 9
detect_structure.cc:114 Schur complement static structure <-1,-1,-1>.
schur_eliminator.cc:155 Template specializations not found for <-1,-1,-1>
block_sparse_matrix.cc:208 Allocating values array with 253992 bytes.
detect_structure.cc:63 Dynamic row block size because the block size changed from 2 to 15
detect_structure.cc:74 Dynamic e block size because the block size changed from 1 to 9
detect_structure.cc:93 Dynamic f block size because the block size changed from 6 to 9
detect_structure.cc:114 Schur complement static structure <-1,-1,-1>.
detect_structure.cc:63 Dynamic row block size because the block size changed from 2 to 15
detect_structure.cc:74 Dynamic e block size because the block size changed from 1 to 9
detect_structure.cc:93 Dynamic f block size because the block size changed from 6 to 9
detect_structure.cc:114 Schur complement static structure <-1,-1,-1>.
schur_eliminator.cc:155 Template specializations not found for <-1,-1,-1>
block_sparse_matrix.cc:208 Allocating values array with 251080 bytes.
detect_structure.cc:63 Dynamic row block size because the block size changed from 2 to 15
detect_structure.cc:74 Dynamic e block size because the block size changed from 1 to 9
detect_structure.cc:93 Dynamic f block size because the block size changed from 6 to 9
detect_structure.cc:114 Schur complement static structure <-1,-1,-1>.
detect_structure.cc:63 Dynamic row block size because the block size changed from 2 to 15
detect_structure.cc:74 Dynamic e block size because the block size changed from 1 to 9
detect_structure.cc:93 Dynamic f block size because the block size changed from 6 to 9
detect_structure.cc:114 Schur complement static structure <-1,-1,-1>.
schur_eliminator.cc:155 Template specializations not found for <-1,-1,-1>
block_sparse_matrix.cc:208 Allocating values array with 266056 bytes.
detect_structure.cc:63 Dynamic row block size because the block size changed from 2 to 15
detect_structure.cc:74 Dynamic e block size because the block size changed from 1 to 9
detect_structure.cc:93 Dynamic f block size because the block size changed from 6 to 9
detect_structure.cc:114 Schur complement static structure <-1,-1,-1>.
detect_structure.cc:63 Dynamic row block size because the block size changed from 2 to 15
detect_structure.cc:74 Dynamic e block size because the block size changed from 1 to 9
detect_structure.cc:93 Dynamic f block size because the block size changed from 6 to 9
detect_structure.cc:114 Schur complement static structure <-1,-1,-1>.
schur_eliminator.cc:155 Template specializations not found for <-1,-1,-1>
[VIO DIAG] f=280 tri: ok=174 wait=8 fail=0 default=0 depth: avg=1.4099 min=0.2883 max=6.1648 |vel|=1.2777 vel=(0.9980,-0.2468,0.7586) ba=(-0.0102,-0.0421,-0.0594) bg=(0.0000,0.0007,0.0011)
block_sparse_matrix.cc:208 Allocating values array with 263976 bytes.
detect_structure.cc:63 Dynamic row block size because the block size changed from 2 to 15
detect_structure.cc:74 Dynamic e block size because the block size changed from 1 to 9
detect_structure.cc:93 Dynamic f block size because the block size changed from 6 to 9
detect_structure.cc:114 Schur complement static structure <-1,-1,-1>.
detect_structure.cc:63 Dynamic row block size because the block size changed from 2 to 15
detect_structure.cc:74 Dynamic e block size because the block size changed from 1 to 9
detect_structure.cc:93 Dynamic f block size because the block size changed from 6 to 9
detect_structure.cc:114 Schur complement static structure <-1,-1,-1>.
schur_eliminator.cc:155 Template specializations not found for <-1,-1,-1>
block_sparse_matrix.cc:208 Allocating values array with 261896 bytes.
detect_structure.cc:63 Dynamic row block size because the block size changed from 2 to 15
detect_structure.cc:74 Dynamic e block size because the block size changed from 1 to 9
detect_structure.cc:93 Dynamic f block size because the block size changed from 6 to 9
detect_structure.cc:114 Schur complement static structure <-1,-1,-1>.
detect_structure.cc:63 Dynamic row block size because the block size changed from 2 to 15
detect_structure.cc:74 Dynamic e block size because the block size changed from 1 to 9
detect_structure.cc:93 Dynamic f block size because the block size changed from 6 to 9
detect_structure.cc:114 Schur complement static structure <-1,-1,-1>.
schur_eliminator.cc:155 Template specializations not found for <-1,-1,-1>
block_sparse_matrix.cc:208 Allocating values array with 260440 bytes.
detect_structure.cc:63 Dynamic row block size because the block size changed from 2 to 15
detect_structure.cc:74 Dynamic e block size because the block size changed from 1 to 9
detect_structure.cc:93 Dynamic f block size because the block size changed from 6 to 9
detect_structure.cc:114 Schur complement static structure <-1,-1,-1>.
detect_structure.cc:63 Dynamic row block size because the block size changed from 2 to 15
detect_structure.cc:74 Dynamic e block size because the block size changed from 1 to 9
detect_structure.cc:93 Dynamic f block size because the block size changed from 6 to 9
detect_structure.cc:114 Schur complement static structure <-1,-1,-1>.
schur_eliminator.cc:155 Template specializations not found for <-1,-1,-1>
block_sparse_matrix.cc:208 Allocating values array with 261688 bytes.
detect_structure.cc:63 Dynamic row block size because the block size changed from 2 to 15
detect_structure.cc:74 Dynamic e block size because the block size changed from 1 to 9
detect_structure.cc:93 Dynamic f block size because the block size changed from 6 to 9
detect_structure.cc:114 Schur complement static structure <-1,-1,-1>.
detect_structure.cc:63 Dynamic row block size because the block size changed from 2 to 15
detect_structure.cc:74 Dynamic e block size because the block size changed from 1 to 9
detect_structure.cc:93 Dynamic f block size because the block size changed from 6 to 9
detect_structure.cc:114 Schur complement static structure <-1,-1,-1>.
schur_eliminator.cc:155 Template specializations not found for <-1,-1,-1>
block_sparse_matrix.cc:208 Allocating values array with 266888 bytes.
detect_structure.cc:63 Dynamic row block size because the block size changed from 2 to 15
detect_structure.cc:74 Dynamic e block size because the block size changed from 1 to 9
detect_structure.cc:93 Dynamic f block size because the block size changed from 6 to 9
detect_structure.cc:114 Schur complement static structure <-1,-1,-1>.
detect_structure.cc:63 Dynamic row block size because the block size changed from 2 to 15
detect_structure.cc:74 Dynamic e block size because the block size changed from 1 to 9
detect_structure.cc:93 Dynamic f block size because the block size changed from 6 to 9
detect_structure.cc:114 Schur complement static structure <-1,-1,-1>.
schur_eliminator.cc:155 Template specializations not found for <-1,-1,-1>
block_sparse_matrix.cc:208 Allocating values array with 282072 bytes.
detect_structure.cc:63 Dynamic row block size because the block size changed from 2 to 15
detect_structure.cc:74 Dynamic e block size because the block size changed from 1 to 9
detect_structure.cc:93 Dynamic f block size because the block size changed from 6 to 9
detect_structure.cc:114 Schur complement static structure <-1,-1,-1>.
detect_structure.cc:63 Dynamic row block size because the block size changed from 2 to 15
detect_structure.cc:74 Dynamic e block size because the block size changed from 1 to 9
detect_structure.cc:93 Dynamic f block size because the block size changed from 6 to 9
detect_structure.cc:114 Schur complement static structure <-1,-1,-1>.
schur_eliminator.cc:155 Template specializations not found for <-1,-1,-1>
block_sparse_matrix.cc:208 Allocating values array with 289976 bytes.
detect_structure.cc:63 Dynamic row block size because the block size changed from 2 to 15
detect_structure.cc:74 Dynamic e block size because the block size changed from 1 to 9
detect_structure.cc:93 Dynamic f block size because the block size changed from 6 to 9
detect_structure.cc:114 Schur complement static structure <-1,-1,-1>.
detect_structure.cc:63 Dynamic row block size because the block size changed from 2 to 15
detect_structure.cc:74 Dynamic e block size because the block size changed from 1 to 9
detect_structure.cc:93 Dynamic f block size because the block size changed from 6 to 9
detect_structure.cc:114 Schur complement static structure <-1,-1,-1>.
schur_eliminator.cc:155 Template specializations not found for <-1,-1,-1>
block_sparse_matrix.cc:208 Allocating values array with 292264 bytes.
detect_structure.cc:63 Dynamic row block size because the block size changed from 2 to 15
detect_structure.cc:74 Dynamic e block size because the block size changed from 1 to 9
detect_structure.cc:93 Dynamic f block size because the block size changed from 6 to 9
detect_structure.cc:114 Schur complement static structure <-1,-1,-1>.
detect_structure.cc:63 Dynamic row block size because the block size changed from 2 to 15
detect_structure.cc:74 Dynamic e block size because the block size changed from 1 to 9
detect_structure.cc:93 Dynamic f block size because the block size changed from 6 to 9
detect_structure.cc:114 Schur complement static structure <-1,-1,-1>.
schur_eliminator.cc:155 Template specializations not found for <-1,-1,-1>
block_sparse_matrix.cc:208 Allocating values array with 299128 bytes.
detect_structure.cc:63 Dynamic row block size because the block size changed from 2 to 15
detect_structure.cc:74 Dynamic e block size because the block size changed from 1 to 9
detect_structure.cc:93 Dynamic f block size because the block size changed from 6 to 9
detect_structure.cc:114 Schur complement static structure <-1,-1,-1>.
detect_structure.cc:63 Dynamic row block size because the block size changed from 2 to 15
detect_structure.cc:74 Dynamic e block size because the block size changed from 1 to 9
detect_structure.cc:93 Dynamic f block size because the block size changed from 6 to 9
detect_structure.cc:114 Schur complement static structure <-1,-1,-1>.
schur_eliminator.cc:155 Template specializations not found for <-1,-1,-1>
block_sparse_matrix.cc:208 Allocating values array with 303080 bytes.
detect_structure.cc:63 Dynamic row block size because the block size changed from 2 to 15
detect_structure.cc:74 Dynamic e block size because the block size changed from 1 to 9
detect_structure.cc:93 Dynamic f block size because the block size changed from 6 to 9
detect_structure.cc:114 Schur complement static structure <-1,-1,-1>.
detect_structure.cc:63 Dynamic row block size because the block size changed from 2 to 15
detect_structure.cc:74 Dynamic e block size because the block size changed from 1 to 9
detect_structure.cc:93 Dynamic f block size because the block size changed from 6 to 9
detect_structure.cc:114 Schur complement static structure <-1,-1,-1>.
schur_eliminator.cc:155 Template specializations not found for <-1,-1,-1>
block_sparse_matrix.cc:208 Allocating values array with 308696 bytes.
detect_structure.cc:63 Dynamic row block size because the block size changed from 2 to 15
detect_structure.cc:74 Dynamic e block size because the block size changed from 1 to 9
detect_structure.cc:93 Dynamic f block size because the block size changed from 6 to 9
detect_structure.cc:114 Schur complement static structure <-1,-1,-1>.
detect_structure.cc:63 Dynamic row block size because the block size changed from 2 to 15
detect_structure.cc:74 Dynamic e block size because the block size changed from 1 to 9
detect_structure.cc:93 Dynamic f block size because the block size changed from 6 to 9
detect_structure.cc:114 Schur complement static structure <-1,-1,-1>.
schur_eliminator.cc:155 Template specializations not found for <-1,-1,-1>
[FeatureTracker] F-matrix: 123 → 67 (rejected 56, threshold=1.0000)
block_sparse_matrix.cc:208 Allocating values array with 302664 bytes.
detect_structure.cc:63 Dynamic row block size because the block size changed from 2 to 15
detect_structure.cc:74 Dynamic e block size because the block size changed from 1 to 9
detect_structure.cc:93 Dynamic f block size because the block size changed from 6 to 9
detect_structure.cc:114 Schur complement static structure <-1,-1,-1>.
detect_structure.cc:63 Dynamic row block size because the block size changed from 2 to 15
detect_structure.cc:74 Dynamic e block size because the block size changed from 1 to 9
detect_structure.cc:93 Dynamic f block size because the block size changed from 6 to 9
detect_structure.cc:114 Schur complement static structure <-1,-1,-1>.
schur_eliminator.cc:155 Template specializations not found for <-1,-1,-1>
block_sparse_matrix.cc:208 Allocating values array with 293928 bytes.
detect_structure.cc:63 Dynamic row block size because the block size changed from 2 to 15
detect_structure.cc:74 Dynamic e block size because the block size changed from 1 to 9
detect_structure.cc:93 Dynamic f block size because the block size changed from 6 to 9
detect_structure.cc:114 Schur complement static structure <-1,-1,-1>.
detect_structure.cc:63 Dynamic row block size because the block size changed from 2 to 15
detect_structure.cc:74 Dynamic e block size because the block size changed from 1 to 9
detect_structure.cc:93 Dynamic f block size because the block size changed from 6 to 9
detect_structure.cc:114 Schur complement static structure <-1,-1,-1>.
schur_eliminator.cc:155 Template specializations not found for <-1,-1,-1>
block_sparse_matrix.cc:208 Allocating values array with 283112 bytes.
detect_structure.cc:63 Dynamic row block size because the block size changed from 2 to 15
detect_structure.cc:74 Dynamic e block size because the block size changed from 1 to 9
detect_structure.cc:93 Dynamic f block size because the block size changed from 6 to 9
detect_structure.cc:114 Schur complement static structure <-1,-1,-1>.
detect_structure.cc:63 Dynamic row block size because the block size changed from 2 to 15
detect_structure.cc:74 Dynamic e block size because the block size changed from 1 to 9
detect_structure.cc:93 Dynamic f block size because the block size changed from 6 to 9
detect_structure.cc:114 Schur complement static structure <-1,-1,-1>.
schur_eliminator.cc:155 Template specializations not found for <-1,-1,-1>
block_sparse_matrix.cc:208 Allocating values array with 275656 bytes.
detect_structure.cc:63 Dynamic row block size because the block size changed from 2 to 15
detect_structure.cc:74 Dynamic e block size because the block size changed from 1 to 9
detect_structure.cc:93 Dynamic f block size because the block size changed from 6 to 9
detect_structure.cc:114 Schur complement static structure <-1,-1,-1>.
detect_structure.cc:63 Dynamic row block size because the block size changed from 2 to 15
detect_structure.cc:74 Dynamic e block size because the block size changed from 1 to 9
detect_structure.cc:93 Dynamic f block size because the block size changed from 6 to 9
detect_structure.cc:114 Schur complement static structure <-1,-1,-1>.
schur_eliminator.cc:155 Template specializations not found for <-1,-1,-1>
block_sparse_matrix.cc:208 Allocating values array with 275448 bytes.
detect_structure.cc:63 Dynamic row block size because the block size changed from 2 to 15
detect_structure.cc:74 Dynamic e block size because the block size changed from 1 to 9
detect_structure.cc:93 Dynamic f block size because the block size changed from 6 to 9
detect_structure.cc:114 Schur complement static structure <-1,-1,-1>.
detect_structure.cc:63 Dynamic row block size because the block size changed from 2 to 15
detect_structure.cc:74 Dynamic e block size because the block size changed from 1 to 9
detect_structure.cc:93 Dynamic f block size because the block size changed from 6 to 9
detect_structure.cc:114 Schur complement static structure <-1,-1,-1>.
schur_eliminator.cc:155 Template specializations not found for <-1,-1,-1>
block_sparse_matrix.cc:208 Allocating values array with 271880 bytes.
detect_structure.cc:63 Dynamic row block size because the block size changed from 2 to 15
detect_structure.cc:74 Dynamic e block size because the block size changed from 1 to 9
detect_structure.cc:93 Dynamic f block size because the block size changed from 6 to 9
detect_structure.cc:114 Schur complement static structure <-1,-1,-1>.
detect_structure.cc:63 Dynamic row block size because the block size changed from 2 to 15
detect_structure.cc:74 Dynamic e block size because the block size changed from 1 to 9
detect_structure.cc:93 Dynamic f block size because the block size changed from 6 to 9
detect_structure.cc:114 Schur complement static structure <-1,-1,-1>.
schur_eliminator.cc:155 Template specializations not found for <-1,-1,-1>
block_sparse_matrix.cc:208 Allocating values array with 264216 bytes.
detect_structure.cc:63 Dynamic row block size because the block size changed from 2 to 15
detect_structure.cc:74 Dynamic e block size because the block size changed from 1 to 9
detect_structure.cc:93 Dynamic f block size because the block size changed from 6 to 9
detect_structure.cc:114 Schur complement static structure <-1,-1,-1>.
detect_structure.cc:63 Dynamic row block size because the block size changed from 2 to 15
detect_structure.cc:74 Dynamic e block size because the block size changed from 1 to 9
detect_structure.cc:93 Dynamic f block size because the block size changed from 6 to 9
detect_structure.cc:114 Schur complement static structure <-1,-1,-1>.
schur_eliminator.cc:155 Template specializations not found for <-1,-1,-1>
block_sparse_matrix.cc:208 Allocating values array with 288312 bytes.
detect_structure.cc:63 Dynamic row block size because the block size changed from 2 to 15
detect_structure.cc:74 Dynamic e block size because the block size changed from 1 to 9
detect_structure.cc:93 Dynamic f block size because the block size changed from 6 to 9
detect_structure.cc:114 Schur complement static structure <-1,-1,-1>.
detect_structure.cc:63 Dynamic row block size because the block size changed from 2 to 15
detect_structure.cc:74 Dynamic e block size because the block size changed from 1 to 9
detect_structure.cc:93 Dynamic f block size because the block size changed from 6 to 9
detect_structure.cc:114 Schur complement static structure <-1,-1,-1>.
schur_eliminator.cc:155 Template specializations not found for <-1,-1,-1>
block_sparse_matrix.cc:208 Allocating values array with 283944 bytes.
detect_structure.cc:63 Dynamic row block size because the block size changed from 2 to 15
detect_structure.cc:74 Dynamic e block size because the block size changed from 1 to 9
detect_structure.cc:93 Dynamic f block size because the block size changed from 6 to 9
detect_structure.cc:114 Schur complement static structure <-1,-1,-1>.
detect_structure.cc:63 Dynamic row block size because the block size changed from 2 to 15
detect_structure.cc:74 Dynamic e block size because the block size changed from 1 to 9
detect_structure.cc:93 Dynamic f block size because the block size changed from 6 to 9
detect_structure.cc:114 Schur complement static structure <-1,-1,-1>.
schur_eliminator.cc:155 Template specializations not found for <-1,-1,-1>
[VIO DIAG] f=300 tri: ok=198 wait=0 fail=0 default=2 depth: avg=1.4270 min=0.3452 max=11.3718 |vel|=0.7643 vel=(0.4326,0.1639,-0.6084) ba=(-0.0168,-0.0698,-0.0511) bg=(0.0003,0.0008,0.0012)
[FeatureTracker] F-matrix: 147 → 93 (rejected 54, threshold=1.0000)
block_sparse_matrix.cc:208 Allocating values array with 272120 bytes.
detect_structure.cc:63 Dynamic row block size because the block size changed from 2 to 15
detect_structure.cc:74 Dynamic e block size because the block size changed from 1 to 9
detect_structure.cc:93 Dynamic f block size because the block size changed from 6 to 9
detect_structure.cc:114 Schur complement static structure <-1,-1,-1>.
detect_structure.cc:63 Dynamic row block size because the block size changed from 2 to 15
detect_structure.cc:74 Dynamic e block size because the block size changed from 1 to 9
detect_structure.cc:93 Dynamic f block size because the block size changed from 6 to 9
detect_structure.cc:114 Schur complement static structure <-1,-1,-1>.
schur_eliminator.cc:155 Template specializations not found for <-1,-1,-1>
block_sparse_matrix.cc:208 Allocating values array with 271256 bytes.
detect_structure.cc:63 Dynamic row block size because the block size changed from 2 to 15
detect_structure.cc:74 Dynamic e block size because the block size changed from 1 to 9
detect_structure.cc:93 Dynamic f block size because the block size changed from 6 to 9
detect_structure.cc:114 Schur complement static structure <-1,-1,-1>.
detect_structure.cc:63 Dynamic row block size because the block size changed from 2 to 15
detect_structure.cc:74 Dynamic e block size because the block size changed from 1 to 9
detect_structure.cc:93 Dynamic f block size because the block size changed from 6 to 9
detect_structure.cc:114 Schur complement static structure <-1,-1,-1>.
schur_eliminator.cc:155 Template specializations not found for <-1,-1,-1>
block_sparse_matrix.cc:208 Allocating values array with 264216 bytes.
detect_structure.cc:63 Dynamic row block size because the block size changed from 2 to 15
detect_structure.cc:74 Dynamic e block size because the block size changed from 1 to 9
detect_structure.cc:93 Dynamic f block size because the block size changed from 6 to 9
detect_structure.cc:114 Schur complement static structure <-1,-1,-1>.
detect_structure.cc:63 Dynamic row block size because the block size changed from 2 to 15
detect_structure.cc:74 Dynamic e block size because the block size changed from 1 to 9
detect_structure.cc:93 Dynamic f block size because the block size changed from 6 to 9
detect_structure.cc:114 Schur complement static structure <-1,-1,-1>.
schur_eliminator.cc:155 Template specializations not found for <-1,-1,-1>
block_sparse_matrix.cc:208 Allocating values array with 263592 bytes.
detect_structure.cc:63 Dynamic row block size because the block size changed from 2 to 15
detect_structure.cc:74 Dynamic e block size because the block size changed from 1 to 9
detect_structure.cc:93 Dynamic f block size because the block size changed from 6 to 9
detect_structure.cc:114 Schur complement static structure <-1,-1,-1>.
detect_structure.cc:63 Dynamic row block size because the block size changed from 2 to 15
detect_structure.cc:74 Dynamic e block size because the block size changed from 1 to 9
detect_structure.cc:93 Dynamic f block size because the block size changed from 6 to 9
detect_structure.cc:114 Schur complement static structure <-1,-1,-1>.
schur_eliminator.cc:155 Template specializations not found for <-1,-1,-1>
block_sparse_matrix.cc:208 Allocating values array with 261896 bytes.
detect_structure.cc:63 Dynamic row block size because the block size changed from 2 to 15
detect_structure.cc:74 Dynamic e block size because the block size changed from 1 to 9
detect_structure.cc:93 Dynamic f block size because the block size changed from 6 to 9
detect_structure.cc:114 Schur complement static structure <-1,-1,-1>.
detect_structure.cc:63 Dynamic row block size because the block size changed from 2 to 15
detect_structure.cc:74 Dynamic e block size because the block size changed from 1 to 9
detect_structure.cc:93 Dynamic f block size because the block size changed from 6 to 9
detect_structure.cc:114 Schur complement static structure <-1,-1,-1>.
schur_eliminator.cc:155 Template specializations not found for <-1,-1,-1>
block_sparse_matrix.cc:208 Allocating values array with 253400 bytes.
detect_structure.cc:63 Dynamic row block size because the block size changed from 2 to 15
detect_structure.cc:74 Dynamic e block size because the block size changed from 1 to 9
detect_structure.cc:93 Dynamic f block size because the block size changed from 6 to 9
detect_structure.cc:114 Schur complement static structure <-1,-1,-1>.
detect_structure.cc:63 Dynamic row block size because the block size changed from 2 to 15
detect_structure.cc:74 Dynamic e block size because the block size changed from 1 to 9
detect_structure.cc:93 Dynamic f block size because the block size changed from 6 to 9
detect_structure.cc:114 Schur complement static structure <-1,-1,-1>.
schur_eliminator.cc:155 Template specializations not found for <-1,-1,-1>
block_sparse_matrix.cc:208 Allocating values array with 271048 bytes.
detect_structure.cc:63 Dynamic row block size because the block size changed from 2 to 15
detect_structure.cc:74 Dynamic e block size because the block size changed from 1 to 9
detect_structure.cc:93 Dynamic f block size because the block size changed from 6 to 9
detect_structure.cc:114 Schur complement static structure <-1,-1,-1>.
detect_structure.cc:63 Dynamic row block size because the block size changed from 2 to 15
detect_structure.cc:74 Dynamic e block size because the block size changed from 1 to 9
detect_structure.cc:93 Dynamic f block size because the block size changed from 6 to 9
detect_structure.cc:114 Schur complement static structure <-1,-1,-1>.
schur_eliminator.cc:155 Template specializations not found for <-1,-1,-1>
block_sparse_matrix.cc:208 Allocating values array with 262136 bytes.
detect_structure.cc:63 Dynamic row block size because the block size changed from 2 to 15
detect_structure.cc:74 Dynamic e block size because the block size changed from 1 to 9
detect_structure.cc:93 Dynamic f block size because the block size changed from 6 to 9
detect_structure.cc:114 Schur complement static structure <-1,-1,-1>.
detect_structure.cc:63 Dynamic row block size because the block size changed from 2 to 15
detect_structure.cc:74 Dynamic e block size because the block size changed from 1 to 9
detect_structure.cc:93 Dynamic f block size because the block size changed from 6 to 9
detect_structure.cc:114 Schur complement static structure <-1,-1,-1>.
schur_eliminator.cc:155 Template specializations not found for <-1,-1,-1>
[FeatureTracker] F-matrix: 147 → 100 (rejected 47, threshold=1.0000)
block_sparse_matrix.cc:208 Allocating values array with 261688 bytes.
detect_structure.cc:63 Dynamic row block size because the block size changed from 2 to 15
detect_structure.cc:74 Dynamic e block size because the block size changed from 1 to 9
detect_structure.cc:93 Dynamic f block size because the block size changed from 6 to 9
detect_structure.cc:114 Schur complement static structure <-1,-1,-1>.
detect_structure.cc:63 Dynamic row block size because the block size changed from 2 to 15
detect_structure.cc:74 Dynamic e block size because the block size changed from 1 to 9
detect_structure.cc:93 Dynamic f block size because the block size changed from 6 to 9
detect_structure.cc:114 Schur complement static structure <-1,-1,-1>.
schur_eliminator.cc:155 Template specializations not found for <-1,-1,-1>
block_sparse_matrix.cc:208 Allocating values array with 250280 bytes.
detect_structure.cc:63 Dynamic row block size because the block size changed from 2 to 15
detect_structure.cc:74 Dynamic e block size because the block size changed from 1 to 9
detect_structure.cc:93 Dynamic f block size because the block size changed from 6 to 9
detect_structure.cc:114 Schur complement static structure <-1,-1,-1>.
detect_structure.cc:63 Dynamic row block size because the block size changed from 2 to 15
detect_structure.cc:74 Dynamic e block size because the block size changed from 1 to 9
detect_structure.cc:93 Dynamic f block size because the block size changed from 6 to 9
detect_structure.cc:114 Schur complement static structure <-1,-1,-1>.
schur_eliminator.cc:155 Template specializations not found for <-1,-1,-1>
block_sparse_matrix.cc:208 Allocating values array with 260648 bytes.
detect_structure.cc:63 Dynamic row block size because the block size changed from 2 to 15
detect_structure.cc:74 Dynamic e block size because the block size changed from 1 to 9
detect_structure.cc:93 Dynamic f block size because the block size changed from 6 to 9
detect_structure.cc:114 Schur complement static structure <-1,-1,-1>.
detect_structure.cc:63 Dynamic row block size because the block size changed from 2 to 15
detect_structure.cc:74 Dynamic e block size because the block size changed from 1 to 9
detect_structure.cc:93 Dynamic f block size because the block size changed from 6 to 9
detect_structure.cc:114 Schur complement static structure <-1,-1,-1>.
schur_eliminator.cc:155 Template specializations not found for <-1,-1,-1>
block_sparse_matrix.cc:208 Allocating values array with 252776 bytes.
detect_structure.cc:63 Dynamic row block size because the block size changed from 2 to 15
detect_structure.cc:74 Dynamic e block size because the block size changed from 1 to 9
detect_structure.cc:93 Dynamic f block size because the block size changed from 6 to 9
detect_structure.cc:114 Schur complement static structure <-1,-1,-1>.
detect_structure.cc:63 Dynamic row block size because the block size changed from 2 to 15
detect_structure.cc:74 Dynamic e block size because the block size changed from 1 to 9
detect_structure.cc:93 Dynamic f block size because the block size changed from 6 to 9
detect_structure.cc:114 Schur complement static structure <-1,-1,-1>.
schur_eliminator.cc:155 Template specializations not found for <-1,-1,-1>
block_sparse_matrix.cc:208 Allocating values array with 263352 bytes.
detect_structure.cc:63 Dynamic row block size because the block size changed from 2 to 15
detect_structure.cc:74 Dynamic e block size because the block size changed from 1 to 9
detect_structure.cc:93 Dynamic f block size because the block size changed from 6 to 9
detect_structure.cc:114 Schur complement static structure <-1,-1,-1>.
detect_structure.cc:63 Dynamic row block size because the block size changed from 2 to 15
detect_structure.cc:74 Dynamic e block size because the block size changed from 1 to 9
detect_structure.cc:93 Dynamic f block size because the block size changed from 6 to 9
detect_structure.cc:114 Schur complement static structure <-1,-1,-1>.
schur_eliminator.cc:155 Template specializations not found for <-1,-1,-1>
block_sparse_matrix.cc:208 Allocating values array with 267512 bytes.
detect_structure.cc:63 Dynamic row block size because the block size changed from 2 to 15
detect_structure.cc:74 Dynamic e block size because the block size changed from 1 to 9
detect_structure.cc:93 Dynamic f block size because the block size changed from 6 to 9
detect_structure.cc:114 Schur complement static structure <-1,-1,-1>.
detect_structure.cc:63 Dynamic row block size because the block size changed from 2 to 15
detect_structure.cc:74 Dynamic e block size because the block size changed from 1 to 9
detect_structure.cc:93 Dynamic f block size because the block size changed from 6 to 9
detect_structure.cc:114 Schur complement static structure <-1,-1,-1>.
schur_eliminator.cc:155 Template specializations not found for <-1,-1,-1>
block_sparse_matrix.cc:208 Allocating values array with 264184 bytes.
detect_structure.cc:63 Dynamic row block size because the block size changed from 2 to 15
detect_structure.cc:74 Dynamic e block size because the block size changed from 1 to 9
detect_structure.cc:93 Dynamic f block size because the block size changed from 6 to 9
detect_structure.cc:114 Schur complement static structure <-1,-1,-1>.
detect_structure.cc:63 Dynamic row block size because the block size changed from 2 to 15
detect_structure.cc:74 Dynamic e block size because the block size changed from 1 to 9
detect_structure.cc:93 Dynamic f block size because the block size changed from 6 to 9
detect_structure.cc:114 Schur complement static structure <-1,-1,-1>.
schur_eliminator.cc:155 Template specializations not found for <-1,-1,-1>
block_sparse_matrix.cc:208 Allocating values array with 263768 bytes.
detect_structure.cc:63 Dynamic row block size because the block size changed from 2 to 15
detect_structure.cc:74 Dynamic e block size because the block size changed from 1 to 9
detect_structure.cc:93 Dynamic f block size because the block size changed from 6 to 9
detect_structure.cc:114 Schur complement static structure <-1,-1,-1>.
detect_structure.cc:63 Dynamic row block size because the block size changed from 2 to 15
detect_structure.cc:74 Dynamic e block size because the block size changed from 1 to 9
detect_structure.cc:93 Dynamic f block size because the block size changed from 6 to 9
detect_structure.cc:114 Schur complement static structure <-1,-1,-1>.
schur_eliminator.cc:155 Template specializations not found for <-1,-1,-1>
[FeatureTracker] F-matrix: 127 → 73 (rejected 54, threshold=1.0000)
block_sparse_matrix.cc:208 Allocating values array with 264600 bytes.
detect_structure.cc:63 Dynamic row block size because the block size changed from 2 to 15
detect_structure.cc:74 Dynamic e block size because the block size changed from 1 to 9
detect_structure.cc:93 Dynamic f block size because the block size changed from 6 to 9
detect_structure.cc:114 Schur complement static structure <-1,-1,-1>.
detect_structure.cc:63 Dynamic row block size because the block size changed from 2 to 15
detect_structure.cc:74 Dynamic e block size because the block size changed from 1 to 9
detect_structure.cc:93 Dynamic f block size because the block size changed from 6 to 9
detect_structure.cc:114 Schur complement static structure <-1,-1,-1>.
schur_eliminator.cc:155 Template specializations not found for <-1,-1,-1>
block_sparse_matrix.cc:208 Allocating values array with 257736 bytes.
detect_structure.cc:63 Dynamic row block size because the block size changed from 2 to 15
detect_structure.cc:74 Dynamic e block size because the block size changed from 1 to 9
detect_structure.cc:93 Dynamic f block size because the block size changed from 6 to 9
detect_structure.cc:114 Schur complement static structure <-1,-1,-1>.
detect_structure.cc:63 Dynamic row block size because the block size changed from 2 to 15
detect_structure.cc:74 Dynamic e block size because the block size changed from 1 to 9
detect_structure.cc:93 Dynamic f block size because the block size changed from 6 to 9
detect_structure.cc:114 Schur complement static structure <-1,-1,-1>.
schur_eliminator.cc:155 Template specializations not found for <-1,-1,-1>
block_sparse_matrix.cc:208 Allocating values array with 250488 bytes.
detect_structure.cc:63 Dynamic row block size because the block size changed from 2 to 15
detect_structure.cc:74 Dynamic e block size because the block size changed from 1 to 9
detect_structure.cc:93 Dynamic f block size because the block size changed from 6 to 9
detect_structure.cc:114 Schur complement static structure <-1,-1,-1>.
detect_structure.cc:63 Dynamic row block size because the block size changed from 2 to 15
detect_structure.cc:74 Dynamic e block size because the block size changed from 1 to 9
detect_structure.cc:93 Dynamic f block size because the block size changed from 6 to 9
detect_structure.cc:114 Schur complement static structure <-1,-1,-1>.
schur_eliminator.cc:155 Template specializations not found for <-1,-1,-1>
block_sparse_matrix.cc:208 Allocating values array with 248792 bytes.
detect_structure.cc:63 Dynamic row block size because the block size changed from 2 to 15
detect_structure.cc:74 Dynamic e block size because the block size changed from 1 to 9
detect_structure.cc:93 Dynamic f block size because the block size changed from 6 to 9
detect_structure.cc:114 Schur complement static structure <-1,-1,-1>.
detect_structure.cc:63 Dynamic row block size because the block size changed from 2 to 15
detect_structure.cc:74 Dynamic e block size because the block size changed from 1 to 9
detect_structure.cc:93 Dynamic f block size because the block size changed from 6 to 9
detect_structure.cc:114 Schur complement static structure <-1,-1,-1>.
schur_eliminator.cc:155 Template specializations not found for <-1,-1,-1>
[VIO DIAG] f=320 tri: ok=142 wait=40 fail=0 default=1 depth: avg=1.3890 min=0.2184 max=2.2229 |vel|=0.8476 vel=(-0.1737,0.4122,0.7200) ba=(0.0333,-0.0857,-0.0405) bg=(-0.0004,-0.0001,0.0010)
block_sparse_matrix.cc:208 Allocating values array with 262104 bytes.
detect_structure.cc:63 Dynamic row block size because the block size changed from 2 to 15
detect_structure.cc:74 Dynamic e block size because the block size changed from 1 to 9
detect_structure.cc:93 Dynamic f block size because the block size changed from 6 to 9
detect_structure.cc:114 Schur complement static structure <-1,-1,-1>.
detect_structure.cc:63 Dynamic row block size because the block size changed from 2 to 15
detect_structure.cc:74 Dynamic e block size because the block size changed from 1 to 9
detect_structure.cc:93 Dynamic f block size because the block size changed from 6 to 9
detect_structure.cc:114 Schur complement static structure <-1,-1,-1>.
schur_eliminator.cc:155 Template specializations not found for <-1,-1,-1>
block_sparse_matrix.cc:208 Allocating values array with 264184 bytes.
detect_structure.cc:63 Dynamic row block size because the block size changed from 2 to 15
detect_structure.cc:74 Dynamic e block size because the block size changed from 1 to 9
detect_structure.cc:93 Dynamic f block size because the block size changed from 6 to 9
detect_structure.cc:114 Schur complement static structure <-1,-1,-1>.
detect_structure.cc:63 Dynamic row block size because the block size changed from 2 to 15
detect_structure.cc:74 Dynamic e block size because the block size changed from 1 to 9
detect_structure.cc:93 Dynamic f block size because the block size changed from 6 to 9
detect_structure.cc:114 Schur complement static structure <-1,-1,-1>.
schur_eliminator.cc:155 Template specializations not found for <-1,-1,-1>
block_sparse_matrix.cc:208 Allocating values array with 263768 bytes.
detect_structure.cc:63 Dynamic row block size because the block size changed from 2 to 15
detect_structure.cc:74 Dynamic e block size because the block size changed from 1 to 9
detect_structure.cc:93 Dynamic f block size because the block size changed from 6 to 9
detect_structure.cc:114 Schur complement static structure <-1,-1,-1>.
detect_structure.cc:63 Dynamic row block size because the block size changed from 2 to 15
detect_structure.cc:74 Dynamic e block size because the block size changed from 1 to 9
detect_structure.cc:93 Dynamic f block size because the block size changed from 6 to 9
detect_structure.cc:114 Schur complement static structure <-1,-1,-1>.
schur_eliminator.cc:155 Template specializations not found for <-1,-1,-1>
block_sparse_matrix.cc:208 Allocating values array with 266680 bytes.
detect_structure.cc:63 Dynamic row block size because the block size changed from 2 to 15
detect_structure.cc:74 Dynamic e block size because the block size changed from 1 to 9
detect_structure.cc:93 Dynamic f block size because the block size changed from 6 to 9
detect_structure.cc:114 Schur complement static structure <-1,-1,-1>.
detect_structure.cc:63 Dynamic row block size because the block size changed from 2 to 15
detect_structure.cc:74 Dynamic e block size because the block size changed from 1 to 9
detect_structure.cc:93 Dynamic f block size because the block size changed from 6 to 9
detect_structure.cc:114 Schur complement static structure <-1,-1,-1>.
schur_eliminator.cc:155 Template specializations not found for <-1,-1,-1>
block_sparse_matrix.cc:208 Allocating values array with 272504 bytes.
detect_structure.cc:63 Dynamic row block size because the block size changed from 2 to 15
detect_structure.cc:74 Dynamic e block size because the block size changed from 1 to 9
detect_structure.cc:93 Dynamic f block size because the block size changed from 6 to 9
detect_structure.cc:114 Schur complement static structure <-1,-1,-1>.
detect_structure.cc:63 Dynamic row block size because the block size changed from 2 to 15
detect_structure.cc:74 Dynamic e block size because the block size changed from 1 to 9
detect_structure.cc:93 Dynamic f block size because the block size changed from 6 to 9
detect_structure.cc:114 Schur complement static structure <-1,-1,-1>.
schur_eliminator.cc:155 Template specializations not found for <-1,-1,-1>
block_sparse_matrix.cc:208 Allocating values array with 272712 bytes.
detect_structure.cc:63 Dynamic row block size because the block size changed from 2 to 15
detect_structure.cc:74 Dynamic e block size because the block size changed from 1 to 9
detect_structure.cc:93 Dynamic f block size because the block size changed from 6 to 9
detect_structure.cc:114 Schur complement static structure <-1,-1,-1>.
detect_structure.cc:63 Dynamic row block size because the block size changed from 2 to 15
detect_structure.cc:74 Dynamic e block size because the block size changed from 1 to 9
detect_structure.cc:93 Dynamic f block size because the block size changed from 6 to 9
detect_structure.cc:114 Schur complement static structure <-1,-1,-1>.
schur_eliminator.cc:155 Template specializations not found for <-1,-1,-1>
block_sparse_matrix.cc:208 Allocating values array with 276664 bytes.
detect_structure.cc:63 Dynamic row block size because the block size changed from 2 to 15
detect_structure.cc:74 Dynamic e block size because the block size changed from 1 to 9
detect_structure.cc:93 Dynamic f block size because the block size changed from 6 to 9
detect_structure.cc:114 Schur complement static structure <-1,-1,-1>.
detect_structure.cc:63 Dynamic row block size because the block size changed from 2 to 15
detect_structure.cc:74 Dynamic e block size because the block size changed from 1 to 9
detect_structure.cc:93 Dynamic f block size because the block size changed from 6 to 9
detect_structure.cc:114 Schur complement static structure <-1,-1,-1>.
schur_eliminator.cc:155 Template specializations not found for <-1,-1,-1>
block_sparse_matrix.cc:208 Allocating values array with 268584 bytes.
detect_structure.cc:63 Dynamic row block size because the block size changed from 2 to 15
detect_structure.cc:74 Dynamic e block size because the block size changed from 1 to 9
detect_structure.cc:93 Dynamic f block size because the block size changed from 6 to 9
detect_structure.cc:114 Schur complement static structure <-1,-1,-1>.
detect_structure.cc:63 Dynamic row block size because the block size changed from 2 to 15
detect_structure.cc:74 Dynamic e block size because the block size changed from 1 to 9
detect_structure.cc:93 Dynamic f block size because the block size changed from 6 to 9
detect_structure.cc:114 Schur complement static structure <-1,-1,-1>.
schur_eliminator.cc:155 Template specializations not found for <-1,-1,-1>
block_sparse_matrix.cc:208 Allocating values array with 282280 bytes.
detect_structure.cc:63 Dynamic row block size because the block size changed from 2 to 15
detect_structure.cc:74 Dynamic e block size because the block size changed from 1 to 9
detect_structure.cc:93 Dynamic f block size because the block size changed from 6 to 9
detect_structure.cc:114 Schur complement static structure <-1,-1,-1>.
detect_structure.cc:63 Dynamic row block size because the block size changed from 2 to 15
detect_structure.cc:74 Dynamic e block size because the block size changed from 1 to 9
detect_structure.cc:93 Dynamic f block size because the block size changed from 6 to 9
detect_structure.cc:114 Schur complement static structure <-1,-1,-1>.
schur_eliminator.cc:155 Template specializations not found for <-1,-1,-1>
block_sparse_matrix.cc:208 Allocating values array with 274824 bytes.
detect_structure.cc:63 Dynamic row block size because the block size changed from 2 to 15
detect_structure.cc:74 Dynamic e block size because the block size changed from 1 to 9
detect_structure.cc:93 Dynamic f block size because the block size changed from 6 to 9
detect_structure.cc:114 Schur complement static structure <-1,-1,-1>.
detect_structure.cc:63 Dynamic row block size because the block size changed from 2 to 15
detect_structure.cc:74 Dynamic e block size because the block size changed from 1 to 9
detect_structure.cc:93 Dynamic f block size because the block size changed from 6 to 9
detect_structure.cc:114 Schur complement static structure <-1,-1,-1>.
schur_eliminator.cc:155 Template specializations not found for <-1,-1,-1>
block_sparse_matrix.cc:208 Allocating values array with 291848 bytes.
detect_structure.cc:63 Dynamic row block size because the block size changed from 2 to 15
detect_structure.cc:74 Dynamic e block size because the block size changed from 1 to 9
detect_structure.cc:93 Dynamic f block size because the block size changed from 6 to 9
detect_structure.cc:114 Schur complement static structure <-1,-1,-1>.
detect_structure.cc:63 Dynamic row block size because the block size changed from 2 to 15
detect_structure.cc:74 Dynamic e block size because the block size changed from 1 to 9
detect_structure.cc:93 Dynamic f block size because the block size changed from 6 to 9
detect_structure.cc:114 Schur complement static structure <-1,-1,-1>.
schur_eliminator.cc:155 Template specializations not found for <-1,-1,-1>
block_sparse_matrix.cc:208 Allocating values array with 284392 bytes.
detect_structure.cc:63 Dynamic row block size because the block size changed from 2 to 15
detect_structure.cc:74 Dynamic e block size because the block size changed from 1 to 9
detect_structure.cc:93 Dynamic f block size because the block size changed from 6 to 9
detect_structure.cc:114 Schur complement static structure <-1,-1,-1>.
detect_structure.cc:63 Dynamic row block size because the block size changed from 2 to 15
detect_structure.cc:74 Dynamic e block size because the block size changed from 1 to 9
detect_structure.cc:93 Dynamic f block size because the block size changed from 6 to 9
detect_structure.cc:114 Schur complement static structure <-1,-1,-1>.
schur_eliminator.cc:155 Template specializations not found for <-1,-1,-1>
[FeatureTracker] F-matrix: 143 → 88 (rejected 55, threshold=1.0000)
block_sparse_matrix.cc:208 Allocating values array with 291848 bytes.
detect_structure.cc:63 Dynamic row block size because the block size changed from 2 to 15
detect_structure.cc:74 Dynamic e block size because the block size changed from 1 to 9
detect_structure.cc:93 Dynamic f block size because the block size changed from 6 to 9
detect_structure.cc:114 Schur complement static structure <-1,-1,-1>.
detect_structure.cc:63 Dynamic row block size because the block size changed from 2 to 15
detect_structure.cc:74 Dynamic e block size because the block size changed from 1 to 9
detect_structure.cc:93 Dynamic f block size because the block size changed from 6 to 9
detect_structure.cc:114 Schur complement static structure <-1,-1,-1>.
schur_eliminator.cc:155 Template specializations not found for <-1,-1,-1>
block_sparse_matrix.cc:208 Allocating values array with 291432 bytes.
detect_structure.cc:63 Dynamic row block size because the block size changed from 2 to 15
detect_structure.cc:74 Dynamic e block size because the block size changed from 1 to 9
detect_structure.cc:93 Dynamic f block size because the block size changed from 6 to 9
detect_structure.cc:114 Schur complement static structure <-1,-1,-1>.
detect_structure.cc:63 Dynamic row block size because the block size changed from 2 to 15
detect_structure.cc:74 Dynamic e block size because the block size changed from 1 to 9
detect_structure.cc:93 Dynamic f block size because the block size changed from 6 to 9
detect_structure.cc:114 Schur complement static structure <-1,-1,-1>.
schur_eliminator.cc:155 Template specializations not found for <-1,-1,-1>
block_sparse_matrix.cc:208 Allocating values array with 284184 bytes.
detect_structure.cc:63 Dynamic row block size because the block size changed from 2 to 15
detect_structure.cc:74 Dynamic e block size because the block size changed from 1 to 9
detect_structure.cc:93 Dynamic f block size because the block size changed from 6 to 9
detect_structure.cc:114 Schur complement static structure <-1,-1,-1>.
detect_structure.cc:63 Dynamic row block size because the block size changed from 2 to 15
detect_structure.cc:74 Dynamic e block size because the block size changed from 1 to 9
detect_structure.cc:93 Dynamic f block size because the block size changed from 6 to 9
detect_structure.cc:114 Schur complement static structure <-1,-1,-1>.
schur_eliminator.cc:155 Template specializations not found for <-1,-1,-1>
block_sparse_matrix.cc:208 Allocating values array with 288728 bytes.
detect_structure.cc:63 Dynamic row block size because the block size changed from 2 to 15
detect_structure.cc:74 Dynamic e block size because the block size changed from 1 to 9
detect_structure.cc:93 Dynamic f block size because the block size changed from 6 to 9
detect_structure.cc:114 Schur complement static structure <-1,-1,-1>.
detect_structure.cc:63 Dynamic row block size because the block size changed from 2 to 15
detect_structure.cc:74 Dynamic e block size because the block size changed from 1 to 9
detect_structure.cc:93 Dynamic f block size because the block size changed from 6 to 9
detect_structure.cc:114 Schur complement static structure <-1,-1,-1>.
schur_eliminator.cc:155 Template specializations not found for <-1,-1,-1>
block_sparse_matrix.cc:208 Allocating values array with 297880 bytes.
detect_structure.cc:63 Dynamic row block size because the block size changed from 2 to 15
detect_structure.cc:74 Dynamic e block size because the block size changed from 1 to 9
detect_structure.cc:93 Dynamic f block size because the block size changed from 6 to 9
detect_structure.cc:114 Schur complement static structure <-1,-1,-1>.
detect_structure.cc:63 Dynamic row block size because the block size changed from 2 to 15
detect_structure.cc:74 Dynamic e block size because the block size changed from 1 to 9
detect_structure.cc:93 Dynamic f block size because the block size changed from 6 to 9
detect_structure.cc:114 Schur complement static structure <-1,-1,-1>.
schur_eliminator.cc:155 Template specializations not found for <-1,-1,-1>
block_sparse_matrix.cc:208 Allocating values array with 298712 bytes.
detect_structure.cc:63 Dynamic row block size because the block size changed from 2 to 15
detect_structure.cc:74 Dynamic e block size because the block size changed from 1 to 9
detect_structure.cc:93 Dynamic f block size because the block size changed from 6 to 9
detect_structure.cc:114 Schur complement static structure <-1,-1,-1>.
detect_structure.cc:63 Dynamic row block size because the block size changed from 2 to 15
detect_structure.cc:74 Dynamic e block size because the block size changed from 1 to 9
detect_structure.cc:93 Dynamic f block size because the block size changed from 6 to 9
detect_structure.cc:114 Schur complement static structure <-1,-1,-1>.
schur_eliminator.cc:155 Template specializations not found for <-1,-1,-1>
block_sparse_matrix.cc:208 Allocating values array with 299128 bytes.
detect_structure.cc:63 Dynamic row block size because the block size changed from 2 to 15
detect_structure.cc:74 Dynamic e block size because the block size changed from 1 to 9
detect_structure.cc:93 Dynamic f block size because the block size changed from 6 to 9
detect_structure.cc:114 Schur complement static structure <-1,-1,-1>.
detect_structure.cc:63 Dynamic row block size because the block size changed from 2 to 15
detect_structure.cc:74 Dynamic e block size because the block size changed from 1 to 9
detect_structure.cc:93 Dynamic f block size because the block size changed from 6 to 9
detect_structure.cc:114 Schur complement static structure <-1,-1,-1>.
schur_eliminator.cc:155 Template specializations not found for <-1,-1,-1>
block_sparse_matrix.cc:208 Allocating values array with 299544 bytes.
detect_structure.cc:63 Dynamic row block size because the block size changed from 2 to 15
detect_structure.cc:74 Dynamic e block size because the block size changed from 1 to 9
detect_structure.cc:93 Dynamic f block size because the block size changed from 6 to 9
detect_structure.cc:114 Schur complement static structure <-1,-1,-1>.
detect_structure.cc:63 Dynamic row block size because the block size changed from 2 to 15
detect_structure.cc:74 Dynamic e block size because the block size changed from 1 to 9
detect_structure.cc:93 Dynamic f block size because the block size changed from 6 to 9
detect_structure.cc:114 Schur complement static structure <-1,-1,-1>.
schur_eliminator.cc:155 Template specializations not found for <-1,-1,-1>
[VIO DIAG] f=340 tri: ok=172 wait=3 fail=0 default=0 depth: avg=1.7386 min=0.0311 max=5.9099 |vel|=0.9379 vel=(-0.7459,-0.1278,-0.5542) ba=(0.0342,-0.0937,-0.0423) bg=(-0.0003,-0.0003,0.0010)
block_sparse_matrix.cc:208 Allocating values array with 294344 bytes.
detect_structure.cc:63 Dynamic row block size because the block size changed from 2 to 15
detect_structure.cc:74 Dynamic e block size because the block size changed from 1 to 9
detect_structure.cc:93 Dynamic f block size because the block size changed from 6 to 9
detect_structure.cc:114 Schur complement static structure <-1,-1,-1>.
detect_structure.cc:63 Dynamic row block size because the block size changed from 2 to 15
detect_structure.cc:74 Dynamic e block size because the block size changed from 1 to 9
detect_structure.cc:93 Dynamic f block size because the block size changed from 6 to 9
detect_structure.cc:114 Schur complement static structure <-1,-1,-1>.
schur_eliminator.cc:155 Template specializations not found for <-1,-1,-1>
block_sparse_matrix.cc:208 Allocating values array with 288936 bytes.
detect_structure.cc:63 Dynamic row block size because the block size changed from 2 to 15
detect_structure.cc:74 Dynamic e block size because the block size changed from 1 to 9
detect_structure.cc:93 Dynamic f block size because the block size changed from 6 to 9
detect_structure.cc:114 Schur complement static structure <-1,-1,-1>.
detect_structure.cc:63 Dynamic row block size because the block size changed from 2 to 15
detect_structure.cc:74 Dynamic e block size because the block size changed from 1 to 9
detect_structure.cc:93 Dynamic f block size because the block size changed from 6 to 9
detect_structure.cc:114 Schur complement static structure <-1,-1,-1>.
schur_eliminator.cc:155 Template specializations not found for <-1,-1,-1>
block_sparse_matrix.cc:208 Allocating values array with 282072 bytes.
detect_structure.cc:63 Dynamic row block size because the block size changed from 2 to 15
detect_structure.cc:74 Dynamic e block size because the block size changed from 1 to 9
detect_structure.cc:93 Dynamic f block size because the block size changed from 6 to 9
detect_structure.cc:114 Schur complement static structure <-1,-1,-1>.
detect_structure.cc:63 Dynamic row block size because the block size changed from 2 to 15
detect_structure.cc:74 Dynamic e block size because the block size changed from 1 to 9
detect_structure.cc:93 Dynamic f block size because the block size changed from 6 to 9
detect_structure.cc:114 Schur complement static structure <-1,-1,-1>.
schur_eliminator.cc:155 Template specializations not found for <-1,-1,-1>
[VIOEngine] 300 frames → 172 poses
Loading configuration from: ./config/tum_vi_room1.yaml
Configuration loaded successfully from: ./config/tum_vi_room1.yaml
[INFO ] measurement_processor.cpp:21 === MeasurementProcessor Initialization ===
Loading configuration from: ./config/tum_vi_room1.yaml
Configuration loaded successfully from: ./config/tum_vi_room1.yaml
=== Configuration ===
Processing:
  frame_skip: 0
  start_frame: 0
  end_frame: -1
Camera:
  focal_length: 190.9759
  row: 512.0000
  col: 512.0000
  fx: 190.9785
  fy: 190.9733
  cx: 254.9317
  cy: 256.8974
  t_ic:  0.0452  0.0725 -0.0440
Feature Tracker:
  max_cnt: 150
  min_dist: 20
  window_size: 20
  f_threshold: 1.0000
  show_track: 0
  equalize: 1
  fisheye: 1
Estimator:
  window_size: 10
  num_iterations: 10
  solver_time: 0.1000
  min_parallax: 10.0000
  init_depth: 2.0000
  acc_n: 0.0400
  acc_w: 0.0004
  gyr_n: 0.0040
  gyr_w: 0.0000
  gravity: 0.0000 0.0000 9.8101
  num_of_features: 1000
===================
[INFO ] measurement_processor.cpp:54 1. Loading IMU data...
[INFO ] measurement_processor.cpp:104 Loaded 28122 IMU data entries
[INFO ] measurement_processor.cpp:109 2. Loading image data...
[INFO ] measurement_processor.cpp:153 Loaded 2821 image data entries

3. Data range information:
IMU data range: 1520530308.181901 (2018-03-08 17:31:48 UTC) ~ 1520530449.232329 (2018-03-08 17:34:09 UTC)
Image data range: 1520530308.199448 (2018-03-08 17:31:48 UTC) ~ 1520530449.203911 (2018-03-08 17:34:09 UTC)
block_sparse_matrix.cc:208 Allocating values array with 212064 bytes.
detect_structure.cc:114 Schur complement static structure <2,3,3>.
detect_structure.cc:114 Schur complement static structure <2,3,3>.
schur_eliminator.cc:155 Template specializations not found for <2,3,3>
[VIO] Initialization SUCCESS
[VIO]   gravity: 0.000000 0.000000 9.810070 (norm=9.810070)
[VIO]   V[0]: -0.013242  0.002940  0.014838 (norm=0.020104)
[VIO]   Ba[0]: 0.000000 0.000000 0.000000
[VIO]   Bg[0]:  0.000487 -0.000179 -0.001131
block_sparse_matrix.cc:208 Allocating values array with 333024 bytes.
detect_structure.cc:63 Dynamic row block size because the block size changed from 2 to 15
detect_structure.cc:74 Dynamic e block size because the block size changed from 1 to 9
detect_structure.cc:93 Dynamic f block size because the block size changed from 6 to 9
detect_structure.cc:114 Schur complement static structure <-1,-1,-1>.
detect_structure.cc:63 Dynamic row block size because the block size changed from 2 to 15
detect_structure.cc:74 Dynamic e block size because the block size changed from 1 to 9
detect_structure.cc:93 Dynamic f block size because the block size changed from 6 to 9
detect_structure.cc:114 Schur complement static structure <-1,-1,-1>.
schur_eliminator.cc:155 Template specializations not found for <-1,-1,-1>
block_sparse_matrix.cc:208 Allocating values array with 328864 bytes.
detect_structure.cc:63 Dynamic row block size because the block size changed from 2 to 15
detect_structure.cc:74 Dynamic e block size because the block size changed from 1 to 9
detect_structure.cc:93 Dynamic f block size because the block size changed from 6 to 9
detect_structure.cc:114 Schur complement static structure <-1,-1,-1>.
detect_structure.cc:63 Dynamic row block size because the block size changed from 2 to 15
detect_structure.cc:74 Dynamic e block size because the block size changed from 1 to 9
detect_structure.cc:93 Dynamic f block size because the block size changed from 6 to 9
detect_structure.cc:114 Schur complement static structure <-1,-1,-1>.
schur_eliminator.cc:155 Template specializations not found for <-1,-1,-1>
block_sparse_matrix.cc:208 Allocating values array with 328656 bytes.
detect_structure.cc:63 Dynamic row block size because the block size changed from 2 to 15
detect_structure.cc:74 Dynamic e block size because the block size changed from 1 to 9
detect_structure.cc:93 Dynamic f block size because the block size changed from 6 to 9
detect_structure.cc:114 Schur complement static structure <-1,-1,-1>.
detect_structure.cc:63 Dynamic row block size because the block size changed from 2 to 15
detect_structure.cc:74 Dynamic e block size because the block size changed from 1 to 9
detect_structure.cc:93 Dynamic f block size because the block size changed from 6 to 9
detect_structure.cc:114 Schur complement static structure <-1,-1,-1>.
schur_eliminator.cc:155 Template specializations not found for <-1,-1,-1>
block_sparse_matrix.cc:208 Allocating values array with 328656 bytes.
detect_structure.cc:63 Dynamic row block size because the block size changed from 2 to 15
detect_structure.cc:74 Dynamic e block size because the block size changed from 1 to 9
detect_structure.cc:93 Dynamic f block size because the block size changed from 6 to 9
detect_structure.cc:114 Schur complement static structure <-1,-1,-1>.
detect_structure.cc:63 Dynamic row block size because the block size changed from 2 to 15
detect_structure.cc:74 Dynamic e block size because the block size changed from 1 to 9
detect_structure.cc:93 Dynamic f block size because the block size changed from 6 to 9
detect_structure.cc:114 Schur complement static structure <-1,-1,-1>.
schur_eliminator.cc:155 Template specializations not found for <-1,-1,-1>
block_sparse_matrix.cc:208 Allocating values array with 328448 bytes.
detect_structure.cc:63 Dynamic row block size because the block size changed from 2 to 15
detect_structure.cc:74 Dynamic e block size because the block size changed from 1 to 9
detect_structure.cc:93 Dynamic f block size because the block size changed from 6 to 9
detect_structure.cc:114 Schur complement static structure <-1,-1,-1>.
detect_structure.cc:63 Dynamic row block size because the block size changed from 2 to 15
detect_structure.cc:74 Dynamic e block size because the block size changed from 1 to 9
detect_structure.cc:93 Dynamic f block size because the block size changed from 6 to 9
detect_structure.cc:114 Schur complement static structure <-1,-1,-1>.
schur_eliminator.cc:155 Template specializations not found for <-1,-1,-1>
block_sparse_matrix.cc:208 Allocating values array with 328240 bytes.
detect_structure.cc:63 Dynamic row block size because the block size changed from 2 to 15
detect_structure.cc:74 Dynamic e block size because the block size changed from 1 to 9
detect_structure.cc:93 Dynamic f block size because the block size changed from 6 to 9
detect_structure.cc:114 Schur complement static structure <-1,-1,-1>.
detect_structure.cc:63 Dynamic row block size because the block size changed from 2 to 15
detect_structure.cc:74 Dynamic e block size because the block size changed from 1 to 9
detect_structure.cc:93 Dynamic f block size because the block size changed from 6 to 9
detect_structure.cc:114 Schur complement static structure <-1,-1,-1>.
schur_eliminator.cc:155 Template specializations not found for <-1,-1,-1>
block_sparse_matrix.cc:208 Allocating values array with 328240 bytes.
detect_structure.cc:63 Dynamic row block size because the block size changed from 2 to 15
detect_structure.cc:74 Dynamic e block size because the block size changed from 1 to 9
detect_structure.cc:93 Dynamic f block size because the block size changed from 6 to 9
detect_structure.cc:114 Schur complement static structure <-1,-1,-1>.
detect_structure.cc:63 Dynamic row block size because the block size changed from 2 to 15
detect_structure.cc:74 Dynamic e block size because the block size changed from 1 to 9
detect_structure.cc:93 Dynamic f block size because the block size changed from 6 to 9
detect_structure.cc:114 Schur complement static structure <-1,-1,-1>.
schur_eliminator.cc:155 Template specializations not found for <-1,-1,-1>
block_sparse_matrix.cc:208 Allocating values array with 328240 bytes.
detect_structure.cc:63 Dynamic row block size because the block size changed from 2 to 15
detect_structure.cc:74 Dynamic e block size because the block size changed from 1 to 9
detect_structure.cc:93 Dynamic f block size because the block size changed from 6 to 9
detect_structure.cc:114 Schur complement static structure <-1,-1,-1>.
detect_structure.cc:63 Dynamic row block size because the block size changed from 2 to 15
detect_structure.cc:74 Dynamic e block size because the block size changed from 1 to 9
detect_structure.cc:93 Dynamic f block size because the block size changed from 6 to 9
detect_structure.cc:114 Schur complement static structure <-1,-1,-1>.
schur_eliminator.cc:155 Template specializations not found for <-1,-1,-1>
block_sparse_matrix.cc:208 Allocating values array with 328032 bytes.
detect_structure.cc:63 Dynamic row block size because the block size changed from 2 to 15
detect_structure.cc:74 Dynamic e block size because the block size changed from 1 to 9
detect_structure.cc:93 Dynamic f block size because the block size changed from 6 to 9
detect_structure.cc:114 Schur complement static structure <-1,-1,-1>.
detect_structure.cc:63 Dynamic row block size because the block size changed from 2 to 15
detect_structure.cc:74 Dynamic e block size because the block size changed from 1 to 9
detect_structure.cc:93 Dynamic f block size because the block size changed from 6 to 9
detect_structure.cc:114 Schur complement static structure <-1,-1,-1>.
schur_eliminator.cc:155 Template specializations not found for <-1,-1,-1>
block_sparse_matrix.cc:208 Allocating values array with 327824 bytes.
detect_structure.cc:63 Dynamic row block size because the block size changed from 2 to 15
detect_structure.cc:74 Dynamic e block size because the block size changed from 1 to 9
detect_structure.cc:93 Dynamic f block size because the block size changed from 6 to 9
detect_structure.cc:114 Schur complement static structure <-1,-1,-1>.
detect_structure.cc:63 Dynamic row block size because the block size changed from 2 to 15
detect_structure.cc:74 Dynamic e block size because the block size changed from 1 to 9
detect_structure.cc:93 Dynamic f block size because the block size changed from 6 to 9
detect_structure.cc:114 Schur complement static structure <-1,-1,-1>.
schur_eliminator.cc:155 Template specializations not found for <-1,-1,-1>
block_sparse_matrix.cc:208 Allocating values array with 327824 bytes.
detect_structure.cc:63 Dynamic row block size because the block size changed from 2 to 15
detect_structure.cc:74 Dynamic e block size because the block size changed from 1 to 9
detect_structure.cc:93 Dynamic f block size because the block size changed from 6 to 9
detect_structure.cc:114 Schur complement static structure <-1,-1,-1>.
detect_structure.cc:63 Dynamic row block size because the block size changed from 2 to 15
detect_structure.cc:74 Dynamic e block size because the block size changed from 1 to 9
detect_structure.cc:93 Dynamic f block size because the block size changed from 6 to 9
detect_structure.cc:114 Schur complement static structure <-1,-1,-1>.
schur_eliminator.cc:155 Template specializations not found for <-1,-1,-1>
block_sparse_matrix.cc:208 Allocating values array with 327824 bytes.
detect_structure.cc:63 Dynamic row block size because the block size changed from 2 to 15
detect_structure.cc:74 Dynamic e block size because the block size changed from 1 to 9
detect_structure.cc:93 Dynamic f block size because the block size changed from 6 to 9
detect_structure.cc:114 Schur complement static structure <-1,-1,-1>.
detect_structure.cc:63 Dynamic row block size because the block size changed from 2 to 15
detect_structure.cc:74 Dynamic e block size because the block size changed from 1 to 9
detect_structure.cc:93 Dynamic f block size because the block size changed from 6 to 9
detect_structure.cc:114 Schur complement static structure <-1,-1,-1>.
schur_eliminator.cc:155 Template specializations not found for <-1,-1,-1>
block_sparse_matrix.cc:208 Allocating values array with 327824 bytes.
detect_structure.cc:63 Dynamic row block size because the block size changed from 2 to 15
detect_structure.cc:74 Dynamic e block size because the block size changed from 1 to 9
detect_structure.cc:93 Dynamic f block size because the block size changed from 6 to 9
detect_structure.cc:114 Schur complement static structure <-1,-1,-1>.
detect_structure.cc:63 Dynamic row block size because the block size changed from 2 to 15
detect_structure.cc:74 Dynamic e block size because the block size changed from 1 to 9
detect_structure.cc:93 Dynamic f block size because the block size changed from 6 to 9
detect_structure.cc:114 Schur complement static structure <-1,-1,-1>.
schur_eliminator.cc:155 Template specializations not found for <-1,-1,-1>
block_sparse_matrix.cc:208 Allocating values array with 327824 bytes.
detect_structure.cc:63 Dynamic row block size because the block size changed from 2 to 15
detect_structure.cc:74 Dynamic e block size because the block size changed from 1 to 9
detect_structure.cc:93 Dynamic f block size because the block size changed from 6 to 9
detect_structure.cc:114 Schur complement static structure <-1,-1,-1>.
detect_structure.cc:63 Dynamic row block size because the block size changed from 2 to 15
detect_structure.cc:74 Dynamic e block size because the block size changed from 1 to 9
detect_structure.cc:93 Dynamic f block size because the block size changed from 6 to 9
detect_structure.cc:114 Schur complement static structure <-1,-1,-1>.
schur_eliminator.cc:155 Template specializations not found for <-1,-1,-1>
block_sparse_matrix.cc:208 Allocating values array with 327824 bytes.
detect_structure.cc:63 Dynamic row block size because the block size changed from 2 to 15
detect_structure.cc:74 Dynamic e block size because the block size changed from 1 to 9
detect_structure.cc:93 Dynamic f block size because the block size changed from 6 to 9
detect_structure.cc:114 Schur complement static structure <-1,-1,-1>.
detect_structure.cc:63 Dynamic row block size because the block size changed from 2 to 15
detect_structure.cc:74 Dynamic e block size because the block size changed from 1 to 9
detect_structure.cc:93 Dynamic f block size because the block size changed from 6 to 9
detect_structure.cc:114 Schur complement static structure <-1,-1,-1>.
schur_eliminator.cc:155 Template specializations not found for <-1,-1,-1>
block_sparse_matrix.cc:208 Allocating values array with 327616 bytes.
detect_structure.cc:63 Dynamic row block size because the block size changed from 2 to 15
detect_structure.cc:74 Dynamic e block size because the block size changed from 1 to 9
detect_structure.cc:93 Dynamic f block size because the block size changed from 6 to 9
detect_structure.cc:114 Schur complement static structure <-1,-1,-1>.
detect_structure.cc:63 Dynamic row block size because the block size changed from 2 to 15
detect_structure.cc:74 Dynamic e block size because the block size changed from 1 to 9
detect_structure.cc:93 Dynamic f block size because the block size changed from 6 to 9
detect_structure.cc:114 Schur complement static structure <-1,-1,-1>.
schur_eliminator.cc:155 Template specializations not found for <-1,-1,-1>
block_sparse_matrix.cc:208 Allocating values array with 327408 bytes.
detect_structure.cc:63 Dynamic row block size because the block size changed from 2 to 15
detect_structure.cc:74 Dynamic e block size because the block size changed from 1 to 9
detect_structure.cc:93 Dynamic f block size because the block size changed from 6 to 9
detect_structure.cc:114 Schur complement static structure <-1,-1,-1>.
detect_structure.cc:63 Dynamic row block size because the block size changed from 2 to 15
detect_structure.cc:74 Dynamic e block size because the block size changed from 1 to 9
detect_structure.cc:93 Dynamic f block size because the block size changed from 6 to 9
detect_structure.cc:114 Schur complement static structure <-1,-1,-1>.
schur_eliminator.cc:155 Template specializations not found for <-1,-1,-1>
block_sparse_matrix.cc:208 Allocating values array with 368600 bytes.
detect_structure.cc:63 Dynamic row block size because the block size changed from 2 to 15
detect_structure.cc:74 Dynamic e block size because the block size changed from 1 to 9
detect_structure.cc:93 Dynamic f block size because the block size changed from 6 to 9
detect_structure.cc:114 Schur complement static structure <-1,-1,-1>.
detect_structure.cc:63 Dynamic row block size because the block size changed from 2 to 15
detect_structure.cc:74 Dynamic e block size because the block size changed from 1 to 9
detect_structure.cc:93 Dynamic f block size because the block size changed from 6 to 9
detect_structure.cc:114 Schur complement static structure <-1,-1,-1>.
schur_eliminator.cc:155 Template specializations not found for <-1,-1,-1>
block_sparse_matrix.cc:208 Allocating values array with 361560 bytes.
detect_structure.cc:63 Dynamic row block size because the block size changed from 2 to 15
detect_structure.cc:74 Dynamic e block size because the block size changed from 1 to 9
detect_structure.cc:93 Dynamic f block size because the block size changed from 6 to 9
detect_structure.cc:114 Schur complement static structure <-1,-1,-1>.
detect_structure.cc:63 Dynamic row block size because the block size changed from 2 to 15
detect_structure.cc:74 Dynamic e block size because the block size changed from 1 to 9
detect_structure.cc:93 Dynamic f block size because the block size changed from 6 to 9
detect_structure.cc:114 Schur complement static structure <-1,-1,-1>.
schur_eliminator.cc:155 Template specializations not found for <-1,-1,-1>
block_sparse_matrix.cc:208 Allocating values array with 361560 bytes.
detect_structure.cc:63 Dynamic row block size because the block size changed from 2 to 15
detect_structure.cc:74 Dynamic e block size because the block size changed from 1 to 9
detect_structure.cc:93 Dynamic f block size because the block size changed from 6 to 9
detect_structure.cc:114 Schur complement static structure <-1,-1,-1>.
detect_structure.cc:63 Dynamic row block size because the block size changed from 2 to 15
detect_structure.cc:74 Dynamic e block size because the block size changed from 1 to 9
detect_structure.cc:93 Dynamic f block size because the block size changed from 6 to 9
detect_structure.cc:114 Schur complement static structure <-1,-1,-1>.
schur_eliminator.cc:155 Template specializations not found for <-1,-1,-1>
block_sparse_matrix.cc:208 Allocating values array with 361352 bytes.
detect_structure.cc:63 Dynamic row block size because the block size changed from 2 to 15
detect_structure.cc:74 Dynamic e block size because the block size changed from 1 to 9
detect_structure.cc:93 Dynamic f block size because the block size changed from 6 to 9
detect_structure.cc:114 Schur complement static structure <-1,-1,-1>.
detect_structure.cc:63 Dynamic row block size because the block size changed from 2 to 15
detect_structure.cc:74 Dynamic e block size because the block size changed from 1 to 9
detect_structure.cc:93 Dynamic f block size because the block size changed from 6 to 9
detect_structure.cc:114 Schur complement static structure <-1,-1,-1>.
schur_eliminator.cc:155 Template specializations not found for <-1,-1,-1>
block_sparse_matrix.cc:208 Allocating values array with 361144 bytes.
detect_structure.cc:63 Dynamic row block size because the block size changed from 2 to 15
detect_structure.cc:74 Dynamic e block size because the block size changed from 1 to 9
detect_structure.cc:93 Dynamic f block size because the block size changed from 6 to 9
detect_structure.cc:114 Schur complement static structure <-1,-1,-1>.
detect_structure.cc:63 Dynamic row block size because the block size changed from 2 to 15
detect_structure.cc:74 Dynamic e block size because the block size changed from 1 to 9
detect_structure.cc:93 Dynamic f block size because the block size changed from 6 to 9
detect_structure.cc:114 Schur complement static structure <-1,-1,-1>.
schur_eliminator.cc:155 Template specializations not found for <-1,-1,-1>
block_sparse_matrix.cc:208 Allocating values array with 361144 bytes.
detect_structure.cc:63 Dynamic row block size because the block size changed from 2 to 15
detect_structure.cc:74 Dynamic e block size because the block size changed from 1 to 9
detect_structure.cc:93 Dynamic f block size because the block size changed from 6 to 9
detect_structure.cc:114 Schur complement static structure <-1,-1,-1>.
detect_structure.cc:63 Dynamic row block size because the block size changed from 2 to 15
detect_structure.cc:74 Dynamic e block size because the block size changed from 1 to 9
detect_structure.cc:93 Dynamic f block size because the block size changed from 6 to 9
detect_structure.cc:114 Schur complement static structure <-1,-1,-1>.
schur_eliminator.cc:155 Template specializations not found for <-1,-1,-1>
block_sparse_matrix.cc:208 Allocating values array with 361144 bytes.
detect_structure.cc:63 Dynamic row block size because the block size changed from 2 to 15
detect_structure.cc:74 Dynamic e block size because the block size changed from 1 to 9
detect_structure.cc:93 Dynamic f block size because the block size changed from 6 to 9
detect_structure.cc:114 Schur complement static structure <-1,-1,-1>.
detect_structure.cc:63 Dynamic row block size because the block size changed from 2 to 15
detect_structure.cc:74 Dynamic e block size because the block size changed from 1 to 9
detect_structure.cc:93 Dynamic f block size because the block size changed from 6 to 9
detect_structure.cc:114 Schur complement static structure <-1,-1,-1>.
schur_eliminator.cc:155 Template specializations not found for <-1,-1,-1>
block_sparse_matrix.cc:208 Allocating values array with 361144 bytes.
detect_structure.cc:63 Dynamic row block size because the block size changed from 2 to 15
detect_structure.cc:74 Dynamic e block size because the block size changed from 1 to 9
detect_structure.cc:93 Dynamic f block size because the block size changed from 6 to 9
detect_structure.cc:114 Schur complement static structure <-1,-1,-1>.
detect_structure.cc:63 Dynamic row block size because the block size changed from 2 to 15
detect_structure.cc:74 Dynamic e block size because the block size changed from 1 to 9
detect_structure.cc:93 Dynamic f block size because the block size changed from 6 to 9
detect_structure.cc:114 Schur complement static structure <-1,-1,-1>.
schur_eliminator.cc:155 Template specializations not found for <-1,-1,-1>
block_sparse_matrix.cc:208 Allocating values array with 361144 bytes.
detect_structure.cc:63 Dynamic row block size because the block size changed from 2 to 15
detect_structure.cc:74 Dynamic e block size because the block size changed from 1 to 9
detect_structure.cc:93 Dynamic f block size because the block size changed from 6 to 9
detect_structure.cc:114 Schur complement static structure <-1,-1,-1>.
detect_structure.cc:63 Dynamic row block size because the block size changed from 2 to 15
detect_structure.cc:74 Dynamic e block size because the block size changed from 1 to 9
detect_structure.cc:93 Dynamic f block size because the block size changed from 6 to 9
detect_structure.cc:114 Schur complement static structure <-1,-1,-1>.
schur_eliminator.cc:155 Template specializations not found for <-1,-1,-1>
block_sparse_matrix.cc:208 Allocating values array with 361144 bytes.
detect_structure.cc:63 Dynamic row block size because the block size changed from 2 to 15
detect_structure.cc:74 Dynamic e block size because the block size changed from 1 to 9
detect_structure.cc:93 Dynamic f block size because the block size changed from 6 to 9
detect_structure.cc:114 Schur complement static structure <-1,-1,-1>.
detect_structure.cc:63 Dynamic row block size because the block size changed from 2 to 15
detect_structure.cc:74 Dynamic e block size because the block size changed from 1 to 9
detect_structure.cc:93 Dynamic f block size because the block size changed from 6 to 9
detect_structure.cc:114 Schur complement static structure <-1,-1,-1>.
schur_eliminator.cc:155 Template specializations not found for <-1,-1,-1>
block_sparse_matrix.cc:208 Allocating values array with 361144 bytes.
detect_structure.cc:63 Dynamic row block size because the block size changed from 2 to 15
detect_structure.cc:74 Dynamic e block size because the block size changed from 1 to 9
detect_structure.cc:93 Dynamic f block size because the block size changed from 6 to 9
detect_structure.cc:114 Schur complement static structure <-1,-1,-1>.
detect_structure.cc:63 Dynamic row block size because the block size changed from 2 to 15
detect_structure.cc:74 Dynamic e block size because the block size changed from 1 to 9
detect_structure.cc:93 Dynamic f block size because the block size changed from 6 to 9
detect_structure.cc:114 Schur complement static structure <-1,-1,-1>.
schur_eliminator.cc:155 Template specializations not found for <-1,-1,-1>
block_sparse_matrix.cc:208 Allocating values array with 361144 bytes.
detect_structure.cc:63 Dynamic row block size because the block size changed from 2 to 15
detect_structure.cc:74 Dynamic e block size because the block size changed from 1 to 9
detect_structure.cc:93 Dynamic f block size because the block size changed from 6 to 9
detect_structure.cc:114 Schur complement static structure <-1,-1,-1>.
detect_structure.cc:63 Dynamic row block size because the block size changed from 2 to 15
detect_structure.cc:74 Dynamic e block size because the block size changed from 1 to 9
detect_structure.cc:93 Dynamic f block size because the block size changed from 6 to 9
detect_structure.cc:114 Schur complement static structure <-1,-1,-1>.
schur_eliminator.cc:155 Template specializations not found for <-1,-1,-1>
block_sparse_matrix.cc:208 Allocating values array with 360312 bytes.
detect_structure.cc:63 Dynamic row block size because the block size changed from 2 to 15
detect_structure.cc:74 Dynamic e block size because the block size changed from 1 to 9
detect_structure.cc:93 Dynamic f block size because the block size changed from 6 to 9
detect_structure.cc:114 Schur complement static structure <-1,-1,-1>.
detect_structure.cc:63 Dynamic row block size because the block size changed from 2 to 15
detect_structure.cc:74 Dynamic e block size because the block size changed from 1 to 9
detect_structure.cc:93 Dynamic f block size because the block size changed from 6 to 9
detect_structure.cc:114 Schur complement static structure <-1,-1,-1>.
schur_eliminator.cc:155 Template specializations not found for <-1,-1,-1>
block_sparse_matrix.cc:208 Allocating values array with 360312 bytes.
detect_structure.cc:63 Dynamic row block size because the block size changed from 2 to 15
detect_structure.cc:74 Dynamic e block size because the block size changed from 1 to 9
detect_structure.cc:93 Dynamic f block size because the block size changed from 6 to 9
detect_structure.cc:114 Schur complement static structure <-1,-1,-1>.
detect_structure.cc:63 Dynamic row block size because the block size changed from 2 to 15
detect_structure.cc:74 Dynamic e block size because the block size changed from 1 to 9
detect_structure.cc:93 Dynamic f block size because the block size changed from 6 to 9
detect_structure.cc:114 Schur complement static structure <-1,-1,-1>.
schur_eliminator.cc:155 Template specializations not found for <-1,-1,-1>
block_sparse_matrix.cc:208 Allocating values array with 360312 bytes.
detect_structure.cc:63 Dynamic row block size because the block size changed from 2 to 15
detect_structure.cc:74 Dynamic e block size because the block size changed from 1 to 9
detect_structure.cc:93 Dynamic f block size because the block size changed from 6 to 9
detect_structure.cc:114 Schur complement static structure <-1,-1,-1>.
detect_structure.cc:63 Dynamic row block size because the block size changed from 2 to 15
detect_structure.cc:74 Dynamic e block size because the block size changed from 1 to 9
detect_structure.cc:93 Dynamic f block size because the block size changed from 6 to 9
detect_structure.cc:114 Schur complement static structure <-1,-1,-1>.
schur_eliminator.cc:155 Template specializations not found for <-1,-1,-1>
block_sparse_matrix.cc:208 Allocating values array with 360312 bytes.
detect_structure.cc:63 Dynamic row block size because the block size changed from 2 to 15
detect_structure.cc:74 Dynamic e block size because the block size changed from 1 to 9
detect_structure.cc:93 Dynamic f block size because the block size changed from 6 to 9
detect_structure.cc:114 Schur complement static structure <-1,-1,-1>.
detect_structure.cc:63 Dynamic row block size because the block size changed from 2 to 15
detect_structure.cc:74 Dynamic e block size because the block size changed from 1 to 9
detect_structure.cc:93 Dynamic f block size because the block size changed from 6 to 9
detect_structure.cc:114 Schur complement static structure <-1,-1,-1>.
schur_eliminator.cc:155 Template specializations not found for <-1,-1,-1>
block_sparse_matrix.cc:208 Allocating values array with 360312 bytes.
detect_structure.cc:63 Dynamic row block size because the block size changed from 2 to 15
detect_structure.cc:74 Dynamic e block size because the block size changed from 1 to 9
detect_structure.cc:93 Dynamic f block size because the block size changed from 6 to 9
detect_structure.cc:114 Schur complement static structure <-1,-1,-1>.
detect_structure.cc:63 Dynamic row block size because the block size changed from 2 to 15
detect_structure.cc:74 Dynamic e block size because the block size changed from 1 to 9
detect_structure.cc:93 Dynamic f block size because the block size changed from 6 to 9
detect_structure.cc:114 Schur complement static structure <-1,-1,-1>.
schur_eliminator.cc:155 Template specializations not found for <-1,-1,-1>
block_sparse_matrix.cc:208 Allocating values array with 360312 bytes.
detect_structure.cc:63 Dynamic row block size because the block size changed from 2 to 15
detect_structure.cc:74 Dynamic e block size because the block size changed from 1 to 9
detect_structure.cc:93 Dynamic f block size because the block size changed from 6 to 9
detect_structure.cc:114 Schur complement static structure <-1,-1,-1>.
detect_structure.cc:63 Dynamic row block size because the block size changed from 2 to 15
detect_structure.cc:74 Dynamic e block size because the block size changed from 1 to 9
detect_structure.cc:93 Dynamic f block size because the block size changed from 6 to 9
detect_structure.cc:114 Schur complement static structure <-1,-1,-1>.
schur_eliminator.cc:155 Template specializations not found for <-1,-1,-1>
block_sparse_matrix.cc:208 Allocating values array with 359688 bytes.
detect_structure.cc:63 Dynamic row block size because the block size changed from 2 to 15
detect_structure.cc:74 Dynamic e block size because the block size changed from 1 to 9
detect_structure.cc:93 Dynamic f block size because the block size changed from 6 to 9
detect_structure.cc:114 Schur complement static structure <-1,-1,-1>.
detect_structure.cc:63 Dynamic row block size because the block size changed from 2 to 15
detect_structure.cc:74 Dynamic e block size because the block size changed from 1 to 9
detect_structure.cc:93 Dynamic f block size because the block size changed from 6 to 9
detect_structure.cc:114 Schur complement static structure <-1,-1,-1>.
schur_eliminator.cc:155 Template specializations not found for <-1,-1,-1>
block_sparse_matrix.cc:208 Allocating values array with 359688 bytes.
detect_structure.cc:63 Dynamic row block size because the block size changed from 2 to 15
detect_structure.cc:74 Dynamic e block size because the block size changed from 1 to 9
detect_structure.cc:93 Dynamic f block size because the block size changed from 6 to 9
detect_structure.cc:114 Schur complement static structure <-1,-1,-1>.
detect_structure.cc:63 Dynamic row block size because the block size changed from 2 to 15
detect_structure.cc:74 Dynamic e block size because the block size changed from 1 to 9
detect_structure.cc:93 Dynamic f block size because the block size changed from 6 to 9
detect_structure.cc:114 Schur complement static structure <-1,-1,-1>.
schur_eliminator.cc:155 Template specializations not found for <-1,-1,-1>
block_sparse_matrix.cc:208 Allocating values array with 359688 bytes.
detect_structure.cc:63 Dynamic row block size because the block size changed from 2 to 15
detect_structure.cc:74 Dynamic e block size because the block size changed from 1 to 9
detect_structure.cc:93 Dynamic f block size because the block size changed from 6 to 9
detect_structure.cc:114 Schur complement static structure <-1,-1,-1>.
detect_structure.cc:63 Dynamic row block size because the block size changed from 2 to 15
detect_structure.cc:74 Dynamic e block size because the block size changed from 1 to 9
detect_structure.cc:93 Dynamic f block size because the block size changed from 6 to 9
detect_structure.cc:114 Schur complement static structure <-1,-1,-1>.
schur_eliminator.cc:155 Template specializations not found for <-1,-1,-1>
block_sparse_matrix.cc:208 Allocating values array with 359688 bytes.
detect_structure.cc:63 Dynamic row block size because the block size changed from 2 to 15
detect_structure.cc:74 Dynamic e block size because the block size changed from 1 to 9
detect_structure.cc:93 Dynamic f block size because the block size changed from 6 to 9
detect_structure.cc:114 Schur complement static structure <-1,-1,-1>.
detect_structure.cc:63 Dynamic row block size because the block size changed from 2 to 15
detect_structure.cc:74 Dynamic e block size because the block size changed from 1 to 9
detect_structure.cc:93 Dynamic f block size because the block size changed from 6 to 9
detect_structure.cc:114 Schur complement static structure <-1,-1,-1>.
schur_eliminator.cc:155 Template specializations not found for <-1,-1,-1>
block_sparse_matrix.cc:208 Allocating values array with 359688 bytes.
detect_structure.cc:63 Dynamic row block size because the block size changed from 2 to 15
detect_structure.cc:74 Dynamic e block size because the block size changed from 1 to 9
detect_structure.cc:93 Dynamic f block size because the block size changed from 6 to 9
detect_structure.cc:114 Schur complement static structure <-1,-1,-1>.
detect_structure.cc:63 Dynamic row block size because the block size changed from 2 to 15
detect_structure.cc:74 Dynamic e block size because the block size changed from 1 to 9
detect_structure.cc:93 Dynamic f block size because the block size changed from 6 to 9
detect_structure.cc:114 Schur complement static structure <-1,-1,-1>.
schur_eliminator.cc:155 Template specializations not found for <-1,-1,-1>
block_sparse_matrix.cc:208 Allocating values array with 359688 bytes.
detect_structure.cc:63 Dynamic row block size because the block size changed from 2 to 15
detect_structure.cc:74 Dynamic e block size because the block size changed from 1 to 9
detect_structure.cc:93 Dynamic f block size because the block size changed from 6 to 9
detect_structure.cc:114 Schur complement static structure <-1,-1,-1>.
detect_structure.cc:63 Dynamic row block size because the block size changed from 2 to 15
detect_structure.cc:74 Dynamic e block size because the block size changed from 1 to 9
detect_structure.cc:93 Dynamic f block size because the block size changed from 6 to 9
detect_structure.cc:114 Schur complement static structure <-1,-1,-1>.
schur_eliminator.cc:155 Template specializations not found for <-1,-1,-1>
block_sparse_matrix.cc:208 Allocating values array with 359688 bytes.
detect_structure.cc:63 Dynamic row block size because the block size changed from 2 to 15
detect_structure.cc:74 Dynamic e block size because the block size changed from 1 to 9
detect_structure.cc:93 Dynamic f block size because the block size changed from 6 to 9
detect_structure.cc:114 Schur complement static structure <-1,-1,-1>.
detect_structure.cc:63 Dynamic row block size because the block size changed from 2 to 15
detect_structure.cc:74 Dynamic e block size because the block size changed from 1 to 9
detect_structure.cc:93 Dynamic f block size because the block size changed from 6 to 9
detect_structure.cc:114 Schur complement static structure <-1,-1,-1>.
schur_eliminator.cc:155 Template specializations not found for <-1,-1,-1>
block_sparse_matrix.cc:208 Allocating values array with 359688 bytes.
detect_structure.cc:63 Dynamic row block size because the block size changed from 2 to 15
detect_structure.cc:74 Dynamic e block size because the block size changed from 1 to 9
detect_structure.cc:93 Dynamic f block size because the block size changed from 6 to 9
detect_structure.cc:114 Schur complement static structure <-1,-1,-1>.
detect_structure.cc:63 Dynamic row block size because the block size changed from 2 to 15
detect_structure.cc:74 Dynamic e block size because the block size changed from 1 to 9
detect_structure.cc:93 Dynamic f block size because the block size changed from 6 to 9
detect_structure.cc:114 Schur complement static structure <-1,-1,-1>.
schur_eliminator.cc:155 Template specializations not found for <-1,-1,-1>
block_sparse_matrix.cc:208 Allocating values array with 359480 bytes.
detect_structure.cc:63 Dynamic row block size because the block size changed from 2 to 15
detect_structure.cc:74 Dynamic e block size because the block size changed from 1 to 9
detect_structure.cc:93 Dynamic f block size because the block size changed from 6 to 9
detect_structure.cc:114 Schur complement static structure <-1,-1,-1>.
detect_structure.cc:63 Dynamic row block size because the block size changed from 2 to 15
detect_structure.cc:74 Dynamic e block size because the block size changed from 1 to 9
detect_structure.cc:93 Dynamic f block size because the block size changed from 6 to 9
detect_structure.cc:114 Schur complement static structure <-1,-1,-1>.
schur_eliminator.cc:155 Template specializations not found for <-1,-1,-1>
block_sparse_matrix.cc:208 Allocating values array with 359272 bytes.
detect_structure.cc:63 Dynamic row block size because the block size changed from 2 to 15
detect_structure.cc:74 Dynamic e block size because the block size changed from 1 to 9
detect_structure.cc:93 Dynamic f block size because the block size changed from 6 to 9
detect_structure.cc:114 Schur complement static structure <-1,-1,-1>.
detect_structure.cc:63 Dynamic row block size because the block size changed from 2 to 15
detect_structure.cc:74 Dynamic e block size because the block size changed from 1 to 9
detect_structure.cc:93 Dynamic f block size because the block size changed from 6 to 9
detect_structure.cc:114 Schur complement static structure <-1,-1,-1>.
schur_eliminator.cc:155 Template specializations not found for <-1,-1,-1>
block_sparse_matrix.cc:208 Allocating values array with 359272 bytes.
detect_structure.cc:63 Dynamic row block size because the block size changed from 2 to 15
detect_structure.cc:74 Dynamic e block size because the block size changed from 1 to 9
detect_structure.cc:93 Dynamic f block size because the block size changed from 6 to 9
detect_structure.cc:114 Schur complement static structure <-1,-1,-1>.
detect_structure.cc:63 Dynamic row block size because the block size changed from 2 to 15
detect_structure.cc:74 Dynamic e block size because the block size changed from 1 to 9
detect_structure.cc:93 Dynamic f block size because the block size changed from 6 to 9
detect_structure.cc:114 Schur complement static structure <-1,-1,-1>.
schur_eliminator.cc:155 Template specializations not found for <-1,-1,-1>
block_sparse_matrix.cc:208 Allocating values array with 359272 bytes.
detect_structure.cc:63 Dynamic row block size because the block size changed from 2 to 15
detect_structure.cc:74 Dynamic e block size because the block size changed from 1 to 9
detect_structure.cc:93 Dynamic f block size because the block size changed from 6 to 9
detect_structure.cc:114 Schur complement static structure <-1,-1,-1>.
detect_structure.cc:63 Dynamic row block size because the block size changed from 2 to 15
detect_structure.cc:74 Dynamic e block size because the block size changed from 1 to 9
detect_structure.cc:93 Dynamic f block size because the block size changed from 6 to 9
detect_structure.cc:114 Schur complement static structure <-1,-1,-1>.
schur_eliminator.cc:155 Template specializations not found for <-1,-1,-1>
block_sparse_matrix.cc:208 Allocating values array with 359272 bytes.
detect_structure.cc:63 Dynamic row block size because the block size changed from 2 to 15
detect_structure.cc:74 Dynamic e block size because the block size changed from 1 to 9
detect_structure.cc:93 Dynamic f block size because the block size changed from 6 to 9
detect_structure.cc:114 Schur complement static structure <-1,-1,-1>.
detect_structure.cc:63 Dynamic row block size because the block size changed from 2 to 15
detect_structure.cc:74 Dynamic e block size because the block size changed from 1 to 9
detect_structure.cc:93 Dynamic f block size because the block size changed from 6 to 9
detect_structure.cc:114 Schur complement static structure <-1,-1,-1>.
schur_eliminator.cc:155 Template specializations not found for <-1,-1,-1>
block_sparse_matrix.cc:208 Allocating values array with 359272 bytes.
detect_structure.cc:63 Dynamic row block size because the block size changed from 2 to 15
detect_structure.cc:74 Dynamic e block size because the block size changed from 1 to 9
detect_structure.cc:93 Dynamic f block size because the block size changed from 6 to 9
detect_structure.cc:114 Schur complement static structure <-1,-1,-1>.
detect_structure.cc:63 Dynamic row block size because the block size changed from 2 to 15
detect_structure.cc:74 Dynamic e block size because the block size changed from 1 to 9
detect_structure.cc:93 Dynamic f block size because the block size changed from 6 to 9
detect_structure.cc:114 Schur complement static structure <-1,-1,-1>.
schur_eliminator.cc:155 Template specializations not found for <-1,-1,-1>
block_sparse_matrix.cc:208 Allocating values array with 359272 bytes.
detect_structure.cc:63 Dynamic row block size because the block size changed from 2 to 15
detect_structure.cc:74 Dynamic e block size because the block size changed from 1 to 9
detect_structure.cc:93 Dynamic f block size because the block size changed from 6 to 9
detect_structure.cc:114 Schur complement static structure <-1,-1,-1>.
detect_structure.cc:63 Dynamic row block size because the block size changed from 2 to 15
detect_structure.cc:74 Dynamic e block size because the block size changed from 1 to 9
detect_structure.cc:93 Dynamic f block size because the block size changed from 6 to 9
detect_structure.cc:114 Schur complement static structure <-1,-1,-1>.
schur_eliminator.cc:155 Template specializations not found for <-1,-1,-1>
block_sparse_matrix.cc:208 Allocating values array with 359272 bytes.
detect_structure.cc:63 Dynamic row block size because the block size changed from 2 to 15
detect_structure.cc:74 Dynamic e block size because the block size changed from 1 to 9
detect_structure.cc:93 Dynamic f block size because the block size changed from 6 to 9
detect_structure.cc:114 Schur complement static structure <-1,-1,-1>.
detect_structure.cc:63 Dynamic row block size because the block size changed from 2 to 15
detect_structure.cc:74 Dynamic e block size because the block size changed from 1 to 9
detect_structure.cc:93 Dynamic f block size because the block size changed from 6 to 9
detect_structure.cc:114 Schur complement static structure <-1,-1,-1>.
schur_eliminator.cc:155 Template specializations not found for <-1,-1,-1>
block_sparse_matrix.cc:208 Allocating values array with 359272 bytes.
detect_structure.cc:63 Dynamic row block size because the block size changed from 2 to 15
detect_structure.cc:74 Dynamic e block size because the block size changed from 1 to 9
detect_structure.cc:93 Dynamic f block size because the block size changed from 6 to 9
detect_structure.cc:114 Schur complement static structure <-1,-1,-1>.
detect_structure.cc:63 Dynamic row block size because the block size changed from 2 to 15
detect_structure.cc:74 Dynamic e block size because the block size changed from 1 to 9
detect_structure.cc:93 Dynamic f block size because the block size changed from 6 to 9
detect_structure.cc:114 Schur complement static structure <-1,-1,-1>.
schur_eliminator.cc:155 Template specializations not found for <-1,-1,-1>
block_sparse_matrix.cc:208 Allocating values array with 359272 bytes.
detect_structure.cc:63 Dynamic row block size because the block size changed from 2 to 15
detect_structure.cc:74 Dynamic e block size because the block size changed from 1 to 9
detect_structure.cc:93 Dynamic f block size because the block size changed from 6 to 9
detect_structure.cc:114 Schur complement static structure <-1,-1,-1>.
detect_structure.cc:63 Dynamic row block size because the block size changed from 2 to 15
detect_structure.cc:74 Dynamic e block size because the block size changed from 1 to 9
detect_structure.cc:93 Dynamic f block size because the block size changed from 6 to 9
detect_structure.cc:114 Schur complement static structure <-1,-1,-1>.
schur_eliminator.cc:155 Template specializations not found for <-1,-1,-1>
block_sparse_matrix.cc:208 Allocating values array with 359272 bytes.
detect_structure.cc:63 Dynamic row block size because the block size changed from 2 to 15
detect_structure.cc:74 Dynamic e block size because the block size changed from 1 to 9
detect_structure.cc:93 Dynamic f block size because the block size changed from 6 to 9
detect_structure.cc:114 Schur complement static structure <-1,-1,-1>.
detect_structure.cc:63 Dynamic row block size because the block size changed from 2 to 15
detect_structure.cc:74 Dynamic e block size because the block size changed from 1 to 9
detect_structure.cc:93 Dynamic f block size because the block size changed from 6 to 9
detect_structure.cc:114 Schur complement static structure <-1,-1,-1>.
schur_eliminator.cc:155 Template specializations not found for <-1,-1,-1>
block_sparse_matrix.cc:208 Allocating values array with 359272 bytes.
detect_structure.cc:63 Dynamic row block size because the block size changed from 2 to 15
detect_structure.cc:74 Dynamic e block size because the block size changed from 1 to 9
detect_structure.cc:93 Dynamic f block size because the block size changed from 6 to 9
detect_structure.cc:114 Schur complement static structure <-1,-1,-1>.
detect_structure.cc:63 Dynamic row block size because the block size changed from 2 to 15
detect_structure.cc:74 Dynamic e block size because the block size changed from 1 to 9
detect_structure.cc:93 Dynamic f block size because the block size changed from 6 to 9
detect_structure.cc:114 Schur complement static structure <-1,-1,-1>.
schur_eliminator.cc:155 Template specializations not found for <-1,-1,-1>
block_sparse_matrix.cc:208 Allocating values array with 359272 bytes.
detect_structure.cc:63 Dynamic row block size because the block size changed from 2 to 15
detect_structure.cc:74 Dynamic e block size because the block size changed from 1 to 9
detect_structure.cc:93 Dynamic f block size because the block size changed from 6 to 9
detect_structure.cc:114 Schur complement static structure <-1,-1,-1>.
detect_structure.cc:63 Dynamic row block size because the block size changed from 2 to 15
detect_structure.cc:74 Dynamic e block size because the block size changed from 1 to 9
detect_structure.cc:93 Dynamic f block size because the block size changed from 6 to 9
detect_structure.cc:114 Schur complement static structure <-1,-1,-1>.
schur_eliminator.cc:155 Template specializations not found for <-1,-1,-1>
block_sparse_matrix.cc:208 Allocating values array with 359064 bytes.
detect_structure.cc:63 Dynamic row block size because the block size changed from 2 to 15
detect_structure.cc:74 Dynamic e block size because the block size changed from 1 to 9
detect_structure.cc:93 Dynamic f block size because the block size changed from 6 to 9
detect_structure.cc:114 Schur complement static structure <-1,-1,-1>.
detect_structure.cc:63 Dynamic row block size because the block size changed from 2 to 15
detect_structure.cc:74 Dynamic e block size because the block size changed from 1 to 9
detect_structure.cc:93 Dynamic f block size because the block size changed from 6 to 9
detect_structure.cc:114 Schur complement static structure <-1,-1,-1>.
schur_eliminator.cc:155 Template specializations not found for <-1,-1,-1>
block_sparse_matrix.cc:208 Allocating values array with 358856 bytes.
detect_structure.cc:63 Dynamic row block size because the block size changed from 2 to 15
detect_structure.cc:74 Dynamic e block size because the block size changed from 1 to 9
detect_structure.cc:93 Dynamic f block size because the block size changed from 6 to 9
detect_structure.cc:114 Schur complement static structure <-1,-1,-1>.
detect_structure.cc:63 Dynamic row block size because the block size changed from 2 to 15
detect_structure.cc:74 Dynamic e block size because the block size changed from 1 to 9
detect_structure.cc:93 Dynamic f block size because the block size changed from 6 to 9
detect_structure.cc:114 Schur complement static structure <-1,-1,-1>.
schur_eliminator.cc:155 Template specializations not found for <-1,-1,-1>
block_sparse_matrix.cc:208 Allocating values array with 358856 bytes.
detect_structure.cc:63 Dynamic row block size because the block size changed from 2 to 15
detect_structure.cc:74 Dynamic e block size because the block size changed from 1 to 9
detect_structure.cc:93 Dynamic f block size because the block size changed from 6 to 9
detect_structure.cc:114 Schur complement static structure <-1,-1,-1>.
detect_structure.cc:63 Dynamic row block size because the block size changed from 2 to 15
detect_structure.cc:74 Dynamic e block size because the block size changed from 1 to 9
detect_structure.cc:93 Dynamic f block size because the block size changed from 6 to 9
detect_structure.cc:114 Schur complement static structure <-1,-1,-1>.
schur_eliminator.cc:155 Template specializations not found for <-1,-1,-1>
block_sparse_matrix.cc:208 Allocating values array with 358856 bytes.
detect_structure.cc:63 Dynamic row block size because the block size changed from 2 to 15
detect_structure.cc:74 Dynamic e block size because the block size changed from 1 to 9
detect_structure.cc:93 Dynamic f block size because the block size changed from 6 to 9
detect_structure.cc:114 Schur complement static structure <-1,-1,-1>.
detect_structure.cc:63 Dynamic row block size because the block size changed from 2 to 15
detect_structure.cc:74 Dynamic e block size because the block size changed from 1 to 9
detect_structure.cc:93 Dynamic f block size because the block size changed from 6 to 9
detect_structure.cc:114 Schur complement static structure <-1,-1,-1>.
schur_eliminator.cc:155 Template specializations not found for <-1,-1,-1>
block_sparse_matrix.cc:208 Allocating values array with 358856 bytes.
detect_structure.cc:63 Dynamic row block size because the block size changed from 2 to 15
detect_structure.cc:74 Dynamic e block size because the block size changed from 1 to 9
detect_structure.cc:93 Dynamic f block size because the block size changed from 6 to 9
detect_structure.cc:114 Schur complement static structure <-1,-1,-1>.
detect_structure.cc:63 Dynamic row block size because the block size changed from 2 to 15
detect_structure.cc:74 Dynamic e block size because the block size changed from 1 to 9
detect_structure.cc:93 Dynamic f block size because the block size changed from 6 to 9
detect_structure.cc:114 Schur complement static structure <-1,-1,-1>.
schur_eliminator.cc:155 Template specializations not found for <-1,-1,-1>
block_sparse_matrix.cc:208 Allocating values array with 358856 bytes.
detect_structure.cc:63 Dynamic row block size because the block size changed from 2 to 15
detect_structure.cc:74 Dynamic e block size because the block size changed from 1 to 9
detect_structure.cc:93 Dynamic f block size because the block size changed from 6 to 9
detect_structure.cc:114 Schur complement static structure <-1,-1,-1>.
detect_structure.cc:63 Dynamic row block size because the block size changed from 2 to 15
detect_structure.cc:74 Dynamic e block size because the block size changed from 1 to 9
detect_structure.cc:93 Dynamic f block size because the block size changed from 6 to 9
detect_structure.cc:114 Schur complement static structure <-1,-1,-1>.
schur_eliminator.cc:155 Template specializations not found for <-1,-1,-1>
block_sparse_matrix.cc:208 Allocating values array with 358856 bytes.
detect_structure.cc:63 Dynamic row block size because the block size changed from 2 to 15
detect_structure.cc:74 Dynamic e block size because the block size changed from 1 to 9
detect_structure.cc:93 Dynamic f block size because the block size changed from 6 to 9
detect_structure.cc:114 Schur complement static structure <-1,-1,-1>.
detect_structure.cc:63 Dynamic row block size because the block size changed from 2 to 15
detect_structure.cc:74 Dynamic e block size because the block size changed from 1 to 9
detect_structure.cc:93 Dynamic f block size because the block size changed from 6 to 9
detect_structure.cc:114 Schur complement static structure <-1,-1,-1>.
schur_eliminator.cc:155 Template specializations not found for <-1,-1,-1>
block_sparse_matrix.cc:208 Allocating values array with 358856 bytes.
detect_structure.cc:63 Dynamic row block size because the block size changed from 2 to 15
detect_structure.cc:74 Dynamic e block size because the block size changed from 1 to 9
detect_structure.cc:93 Dynamic f block size because the block size changed from 6 to 9
detect_structure.cc:114 Schur complement static structure <-1,-1,-1>.
detect_structure.cc:63 Dynamic row block size because the block size changed from 2 to 15
detect_structure.cc:74 Dynamic e block size because the block size changed from 1 to 9
detect_structure.cc:93 Dynamic f block size because the block size changed from 6 to 9
detect_structure.cc:114 Schur complement static structure <-1,-1,-1>.
schur_eliminator.cc:155 Template specializations not found for <-1,-1,-1>
block_sparse_matrix.cc:208 Allocating values array with 358856 bytes.
detect_structure.cc:63 Dynamic row block size because the block size changed from 2 to 15
detect_structure.cc:74 Dynamic e block size because the block size changed from 1 to 9
detect_structure.cc:93 Dynamic f block size because the block size changed from 6 to 9
detect_structure.cc:114 Schur complement static structure <-1,-1,-1>.
detect_structure.cc:63 Dynamic row block size because the block size changed from 2 to 15
detect_structure.cc:74 Dynamic e block size because the block size changed from 1 to 9
detect_structure.cc:93 Dynamic f block size because the block size changed from 6 to 9
detect_structure.cc:114 Schur complement static structure <-1,-1,-1>.
schur_eliminator.cc:155 Template specializations not found for <-1,-1,-1>
block_sparse_matrix.cc:208 Allocating values array with 358856 bytes.
detect_structure.cc:63 Dynamic row block size because the block size changed from 2 to 15
detect_structure.cc:74 Dynamic e block size because the block size changed from 1 to 9
detect_structure.cc:93 Dynamic f block size because the block size changed from 6 to 9
detect_structure.cc:114 Schur complement static structure <-1,-1,-1>.
detect_structure.cc:63 Dynamic row block size because the block size changed from 2 to 15
detect_structure.cc:74 Dynamic e block size because the block size changed from 1 to 9
detect_structure.cc:93 Dynamic f block size because the block size changed from 6 to 9
detect_structure.cc:114 Schur complement static structure <-1,-1,-1>.
schur_eliminator.cc:155 Template specializations not found for <-1,-1,-1>
block_sparse_matrix.cc:208 Allocating values array with 358856 bytes.
detect_structure.cc:63 Dynamic row block size because the block size changed from 2 to 15
detect_structure.cc:74 Dynamic e block size because the block size changed from 1 to 9
detect_structure.cc:93 Dynamic f block size because the block size changed from 6 to 9
detect_structure.cc:114 Schur complement static structure <-1,-1,-1>.
detect_structure.cc:63 Dynamic row block size because the block size changed from 2 to 15
detect_structure.cc:74 Dynamic e block size because the block size changed from 1 to 9
detect_structure.cc:93 Dynamic f block size because the block size changed from 6 to 9
detect_structure.cc:114 Schur complement static structure <-1,-1,-1>.
schur_eliminator.cc:155 Template specializations not found for <-1,-1,-1>
block_sparse_matrix.cc:208 Allocating values array with 365480 bytes.
detect_structure.cc:63 Dynamic row block size because the block size changed from 2 to 15
detect_structure.cc:74 Dynamic e block size because the block size changed from 1 to 9
detect_structure.cc:93 Dynamic f block size because the block size changed from 6 to 9
detect_structure.cc:114 Schur complement static structure <-1,-1,-1>.
detect_structure.cc:63 Dynamic row block size because the block size changed from 2 to 15
detect_structure.cc:74 Dynamic e block size because the block size changed from 1 to 9
detect_structure.cc:93 Dynamic f block size because the block size changed from 6 to 9
detect_structure.cc:114 Schur complement static structure <-1,-1,-1>.
schur_eliminator.cc:155 Template specializations not found for <-1,-1,-1>
block_sparse_matrix.cc:208 Allocating values array with 358648 bytes.
detect_structure.cc:63 Dynamic row block size because the block size changed from 2 to 15
detect_structure.cc:74 Dynamic e block size because the block size changed from 1 to 9
detect_structure.cc:93 Dynamic f block size because the block size changed from 6 to 9
detect_structure.cc:114 Schur complement static structure <-1,-1,-1>.
detect_structure.cc:63 Dynamic row block size because the block size changed from 2 to 15
detect_structure.cc:74 Dynamic e block size because the block size changed from 1 to 9
detect_structure.cc:93 Dynamic f block size because the block size changed from 6 to 9
detect_structure.cc:114 Schur complement static structure <-1,-1,-1>.
schur_eliminator.cc:155 Template specializations not found for <-1,-1,-1>
block_sparse_matrix.cc:208 Allocating values array with 358440 bytes.
detect_structure.cc:63 Dynamic row block size because the block size changed from 2 to 15
detect_structure.cc:74 Dynamic e block size because the block size changed from 1 to 9
detect_structure.cc:93 Dynamic f block size because the block size changed from 6 to 9
detect_structure.cc:114 Schur complement static structure <-1,-1,-1>.
detect_structure.cc:63 Dynamic row block size because the block size changed from 2 to 15
detect_structure.cc:74 Dynamic e block size because the block size changed from 1 to 9
detect_structure.cc:93 Dynamic f block size because the block size changed from 6 to 9
detect_structure.cc:114 Schur complement static structure <-1,-1,-1>.
schur_eliminator.cc:155 Template specializations not found for <-1,-1,-1>
block_sparse_matrix.cc:208 Allocating values array with 358440 bytes.
detect_structure.cc:63 Dynamic row block size because the block size changed from 2 to 15
detect_structure.cc:74 Dynamic e block size because the block size changed from 1 to 9
detect_structure.cc:93 Dynamic f block size because the block size changed from 6 to 9
detect_structure.cc:114 Schur complement static structure <-1,-1,-1>.
detect_structure.cc:63 Dynamic row block size because the block size changed from 2 to 15
detect_structure.cc:74 Dynamic e block size because the block size changed from 1 to 9
detect_structure.cc:93 Dynamic f block size because the block size changed from 6 to 9
detect_structure.cc:114 Schur complement static structure <-1,-1,-1>.
schur_eliminator.cc:155 Template specializations not found for <-1,-1,-1>
block_sparse_matrix.cc:208 Allocating values array with 358440 bytes.
detect_structure.cc:63 Dynamic row block size because the block size changed from 2 to 15
detect_structure.cc:74 Dynamic e block size because the block size changed from 1 to 9
detect_structure.cc:93 Dynamic f block size because the block size changed from 6 to 9
detect_structure.cc:114 Schur complement static structure <-1,-1,-1>.
detect_structure.cc:63 Dynamic row block size because the block size changed from 2 to 15
detect_structure.cc:74 Dynamic e block size because the block size changed from 1 to 9
detect_structure.cc:93 Dynamic f block size because the block size changed from 6 to 9
detect_structure.cc:114 Schur complement static structure <-1,-1,-1>.
schur_eliminator.cc:155 Template specializations not found for <-1,-1,-1>
block_sparse_matrix.cc:208 Allocating values array with 358440 bytes.
detect_structure.cc:63 Dynamic row block size because the block size changed from 2 to 15
detect_structure.cc:74 Dynamic e block size because the block size changed from 1 to 9
detect_structure.cc:93 Dynamic f block size because the block size changed from 6 to 9
detect_structure.cc:114 Schur complement static structure <-1,-1,-1>.
detect_structure.cc:63 Dynamic row block size because the block size changed from 2 to 15
detect_structure.cc:74 Dynamic e block size because the block size changed from 1 to 9
detect_structure.cc:93 Dynamic f block size because the block size changed from 6 to 9
detect_structure.cc:114 Schur complement static structure <-1,-1,-1>.
schur_eliminator.cc:155 Template specializations not found for <-1,-1,-1>
block_sparse_matrix.cc:208 Allocating values array with 358232 bytes.
detect_structure.cc:63 Dynamic row block size because the block size changed from 2 to 15
detect_structure.cc:74 Dynamic e block size because the block size changed from 1 to 9
detect_structure.cc:93 Dynamic f block size because the block size changed from 6 to 9
detect_structure.cc:114 Schur complement static structure <-1,-1,-1>.
detect_structure.cc:63 Dynamic row block size because the block size changed from 2 to 15
detect_structure.cc:74 Dynamic e block size because the block size changed from 1 to 9
detect_structure.cc:93 Dynamic f block size because the block size changed from 6 to 9
detect_structure.cc:114 Schur complement static structure <-1,-1,-1>.
schur_eliminator.cc:155 Template specializations not found for <-1,-1,-1>
block_sparse_matrix.cc:208 Allocating values array with 358024 bytes.
detect_structure.cc:63 Dynamic row block size because the block size changed from 2 to 15
detect_structure.cc:74 Dynamic e block size because the block size changed from 1 to 9
detect_structure.cc:93 Dynamic f block size because the block size changed from 6 to 9
detect_structure.cc:114 Schur complement static structure <-1,-1,-1>.
detect_structure.cc:63 Dynamic row block size because the block size changed from 2 to 15
detect_structure.cc:74 Dynamic e block size because the block size changed from 1 to 9
detect_structure.cc:93 Dynamic f block size because the block size changed from 6 to 9
detect_structure.cc:114 Schur complement static structure <-1,-1,-1>.
schur_eliminator.cc:155 Template specializations not found for <-1,-1,-1>
block_sparse_matrix.cc:208 Allocating values array with 357400 bytes.
detect_structure.cc:63 Dynamic row block size because the block size changed from 2 to 15
detect_structure.cc:74 Dynamic e block size because the block size changed from 1 to 9
detect_structure.cc:93 Dynamic f block size because the block size changed from 6 to 9
detect_structure.cc:114 Schur complement static structure <-1,-1,-1>.
detect_structure.cc:63 Dynamic row block size because the block size changed from 2 to 15
detect_structure.cc:74 Dynamic e block size because the block size changed from 1 to 9
detect_structure.cc:93 Dynamic f block size because the block size changed from 6 to 9
detect_structure.cc:114 Schur complement static structure <-1,-1,-1>.
schur_eliminator.cc:155 Template specializations not found for <-1,-1,-1>
block_sparse_matrix.cc:208 Allocating values array with 367352 bytes.
detect_structure.cc:63 Dynamic row block size because the block size changed from 2 to 15
detect_structure.cc:74 Dynamic e block size because the block size changed from 1 to 9
detect_structure.cc:93 Dynamic f block size because the block size changed from 6 to 9
detect_structure.cc:114 Schur complement static structure <-1,-1,-1>.
detect_structure.cc:63 Dynamic row block size because the block size changed from 2 to 15
detect_structure.cc:74 Dynamic e block size because the block size changed from 1 to 9
detect_structure.cc:93 Dynamic f block size because the block size changed from 6 to 9
detect_structure.cc:114 Schur complement static structure <-1,-1,-1>.
schur_eliminator.cc:155 Template specializations not found for <-1,-1,-1>
block_sparse_matrix.cc:208 Allocating values array with 359064 bytes.
detect_structure.cc:63 Dynamic row block size because the block size changed from 2 to 15
detect_structure.cc:74 Dynamic e block size because the block size changed from 1 to 9
detect_structure.cc:93 Dynamic f block size because the block size changed from 6 to 9
detect_structure.cc:114 Schur complement static structure <-1,-1,-1>.
detect_structure.cc:63 Dynamic row block size because the block size changed from 2 to 15
detect_structure.cc:74 Dynamic e block size because the block size changed from 1 to 9
detect_structure.cc:93 Dynamic f block size because the block size changed from 6 to 9
detect_structure.cc:114 Schur complement static structure <-1,-1,-1>.
schur_eliminator.cc:155 Template specializations not found for <-1,-1,-1>
block_sparse_matrix.cc:208 Allocating values array with 356984 bytes.
detect_structure.cc:63 Dynamic row block size because the block size changed from 2 to 15
detect_structure.cc:74 Dynamic e block size because the block size changed from 1 to 9
detect_structure.cc:93 Dynamic f block size because the block size changed from 6 to 9
detect_structure.cc:114 Schur complement static structure <-1,-1,-1>.
detect_structure.cc:63 Dynamic row block size because the block size changed from 2 to 15
detect_structure.cc:74 Dynamic e block size because the block size changed from 1 to 9
detect_structure.cc:93 Dynamic f block size because the block size changed from 6 to 9
detect_structure.cc:114 Schur complement static structure <-1,-1,-1>.
schur_eliminator.cc:155 Template specializations not found for <-1,-1,-1>
block_sparse_matrix.cc:208 Allocating values array with 362984 bytes.
detect_structure.cc:63 Dynamic row block size because the block size changed from 2 to 15
detect_structure.cc:74 Dynamic e block size because the block size changed from 1 to 9
detect_structure.cc:93 Dynamic f block size because the block size changed from 6 to 9
detect_structure.cc:114 Schur complement static structure <-1,-1,-1>.
detect_structure.cc:63 Dynamic row block size because the block size changed from 2 to 15
detect_structure.cc:74 Dynamic e block size because the block size changed from 1 to 9
detect_structure.cc:93 Dynamic f block size because the block size changed from 6 to 9
detect_structure.cc:114 Schur complement static structure <-1,-1,-1>.
schur_eliminator.cc:155 Template specializations not found for <-1,-1,-1>
block_sparse_matrix.cc:208 Allocating values array with 355736 bytes.
detect_structure.cc:63 Dynamic row block size because the block size changed from 2 to 15
detect_structure.cc:74 Dynamic e block size because the block size changed from 1 to 9
detect_structure.cc:93 Dynamic f block size because the block size changed from 6 to 9
detect_structure.cc:114 Schur complement static structure <-1,-1,-1>.
detect_structure.cc:63 Dynamic row block size because the block size changed from 2 to 15
detect_structure.cc:74 Dynamic e block size because the block size changed from 1 to 9
detect_structure.cc:93 Dynamic f block size because the block size changed from 6 to 9
detect_structure.cc:114 Schur complement static structure <-1,-1,-1>.
schur_eliminator.cc:155 Template specializations not found for <-1,-1,-1>
block_sparse_matrix.cc:208 Allocating values array with 355112 bytes.
detect_structure.cc:63 Dynamic row block size because the block size changed from 2 to 15
detect_structure.cc:74 Dynamic e block size because the block size changed from 1 to 9
detect_structure.cc:93 Dynamic f block size because the block size changed from 6 to 9
detect_structure.cc:114 Schur complement static structure <-1,-1,-1>.
detect_structure.cc:63 Dynamic row block size because the block size changed from 2 to 15
detect_structure.cc:74 Dynamic e block size because the block size changed from 1 to 9
detect_structure.cc:93 Dynamic f block size because the block size changed from 6 to 9
detect_structure.cc:114 Schur complement static structure <-1,-1,-1>.
schur_eliminator.cc:155 Template specializations not found for <-1,-1,-1>
block_sparse_matrix.cc:208 Allocating values array with 359032 bytes.
detect_structure.cc:63 Dynamic row block size because the block size changed from 2 to 15
detect_structure.cc:74 Dynamic e block size because the block size changed from 1 to 9
detect_structure.cc:93 Dynamic f block size because the block size changed from 6 to 9
detect_structure.cc:114 Schur complement static structure <-1,-1,-1>.
detect_structure.cc:63 Dynamic row block size because the block size changed from 2 to 15
detect_structure.cc:74 Dynamic e block size because the block size changed from 1 to 9
detect_structure.cc:93 Dynamic f block size because the block size changed from 6 to 9
detect_structure.cc:114 Schur complement static structure <-1,-1,-1>.
schur_eliminator.cc:155 Template specializations not found for <-1,-1,-1>
block_sparse_matrix.cc:208 Allocating values array with 350952 bytes.
detect_structure.cc:63 Dynamic row block size because the block size changed from 2 to 15
detect_structure.cc:74 Dynamic e block size because the block size changed from 1 to 9
detect_structure.cc:93 Dynamic f block size because the block size changed from 6 to 9
detect_structure.cc:114 Schur complement static structure <-1,-1,-1>.
detect_structure.cc:63 Dynamic row block size because the block size changed from 2 to 15
detect_structure.cc:74 Dynamic e block size because the block size changed from 1 to 9
detect_structure.cc:93 Dynamic f block size because the block size changed from 6 to 9
detect_structure.cc:114 Schur complement static structure <-1,-1,-1>.
schur_eliminator.cc:155 Template specializations not found for <-1,-1,-1>
block_sparse_matrix.cc:208 Allocating values array with 358200 bytes.
detect_structure.cc:63 Dynamic row block size because the block size changed from 2 to 15
detect_structure.cc:74 Dynamic e block size because the block size changed from 1 to 9
detect_structure.cc:93 Dynamic f block size because the block size changed from 6 to 9
detect_structure.cc:114 Schur complement static structure <-1,-1,-1>.
detect_structure.cc:63 Dynamic row block size because the block size changed from 2 to 15
detect_structure.cc:74 Dynamic e block size because the block size changed from 1 to 9
detect_structure.cc:93 Dynamic f block size because the block size changed from 6 to 9
detect_structure.cc:114 Schur complement static structure <-1,-1,-1>.
schur_eliminator.cc:155 Template specializations not found for <-1,-1,-1>
block_sparse_matrix.cc:208 Allocating values array with 350536 bytes.
detect_structure.cc:63 Dynamic row block size because the block size changed from 2 to 15
detect_structure.cc:74 Dynamic e block size because the block size changed from 1 to 9
detect_structure.cc:93 Dynamic f block size because the block size changed from 6 to 9
detect_structure.cc:114 Schur complement static structure <-1,-1,-1>.
detect_structure.cc:63 Dynamic row block size because the block size changed from 2 to 15
detect_structure.cc:74 Dynamic e block size because the block size changed from 1 to 9
detect_structure.cc:93 Dynamic f block size because the block size changed from 6 to 9
detect_structure.cc:114 Schur complement static structure <-1,-1,-1>.
schur_eliminator.cc:155 Template specializations not found for <-1,-1,-1>
block_sparse_matrix.cc:208 Allocating values array with 355080 bytes.
detect_structure.cc:63 Dynamic row block size because the block size changed from 2 to 15
detect_structure.cc:74 Dynamic e block size because the block size changed from 1 to 9
detect_structure.cc:93 Dynamic f block size because the block size changed from 6 to 9
detect_structure.cc:114 Schur complement static structure <-1,-1,-1>.
detect_structure.cc:63 Dynamic row block size because the block size changed from 2 to 15
detect_structure.cc:74 Dynamic e block size because the block size changed from 1 to 9
detect_structure.cc:93 Dynamic f block size because the block size changed from 6 to 9
detect_structure.cc:114 Schur complement static structure <-1,-1,-1>.
schur_eliminator.cc:155 Template specializations not found for <-1,-1,-1>
block_sparse_matrix.cc:208 Allocating values array with 351336 bytes.
detect_structure.cc:63 Dynamic row block size because the block size changed from 2 to 15
detect_structure.cc:74 Dynamic e block size because the block size changed from 1 to 9
detect_structure.cc:93 Dynamic f block size because the block size changed from 6 to 9
detect_structure.cc:114 Schur complement static structure <-1,-1,-1>.
detect_structure.cc:63 Dynamic row block size because the block size changed from 2 to 15
detect_structure.cc:74 Dynamic e block size because the block size changed from 1 to 9
detect_structure.cc:93 Dynamic f block size because the block size changed from 6 to 9
detect_structure.cc:114 Schur complement static structure <-1,-1,-1>.
schur_eliminator.cc:155 Template specializations not found for <-1,-1,-1>
block_sparse_matrix.cc:208 Allocating values array with 348424 bytes.
detect_structure.cc:63 Dynamic row block size because the block size changed from 2 to 15
detect_structure.cc:74 Dynamic e block size because the block size changed from 1 to 9
detect_structure.cc:93 Dynamic f block size because the block size changed from 6 to 9
detect_structure.cc:114 Schur complement static structure <-1,-1,-1>.
detect_structure.cc:63 Dynamic row block size because the block size changed from 2 to 15
detect_structure.cc:74 Dynamic e block size because the block size changed from 1 to 9
detect_structure.cc:93 Dynamic f block size because the block size changed from 6 to 9
detect_structure.cc:114 Schur complement static structure <-1,-1,-1>.
schur_eliminator.cc:155 Template specializations not found for <-1,-1,-1>
block_sparse_matrix.cc:208 Allocating values array with 344056 bytes.
detect_structure.cc:63 Dynamic row block size because the block size changed from 2 to 15
detect_structure.cc:74 Dynamic e block size because the block size changed from 1 to 9
detect_structure.cc:93 Dynamic f block size because the block size changed from 6 to 9
detect_structure.cc:114 Schur complement static structure <-1,-1,-1>.
detect_structure.cc:63 Dynamic row block size because the block size changed from 2 to 15
detect_structure.cc:74 Dynamic e block size because the block size changed from 1 to 9
detect_structure.cc:93 Dynamic f block size because the block size changed from 6 to 9
detect_structure.cc:114 Schur complement static structure <-1,-1,-1>.
schur_eliminator.cc:155 Template specializations not found for <-1,-1,-1>
block_sparse_matrix.cc:208 Allocating values array with 340312 bytes.
detect_structure.cc:63 Dynamic row block size because the block size changed from 2 to 15
detect_structure.cc:74 Dynamic e block size because the block size changed from 1 to 9
detect_structure.cc:93 Dynamic f block size because the block size changed from 6 to 9
detect_structure.cc:114 Schur complement static structure <-1,-1,-1>.
detect_structure.cc:63 Dynamic row block size because the block size changed from 2 to 15
detect_structure.cc:74 Dynamic e block size because the block size changed from 1 to 9
detect_structure.cc:93 Dynamic f block size because the block size changed from 6 to 9
detect_structure.cc:114 Schur complement static structure <-1,-1,-1>.
schur_eliminator.cc:155 Template specializations not found for <-1,-1,-1>
block_sparse_matrix.cc:208 Allocating values array with 337816 bytes.
detect_structure.cc:63 Dynamic row block size because the block size changed from 2 to 15
detect_structure.cc:74 Dynamic e block size because the block size changed from 1 to 9
detect_structure.cc:93 Dynamic f block size because the block size changed from 6 to 9
detect_structure.cc:114 Schur complement static structure <-1,-1,-1>.
detect_structure.cc:63 Dynamic row block size because the block size changed from 2 to 15
detect_structure.cc:74 Dynamic e block size because the block size changed from 1 to 9
detect_structure.cc:93 Dynamic f block size because the block size changed from 6 to 9
detect_structure.cc:114 Schur complement static structure <-1,-1,-1>.
schur_eliminator.cc:155 Template specializations not found for <-1,-1,-1>
block_sparse_matrix.cc:208 Allocating values array with 334280 bytes.
detect_structure.cc:63 Dynamic row block size because the block size changed from 2 to 15
detect_structure.cc:74 Dynamic e block size because the block size changed from 1 to 9
detect_structure.cc:93 Dynamic f block size because the block size changed from 6 to 9
detect_structure.cc:114 Schur complement static structure <-1,-1,-1>.
detect_structure.cc:63 Dynamic row block size because the block size changed from 2 to 15
detect_structure.cc:74 Dynamic e block size because the block size changed from 1 to 9
detect_structure.cc:93 Dynamic f block size because the block size changed from 6 to 9
detect_structure.cc:114 Schur complement static structure <-1,-1,-1>.
schur_eliminator.cc:155 Template specializations not found for <-1,-1,-1>
block_sparse_matrix.cc:208 Allocating values array with 331160 bytes.
detect_structure.cc:63 Dynamic row block size because the block size changed from 2 to 15
detect_structure.cc:74 Dynamic e block size because the block size changed from 1 to 9
detect_structure.cc:93 Dynamic f block size because the block size changed from 6 to 9
detect_structure.cc:114 Schur complement static structure <-1,-1,-1>.
detect_structure.cc:63 Dynamic row block size because the block size changed from 2 to 15
detect_structure.cc:74 Dynamic e block size because the block size changed from 1 to 9
detect_structure.cc:93 Dynamic f block size because the block size changed from 6 to 9
detect_structure.cc:114 Schur complement static structure <-1,-1,-1>.
schur_eliminator.cc:155 Template specializations not found for <-1,-1,-1>
block_sparse_matrix.cc:208 Allocating values array with 329704 bytes.
detect_structure.cc:63 Dynamic row block size because the block size changed from 2 to 15
detect_structure.cc:74 Dynamic e block size because the block size changed from 1 to 9
detect_structure.cc:93 Dynamic f block size because the block size changed from 6 to 9
detect_structure.cc:114 Schur complement static structure <-1,-1,-1>.
detect_structure.cc:63 Dynamic row block size because the block size changed from 2 to 15
detect_structure.cc:74 Dynamic e block size because the block size changed from 1 to 9
detect_structure.cc:93 Dynamic f block size because the block size changed from 6 to 9
detect_structure.cc:114 Schur complement static structure <-1,-1,-1>.
schur_eliminator.cc:155 Template specializations not found for <-1,-1,-1>
block_sparse_matrix.cc:208 Allocating values array with 322664 bytes.
detect_structure.cc:63 Dynamic row block size because the block size changed from 2 to 15
detect_structure.cc:74 Dynamic e block size because the block size changed from 1 to 9
detect_structure.cc:93 Dynamic f block size because the block size changed from 6 to 9
detect_structure.cc:114 Schur complement static structure <-1,-1,-1>.
detect_structure.cc:63 Dynamic row block size because the block size changed from 2 to 15
detect_structure.cc:74 Dynamic e block size because the block size changed from 1 to 9
detect_structure.cc:93 Dynamic f block size because the block size changed from 6 to 9
detect_structure.cc:114 Schur complement static structure <-1,-1,-1>.
schur_eliminator.cc:155 Template specializations not found for <-1,-1,-1>
block_sparse_matrix.cc:208 Allocating values array with 329288 bytes.
detect_structure.cc:63 Dynamic row block size because the block size changed from 2 to 15
detect_structure.cc:74 Dynamic e block size because the block size changed from 1 to 9
detect_structure.cc:93 Dynamic f block size because the block size changed from 6 to 9
detect_structure.cc:114 Schur complement static structure <-1,-1,-1>.
detect_structure.cc:63 Dynamic row block size because the block size changed from 2 to 15
detect_structure.cc:74 Dynamic e block size because the block size changed from 1 to 9
detect_structure.cc:93 Dynamic f block size because the block size changed from 6 to 9
detect_structure.cc:114 Schur complement static structure <-1,-1,-1>.
schur_eliminator.cc:155 Template specializations not found for <-1,-1,-1>
[FeatureTracker] F-matrix: 145 → 97 (rejected 48, threshold=1.000000)
block_sparse_matrix.cc:208 Allocating values array with 315176 bytes.
detect_structure.cc:63 Dynamic row block size because the block size changed from 2 to 15
detect_structure.cc:74 Dynamic e block size because the block size changed from 1 to 9
detect_structure.cc:93 Dynamic f block size because the block size changed from 6 to 9
detect_structure.cc:114 Schur complement static structure <-1,-1,-1>.
detect_structure.cc:63 Dynamic row block size because the block size changed from 2 to 15
detect_structure.cc:74 Dynamic e block size because the block size changed from 1 to 9
detect_structure.cc:93 Dynamic f block size because the block size changed from 6 to 9
detect_structure.cc:114 Schur complement static structure <-1,-1,-1>.
schur_eliminator.cc:155 Template specializations not found for <-1,-1,-1>
block_sparse_matrix.cc:208 Allocating values array with 307480 bytes.
detect_structure.cc:63 Dynamic row block size because the block size changed from 2 to 15
detect_structure.cc:74 Dynamic e block size because the block size changed from 1 to 9
detect_structure.cc:93 Dynamic f block size because the block size changed from 6 to 9
detect_structure.cc:114 Schur complement static structure <-1,-1,-1>.
detect_structure.cc:63 Dynamic row block size because the block size changed from 2 to 15
detect_structure.cc:74 Dynamic e block size because the block size changed from 1 to 9
detect_structure.cc:93 Dynamic f block size because the block size changed from 6 to 9
detect_structure.cc:114 Schur complement static structure <-1,-1,-1>.
schur_eliminator.cc:155 Template specializations not found for <-1,-1,-1>
block_sparse_matrix.cc:208 Allocating values array with 307064 bytes.
detect_structure.cc:63 Dynamic row block size because the block size changed from 2 to 15
detect_structure.cc:74 Dynamic e block size because the block size changed from 1 to 9
detect_structure.cc:93 Dynamic f block size because the block size changed from 6 to 9
detect_structure.cc:114 Schur complement static structure <-1,-1,-1>.
detect_structure.cc:63 Dynamic row block size because the block size changed from 2 to 15
detect_structure.cc:74 Dynamic e block size because the block size changed from 1 to 9
detect_structure.cc:93 Dynamic f block size because the block size changed from 6 to 9
detect_structure.cc:114 Schur complement static structure <-1,-1,-1>.
schur_eliminator.cc:155 Template specializations not found for <-1,-1,-1>
block_sparse_matrix.cc:208 Allocating values array with 306440 bytes.
detect_structure.cc:63 Dynamic row block size because the block size changed from 2 to 15
detect_structure.cc:74 Dynamic e block size because the block size changed from 1 to 9
detect_structure.cc:93 Dynamic f block size because the block size changed from 6 to 9
detect_structure.cc:114 Schur complement static structure <-1,-1,-1>.
detect_structure.cc:63 Dynamic row block size because the block size changed from 2 to 15
detect_structure.cc:74 Dynamic e block size because the block size changed from 1 to 9
detect_structure.cc:93 Dynamic f block size because the block size changed from 6 to 9
detect_structure.cc:114 Schur complement static structure <-1,-1,-1>.
schur_eliminator.cc:155 Template specializations not found for <-1,-1,-1>
block_sparse_matrix.cc:208 Allocating values array with 305400 bytes.
detect_structure.cc:63 Dynamic row block size because the block size changed from 2 to 15
detect_structure.cc:74 Dynamic e block size because the block size changed from 1 to 9
detect_structure.cc:93 Dynamic f block size because the block size changed from 6 to 9
detect_structure.cc:114 Schur complement static structure <-1,-1,-1>.
detect_structure.cc:63 Dynamic row block size because the block size changed from 2 to 15
detect_structure.cc:74 Dynamic e block size because the block size changed from 1 to 9
detect_structure.cc:93 Dynamic f block size because the block size changed from 6 to 9
detect_structure.cc:114 Schur complement static structure <-1,-1,-1>.
schur_eliminator.cc:155 Template specializations not found for <-1,-1,-1>
block_sparse_matrix.cc:208 Allocating values array with 302664 bytes.
detect_structure.cc:63 Dynamic row block size because the block size changed from 2 to 15
detect_structure.cc:74 Dynamic e block size because the block size changed from 1 to 9
detect_structure.cc:93 Dynamic f block size because the block size changed from 6 to 9
detect_structure.cc:114 Schur complement static structure <-1,-1,-1>.
detect_structure.cc:63 Dynamic row block size because the block size changed from 2 to 15
detect_structure.cc:74 Dynamic e block size because the block size changed from 1 to 9
detect_structure.cc:93 Dynamic f block size because the block size changed from 6 to 9
detect_structure.cc:114 Schur complement static structure <-1,-1,-1>.
schur_eliminator.cc:155 Template specializations not found for <-1,-1,-1>
block_sparse_matrix.cc:208 Allocating values array with 311608 bytes.
detect_structure.cc:63 Dynamic row block size because the block size changed from 2 to 15
detect_structure.cc:74 Dynamic e block size because the block size changed from 1 to 9
detect_structure.cc:93 Dynamic f block size because the block size changed from 6 to 9
detect_structure.cc:114 Schur complement static structure <-1,-1,-1>.
detect_structure.cc:63 Dynamic row block size because the block size changed from 2 to 15
detect_structure.cc:74 Dynamic e block size because the block size changed from 1 to 9
detect_structure.cc:93 Dynamic f block size because the block size changed from 6 to 9
detect_structure.cc:114 Schur complement static structure <-1,-1,-1>.
schur_eliminator.cc:155 Template specializations not found for <-1,-1,-1>
block_sparse_matrix.cc:208 Allocating values array with 306616 bytes.
detect_structure.cc:63 Dynamic row block size because the block size changed from 2 to 15
detect_structure.cc:74 Dynamic e block size because the block size changed from 1 to 9
detect_structure.cc:93 Dynamic f block size because the block size changed from 6 to 9
detect_structure.cc:114 Schur complement static structure <-1,-1,-1>.
detect_structure.cc:63 Dynamic row block size because the block size changed from 2 to 15
detect_structure.cc:74 Dynamic e block size because the block size changed from 1 to 9
detect_structure.cc:93 Dynamic f block size because the block size changed from 6 to 9
detect_structure.cc:114 Schur complement static structure <-1,-1,-1>.
schur_eliminator.cc:155 Template specializations not found for <-1,-1,-1>
block_sparse_matrix.cc:208 Allocating values array with 301208 bytes.
detect_structure.cc:63 Dynamic row block size because the block size changed from 2 to 15
detect_structure.cc:74 Dynamic e block size because the block size changed from 1 to 9
detect_structure.cc:93 Dynamic f block size because the block size changed from 6 to 9
detect_structure.cc:114 Schur complement static structure <-1,-1,-1>.
detect_structure.cc:63 Dynamic row block size because the block size changed from 2 to 15
detect_structure.cc:74 Dynamic e block size because the block size changed from 1 to 9
detect_structure.cc:93 Dynamic f block size because the block size changed from 6 to 9
detect_structure.cc:114 Schur complement static structure <-1,-1,-1>.
schur_eliminator.cc:155 Template specializations not found for <-1,-1,-1>
block_sparse_matrix.cc:208 Allocating values array with 297672 bytes.
detect_structure.cc:63 Dynamic row block size because the block size changed from 2 to 15
detect_structure.cc:74 Dynamic e block size because the block size changed from 1 to 9
detect_structure.cc:93 Dynamic f block size because the block size changed from 6 to 9
detect_structure.cc:114 Schur complement static structure <-1,-1,-1>.
detect_structure.cc:63 Dynamic row block size because the block size changed from 2 to 15
detect_structure.cc:74 Dynamic e block size because the block size changed from 1 to 9
detect_structure.cc:93 Dynamic f block size because the block size changed from 6 to 9
detect_structure.cc:114 Schur complement static structure <-1,-1,-1>.
schur_eliminator.cc:155 Template specializations not found for <-1,-1,-1>
block_sparse_matrix.cc:208 Allocating values array with 293512 bytes.
detect_structure.cc:63 Dynamic row block size because the block size changed from 2 to 15
detect_structure.cc:74 Dynamic e block size because the block size changed from 1 to 9
detect_structure.cc:93 Dynamic f block size because the block size changed from 6 to 9
detect_structure.cc:114 Schur complement static structure <-1,-1,-1>.
detect_structure.cc:63 Dynamic row block size because the block size changed from 2 to 15
detect_structure.cc:74 Dynamic e block size because the block size changed from 1 to 9
detect_structure.cc:93 Dynamic f block size because the block size changed from 6 to 9
detect_structure.cc:114 Schur complement static structure <-1,-1,-1>.
schur_eliminator.cc:155 Template specializations not found for <-1,-1,-1>
block_sparse_matrix.cc:208 Allocating values array with 286856 bytes.
detect_structure.cc:63 Dynamic row block size because the block size changed from 2 to 15
detect_structure.cc:74 Dynamic e block size because the block size changed from 1 to 9
detect_structure.cc:93 Dynamic f block size because the block size changed from 6 to 9
detect_structure.cc:114 Schur complement static structure <-1,-1,-1>.
detect_structure.cc:63 Dynamic row block size because the block size changed from 2 to 15
detect_structure.cc:74 Dynamic e block size because the block size changed from 1 to 9
detect_structure.cc:93 Dynamic f block size because the block size changed from 6 to 9
detect_structure.cc:114 Schur complement static structure <-1,-1,-1>.
schur_eliminator.cc:155 Template specializations not found for <-1,-1,-1>
block_sparse_matrix.cc:208 Allocating values array with 284152 bytes.
detect_structure.cc:63 Dynamic row block size because the block size changed from 2 to 15
detect_structure.cc:74 Dynamic e block size because the block size changed from 1 to 9
detect_structure.cc:93 Dynamic f block size because the block size changed from 6 to 9
detect_structure.cc:114 Schur complement static structure <-1,-1,-1>.
detect_structure.cc:63 Dynamic row block size because the block size changed from 2 to 15
detect_structure.cc:74 Dynamic e block size because the block size changed from 1 to 9
detect_structure.cc:93 Dynamic f block size because the block size changed from 6 to 9
detect_structure.cc:114 Schur complement static structure <-1,-1,-1>.
schur_eliminator.cc:155 Template specializations not found for <-1,-1,-1>
block_sparse_matrix.cc:208 Allocating values array with 289768 bytes.
detect_structure.cc:63 Dynamic row block size because the block size changed from 2 to 15
detect_structure.cc:74 Dynamic e block size because the block size changed from 1 to 9
detect_structure.cc:93 Dynamic f block size because the block size changed from 6 to 9
detect_structure.cc:114 Schur complement static structure <-1,-1,-1>.
detect_structure.cc:63 Dynamic row block size because the block size changed from 2 to 15
detect_structure.cc:74 Dynamic e block size because the block size changed from 1 to 9
detect_structure.cc:93 Dynamic f block size because the block size changed from 6 to 9
detect_structure.cc:114 Schur complement static structure <-1,-1,-1>.
schur_eliminator.cc:155 Template specializations not found for <-1,-1,-1>
block_sparse_matrix.cc:208 Allocating values array with 291640 bytes.
detect_structure.cc:63 Dynamic row block size because the block size changed from 2 to 15
detect_structure.cc:74 Dynamic e block size because the block size changed from 1 to 9
detect_structure.cc:93 Dynamic f block size because the block size changed from 6 to 9
detect_structure.cc:114 Schur complement static structure <-1,-1,-1>.
detect_structure.cc:63 Dynamic row block size because the block size changed from 2 to 15
detect_structure.cc:74 Dynamic e block size because the block size changed from 1 to 9
detect_structure.cc:93 Dynamic f block size because the block size changed from 6 to 9
detect_structure.cc:114 Schur complement static structure <-1,-1,-1>.
schur_eliminator.cc:155 Template specializations not found for <-1,-1,-1>
block_sparse_matrix.cc:208 Allocating values array with 288520 bytes.
detect_structure.cc:63 Dynamic row block size because the block size changed from 2 to 15
detect_structure.cc:74 Dynamic e block size because the block size changed from 1 to 9
detect_structure.cc:93 Dynamic f block size because the block size changed from 6 to 9
detect_structure.cc:114 Schur complement static structure <-1,-1,-1>.
detect_structure.cc:63 Dynamic row block size because the block size changed from 2 to 15
detect_structure.cc:74 Dynamic e block size because the block size changed from 1 to 9
detect_structure.cc:93 Dynamic f block size because the block size changed from 6 to 9
detect_structure.cc:114 Schur complement static structure <-1,-1,-1>.
schur_eliminator.cc:155 Template specializations not found for <-1,-1,-1>
[FeatureTracker] F-matrix: 117 → 59 (rejected 58, threshold=1.000000)
block_sparse_matrix.cc:208 Allocating values array with 279784 bytes.
detect_structure.cc:63 Dynamic row block size because the block size changed from 2 to 15
detect_structure.cc:74 Dynamic e block size because the block size changed from 1 to 9
detect_structure.cc:93 Dynamic f block size because the block size changed from 6 to 9
detect_structure.cc:114 Schur complement static structure <-1,-1,-1>.
detect_structure.cc:63 Dynamic row block size because the block size changed from 2 to 15
detect_structure.cc:74 Dynamic e block size because the block size changed from 1 to 9
detect_structure.cc:93 Dynamic f block size because the block size changed from 6 to 9
detect_structure.cc:114 Schur complement static structure <-1,-1,-1>.
schur_eliminator.cc:155 Template specializations not found for <-1,-1,-1>
block_sparse_matrix.cc:208 Allocating values array with 262760 bytes.
detect_structure.cc:63 Dynamic row block size because the block size changed from 2 to 15
detect_structure.cc:74 Dynamic e block size because the block size changed from 1 to 9
detect_structure.cc:93 Dynamic f block size because the block size changed from 6 to 9
detect_structure.cc:114 Schur complement static structure <-1,-1,-1>.
detect_structure.cc:63 Dynamic row block size because the block size changed from 2 to 15
detect_structure.cc:74 Dynamic e block size because the block size changed from 1 to 9
detect_structure.cc:93 Dynamic f block size because the block size changed from 6 to 9
detect_structure.cc:114 Schur complement static structure <-1,-1,-1>.
schur_eliminator.cc:155 Template specializations not found for <-1,-1,-1>
block_sparse_matrix.cc:208 Allocating values array with 259816 bytes.
detect_structure.cc:63 Dynamic row block size because the block size changed from 2 to 15
detect_structure.cc:74 Dynamic e block size because the block size changed from 1 to 9
detect_structure.cc:93 Dynamic f block size because the block size changed from 6 to 9
detect_structure.cc:114 Schur complement static structure <-1,-1,-1>.
detect_structure.cc:63 Dynamic row block size because the block size changed from 2 to 15
detect_structure.cc:74 Dynamic e block size because the block size changed from 1 to 9
detect_structure.cc:93 Dynamic f block size because the block size changed from 6 to 9
detect_structure.cc:114 Schur complement static structure <-1,-1,-1>.
schur_eliminator.cc:155 Template specializations not found for <-1,-1,-1>
block_sparse_matrix.cc:208 Allocating values array with 253192 bytes.
detect_structure.cc:63 Dynamic row block size because the block size changed from 2 to 15
detect_structure.cc:74 Dynamic e block size because the block size changed from 1 to 9
detect_structure.cc:93 Dynamic f block size because the block size changed from 6 to 9
detect_structure.cc:114 Schur complement static structure <-1,-1,-1>.
detect_structure.cc:63 Dynamic row block size because the block size changed from 2 to 15
detect_structure.cc:74 Dynamic e block size because the block size changed from 1 to 9
detect_structure.cc:93 Dynamic f block size because the block size changed from 6 to 9
detect_structure.cc:114 Schur complement static structure <-1,-1,-1>.
schur_eliminator.cc:155 Template specializations not found for <-1,-1,-1>
block_sparse_matrix.cc:208 Allocating values array with 251288 bytes.
detect_structure.cc:63 Dynamic row block size because the block size changed from 2 to 15
detect_structure.cc:74 Dynamic e block size because the block size changed from 1 to 9
detect_structure.cc:93 Dynamic f block size because the block size changed from 6 to 9
detect_structure.cc:114 Schur complement static structure <-1,-1,-1>.
detect_structure.cc:63 Dynamic row block size because the block size changed from 2 to 15
detect_structure.cc:74 Dynamic e block size because the block size changed from 1 to 9
detect_structure.cc:93 Dynamic f block size because the block size changed from 6 to 9
detect_structure.cc:114 Schur complement static structure <-1,-1,-1>.
schur_eliminator.cc:155 Template specializations not found for <-1,-1,-1>
block_sparse_matrix.cc:208 Allocating values array with 280408 bytes.
detect_structure.cc:63 Dynamic row block size because the block size changed from 2 to 15
detect_structure.cc:74 Dynamic e block size because the block size changed from 1 to 9
detect_structure.cc:93 Dynamic f block size because the block size changed from 6 to 9
detect_structure.cc:114 Schur complement static structure <-1,-1,-1>.
detect_structure.cc:63 Dynamic row block size because the block size changed from 2 to 15
detect_structure.cc:74 Dynamic e block size because the block size changed from 1 to 9
detect_structure.cc:93 Dynamic f block size because the block size changed from 6 to 9
detect_structure.cc:114 Schur complement static structure <-1,-1,-1>.
schur_eliminator.cc:155 Template specializations not found for <-1,-1,-1>
block_sparse_matrix.cc:208 Allocating values array with 283320 bytes.
detect_structure.cc:63 Dynamic row block size because the block size changed from 2 to 15
detect_structure.cc:74 Dynamic e block size because the block size changed from 1 to 9
detect_structure.cc:93 Dynamic f block size because the block size changed from 6 to 9
detect_structure.cc:114 Schur complement static structure <-1,-1,-1>.
detect_structure.cc:63 Dynamic row block size because the block size changed from 2 to 15
detect_structure.cc:74 Dynamic e block size because the block size changed from 1 to 9
detect_structure.cc:93 Dynamic f block size because the block size changed from 6 to 9
detect_structure.cc:114 Schur complement static structure <-1,-1,-1>.
schur_eliminator.cc:155 Template specializations not found for <-1,-1,-1>
block_sparse_matrix.cc:208 Allocating values array with 284776 bytes.
detect_structure.cc:63 Dynamic row block size because the block size changed from 2 to 15
detect_structure.cc:74 Dynamic e block size because the block size changed from 1 to 9
detect_structure.cc:93 Dynamic f block size because the block size changed from 6 to 9
detect_structure.cc:114 Schur complement static structure <-1,-1,-1>.
detect_structure.cc:63 Dynamic row block size because the block size changed from 2 to 15
detect_structure.cc:74 Dynamic e block size because the block size changed from 1 to 9
detect_structure.cc:93 Dynamic f block size because the block size changed from 6 to 9
detect_structure.cc:114 Schur complement static structure <-1,-1,-1>.
schur_eliminator.cc:155 Template specializations not found for <-1,-1,-1>
block_sparse_matrix.cc:208 Allocating values array with 282904 bytes.
detect_structure.cc:63 Dynamic row block size because the block size changed from 2 to 15
detect_structure.cc:74 Dynamic e block size because the block size changed from 1 to 9
detect_structure.cc:93 Dynamic f block size because the block size changed from 6 to 9
detect_structure.cc:114 Schur complement static structure <-1,-1,-1>.
detect_structure.cc:63 Dynamic row block size because the block size changed from 2 to 15
detect_structure.cc:74 Dynamic e block size because the block size changed from 1 to 9
detect_structure.cc:93 Dynamic f block size because the block size changed from 6 to 9
detect_structure.cc:114 Schur complement static structure <-1,-1,-1>.
schur_eliminator.cc:155 Template specializations not found for <-1,-1,-1>
block_sparse_matrix.cc:208 Allocating values array with 288728 bytes.
detect_structure.cc:63 Dynamic row block size because the block size changed from 2 to 15
detect_structure.cc:74 Dynamic e block size because the block size changed from 1 to 9
detect_structure.cc:93 Dynamic f block size because the block size changed from 6 to 9
detect_structure.cc:114 Schur complement static structure <-1,-1,-1>.
detect_structure.cc:63 Dynamic row block size because the block size changed from 2 to 15
detect_structure.cc:74 Dynamic e block size because the block size changed from 1 to 9
detect_structure.cc:93 Dynamic f block size because the block size changed from 6 to 9
detect_structure.cc:114 Schur complement static structure <-1,-1,-1>.
schur_eliminator.cc:155 Template specializations not found for <-1,-1,-1>
block_sparse_matrix.cc:208 Allocating values array with 296216 bytes.
detect_structure.cc:63 Dynamic row block size because the block size changed from 2 to 15
detect_structure.cc:74 Dynamic e block size because the block size changed from 1 to 9
detect_structure.cc:93 Dynamic f block size because the block size changed from 6 to 9
detect_structure.cc:114 Schur complement static structure <-1,-1,-1>.
detect_structure.cc:63 Dynamic row block size because the block size changed from 2 to 15
detect_structure.cc:74 Dynamic e block size because the block size changed from 1 to 9
detect_structure.cc:93 Dynamic f block size because the block size changed from 6 to 9
detect_structure.cc:114 Schur complement static structure <-1,-1,-1>.
schur_eliminator.cc:155 Template specializations not found for <-1,-1,-1>
block_sparse_matrix.cc:208 Allocating values array with 309944 bytes.
detect_structure.cc:63 Dynamic row block size because the block size changed from 2 to 15
detect_structure.cc:74 Dynamic e block size because the block size changed from 1 to 9
detect_structure.cc:93 Dynamic f block size because the block size changed from 6 to 9
detect_structure.cc:114 Schur complement static structure <-1,-1,-1>.
detect_structure.cc:63 Dynamic row block size because the block size changed from 2 to 15
detect_structure.cc:74 Dynamic e block size because the block size changed from 1 to 9
detect_structure.cc:93 Dynamic f block size because the block size changed from 6 to 9
detect_structure.cc:114 Schur complement static structure <-1,-1,-1>.
schur_eliminator.cc:155 Template specializations not found for <-1,-1,-1>
block_sparse_matrix.cc:208 Allocating values array with 322632 bytes.
detect_structure.cc:63 Dynamic row block size because the block size changed from 2 to 15
detect_structure.cc:74 Dynamic e block size because the block size changed from 1 to 9
detect_structure.cc:93 Dynamic f block size because the block size changed from 6 to 9
detect_structure.cc:114 Schur complement static structure <-1,-1,-1>.
detect_structure.cc:63 Dynamic row block size because the block size changed from 2 to 15
detect_structure.cc:74 Dynamic e block size because the block size changed from 1 to 9
detect_structure.cc:93 Dynamic f block size because the block size changed from 6 to 9
detect_structure.cc:114 Schur complement static structure <-1,-1,-1>.
schur_eliminator.cc:155 Template specializations not found for <-1,-1,-1>
block_sparse_matrix.cc:208 Allocating values array with 314552 bytes.
detect_structure.cc:63 Dynamic row block size because the block size changed from 2 to 15
detect_structure.cc:74 Dynamic e block size because the block size changed from 1 to 9
detect_structure.cc:93 Dynamic f block size because the block size changed from 6 to 9
detect_structure.cc:114 Schur complement static structure <-1,-1,-1>.
detect_structure.cc:63 Dynamic row block size because the block size changed from 2 to 15
detect_structure.cc:74 Dynamic e block size because the block size changed from 1 to 9
detect_structure.cc:93 Dynamic f block size because the block size changed from 6 to 9
detect_structure.cc:114 Schur complement static structure <-1,-1,-1>.
schur_eliminator.cc:155 Template specializations not found for <-1,-1,-1>
block_sparse_matrix.cc:208 Allocating values array with 324088 bytes.
detect_structure.cc:63 Dynamic row block size because the block size changed from 2 to 15
detect_structure.cc:74 Dynamic e block size because the block size changed from 1 to 9
detect_structure.cc:93 Dynamic f block size because the block size changed from 6 to 9
detect_structure.cc:114 Schur complement static structure <-1,-1,-1>.
detect_structure.cc:63 Dynamic row block size because the block size changed from 2 to 15
detect_structure.cc:74 Dynamic e block size because the block size changed from 1 to 9
detect_structure.cc:93 Dynamic f block size because the block size changed from 6 to 9
detect_structure.cc:114 Schur complement static structure <-1,-1,-1>.
schur_eliminator.cc:155 Template specializations not found for <-1,-1,-1>
block_sparse_matrix.cc:208 Allocating values array with 326792 bytes.
detect_structure.cc:63 Dynamic row block size because the block size changed from 2 to 15
detect_structure.cc:74 Dynamic e block size because the block size changed from 1 to 9
detect_structure.cc:93 Dynamic f block size because the block size changed from 6 to 9
detect_structure.cc:114 Schur complement static structure <-1,-1,-1>.
detect_structure.cc:63 Dynamic row block size because the block size changed from 2 to 15
detect_structure.cc:74 Dynamic e block size because the block size changed from 1 to 9
detect_structure.cc:93 Dynamic f block size because the block size changed from 6 to 9
detect_structure.cc:114 Schur complement static structure <-1,-1,-1>.
schur_eliminator.cc:155 Template specializations not found for <-1,-1,-1>
block_sparse_matrix.cc:208 Allocating values array with 328040 bytes.
detect_structure.cc:63 Dynamic row block size because the block size changed from 2 to 15
detect_structure.cc:74 Dynamic e block size because the block size changed from 1 to 9
detect_structure.cc:93 Dynamic f block size because the block size changed from 6 to 9
detect_structure.cc:114 Schur complement static structure <-1,-1,-1>.
detect_structure.cc:63 Dynamic row block size because the block size changed from 2 to 15
detect_structure.cc:74 Dynamic e block size because the block size changed from 1 to 9
detect_structure.cc:93 Dynamic f block size because the block size changed from 6 to 9
detect_structure.cc:114 Schur complement static structure <-1,-1,-1>.
schur_eliminator.cc:155 Template specializations not found for <-1,-1,-1>
[FeatureTracker] F-matrix: 130 → 74 (rejected 56, threshold=1.000000)
block_sparse_matrix.cc:208 Allocating values array with 308936 bytes.
detect_structure.cc:63 Dynamic row block size because the block size changed from 2 to 15
detect_structure.cc:74 Dynamic e block size because the block size changed from 1 to 9
detect_structure.cc:93 Dynamic f block size because the block size changed from 6 to 9
detect_structure.cc:114 Schur complement static structure <-1,-1,-1>.
detect_structure.cc:63 Dynamic row block size because the block size changed from 2 to 15
detect_structure.cc:74 Dynamic e block size because the block size changed from 1 to 9
detect_structure.cc:93 Dynamic f block size because the block size changed from 6 to 9
detect_structure.cc:114 Schur complement static structure <-1,-1,-1>.
schur_eliminator.cc:155 Template specializations not found for <-1,-1,-1>
block_sparse_matrix.cc:208 Allocating values array with 306200 bytes.
detect_structure.cc:63 Dynamic row block size because the block size changed from 2 to 15
detect_structure.cc:74 Dynamic e block size because the block size changed from 1 to 9
detect_structure.cc:93 Dynamic f block size because the block size changed from 6 to 9
detect_structure.cc:114 Schur complement static structure <-1,-1,-1>.
detect_structure.cc:63 Dynamic row block size because the block size changed from 2 to 15
detect_structure.cc:74 Dynamic e block size because the block size changed from 1 to 9
detect_structure.cc:93 Dynamic f block size because the block size changed from 6 to 9
detect_structure.cc:114 Schur complement static structure <-1,-1,-1>.
schur_eliminator.cc:155 Template specializations not found for <-1,-1,-1>
block_sparse_matrix.cc:208 Allocating values array with 298504 bytes.
detect_structure.cc:63 Dynamic row block size because the block size changed from 2 to 15
detect_structure.cc:74 Dynamic e block size because the block size changed from 1 to 9
detect_structure.cc:93 Dynamic f block size because the block size changed from 6 to 9
detect_structure.cc:114 Schur complement static structure <-1,-1,-1>.
detect_structure.cc:63 Dynamic row block size because the block size changed from 2 to 15
detect_structure.cc:74 Dynamic e block size because the block size changed from 1 to 9
detect_structure.cc:93 Dynamic f block size because the block size changed from 6 to 9
detect_structure.cc:114 Schur complement static structure <-1,-1,-1>.
schur_eliminator.cc:155 Template specializations not found for <-1,-1,-1>
block_sparse_matrix.cc:208 Allocating values array with 290632 bytes.
detect_structure.cc:63 Dynamic row block size because the block size changed from 2 to 15
detect_structure.cc:74 Dynamic e block size because the block size changed from 1 to 9
detect_structure.cc:93 Dynamic f block size because the block size changed from 6 to 9
detect_structure.cc:114 Schur complement static structure <-1,-1,-1>.
detect_structure.cc:63 Dynamic row block size because the block size changed from 2 to 15
detect_structure.cc:74 Dynamic e block size because the block size changed from 1 to 9
detect_structure.cc:93 Dynamic f block size because the block size changed from 6 to 9
detect_structure.cc:114 Schur complement static structure <-1,-1,-1>.
schur_eliminator.cc:155 Template specializations not found for <-1,-1,-1>
block_sparse_matrix.cc:208 Allocating values array with 283528 bytes.
detect_structure.cc:63 Dynamic row block size because the block size changed from 2 to 15
detect_structure.cc:74 Dynamic e block size because the block size changed from 1 to 9
detect_structure.cc:93 Dynamic f block size because the block size changed from 6 to 9
detect_structure.cc:114 Schur complement static structure <-1,-1,-1>.
detect_structure.cc:63 Dynamic row block size because the block size changed from 2 to 15
detect_structure.cc:74 Dynamic e block size because the block size changed from 1 to 9
detect_structure.cc:93 Dynamic f block size because the block size changed from 6 to 9
detect_structure.cc:114 Schur complement static structure <-1,-1,-1>.
schur_eliminator.cc:155 Template specializations not found for <-1,-1,-1>
block_sparse_matrix.cc:208 Allocating values array with 276280 bytes.
detect_structure.cc:63 Dynamic row block size because the block size changed from 2 to 15
detect_structure.cc:74 Dynamic e block size because the block size changed from 1 to 9
detect_structure.cc:93 Dynamic f block size because the block size changed from 6 to 9
detect_structure.cc:114 Schur complement static structure <-1,-1,-1>.
detect_structure.cc:63 Dynamic row block size because the block size changed from 2 to 15
detect_structure.cc:74 Dynamic e block size because the block size changed from 1 to 9
detect_structure.cc:93 Dynamic f block size because the block size changed from 6 to 9
detect_structure.cc:114 Schur complement static structure <-1,-1,-1>.
schur_eliminator.cc:155 Template specializations not found for <-1,-1,-1>
block_sparse_matrix.cc:208 Allocating values array with 299752 bytes.
detect_structure.cc:63 Dynamic row block size because the block size changed from 2 to 15
detect_structure.cc:74 Dynamic e block size because the block size changed from 1 to 9
detect_structure.cc:93 Dynamic f block size because the block size changed from 6 to 9
detect_structure.cc:114 Schur complement static structure <-1,-1,-1>.
detect_structure.cc:63 Dynamic row block size because the block size changed from 2 to 15
detect_structure.cc:74 Dynamic e block size because the block size changed from 1 to 9
detect_structure.cc:93 Dynamic f block size because the block size changed from 6 to 9
detect_structure.cc:114 Schur complement static structure <-1,-1,-1>.
schur_eliminator.cc:155 Template specializations not found for <-1,-1,-1>
block_sparse_matrix.cc:208 Allocating values array with 291256 bytes.
detect_structure.cc:63 Dynamic row block size because the block size changed from 2 to 15
detect_structure.cc:74 Dynamic e block size because the block size changed from 1 to 9
detect_structure.cc:93 Dynamic f block size because the block size changed from 6 to 9
detect_structure.cc:114 Schur complement static structure <-1,-1,-1>.
detect_structure.cc:63 Dynamic row block size because the block size changed from 2 to 15
detect_structure.cc:74 Dynamic e block size because the block size changed from 1 to 9
detect_structure.cc:93 Dynamic f block size because the block size changed from 6 to 9
detect_structure.cc:114 Schur complement static structure <-1,-1,-1>.
schur_eliminator.cc:155 Template specializations not found for <-1,-1,-1>
block_sparse_matrix.cc:208 Allocating values array with 302040 bytes.
detect_structure.cc:63 Dynamic row block size because the block size changed from 2 to 15
detect_structure.cc:74 Dynamic e block size because the block size changed from 1 to 9
detect_structure.cc:93 Dynamic f block size because the block size changed from 6 to 9
detect_structure.cc:114 Schur complement static structure <-1,-1,-1>.
detect_structure.cc:63 Dynamic row block size because the block size changed from 2 to 15
detect_structure.cc:74 Dynamic e block size because the block size changed from 1 to 9
detect_structure.cc:93 Dynamic f block size because the block size changed from 6 to 9
detect_structure.cc:114 Schur complement static structure <-1,-1,-1>.
schur_eliminator.cc:155 Template specializations not found for <-1,-1,-1>
block_sparse_matrix.cc:208 Allocating values array with 302040 bytes.
detect_structure.cc:63 Dynamic row block size because the block size changed from 2 to 15
detect_structure.cc:74 Dynamic e block size because the block size changed from 1 to 9
detect_structure.cc:93 Dynamic f block size because the block size changed from 6 to 9
detect_structure.cc:114 Schur complement static structure <-1,-1,-1>.
detect_structure.cc:63 Dynamic row block size because the block size changed from 2 to 15
detect_structure.cc:74 Dynamic e block size because the block size changed from 1 to 9
detect_structure.cc:93 Dynamic f block size because the block size changed from 6 to 9
detect_structure.cc:114 Schur complement static structure <-1,-1,-1>.
schur_eliminator.cc:155 Template specializations not found for <-1,-1,-1>
block_sparse_matrix.cc:208 Allocating values array with 300792 bytes.
detect_structure.cc:63 Dynamic row block size because the block size changed from 2 to 15
detect_structure.cc:74 Dynamic e block size because the block size changed from 1 to 9
detect_structure.cc:93 Dynamic f block size because the block size changed from 6 to 9
detect_structure.cc:114 Schur complement static structure <-1,-1,-1>.
detect_structure.cc:63 Dynamic row block size because the block size changed from 2 to 15
detect_structure.cc:74 Dynamic e block size because the block size changed from 1 to 9
detect_structure.cc:93 Dynamic f block size because the block size changed from 6 to 9
detect_structure.cc:114 Schur complement static structure <-1,-1,-1>.
schur_eliminator.cc:155 Template specializations not found for <-1,-1,-1>
block_sparse_matrix.cc:208 Allocating values array with 290008 bytes.
detect_structure.cc:63 Dynamic row block size because the block size changed from 2 to 15
detect_structure.cc:74 Dynamic e block size because the block size changed from 1 to 9
detect_structure.cc:93 Dynamic f block size because the block size changed from 6 to 9
detect_structure.cc:114 Schur complement static structure <-1,-1,-1>.
detect_structure.cc:63 Dynamic row block size because the block size changed from 2 to 15
detect_structure.cc:74 Dynamic e block size because the block size changed from 1 to 9
detect_structure.cc:93 Dynamic f block size because the block size changed from 6 to 9
detect_structure.cc:114 Schur complement static structure <-1,-1,-1>.
schur_eliminator.cc:155 Template specializations not found for <-1,-1,-1>
block_sparse_matrix.cc:208 Allocating values array with 289976 bytes.
detect_structure.cc:63 Dynamic row block size because the block size changed from 2 to 15
detect_structure.cc:74 Dynamic e block size because the block size changed from 1 to 9
detect_structure.cc:93 Dynamic f block size because the block size changed from 6 to 9
detect_structure.cc:114 Schur complement static structure <-1,-1,-1>.
detect_structure.cc:63 Dynamic row block size because the block size changed from 2 to 15
detect_structure.cc:74 Dynamic e block size because the block size changed from 1 to 9
detect_structure.cc:93 Dynamic f block size because the block size changed from 6 to 9
detect_structure.cc:114 Schur complement static structure <-1,-1,-1>.
schur_eliminator.cc:155 Template specializations not found for <-1,-1,-1>
block_sparse_matrix.cc:208 Allocating values array with 281896 bytes.
detect_structure.cc:63 Dynamic row block size because the block size changed from 2 to 15
detect_structure.cc:74 Dynamic e block size because the block size changed from 1 to 9
detect_structure.cc:93 Dynamic f block size because the block size changed from 6 to 9
detect_structure.cc:114 Schur complement static structure <-1,-1,-1>.
detect_structure.cc:63 Dynamic row block size because the block size changed from 2 to 15
detect_structure.cc:74 Dynamic e block size because the block size changed from 1 to 9
detect_structure.cc:93 Dynamic f block size because the block size changed from 6 to 9
detect_structure.cc:114 Schur complement static structure <-1,-1,-1>.
schur_eliminator.cc:155 Template specializations not found for <-1,-1,-1>
block_sparse_matrix.cc:208 Allocating values array with 289352 bytes.
detect_structure.cc:63 Dynamic row block size because the block size changed from 2 to 15
detect_structure.cc:74 Dynamic e block size because the block size changed from 1 to 9
detect_structure.cc:93 Dynamic f block size because the block size changed from 6 to 9
detect_structure.cc:114 Schur complement static structure <-1,-1,-1>.
detect_structure.cc:63 Dynamic row block size because the block size changed from 2 to 15
detect_structure.cc:74 Dynamic e block size because the block size changed from 1 to 9
detect_structure.cc:93 Dynamic f block size because the block size changed from 6 to 9
detect_structure.cc:114 Schur complement static structure <-1,-1,-1>.
schur_eliminator.cc:155 Template specializations not found for <-1,-1,-1>
block_sparse_matrix.cc:208 Allocating values array with 303496 bytes.
detect_structure.cc:63 Dynamic row block size because the block size changed from 2 to 15
detect_structure.cc:74 Dynamic e block size because the block size changed from 1 to 9
detect_structure.cc:93 Dynamic f block size because the block size changed from 6 to 9
detect_structure.cc:114 Schur complement static structure <-1,-1,-1>.
detect_structure.cc:63 Dynamic row block size because the block size changed from 2 to 15
detect_structure.cc:74 Dynamic e block size because the block size changed from 1 to 9
detect_structure.cc:93 Dynamic f block size because the block size changed from 6 to 9
detect_structure.cc:114 Schur complement static structure <-1,-1,-1>.
schur_eliminator.cc:155 Template specializations not found for <-1,-1,-1>
[FeatureTracker] F-matrix: 144 → 75 (rejected 69, threshold=1.000000)
block_sparse_matrix.cc:208 Allocating values array with 306616 bytes.
detect_structure.cc:63 Dynamic row block size because the block size changed from 2 to 15
detect_structure.cc:74 Dynamic e block size because the block size changed from 1 to 9
detect_structure.cc:93 Dynamic f block size because the block size changed from 6 to 9
detect_structure.cc:114 Schur complement static structure <-1,-1,-1>.
detect_structure.cc:63 Dynamic row block size because the block size changed from 2 to 15
detect_structure.cc:74 Dynamic e block size because the block size changed from 1 to 9
detect_structure.cc:93 Dynamic f block size because the block size changed from 6 to 9
detect_structure.cc:114 Schur complement static structure <-1,-1,-1>.
schur_eliminator.cc:155 Template specializations not found for <-1,-1,-1>
block_sparse_matrix.cc:208 Allocating values array with 297464 bytes.
detect_structure.cc:63 Dynamic row block size because the block size changed from 2 to 15
detect_structure.cc:74 Dynamic e block size because the block size changed from 1 to 9
detect_structure.cc:93 Dynamic f block size because the block size changed from 6 to 9
detect_structure.cc:114 Schur complement static structure <-1,-1,-1>.
detect_structure.cc:63 Dynamic row block size because the block size changed from 2 to 15
detect_structure.cc:74 Dynamic e block size because the block size changed from 1 to 9
detect_structure.cc:93 Dynamic f block size because the block size changed from 6 to 9
detect_structure.cc:114 Schur complement static structure <-1,-1,-1>.
schur_eliminator.cc:155 Template specializations not found for <-1,-1,-1>
block_sparse_matrix.cc:208 Allocating values array with 284776 bytes.
detect_structure.cc:63 Dynamic row block size because the block size changed from 2 to 15
detect_structure.cc:74 Dynamic e block size because the block size changed from 1 to 9
detect_structure.cc:93 Dynamic f block size because the block size changed from 6 to 9
detect_structure.cc:114 Schur complement static structure <-1,-1,-1>.
detect_structure.cc:63 Dynamic row block size because the block size changed from 2 to 15
detect_structure.cc:74 Dynamic e block size because the block size changed from 1 to 9
detect_structure.cc:93 Dynamic f block size because the block size changed from 6 to 9
detect_structure.cc:114 Schur complement static structure <-1,-1,-1>.
schur_eliminator.cc:155 Template specializations not found for <-1,-1,-1>
block_sparse_matrix.cc:208 Allocating values array with 271048 bytes.
detect_structure.cc:63 Dynamic row block size because the block size changed from 2 to 15
detect_structure.cc:74 Dynamic e block size because the block size changed from 1 to 9
detect_structure.cc:93 Dynamic f block size because the block size changed from 6 to 9
detect_structure.cc:114 Schur complement static structure <-1,-1,-1>.
detect_structure.cc:63 Dynamic row block size because the block size changed from 2 to 15
detect_structure.cc:74 Dynamic e block size because the block size changed from 1 to 9
detect_structure.cc:93 Dynamic f block size because the block size changed from 6 to 9
detect_structure.cc:114 Schur complement static structure <-1,-1,-1>.
schur_eliminator.cc:155 Template specializations not found for <-1,-1,-1>
block_sparse_matrix.cc:208 Allocating values array with 282488 bytes.
detect_structure.cc:63 Dynamic row block size because the block size changed from 2 to 15
detect_structure.cc:74 Dynamic e block size because the block size changed from 1 to 9
detect_structure.cc:93 Dynamic f block size because the block size changed from 6 to 9
detect_structure.cc:114 Schur complement static structure <-1,-1,-1>.
detect_structure.cc:63 Dynamic row block size because the block size changed from 2 to 15
detect_structure.cc:74 Dynamic e block size because the block size changed from 1 to 9
detect_structure.cc:93 Dynamic f block size because the block size changed from 6 to 9
detect_structure.cc:114 Schur complement static structure <-1,-1,-1>.
schur_eliminator.cc:155 Template specializations not found for <-1,-1,-1>
block_sparse_matrix.cc:208 Allocating values array with 284984 bytes.
detect_structure.cc:63 Dynamic row block size because the block size changed from 2 to 15
detect_structure.cc:74 Dynamic e block size because the block size changed from 1 to 9
detect_structure.cc:93 Dynamic f block size because the block size changed from 6 to 9
detect_structure.cc:114 Schur complement static structure <-1,-1,-1>.
detect_structure.cc:63 Dynamic row block size because the block size changed from 2 to 15
detect_structure.cc:74 Dynamic e block size because the block size changed from 1 to 9
detect_structure.cc:93 Dynamic f block size because the block size changed from 6 to 9
detect_structure.cc:114 Schur complement static structure <-1,-1,-1>.
schur_eliminator.cc:155 Template specializations not found for <-1,-1,-1>
block_sparse_matrix.cc:208 Allocating values array with 289144 bytes.
detect_structure.cc:63 Dynamic row block size because the block size changed from 2 to 15
detect_structure.cc:74 Dynamic e block size because the block size changed from 1 to 9
detect_structure.cc:93 Dynamic f block size because the block size changed from 6 to 9
detect_structure.cc:114 Schur complement static structure <-1,-1,-1>.
detect_structure.cc:63 Dynamic row block size because the block size changed from 2 to 15
detect_structure.cc:74 Dynamic e block size because the block size changed from 1 to 9
detect_structure.cc:93 Dynamic f block size because the block size changed from 6 to 9
detect_structure.cc:114 Schur complement static structure <-1,-1,-1>.
schur_eliminator.cc:155 Template specializations not found for <-1,-1,-1>
block_sparse_matrix.cc:208 Allocating values array with 283944 bytes.
detect_structure.cc:63 Dynamic row block size because the block size changed from 2 to 15
detect_structure.cc:74 Dynamic e block size because the block size changed from 1 to 9
detect_structure.cc:93 Dynamic f block size because the block size changed from 6 to 9
detect_structure.cc:114 Schur complement static structure <-1,-1,-1>.
detect_structure.cc:63 Dynamic row block size because the block size changed from 2 to 15
detect_structure.cc:74 Dynamic e block size because the block size changed from 1 to 9
detect_structure.cc:93 Dynamic f block size because the block size changed from 6 to 9
detect_structure.cc:114 Schur complement static structure <-1,-1,-1>.
schur_eliminator.cc:155 Template specializations not found for <-1,-1,-1>
[FeatureTracker] F-matrix: 149 → 89 (rejected 60, threshold=1.000000)
block_sparse_matrix.cc:208 Allocating values array with 278744 bytes.
detect_structure.cc:63 Dynamic row block size because the block size changed from 2 to 15
detect_structure.cc:74 Dynamic e block size because the block size changed from 1 to 9
detect_structure.cc:93 Dynamic f block size because the block size changed from 6 to 9
detect_structure.cc:114 Schur complement static structure <-1,-1,-1>.
detect_structure.cc:63 Dynamic row block size because the block size changed from 2 to 15
detect_structure.cc:74 Dynamic e block size because the block size changed from 1 to 9
detect_structure.cc:93 Dynamic f block size because the block size changed from 6 to 9
detect_structure.cc:114 Schur complement static structure <-1,-1,-1>.
schur_eliminator.cc:155 Template specializations not found for <-1,-1,-1>
block_sparse_matrix.cc:208 Allocating values array with 272712 bytes.
detect_structure.cc:63 Dynamic row block size because the block size changed from 2 to 15
detect_structure.cc:74 Dynamic e block size because the block size changed from 1 to 9
detect_structure.cc:93 Dynamic f block size because the block size changed from 6 to 9
detect_structure.cc:114 Schur complement static structure <-1,-1,-1>.
detect_structure.cc:63 Dynamic row block size because the block size changed from 2 to 15
detect_structure.cc:74 Dynamic e block size because the block size changed from 1 to 9
detect_structure.cc:93 Dynamic f block size because the block size changed from 6 to 9
detect_structure.cc:114 Schur complement static structure <-1,-1,-1>.
schur_eliminator.cc:155 Template specializations not found for <-1,-1,-1>
block_sparse_matrix.cc:208 Allocating values array with 274376 bytes.
detect_structure.cc:63 Dynamic row block size because the block size changed from 2 to 15
detect_structure.cc:74 Dynamic e block size because the block size changed from 1 to 9
detect_structure.cc:93 Dynamic f block size because the block size changed from 6 to 9
detect_structure.cc:114 Schur complement static structure <-1,-1,-1>.
detect_structure.cc:63 Dynamic row block size because the block size changed from 2 to 15
detect_structure.cc:74 Dynamic e block size because the block size changed from 1 to 9
detect_structure.cc:93 Dynamic f block size because the block size changed from 6 to 9
detect_structure.cc:114 Schur complement static structure <-1,-1,-1>.
schur_eliminator.cc:155 Template specializations not found for <-1,-1,-1>
block_sparse_matrix.cc:208 Allocating values array with 275624 bytes.
detect_structure.cc:63 Dynamic row block size because the block size changed from 2 to 15
detect_structure.cc:74 Dynamic e block size because the block size changed from 1 to 9
detect_structure.cc:93 Dynamic f block size because the block size changed from 6 to 9
detect_structure.cc:114 Schur complement static structure <-1,-1,-1>.
detect_structure.cc:63 Dynamic row block size because the block size changed from 2 to 15
detect_structure.cc:74 Dynamic e block size because the block size changed from 1 to 9
detect_structure.cc:93 Dynamic f block size because the block size changed from 6 to 9
detect_structure.cc:114 Schur complement static structure <-1,-1,-1>.
schur_eliminator.cc:155 Template specializations not found for <-1,-1,-1>
block_sparse_matrix.cc:208 Allocating values array with 290808 bytes.
detect_structure.cc:63 Dynamic row block size because the block size changed from 2 to 15
detect_structure.cc:74 Dynamic e block size because the block size changed from 1 to 9
detect_structure.cc:93 Dynamic f block size because the block size changed from 6 to 9
detect_structure.cc:114 Schur complement static structure <-1,-1,-1>.
detect_structure.cc:63 Dynamic row block size because the block size changed from 2 to 15
detect_structure.cc:74 Dynamic e block size because the block size changed from 1 to 9
detect_structure.cc:93 Dynamic f block size because the block size changed from 6 to 9
detect_structure.cc:114 Schur complement static structure <-1,-1,-1>.
schur_eliminator.cc:155 Template specializations not found for <-1,-1,-1>
block_sparse_matrix.cc:208 Allocating values array with 290808 bytes.
detect_structure.cc:63 Dynamic row block size because the block size changed from 2 to 15
detect_structure.cc:74 Dynamic e block size because the block size changed from 1 to 9
detect_structure.cc:93 Dynamic f block size because the block size changed from 6 to 9
detect_structure.cc:114 Schur complement static structure <-1,-1,-1>.
detect_structure.cc:63 Dynamic row block size because the block size changed from 2 to 15
detect_structure.cc:74 Dynamic e block size because the block size changed from 1 to 9
detect_structure.cc:93 Dynamic f block size because the block size changed from 6 to 9
detect_structure.cc:114 Schur complement static structure <-1,-1,-1>.
schur_eliminator.cc:155 Template specializations not found for <-1,-1,-1>
block_sparse_matrix.cc:208 Allocating values array with 292888 bytes.
detect_structure.cc:63 Dynamic row block size because the block size changed from 2 to 15
detect_structure.cc:74 Dynamic e block size because the block size changed from 1 to 9
detect_structure.cc:93 Dynamic f block size because the block size changed from 6 to 9
detect_structure.cc:114 Schur complement static structure <-1,-1,-1>.
detect_structure.cc:63 Dynamic row block size because the block size changed from 2 to 15
detect_structure.cc:74 Dynamic e block size because the block size changed from 1 to 9
detect_structure.cc:93 Dynamic f block size because the block size changed from 6 to 9
detect_structure.cc:114 Schur complement static structure <-1,-1,-1>.
schur_eliminator.cc:155 Template specializations not found for <-1,-1,-1>
block_sparse_matrix.cc:208 Allocating values array with 301624 bytes.
detect_structure.cc:63 Dynamic row block size because the block size changed from 2 to 15
detect_structure.cc:74 Dynamic e block size because the block size changed from 1 to 9
detect_structure.cc:93 Dynamic f block size because the block size changed from 6 to 9
detect_structure.cc:114 Schur complement static structure <-1,-1,-1>.
detect_structure.cc:63 Dynamic row block size because the block size changed from 2 to 15
detect_structure.cc:74 Dynamic e block size because the block size changed from 1 to 9
detect_structure.cc:93 Dynamic f block size because the block size changed from 6 to 9
detect_structure.cc:114 Schur complement static structure <-1,-1,-1>.
schur_eliminator.cc:155 Template specializations not found for <-1,-1,-1>
block_sparse_matrix.cc:208 Allocating values array with 303912 bytes.
detect_structure.cc:63 Dynamic row block size because the block size changed from 2 to 15
detect_structure.cc:74 Dynamic e block size because the block size changed from 1 to 9
detect_structure.cc:93 Dynamic f block size because the block size changed from 6 to 9
detect_structure.cc:114 Schur complement static structure <-1,-1,-1>.
detect_structure.cc:63 Dynamic row block size because the block size changed from 2 to 15
detect_structure.cc:74 Dynamic e block size because the block size changed from 1 to 9
detect_structure.cc:93 Dynamic f block size because the block size changed from 6 to 9
detect_structure.cc:114 Schur complement static structure <-1,-1,-1>.
schur_eliminator.cc:155 Template specializations not found for <-1,-1,-1>
block_sparse_matrix.cc:208 Allocating values array with 302872 bytes.
detect_structure.cc:63 Dynamic row block size because the block size changed from 2 to 15
detect_structure.cc:74 Dynamic e block size because the block size changed from 1 to 9
detect_structure.cc:93 Dynamic f block size because the block size changed from 6 to 9
detect_structure.cc:114 Schur complement static structure <-1,-1,-1>.
detect_structure.cc:63 Dynamic row block size because the block size changed from 2 to 15
detect_structure.cc:74 Dynamic e block size because the block size changed from 1 to 9
detect_structure.cc:93 Dynamic f block size because the block size changed from 6 to 9
detect_structure.cc:114 Schur complement static structure <-1,-1,-1>.
schur_eliminator.cc:155 Template specializations not found for <-1,-1,-1>
block_sparse_matrix.cc:208 Allocating values array with 310360 bytes.
detect_structure.cc:63 Dynamic row block size because the block size changed from 2 to 15
detect_structure.cc:74 Dynamic e block size because the block size changed from 1 to 9
detect_structure.cc:93 Dynamic f block size because the block size changed from 6 to 9
detect_structure.cc:114 Schur complement static structure <-1,-1,-1>.
detect_structure.cc:63 Dynamic row block size because the block size changed from 2 to 15
detect_structure.cc:74 Dynamic e block size because the block size changed from 1 to 9
detect_structure.cc:93 Dynamic f block size because the block size changed from 6 to 9
detect_structure.cc:114 Schur complement static structure <-1,-1,-1>.
schur_eliminator.cc:155 Template specializations not found for <-1,-1,-1>
block_sparse_matrix.cc:208 Allocating values array with 314728 bytes.
detect_structure.cc:63 Dynamic row block size because the block size changed from 2 to 15
detect_structure.cc:74 Dynamic e block size because the block size changed from 1 to 9
detect_structure.cc:93 Dynamic f block size because the block size changed from 6 to 9
detect_structure.cc:114 Schur complement static structure <-1,-1,-1>.
detect_structure.cc:63 Dynamic row block size because the block size changed from 2 to 15
detect_structure.cc:74 Dynamic e block size because the block size changed from 1 to 9
detect_structure.cc:93 Dynamic f block size because the block size changed from 6 to 9
detect_structure.cc:114 Schur complement static structure <-1,-1,-1>.
schur_eliminator.cc:155 Template specializations not found for <-1,-1,-1>
block_sparse_matrix.cc:208 Allocating values array with 312856 bytes.
detect_structure.cc:63 Dynamic row block size because the block size changed from 2 to 15
detect_structure.cc:74 Dynamic e block size because the block size changed from 1 to 9
detect_structure.cc:93 Dynamic f block size because the block size changed from 6 to 9
detect_structure.cc:114 Schur complement static structure <-1,-1,-1>.
detect_structure.cc:63 Dynamic row block size because the block size changed from 2 to 15
detect_structure.cc:74 Dynamic e block size because the block size changed from 1 to 9
detect_structure.cc:93 Dynamic f block size because the block size changed from 6 to 9
detect_structure.cc:114 Schur complement static structure <-1,-1,-1>.
schur_eliminator.cc:155 Template specializations not found for <-1,-1,-1>
block_sparse_matrix.cc:208 Allocating values array with 320136 bytes.
detect_structure.cc:63 Dynamic row block size because the block size changed from 2 to 15
detect_structure.cc:74 Dynamic e block size because the block size changed from 1 to 9
detect_structure.cc:93 Dynamic f block size because the block size changed from 6 to 9
detect_structure.cc:114 Schur complement static structure <-1,-1,-1>.
detect_structure.cc:63 Dynamic row block size because the block size changed from 2 to 15
detect_structure.cc:74 Dynamic e block size because the block size changed from 1 to 9
detect_structure.cc:93 Dynamic f block size because the block size changed from 6 to 9
detect_structure.cc:114 Schur complement static structure <-1,-1,-1>.
schur_eliminator.cc:155 Template specializations not found for <-1,-1,-1>
block_sparse_matrix.cc:208 Allocating values array with 324504 bytes.
detect_structure.cc:63 Dynamic row block size because the block size changed from 2 to 15
detect_structure.cc:74 Dynamic e block size because the block size changed from 1 to 9
detect_structure.cc:93 Dynamic f block size because the block size changed from 6 to 9
detect_structure.cc:114 Schur complement static structure <-1,-1,-1>.
detect_structure.cc:63 Dynamic row block size because the block size changed from 2 to 15
detect_structure.cc:74 Dynamic e block size because the block size changed from 1 to 9
detect_structure.cc:93 Dynamic f block size because the block size changed from 6 to 9
detect_structure.cc:114 Schur complement static structure <-1,-1,-1>.
schur_eliminator.cc:155 Template specializations not found for <-1,-1,-1>
block_sparse_matrix.cc:208 Allocating values array with 324088 bytes.
detect_structure.cc:63 Dynamic row block size because the block size changed from 2 to 15
detect_structure.cc:74 Dynamic e block size because the block size changed from 1 to 9
detect_structure.cc:93 Dynamic f block size because the block size changed from 6 to 9
detect_structure.cc:114 Schur complement static structure <-1,-1,-1>.
detect_structure.cc:63 Dynamic row block size because the block size changed from 2 to 15
detect_structure.cc:74 Dynamic e block size because the block size changed from 1 to 9
detect_structure.cc:93 Dynamic f block size because the block size changed from 6 to 9
detect_structure.cc:114 Schur complement static structure <-1,-1,-1>.
schur_eliminator.cc:155 Template specializations not found for <-1,-1,-1>
block_sparse_matrix.cc:208 Allocating values array with 326376 bytes.
detect_structure.cc:63 Dynamic row block size because the block size changed from 2 to 15
detect_structure.cc:74 Dynamic e block size because the block size changed from 1 to 9
detect_structure.cc:93 Dynamic f block size because the block size changed from 6 to 9
detect_structure.cc:114 Schur complement static structure <-1,-1,-1>.
detect_structure.cc:63 Dynamic row block size because the block size changed from 2 to 15
detect_structure.cc:74 Dynamic e block size because the block size changed from 1 to 9
detect_structure.cc:93 Dynamic f block size because the block size changed from 6 to 9
detect_structure.cc:114 Schur complement static structure <-1,-1,-1>.
schur_eliminator.cc:155 Template specializations not found for <-1,-1,-1>
[FeatureTracker] F-matrix: 128 → 76 (rejected 52, threshold=1.000000)
block_sparse_matrix.cc:208 Allocating values array with 317640 bytes.
detect_structure.cc:63 Dynamic row block size because the block size changed from 2 to 15
detect_structure.cc:74 Dynamic e block size because the block size changed from 1 to 9
detect_structure.cc:93 Dynamic f block size because the block size changed from 6 to 9
detect_structure.cc:114 Schur complement static structure <-1,-1,-1>.
detect_structure.cc:63 Dynamic row block size because the block size changed from 2 to 15
detect_structure.cc:74 Dynamic e block size because the block size changed from 1 to 9
detect_structure.cc:93 Dynamic f block size because the block size changed from 6 to 9
detect_structure.cc:114 Schur complement static structure <-1,-1,-1>.
schur_eliminator.cc:155 Template specializations not found for <-1,-1,-1>
block_sparse_matrix.cc:208 Allocating values array with 305576 bytes.
detect_structure.cc:63 Dynamic row block size because the block size changed from 2 to 15
detect_structure.cc:74 Dynamic e block size because the block size changed from 1 to 9
detect_structure.cc:93 Dynamic f block size because the block size changed from 6 to 9
detect_structure.cc:114 Schur complement static structure <-1,-1,-1>.
detect_structure.cc:63 Dynamic row block size because the block size changed from 2 to 15
detect_structure.cc:74 Dynamic e block size because the block size changed from 1 to 9
detect_structure.cc:93 Dynamic f block size because the block size changed from 6 to 9
detect_structure.cc:114 Schur complement static structure <-1,-1,-1>.
schur_eliminator.cc:155 Template specializations not found for <-1,-1,-1>
block_sparse_matrix.cc:208 Allocating values array with 298088 bytes.
detect_structure.cc:63 Dynamic row block size because the block size changed from 2 to 15
detect_structure.cc:74 Dynamic e block size because the block size changed from 1 to 9
detect_structure.cc:93 Dynamic f block size because the block size changed from 6 to 9
detect_structure.cc:114 Schur complement static structure <-1,-1,-1>.
detect_structure.cc:63 Dynamic row block size because the block size changed from 2 to 15
detect_structure.cc:74 Dynamic e block size because the block size changed from 1 to 9
detect_structure.cc:93 Dynamic f block size because the block size changed from 6 to 9
detect_structure.cc:114 Schur complement static structure <-1,-1,-1>.
schur_eliminator.cc:155 Template specializations not found for <-1,-1,-1>
block_sparse_matrix.cc:208 Allocating values array with 291432 bytes.
detect_structure.cc:63 Dynamic row block size because the block size changed from 2 to 15
detect_structure.cc:74 Dynamic e block size because the block size changed from 1 to 9
detect_structure.cc:93 Dynamic f block size because the block size changed from 6 to 9
detect_structure.cc:114 Schur complement static structure <-1,-1,-1>.
detect_structure.cc:63 Dynamic row block size because the block size changed from 2 to 15
detect_structure.cc:74 Dynamic e block size because the block size changed from 1 to 9
detect_structure.cc:93 Dynamic f block size because the block size changed from 6 to 9
detect_structure.cc:114 Schur complement static structure <-1,-1,-1>.
schur_eliminator.cc:155 Template specializations not found for <-1,-1,-1>
block_sparse_matrix.cc:208 Allocating values array with 301416 bytes.
detect_structure.cc:63 Dynamic row block size because the block size changed from 2 to 15
detect_structure.cc:74 Dynamic e block size because the block size changed from 1 to 9
detect_structure.cc:93 Dynamic f block size because the block size changed from 6 to 9
detect_structure.cc:114 Schur complement static structure <-1,-1,-1>.
detect_structure.cc:63 Dynamic row block size because the block size changed from 2 to 15
detect_structure.cc:74 Dynamic e block size because the block size changed from 1 to 9
detect_structure.cc:93 Dynamic f block size because the block size changed from 6 to 9
detect_structure.cc:114 Schur complement static structure <-1,-1,-1>.
schur_eliminator.cc:155 Template specializations not found for <-1,-1,-1>
block_sparse_matrix.cc:208 Allocating values array with 298504 bytes.
detect_structure.cc:63 Dynamic row block size because the block size changed from 2 to 15
detect_structure.cc:74 Dynamic e block size because the block size changed from 1 to 9
detect_structure.cc:93 Dynamic f block size because the block size changed from 6 to 9
detect_structure.cc:114 Schur complement static structure <-1,-1,-1>.
detect_structure.cc:63 Dynamic row block size because the block size changed from 2 to 15
detect_structure.cc:74 Dynamic e block size because the block size changed from 1 to 9
detect_structure.cc:93 Dynamic f block size because the block size changed from 6 to 9
detect_structure.cc:114 Schur complement static structure <-1,-1,-1>.
schur_eliminator.cc:155 Template specializations not found for <-1,-1,-1>
block_sparse_matrix.cc:208 Allocating values array with 294760 bytes.
detect_structure.cc:63 Dynamic row block size because the block size changed from 2 to 15
detect_structure.cc:74 Dynamic e block size because the block size changed from 1 to 9
detect_structure.cc:93 Dynamic f block size because the block size changed from 6 to 9
detect_structure.cc:114 Schur complement static structure <-1,-1,-1>.
detect_structure.cc:63 Dynamic row block size because the block size changed from 2 to 15
detect_structure.cc:74 Dynamic e block size because the block size changed from 1 to 9
detect_structure.cc:93 Dynamic f block size because the block size changed from 6 to 9
detect_structure.cc:114 Schur complement static structure <-1,-1,-1>.
schur_eliminator.cc:155 Template specializations not found for <-1,-1,-1>
block_sparse_matrix.cc:208 Allocating values array with 291432 bytes.
detect_structure.cc:63 Dynamic row block size because the block size changed from 2 to 15
detect_structure.cc:74 Dynamic e block size because the block size changed from 1 to 9
detect_structure.cc:93 Dynamic f block size because the block size changed from 6 to 9
detect_structure.cc:114 Schur complement static structure <-1,-1,-1>.
detect_structure.cc:63 Dynamic row block size because the block size changed from 2 to 15
detect_structure.cc:74 Dynamic e block size because the block size changed from 1 to 9
detect_structure.cc:93 Dynamic f block size because the block size changed from 6 to 9
detect_structure.cc:114 Schur complement static structure <-1,-1,-1>.
schur_eliminator.cc:155 Template specializations not found for <-1,-1,-1>
block_sparse_matrix.cc:208 Allocating values array with 282280 bytes.
detect_structure.cc:63 Dynamic row block size because the block size changed from 2 to 15
detect_structure.cc:74 Dynamic e block size because the block size changed from 1 to 9
detect_structure.cc:93 Dynamic f block size because the block size changed from 6 to 9
detect_structure.cc:114 Schur complement static structure <-1,-1,-1>.
detect_structure.cc:63 Dynamic row block size because the block size changed from 2 to 15
detect_structure.cc:74 Dynamic e block size because the block size changed from 1 to 9
detect_structure.cc:93 Dynamic f block size because the block size changed from 6 to 9
detect_structure.cc:114 Schur complement static structure <-1,-1,-1>.
schur_eliminator.cc:155 Template specializations not found for <-1,-1,-1>
block_sparse_matrix.cc:208 Allocating values array with 274168 bytes.
detect_structure.cc:63 Dynamic row block size because the block size changed from 2 to 15
detect_structure.cc:74 Dynamic e block size because the block size changed from 1 to 9
detect_structure.cc:93 Dynamic f block size because the block size changed from 6 to 9
detect_structure.cc:114 Schur complement static structure <-1,-1,-1>.
detect_structure.cc:63 Dynamic row block size because the block size changed from 2 to 15
detect_structure.cc:74 Dynamic e block size because the block size changed from 1 to 9
detect_structure.cc:93 Dynamic f block size because the block size changed from 6 to 9
detect_structure.cc:114 Schur complement static structure <-1,-1,-1>.
schur_eliminator.cc:155 Template specializations not found for <-1,-1,-1>
block_sparse_matrix.cc:208 Allocating values array with 276664 bytes.
detect_structure.cc:63 Dynamic row block size because the block size changed from 2 to 15
detect_structure.cc:74 Dynamic e block size because the block size changed from 1 to 9
detect_structure.cc:93 Dynamic f block size because the block size changed from 6 to 9
detect_structure.cc:114 Schur complement static structure <-1,-1,-1>.
detect_structure.cc:63 Dynamic row block size because the block size changed from 2 to 15
detect_structure.cc:74 Dynamic e block size because the block size changed from 1 to 9
detect_structure.cc:93 Dynamic f block size because the block size changed from 6 to 9
detect_structure.cc:114 Schur complement static structure <-1,-1,-1>.
schur_eliminator.cc:155 Template specializations not found for <-1,-1,-1>
block_sparse_matrix.cc:208 Allocating values array with 279576 bytes.
detect_structure.cc:63 Dynamic row block size because the block size changed from 2 to 15
detect_structure.cc:74 Dynamic e block size because the block size changed from 1 to 9
detect_structure.cc:93 Dynamic f block size because the block size changed from 6 to 9
detect_structure.cc:114 Schur complement static structure <-1,-1,-1>.
detect_structure.cc:63 Dynamic row block size because the block size changed from 2 to 15
detect_structure.cc:74 Dynamic e block size because the block size changed from 1 to 9
detect_structure.cc:93 Dynamic f block size because the block size changed from 6 to 9
detect_structure.cc:114 Schur complement static structure <-1,-1,-1>.
schur_eliminator.cc:155 Template specializations not found for <-1,-1,-1>
block_sparse_matrix.cc:208 Allocating values array with 277912 bytes.
detect_structure.cc:63 Dynamic row block size because the block size changed from 2 to 15
detect_structure.cc:74 Dynamic e block size because the block size changed from 1 to 9
detect_structure.cc:93 Dynamic f block size because the block size changed from 6 to 9
detect_structure.cc:114 Schur complement static structure <-1,-1,-1>.
detect_structure.cc:63 Dynamic row block size because the block size changed from 2 to 15
detect_structure.cc:74 Dynamic e block size because the block size changed from 1 to 9
detect_structure.cc:93 Dynamic f block size because the block size changed from 6 to 9
detect_structure.cc:114 Schur complement static structure <-1,-1,-1>.
schur_eliminator.cc:155 Template specializations not found for <-1,-1,-1>
block_sparse_matrix.cc:208 Allocating values array with 273336 bytes.
detect_structure.cc:63 Dynamic row block size because the block size changed from 2 to 15
detect_structure.cc:74 Dynamic e block size because the block size changed from 1 to 9
detect_structure.cc:93 Dynamic f block size because the block size changed from 6 to 9
detect_structure.cc:114 Schur complement static structure <-1,-1,-1>.
detect_structure.cc:63 Dynamic row block size because the block size changed from 2 to 15
detect_structure.cc:74 Dynamic e block size because the block size changed from 1 to 9
detect_structure.cc:93 Dynamic f block size because the block size changed from 6 to 9
detect_structure.cc:114 Schur complement static structure <-1,-1,-1>.
schur_eliminator.cc:155 Template specializations not found for <-1,-1,-1>
block_sparse_matrix.cc:208 Allocating values array with 270008 bytes.
detect_structure.cc:63 Dynamic row block size because the block size changed from 2 to 15
detect_structure.cc:74 Dynamic e block size because the block size changed from 1 to 9
detect_structure.cc:93 Dynamic f block size because the block size changed from 6 to 9
detect_structure.cc:114 Schur complement static structure <-1,-1,-1>.
detect_structure.cc:63 Dynamic row block size because the block size changed from 2 to 15
detect_structure.cc:74 Dynamic e block size because the block size changed from 1 to 9
detect_structure.cc:93 Dynamic f block size because the block size changed from 6 to 9
detect_structure.cc:114 Schur complement static structure <-1,-1,-1>.
schur_eliminator.cc:155 Template specializations not found for <-1,-1,-1>
block_sparse_matrix.cc:208 Allocating values array with 270216 bytes.
detect_structure.cc:63 Dynamic row block size because the block size changed from 2 to 15
detect_structure.cc:74 Dynamic e block size because the block size changed from 1 to 9
detect_structure.cc:93 Dynamic f block size because the block size changed from 6 to 9
detect_structure.cc:114 Schur complement static structure <-1,-1,-1>.
detect_structure.cc:63 Dynamic row block size because the block size changed from 2 to 15
detect_structure.cc:74 Dynamic e block size because the block size changed from 1 to 9
detect_structure.cc:93 Dynamic f block size because the block size changed from 6 to 9
detect_structure.cc:114 Schur complement static structure <-1,-1,-1>.
schur_eliminator.cc:155 Template specializations not found for <-1,-1,-1>
[FeatureTracker] F-matrix: 134 → 76 (rejected 58, threshold=1.000000)
block_sparse_matrix.cc:208 Allocating values array with 262728 bytes.
detect_structure.cc:63 Dynamic row block size because the block size changed from 2 to 15
detect_structure.cc:74 Dynamic e block size because the block size changed from 1 to 9
detect_structure.cc:93 Dynamic f block size because the block size changed from 6 to 9
detect_structure.cc:114 Schur complement static structure <-1,-1,-1>.
detect_structure.cc:63 Dynamic row block size because the block size changed from 2 to 15
detect_structure.cc:74 Dynamic e block size because the block size changed from 1 to 9
detect_structure.cc:93 Dynamic f block size because the block size changed from 6 to 9
detect_structure.cc:114 Schur complement static structure <-1,-1,-1>.
schur_eliminator.cc:155 Template specializations not found for <-1,-1,-1>
block_sparse_matrix.cc:208 Allocating values array with 255864 bytes.
detect_structure.cc:63 Dynamic row block size because the block size changed from 2 to 15
detect_structure.cc:74 Dynamic e block size because the block size changed from 1 to 9
detect_structure.cc:93 Dynamic f block size because the block size changed from 6 to 9
detect_structure.cc:114 Schur complement static structure <-1,-1,-1>.
detect_structure.cc:63 Dynamic row block size because the block size changed from 2 to 15
detect_structure.cc:74 Dynamic e block size because the block size changed from 1 to 9
detect_structure.cc:93 Dynamic f block size because the block size changed from 6 to 9
detect_structure.cc:114 Schur complement static structure <-1,-1,-1>.
schur_eliminator.cc:155 Template specializations not found for <-1,-1,-1>
block_sparse_matrix.cc:208 Allocating values array with 250664 bytes.
detect_structure.cc:63 Dynamic row block size because the block size changed from 2 to 15
detect_structure.cc:74 Dynamic e block size because the block size changed from 1 to 9
detect_structure.cc:93 Dynamic f block size because the block size changed from 6 to 9
detect_structure.cc:114 Schur complement static structure <-1,-1,-1>.
detect_structure.cc:63 Dynamic row block size because the block size changed from 2 to 15
detect_structure.cc:74 Dynamic e block size because the block size changed from 1 to 9
detect_structure.cc:93 Dynamic f block size because the block size changed from 6 to 9
detect_structure.cc:114 Schur complement static structure <-1,-1,-1>.
schur_eliminator.cc:155 Template specializations not found for <-1,-1,-1>
block_sparse_matrix.cc:208 Allocating values array with 244632 bytes.
detect_structure.cc:63 Dynamic row block size because the block size changed from 2 to 15
detect_structure.cc:74 Dynamic e block size because the block size changed from 1 to 9
detect_structure.cc:93 Dynamic f block size because the block size changed from 6 to 9
detect_structure.cc:114 Schur complement static structure <-1,-1,-1>.
detect_structure.cc:63 Dynamic row block size because the block size changed from 2 to 15
detect_structure.cc:74 Dynamic e block size because the block size changed from 1 to 9
detect_structure.cc:93 Dynamic f block size because the block size changed from 6 to 9
detect_structure.cc:114 Schur complement static structure <-1,-1,-1>.
schur_eliminator.cc:155 Template specializations not found for <-1,-1,-1>
block_sparse_matrix.cc:208 Allocating values array with 261272 bytes.
detect_structure.cc:63 Dynamic row block size because the block size changed from 2 to 15
detect_structure.cc:74 Dynamic e block size because the block size changed from 1 to 9
detect_structure.cc:93 Dynamic f block size because the block size changed from 6 to 9
detect_structure.cc:114 Schur complement static structure <-1,-1,-1>.
detect_structure.cc:63 Dynamic row block size because the block size changed from 2 to 15
detect_structure.cc:74 Dynamic e block size because the block size changed from 1 to 9
detect_structure.cc:93 Dynamic f block size because the block size changed from 6 to 9
detect_structure.cc:114 Schur complement static structure <-1,-1,-1>.
schur_eliminator.cc:155 Template specializations not found for <-1,-1,-1>
block_sparse_matrix.cc:208 Allocating values array with 260648 bytes.
detect_structure.cc:63 Dynamic row block size because the block size changed from 2 to 15
detect_structure.cc:74 Dynamic e block size because the block size changed from 1 to 9
detect_structure.cc:93 Dynamic f block size because the block size changed from 6 to 9
detect_structure.cc:114 Schur complement static structure <-1,-1,-1>.
detect_structure.cc:63 Dynamic row block size because the block size changed from 2 to 15
detect_structure.cc:74 Dynamic e block size because the block size changed from 1 to 9
detect_structure.cc:93 Dynamic f block size because the block size changed from 6 to 9
detect_structure.cc:114 Schur complement static structure <-1,-1,-1>.
schur_eliminator.cc:155 Template specializations not found for <-1,-1,-1>
block_sparse_matrix.cc:208 Allocating values array with 263560 bytes.
detect_structure.cc:63 Dynamic row block size because the block size changed from 2 to 15
detect_structure.cc:74 Dynamic e block size because the block size changed from 1 to 9
detect_structure.cc:93 Dynamic f block size because the block size changed from 6 to 9
detect_structure.cc:114 Schur complement static structure <-1,-1,-1>.
detect_structure.cc:63 Dynamic row block size because the block size changed from 2 to 15
detect_structure.cc:74 Dynamic e block size because the block size changed from 1 to 9
detect_structure.cc:93 Dynamic f block size because the block size changed from 6 to 9
detect_structure.cc:114 Schur complement static structure <-1,-1,-1>.
schur_eliminator.cc:155 Template specializations not found for <-1,-1,-1>
block_sparse_matrix.cc:208 Allocating values array with 263144 bytes.
detect_structure.cc:63 Dynamic row block size because the block size changed from 2 to 15
detect_structure.cc:74 Dynamic e block size because the block size changed from 1 to 9
detect_structure.cc:93 Dynamic f block size because the block size changed from 6 to 9
detect_structure.cc:114 Schur complement static structure <-1,-1,-1>.
detect_structure.cc:63 Dynamic row block size because the block size changed from 2 to 15
detect_structure.cc:74 Dynamic e block size because the block size changed from 1 to 9
detect_structure.cc:93 Dynamic f block size because the block size changed from 6 to 9
detect_structure.cc:114 Schur complement static structure <-1,-1,-1>.
schur_eliminator.cc:155 Template specializations not found for <-1,-1,-1>
block_sparse_matrix.cc:208 Allocating values array with 262104 bytes.
detect_structure.cc:63 Dynamic row block size because the block size changed from 2 to 15
detect_structure.cc:74 Dynamic e block size because the block size changed from 1 to 9
detect_structure.cc:93 Dynamic f block size because the block size changed from 6 to 9
detect_structure.cc:114 Schur complement static structure <-1,-1,-1>.
detect_structure.cc:63 Dynamic row block size because the block size changed from 2 to 15
detect_structure.cc:74 Dynamic e block size because the block size changed from 1 to 9
detect_structure.cc:93 Dynamic f block size because the block size changed from 6 to 9
detect_structure.cc:114 Schur complement static structure <-1,-1,-1>.
schur_eliminator.cc:155 Template specializations not found for <-1,-1,-1>
block_sparse_matrix.cc:208 Allocating values array with 267096 bytes.
detect_structure.cc:63 Dynamic row block size because the block size changed from 2 to 15
detect_structure.cc:74 Dynamic e block size because the block size changed from 1 to 9
detect_structure.cc:93 Dynamic f block size because the block size changed from 6 to 9
detect_structure.cc:114 Schur complement static structure <-1,-1,-1>.
detect_structure.cc:63 Dynamic row block size because the block size changed from 2 to 15
detect_structure.cc:74 Dynamic e block size because the block size changed from 1 to 9
detect_structure.cc:93 Dynamic f block size because the block size changed from 6 to 9
detect_structure.cc:114 Schur complement static structure <-1,-1,-1>.
schur_eliminator.cc:155 Template specializations not found for <-1,-1,-1>
block_sparse_matrix.cc:208 Allocating values array with 276040 bytes.
detect_structure.cc:63 Dynamic row block size because the block size changed from 2 to 15
detect_structure.cc:74 Dynamic e block size because the block size changed from 1 to 9
detect_structure.cc:93 Dynamic f block size because the block size changed from 6 to 9
detect_structure.cc:114 Schur complement static structure <-1,-1,-1>.
detect_structure.cc:63 Dynamic row block size because the block size changed from 2 to 15
detect_structure.cc:74 Dynamic e block size because the block size changed from 1 to 9
detect_structure.cc:93 Dynamic f block size because the block size changed from 6 to 9
detect_structure.cc:114 Schur complement static structure <-1,-1,-1>.
schur_eliminator.cc:155 Template specializations not found for <-1,-1,-1>
block_sparse_matrix.cc:208 Allocating values array with 285608 bytes.
detect_structure.cc:63 Dynamic row block size because the block size changed from 2 to 15
detect_structure.cc:74 Dynamic e block size because the block size changed from 1 to 9
detect_structure.cc:93 Dynamic f block size because the block size changed from 6 to 9
detect_structure.cc:114 Schur complement static structure <-1,-1,-1>.
detect_structure.cc:63 Dynamic row block size because the block size changed from 2 to 15
detect_structure.cc:74 Dynamic e block size because the block size changed from 1 to 9
detect_structure.cc:93 Dynamic f block size because the block size changed from 6 to 9
detect_structure.cc:114 Schur complement static structure <-1,-1,-1>.
schur_eliminator.cc:155 Template specializations not found for <-1,-1,-1>
block_sparse_matrix.cc:208 Allocating values array with 287896 bytes.
detect_structure.cc:63 Dynamic row block size because the block size changed from 2 to 15
detect_structure.cc:74 Dynamic e block size because the block size changed from 1 to 9
detect_structure.cc:93 Dynamic f block size because the block size changed from 6 to 9
detect_structure.cc:114 Schur complement static structure <-1,-1,-1>.
detect_structure.cc:63 Dynamic row block size because the block size changed from 2 to 15
detect_structure.cc:74 Dynamic e block size because the block size changed from 1 to 9
detect_structure.cc:93 Dynamic f block size because the block size changed from 6 to 9
detect_structure.cc:114 Schur complement static structure <-1,-1,-1>.
schur_eliminator.cc:155 Template specializations not found for <-1,-1,-1>
block_sparse_matrix.cc:208 Allocating values array with 292888 bytes.
detect_structure.cc:63 Dynamic row block size because the block size changed from 2 to 15
detect_structure.cc:74 Dynamic e block size because the block size changed from 1 to 9
detect_structure.cc:93 Dynamic f block size because the block size changed from 6 to 9
detect_structure.cc:114 Schur complement static structure <-1,-1,-1>.
detect_structure.cc:63 Dynamic row block size because the block size changed from 2 to 15
detect_structure.cc:74 Dynamic e block size because the block size changed from 1 to 9
detect_structure.cc:93 Dynamic f block size because the block size changed from 6 to 9
detect_structure.cc:114 Schur complement static structure <-1,-1,-1>.
schur_eliminator.cc:155 Template specializations not found for <-1,-1,-1>
block_sparse_matrix.cc:208 Allocating values array with 283352 bytes.
detect_structure.cc:63 Dynamic row block size because the block size changed from 2 to 15
detect_structure.cc:74 Dynamic e block size because the block size changed from 1 to 9
detect_structure.cc:93 Dynamic f block size because the block size changed from 6 to 9
detect_structure.cc:114 Schur complement static structure <-1,-1,-1>.
detect_structure.cc:63 Dynamic row block size because the block size changed from 2 to 15
detect_structure.cc:74 Dynamic e block size because the block size changed from 1 to 9
detect_structure.cc:93 Dynamic f block size because the block size changed from 6 to 9
detect_structure.cc:114 Schur complement static structure <-1,-1,-1>.
schur_eliminator.cc:155 Template specializations not found for <-1,-1,-1>
block_sparse_matrix.cc:208 Allocating values array with 294344 bytes.
detect_structure.cc:63 Dynamic row block size because the block size changed from 2 to 15
detect_structure.cc:74 Dynamic e block size because the block size changed from 1 to 9
detect_structure.cc:93 Dynamic f block size because the block size changed from 6 to 9
detect_structure.cc:114 Schur complement static structure <-1,-1,-1>.
detect_structure.cc:63 Dynamic row block size because the block size changed from 2 to 15
detect_structure.cc:74 Dynamic e block size because the block size changed from 1 to 9
detect_structure.cc:93 Dynamic f block size because the block size changed from 6 to 9
detect_structure.cc:114 Schur complement static structure <-1,-1,-1>.
schur_eliminator.cc:155 Template specializations not found for <-1,-1,-1>
[FeatureTracker] F-matrix: 121 → 69 (rejected 52, threshold=1.000000)
block_sparse_matrix.cc:208 Allocating values array with 292888 bytes.
detect_structure.cc:63 Dynamic row block size because the block size changed from 2 to 15
detect_structure.cc:74 Dynamic e block size because the block size changed from 1 to 9
detect_structure.cc:93 Dynamic f block size because the block size changed from 6 to 9
detect_structure.cc:114 Schur complement static structure <-1,-1,-1>.
detect_structure.cc:63 Dynamic row block size because the block size changed from 2 to 15
detect_structure.cc:74 Dynamic e block size because the block size changed from 1 to 9
detect_structure.cc:93 Dynamic f block size because the block size changed from 6 to 9
detect_structure.cc:114 Schur complement static structure <-1,-1,-1>.
schur_eliminator.cc:155 Template specializations not found for <-1,-1,-1>
block_sparse_matrix.cc:208 Allocating values array with 287480 bytes.
detect_structure.cc:63 Dynamic row block size because the block size changed from 2 to 15
detect_structure.cc:74 Dynamic e block size because the block size changed from 1 to 9
detect_structure.cc:93 Dynamic f block size because the block size changed from 6 to 9
detect_structure.cc:114 Schur complement static structure <-1,-1,-1>.
detect_structure.cc:63 Dynamic row block size because the block size changed from 2 to 15
detect_structure.cc:74 Dynamic e block size because the block size changed from 1 to 9
detect_structure.cc:93 Dynamic f block size because the block size changed from 6 to 9
detect_structure.cc:114 Schur complement static structure <-1,-1,-1>.
schur_eliminator.cc:155 Template specializations not found for <-1,-1,-1>
block_sparse_matrix.cc:208 Allocating values array with 278120 bytes.
detect_structure.cc:63 Dynamic row block size because the block size changed from 2 to 15
detect_structure.cc:74 Dynamic e block size because the block size changed from 1 to 9
detect_structure.cc:93 Dynamic f block size because the block size changed from 6 to 9
detect_structure.cc:114 Schur complement static structure <-1,-1,-1>.
detect_structure.cc:63 Dynamic row block size because the block size changed from 2 to 15
detect_structure.cc:74 Dynamic e block size because the block size changed from 1 to 9
detect_structure.cc:93 Dynamic f block size because the block size changed from 6 to 9
detect_structure.cc:114 Schur complement static structure <-1,-1,-1>.
schur_eliminator.cc:155 Template specializations not found for <-1,-1,-1>
block_sparse_matrix.cc:208 Allocating values array with 271288 bytes.
detect_structure.cc:63 Dynamic row block size because the block size changed from 2 to 15
detect_structure.cc:74 Dynamic e block size because the block size changed from 1 to 9
detect_structure.cc:93 Dynamic f block size because the block size changed from 6 to 9
detect_structure.cc:114 Schur complement static structure <-1,-1,-1>.
detect_structure.cc:63 Dynamic row block size because the block size changed from 2 to 15
detect_structure.cc:74 Dynamic e block size because the block size changed from 1 to 9
detect_structure.cc:93 Dynamic f block size because the block size changed from 6 to 9
detect_structure.cc:114 Schur complement static structure <-1,-1,-1>.
schur_eliminator.cc:155 Template specializations not found for <-1,-1,-1>
block_sparse_matrix.cc:208 Allocating values array with 270664 bytes.
detect_structure.cc:63 Dynamic row block size because the block size changed from 2 to 15
detect_structure.cc:74 Dynamic e block size because the block size changed from 1 to 9
detect_structure.cc:93 Dynamic f block size because the block size changed from 6 to 9
detect_structure.cc:114 Schur complement static structure <-1,-1,-1>.
detect_structure.cc:63 Dynamic row block size because the block size changed from 2 to 15
detect_structure.cc:74 Dynamic e block size because the block size changed from 1 to 9
detect_structure.cc:93 Dynamic f block size because the block size changed from 6 to 9
detect_structure.cc:114 Schur complement static structure <-1,-1,-1>.
schur_eliminator.cc:155 Template specializations not found for <-1,-1,-1>
block_sparse_matrix.cc:208 Allocating values array with 269624 bytes.
detect_structure.cc:63 Dynamic row block size because the block size changed from 2 to 15
detect_structure.cc:74 Dynamic e block size because the block size changed from 1 to 9
detect_structure.cc:93 Dynamic f block size because the block size changed from 6 to 9
detect_structure.cc:114 Schur complement static structure <-1,-1,-1>.
detect_structure.cc:63 Dynamic row block size because the block size changed from 2 to 15
detect_structure.cc:74 Dynamic e block size because the block size changed from 1 to 9
detect_structure.cc:93 Dynamic f block size because the block size changed from 6 to 9
detect_structure.cc:114 Schur complement static structure <-1,-1,-1>.
schur_eliminator.cc:155 Template specializations not found for <-1,-1,-1>
block_sparse_matrix.cc:208 Allocating values array with 264808 bytes.
detect_structure.cc:63 Dynamic row block size because the block size changed from 2 to 15
detect_structure.cc:74 Dynamic e block size because the block size changed from 1 to 9
detect_structure.cc:93 Dynamic f block size because the block size changed from 6 to 9
detect_structure.cc:114 Schur complement static structure <-1,-1,-1>.
detect_structure.cc:63 Dynamic row block size because the block size changed from 2 to 15
detect_structure.cc:74 Dynamic e block size because the block size changed from 1 to 9
detect_structure.cc:93 Dynamic f block size because the block size changed from 6 to 9
detect_structure.cc:114 Schur complement static structure <-1,-1,-1>.
schur_eliminator.cc:155 Template specializations not found for <-1,-1,-1>
block_sparse_matrix.cc:208 Allocating values array with 257144 bytes.
detect_structure.cc:63 Dynamic row block size because the block size changed from 2 to 15
detect_structure.cc:74 Dynamic e block size because the block size changed from 1 to 9
detect_structure.cc:93 Dynamic f block size because the block size changed from 6 to 9
detect_structure.cc:114 Schur complement static structure <-1,-1,-1>.
detect_structure.cc:63 Dynamic row block size because the block size changed from 2 to 15
detect_structure.cc:74 Dynamic e block size because the block size changed from 1 to 9
detect_structure.cc:93 Dynamic f block size because the block size changed from 6 to 9
detect_structure.cc:114 Schur complement static structure <-1,-1,-1>.
schur_eliminator.cc:155 Template specializations not found for <-1,-1,-1>
block_sparse_matrix.cc:208 Allocating values array with 282904 bytes.
detect_structure.cc:63 Dynamic row block size because the block size changed from 2 to 15
detect_structure.cc:74 Dynamic e block size because the block size changed from 1 to 9
detect_structure.cc:93 Dynamic f block size because the block size changed from 6 to 9
detect_structure.cc:114 Schur complement static structure <-1,-1,-1>.
detect_structure.cc:63 Dynamic row block size because the block size changed from 2 to 15
detect_structure.cc:74 Dynamic e block size because the block size changed from 1 to 9
detect_structure.cc:93 Dynamic f block size because the block size changed from 6 to 9
detect_structure.cc:114 Schur complement static structure <-1,-1,-1>.
schur_eliminator.cc:155 Template specializations not found for <-1,-1,-1>
[FeatureTracker] F-matrix: 147 → 91 (rejected 56, threshold=1.000000)
block_sparse_matrix.cc:208 Allocating values array with 269832 bytes.
detect_structure.cc:63 Dynamic row block size because the block size changed from 2 to 15
detect_structure.cc:74 Dynamic e block size because the block size changed from 1 to 9
detect_structure.cc:93 Dynamic f block size because the block size changed from 6 to 9
detect_structure.cc:114 Schur complement static structure <-1,-1,-1>.
detect_structure.cc:63 Dynamic row block size because the block size changed from 2 to 15
detect_structure.cc:74 Dynamic e block size because the block size changed from 1 to 9
detect_structure.cc:93 Dynamic f block size because the block size changed from 6 to 9
detect_structure.cc:114 Schur complement static structure <-1,-1,-1>.
schur_eliminator.cc:155 Template specializations not found for <-1,-1,-1>
block_sparse_matrix.cc:208 Allocating values array with 271048 bytes.
detect_structure.cc:63 Dynamic row block size because the block size changed from 2 to 15
detect_structure.cc:74 Dynamic e block size because the block size changed from 1 to 9
detect_structure.cc:93 Dynamic f block size because the block size changed from 6 to 9
detect_structure.cc:114 Schur complement static structure <-1,-1,-1>.
detect_structure.cc:63 Dynamic row block size because the block size changed from 2 to 15
detect_structure.cc:74 Dynamic e block size because the block size changed from 1 to 9
detect_structure.cc:93 Dynamic f block size because the block size changed from 6 to 9
detect_structure.cc:114 Schur complement static structure <-1,-1,-1>.
schur_eliminator.cc:155 Template specializations not found for <-1,-1,-1>
block_sparse_matrix.cc:208 Allocating values array with 263592 bytes.
detect_structure.cc:63 Dynamic row block size because the block size changed from 2 to 15
detect_structure.cc:74 Dynamic e block size because the block size changed from 1 to 9
detect_structure.cc:93 Dynamic f block size because the block size changed from 6 to 9
detect_structure.cc:114 Schur complement static structure <-1,-1,-1>.
detect_structure.cc:63 Dynamic row block size because the block size changed from 2 to 15
detect_structure.cc:74 Dynamic e block size because the block size changed from 1 to 9
detect_structure.cc:93 Dynamic f block size because the block size changed from 6 to 9
detect_structure.cc:114 Schur complement static structure <-1,-1,-1>.
schur_eliminator.cc:155 Template specializations not found for <-1,-1,-1>
block_sparse_matrix.cc:208 Allocating values array with 262968 bytes.
detect_structure.cc:63 Dynamic row block size because the block size changed from 2 to 15
detect_structure.cc:74 Dynamic e block size because the block size changed from 1 to 9
detect_structure.cc:93 Dynamic f block size because the block size changed from 6 to 9
detect_structure.cc:114 Schur complement static structure <-1,-1,-1>.
detect_structure.cc:63 Dynamic row block size because the block size changed from 2 to 15
detect_structure.cc:74 Dynamic e block size because the block size changed from 1 to 9
detect_structure.cc:93 Dynamic f block size because the block size changed from 6 to 9
detect_structure.cc:114 Schur complement static structure <-1,-1,-1>.
schur_eliminator.cc:155 Template specializations not found for <-1,-1,-1>
block_sparse_matrix.cc:208 Allocating values array with 261480 bytes.
detect_structure.cc:63 Dynamic row block size because the block size changed from 2 to 15
detect_structure.cc:74 Dynamic e block size because the block size changed from 1 to 9
detect_structure.cc:93 Dynamic f block size because the block size changed from 6 to 9
detect_structure.cc:114 Schur complement static structure <-1,-1,-1>.
detect_structure.cc:63 Dynamic row block size because the block size changed from 2 to 15
detect_structure.cc:74 Dynamic e block size because the block size changed from 1 to 9
detect_structure.cc:93 Dynamic f block size because the block size changed from 6 to 9
detect_structure.cc:114 Schur complement static structure <-1,-1,-1>.
schur_eliminator.cc:155 Template specializations not found for <-1,-1,-1>
block_sparse_matrix.cc:208 Allocating values array with 254232 bytes.
detect_structure.cc:63 Dynamic row block size because the block size changed from 2 to 15
detect_structure.cc:74 Dynamic e block size because the block size changed from 1 to 9
detect_structure.cc:93 Dynamic f block size because the block size changed from 6 to 9
detect_structure.cc:114 Schur complement static structure <-1,-1,-1>.
detect_structure.cc:63 Dynamic row block size because the block size changed from 2 to 15
detect_structure.cc:74 Dynamic e block size because the block size changed from 1 to 9
detect_structure.cc:93 Dynamic f block size because the block size changed from 6 to 9
detect_structure.cc:114 Schur complement static structure <-1,-1,-1>.
schur_eliminator.cc:155 Template specializations not found for <-1,-1,-1>
block_sparse_matrix.cc:208 Allocating values array with 266472 bytes.
detect_structure.cc:63 Dynamic row block size because the block size changed from 2 to 15
detect_structure.cc:74 Dynamic e block size because the block size changed from 1 to 9
detect_structure.cc:93 Dynamic f block size because the block size changed from 6 to 9
detect_structure.cc:114 Schur complement static structure <-1,-1,-1>.
detect_structure.cc:63 Dynamic row block size because the block size changed from 2 to 15
detect_structure.cc:74 Dynamic e block size because the block size changed from 1 to 9
detect_structure.cc:93 Dynamic f block size because the block size changed from 6 to 9
detect_structure.cc:114 Schur complement static structure <-1,-1,-1>.
schur_eliminator.cc:155 Template specializations not found for <-1,-1,-1>
block_sparse_matrix.cc:208 Allocating values array with 257976 bytes.
detect_structure.cc:63 Dynamic row block size because the block size changed from 2 to 15
detect_structure.cc:74 Dynamic e block size because the block size changed from 1 to 9
detect_structure.cc:93 Dynamic f block size because the block size changed from 6 to 9
detect_structure.cc:114 Schur complement static structure <-1,-1,-1>.
detect_structure.cc:63 Dynamic row block size because the block size changed from 2 to 15
detect_structure.cc:74 Dynamic e block size because the block size changed from 1 to 9
detect_structure.cc:93 Dynamic f block size because the block size changed from 6 to 9
detect_structure.cc:114 Schur complement static structure <-1,-1,-1>.
schur_eliminator.cc:155 Template specializations not found for <-1,-1,-1>
block_sparse_matrix.cc:208 Allocating values array with 261896 bytes.
detect_structure.cc:63 Dynamic row block size because the block size changed from 2 to 15
detect_structure.cc:74 Dynamic e block size because the block size changed from 1 to 9
detect_structure.cc:93 Dynamic f block size because the block size changed from 6 to 9
detect_structure.cc:114 Schur complement static structure <-1,-1,-1>.
detect_structure.cc:63 Dynamic row block size because the block size changed from 2 to 15
detect_structure.cc:74 Dynamic e block size because the block size changed from 1 to 9
detect_structure.cc:93 Dynamic f block size because the block size changed from 6 to 9
detect_structure.cc:114 Schur complement static structure <-1,-1,-1>.
schur_eliminator.cc:155 Template specializations not found for <-1,-1,-1>
block_sparse_matrix.cc:208 Allocating values array with 249032 bytes.
detect_structure.cc:63 Dynamic row block size because the block size changed from 2 to 15
detect_structure.cc:74 Dynamic e block size because the block size changed from 1 to 9
detect_structure.cc:93 Dynamic f block size because the block size changed from 6 to 9
detect_structure.cc:114 Schur complement static structure <-1,-1,-1>.
detect_structure.cc:63 Dynamic row block size because the block size changed from 2 to 15
detect_structure.cc:74 Dynamic e block size because the block size changed from 1 to 9
detect_structure.cc:93 Dynamic f block size because the block size changed from 6 to 9
detect_structure.cc:114 Schur complement static structure <-1,-1,-1>.
schur_eliminator.cc:155 Template specializations not found for <-1,-1,-1>
block_sparse_matrix.cc:208 Allocating values array with 244216 bytes.
detect_structure.cc:63 Dynamic row block size because the block size changed from 2 to 15
detect_structure.cc:74 Dynamic e block size because the block size changed from 1 to 9
detect_structure.cc:93 Dynamic f block size because the block size changed from 6 to 9
detect_structure.cc:114 Schur complement static structure <-1,-1,-1>.
detect_structure.cc:63 Dynamic row block size because the block size changed from 2 to 15
detect_structure.cc:74 Dynamic e block size because the block size changed from 1 to 9
detect_structure.cc:93 Dynamic f block size because the block size changed from 6 to 9
detect_structure.cc:114 Schur complement static structure <-1,-1,-1>.
schur_eliminator.cc:155 Template specializations not found for <-1,-1,-1>
block_sparse_matrix.cc:208 Allocating values array with 236552 bytes.
detect_structure.cc:63 Dynamic row block size because the block size changed from 2 to 15
detect_structure.cc:74 Dynamic e block size because the block size changed from 1 to 9
detect_structure.cc:93 Dynamic f block size because the block size changed from 6 to 9
detect_structure.cc:114 Schur complement static structure <-1,-1,-1>.
detect_structure.cc:63 Dynamic row block size because the block size changed from 2 to 15
detect_structure.cc:74 Dynamic e block size because the block size changed from 1 to 9
detect_structure.cc:93 Dynamic f block size because the block size changed from 6 to 9
detect_structure.cc:114 Schur complement static structure <-1,-1,-1>.
schur_eliminator.cc:155 Template specializations not found for <-1,-1,-1>
block_sparse_matrix.cc:208 Allocating values array with 247960 bytes.
detect_structure.cc:63 Dynamic row block size because the block size changed from 2 to 15
detect_structure.cc:74 Dynamic e block size because the block size changed from 1 to 9
detect_structure.cc:93 Dynamic f block size because the block size changed from 6 to 9
detect_structure.cc:114 Schur complement static structure <-1,-1,-1>.
detect_structure.cc:63 Dynamic row block size because the block size changed from 2 to 15
detect_structure.cc:74 Dynamic e block size because the block size changed from 1 to 9
detect_structure.cc:93 Dynamic f block size because the block size changed from 6 to 9
detect_structure.cc:114 Schur complement static structure <-1,-1,-1>.
schur_eliminator.cc:155 Template specializations not found for <-1,-1,-1>
block_sparse_matrix.cc:208 Allocating values array with 269176 bytes.
detect_structure.cc:63 Dynamic row block size because the block size changed from 2 to 15
detect_structure.cc:74 Dynamic e block size because the block size changed from 1 to 9
detect_structure.cc:93 Dynamic f block size because the block size changed from 6 to 9
detect_structure.cc:114 Schur complement static structure <-1,-1,-1>.
detect_structure.cc:63 Dynamic row block size because the block size changed from 2 to 15
detect_structure.cc:74 Dynamic e block size because the block size changed from 1 to 9
detect_structure.cc:93 Dynamic f block size because the block size changed from 6 to 9
detect_structure.cc:114 Schur complement static structure <-1,-1,-1>.
schur_eliminator.cc:155 Template specializations not found for <-1,-1,-1>
block_sparse_matrix.cc:208 Allocating values array with 267096 bytes.
detect_structure.cc:63 Dynamic row block size because the block size changed from 2 to 15
detect_structure.cc:74 Dynamic e block size because the block size changed from 1 to 9
detect_structure.cc:93 Dynamic f block size because the block size changed from 6 to 9
detect_structure.cc:114 Schur complement static structure <-1,-1,-1>.
detect_structure.cc:63 Dynamic row block size because the block size changed from 2 to 15
detect_structure.cc:74 Dynamic e block size because the block size changed from 1 to 9
detect_structure.cc:93 Dynamic f block size because the block size changed from 6 to 9
detect_structure.cc:114 Schur complement static structure <-1,-1,-1>.
schur_eliminator.cc:155 Template specializations not found for <-1,-1,-1>
block_sparse_matrix.cc:208 Allocating values array with 263768 bytes.
detect_structure.cc:63 Dynamic row block size because the block size changed from 2 to 15
detect_structure.cc:74 Dynamic e block size because the block size changed from 1 to 9
detect_structure.cc:93 Dynamic f block size because the block size changed from 6 to 9
detect_structure.cc:114 Schur complement static structure <-1,-1,-1>.
detect_structure.cc:63 Dynamic row block size because the block size changed from 2 to 15
detect_structure.cc:74 Dynamic e block size because the block size changed from 1 to 9
detect_structure.cc:93 Dynamic f block size because the block size changed from 6 to 9
detect_structure.cc:114 Schur complement static structure <-1,-1,-1>.
schur_eliminator.cc:155 Template specializations not found for <-1,-1,-1>
[FeatureTracker] F-matrix: 140 → 71 (rejected 69, threshold=1.000000)
block_sparse_matrix.cc:208 Allocating values array with 264808 bytes.
detect_structure.cc:63 Dynamic row block size because the block size changed from 2 to 15
detect_structure.cc:74 Dynamic e block size because the block size changed from 1 to 9
detect_structure.cc:93 Dynamic f block size because the block size changed from 6 to 9
detect_structure.cc:114 Schur complement static structure <-1,-1,-1>.
detect_structure.cc:63 Dynamic row block size because the block size changed from 2 to 15
detect_structure.cc:74 Dynamic e block size because the block size changed from 1 to 9
detect_structure.cc:93 Dynamic f block size because the block size changed from 6 to 9
detect_structure.cc:114 Schur complement static structure <-1,-1,-1>.
schur_eliminator.cc:155 Template specializations not found for <-1,-1,-1>
block_sparse_matrix.cc:208 Allocating values array with 249240 bytes.
detect_structure.cc:63 Dynamic row block size because the block size changed from 2 to 15
detect_structure.cc:74 Dynamic e block size because the block size changed from 1 to 9
detect_structure.cc:93 Dynamic f block size because the block size changed from 6 to 9
detect_structure.cc:114 Schur complement static structure <-1,-1,-1>.
detect_structure.cc:63 Dynamic row block size because the block size changed from 2 to 15
detect_structure.cc:74 Dynamic e block size because the block size changed from 1 to 9
detect_structure.cc:93 Dynamic f block size because the block size changed from 6 to 9
detect_structure.cc:114 Schur complement static structure <-1,-1,-1>.
schur_eliminator.cc:155 Template specializations not found for <-1,-1,-1>
block_sparse_matrix.cc:208 Allocating values array with 248408 bytes.
detect_structure.cc:63 Dynamic row block size because the block size changed from 2 to 15
detect_structure.cc:74 Dynamic e block size because the block size changed from 1 to 9
detect_structure.cc:93 Dynamic f block size because the block size changed from 6 to 9
detect_structure.cc:114 Schur complement static structure <-1,-1,-1>.
detect_structure.cc:63 Dynamic row block size because the block size changed from 2 to 15
detect_structure.cc:74 Dynamic e block size because the block size changed from 1 to 9
detect_structure.cc:93 Dynamic f block size because the block size changed from 6 to 9
detect_structure.cc:114 Schur complement static structure <-1,-1,-1>.
schur_eliminator.cc:155 Template specializations not found for <-1,-1,-1>
block_sparse_matrix.cc:208 Allocating values array with 247992 bytes.
detect_structure.cc:63 Dynamic row block size because the block size changed from 2 to 15
detect_structure.cc:74 Dynamic e block size because the block size changed from 1 to 9
detect_structure.cc:93 Dynamic f block size because the block size changed from 6 to 9
detect_structure.cc:114 Schur complement static structure <-1,-1,-1>.
detect_structure.cc:63 Dynamic row block size because the block size changed from 2 to 15
detect_structure.cc:74 Dynamic e block size because the block size changed from 1 to 9
detect_structure.cc:93 Dynamic f block size because the block size changed from 6 to 9
detect_structure.cc:114 Schur complement static structure <-1,-1,-1>.
schur_eliminator.cc:155 Template specializations not found for <-1,-1,-1>
block_sparse_matrix.cc:208 Allocating values array with 246296 bytes.
detect_structure.cc:63 Dynamic row block size because the block size changed from 2 to 15
detect_structure.cc:74 Dynamic e block size because the block size changed from 1 to 9
detect_structure.cc:93 Dynamic f block size because the block size changed from 6 to 9
detect_structure.cc:114 Schur complement static structure <-1,-1,-1>.
detect_structure.cc:63 Dynamic row block size because the block size changed from 2 to 15
detect_structure.cc:74 Dynamic e block size because the block size changed from 1 to 9
detect_structure.cc:93 Dynamic f block size because the block size changed from 6 to 9
detect_structure.cc:114 Schur complement static structure <-1,-1,-1>.
schur_eliminator.cc:155 Template specializations not found for <-1,-1,-1>
block_sparse_matrix.cc:208 Allocating values array with 263352 bytes.
detect_structure.cc:63 Dynamic row block size because the block size changed from 2 to 15
detect_structure.cc:74 Dynamic e block size because the block size changed from 1 to 9
detect_structure.cc:93 Dynamic f block size because the block size changed from 6 to 9
detect_structure.cc:114 Schur complement static structure <-1,-1,-1>.
detect_structure.cc:63 Dynamic row block size because the block size changed from 2 to 15
detect_structure.cc:74 Dynamic e block size because the block size changed from 1 to 9
detect_structure.cc:93 Dynamic f block size because the block size changed from 6 to 9
detect_structure.cc:114 Schur complement static structure <-1,-1,-1>.
schur_eliminator.cc:155 Template specializations not found for <-1,-1,-1>
block_sparse_matrix.cc:208 Allocating values array with 270840 bytes.
detect_structure.cc:63 Dynamic row block size because the block size changed from 2 to 15
detect_structure.cc:74 Dynamic e block size because the block size changed from 1 to 9
detect_structure.cc:93 Dynamic f block size because the block size changed from 6 to 9
detect_structure.cc:114 Schur complement static structure <-1,-1,-1>.
detect_structure.cc:63 Dynamic row block size because the block size changed from 2 to 15
detect_structure.cc:74 Dynamic e block size because the block size changed from 1 to 9
detect_structure.cc:93 Dynamic f block size because the block size changed from 6 to 9
detect_structure.cc:114 Schur complement static structure <-1,-1,-1>.
schur_eliminator.cc:155 Template specializations not found for <-1,-1,-1>
block_sparse_matrix.cc:208 Allocating values array with 278328 bytes.
detect_structure.cc:63 Dynamic row block size because the block size changed from 2 to 15
detect_structure.cc:74 Dynamic e block size because the block size changed from 1 to 9
detect_structure.cc:93 Dynamic f block size because the block size changed from 6 to 9
detect_structure.cc:114 Schur complement static structure <-1,-1,-1>.
detect_structure.cc:63 Dynamic row block size because the block size changed from 2 to 15
detect_structure.cc:74 Dynamic e block size because the block size changed from 1 to 9
detect_structure.cc:93 Dynamic f block size because the block size changed from 6 to 9
detect_structure.cc:114 Schur complement static structure <-1,-1,-1>.
schur_eliminator.cc:155 Template specializations not found for <-1,-1,-1>
block_sparse_matrix.cc:208 Allocating values array with 278744 bytes.
detect_structure.cc:63 Dynamic row block size because the block size changed from 2 to 15
detect_structure.cc:74 Dynamic e block size because the block size changed from 1 to 9
detect_structure.cc:93 Dynamic f block size because the block size changed from 6 to 9
detect_structure.cc:114 Schur complement static structure <-1,-1,-1>.
detect_structure.cc:63 Dynamic row block size because the block size changed from 2 to 15
detect_structure.cc:74 Dynamic e block size because the block size changed from 1 to 9
detect_structure.cc:93 Dynamic f block size because the block size changed from 6 to 9
detect_structure.cc:114 Schur complement static structure <-1,-1,-1>.
schur_eliminator.cc:155 Template specializations not found for <-1,-1,-1>
block_sparse_matrix.cc:208 Allocating values array with 279160 bytes.
detect_structure.cc:63 Dynamic row block size because the block size changed from 2 to 15
detect_structure.cc:74 Dynamic e block size because the block size changed from 1 to 9
detect_structure.cc:93 Dynamic f block size because the block size changed from 6 to 9
detect_structure.cc:114 Schur complement static structure <-1,-1,-1>.
detect_structure.cc:63 Dynamic row block size because the block size changed from 2 to 15
detect_structure.cc:74 Dynamic e block size because the block size changed from 1 to 9
detect_structure.cc:93 Dynamic f block size because the block size changed from 6 to 9
detect_structure.cc:114 Schur complement static structure <-1,-1,-1>.
schur_eliminator.cc:155 Template specializations not found for <-1,-1,-1>
block_sparse_matrix.cc:208 Allocating values array with 270040 bytes.
detect_structure.cc:63 Dynamic row block size because the block size changed from 2 to 15
detect_structure.cc:74 Dynamic e block size because the block size changed from 1 to 9
detect_structure.cc:93 Dynamic f block size because the block size changed from 6 to 9
detect_structure.cc:114 Schur complement static structure <-1,-1,-1>.
detect_structure.cc:63 Dynamic row block size because the block size changed from 2 to 15
detect_structure.cc:74 Dynamic e block size because the block size changed from 1 to 9
detect_structure.cc:93 Dynamic f block size because the block size changed from 6 to 9
detect_structure.cc:114 Schur complement static structure <-1,-1,-1>.
schur_eliminator.cc:155 Template specializations not found for <-1,-1,-1>
block_sparse_matrix.cc:208 Allocating values array with 279992 bytes.
detect_structure.cc:63 Dynamic row block size because the block size changed from 2 to 15
detect_structure.cc:74 Dynamic e block size because the block size changed from 1 to 9
detect_structure.cc:93 Dynamic f block size because the block size changed from 6 to 9
detect_structure.cc:114 Schur complement static structure <-1,-1,-1>.
detect_structure.cc:63 Dynamic row block size because the block size changed from 2 to 15
detect_structure.cc:74 Dynamic e block size because the block size changed from 1 to 9
detect_structure.cc:93 Dynamic f block size because the block size changed from 6 to 9
detect_structure.cc:114 Schur complement static structure <-1,-1,-1>.
schur_eliminator.cc:155 Template specializations not found for <-1,-1,-1>
block_sparse_matrix.cc:208 Allocating values array with 271704 bytes.
detect_structure.cc:63 Dynamic row block size because the block size changed from 2 to 15
detect_structure.cc:74 Dynamic e block size because the block size changed from 1 to 9
detect_structure.cc:93 Dynamic f block size because the block size changed from 6 to 9
detect_structure.cc:114 Schur complement static structure <-1,-1,-1>.
detect_structure.cc:63 Dynamic row block size because the block size changed from 2 to 15
detect_structure.cc:74 Dynamic e block size because the block size changed from 1 to 9
detect_structure.cc:93 Dynamic f block size because the block size changed from 6 to 9
detect_structure.cc:114 Schur complement static structure <-1,-1,-1>.
schur_eliminator.cc:155 Template specializations not found for <-1,-1,-1>
block_sparse_matrix.cc:208 Allocating values array with 288104 bytes.
detect_structure.cc:63 Dynamic row block size because the block size changed from 2 to 15
detect_structure.cc:74 Dynamic e block size because the block size changed from 1 to 9
detect_structure.cc:93 Dynamic f block size because the block size changed from 6 to 9
detect_structure.cc:114 Schur complement static structure <-1,-1,-1>.
detect_structure.cc:63 Dynamic row block size because the block size changed from 2 to 15
detect_structure.cc:74 Dynamic e block size because the block size changed from 1 to 9
detect_structure.cc:93 Dynamic f block size because the block size changed from 6 to 9
detect_structure.cc:114 Schur complement static structure <-1,-1,-1>.
schur_eliminator.cc:155 Template specializations not found for <-1,-1,-1>
block_sparse_matrix.cc:208 Allocating values array with 278568 bytes.
detect_structure.cc:63 Dynamic row block size because the block size changed from 2 to 15
detect_structure.cc:74 Dynamic e block size because the block size changed from 1 to 9
detect_structure.cc:93 Dynamic f block size because the block size changed from 6 to 9
detect_structure.cc:114 Schur complement static structure <-1,-1,-1>.
detect_structure.cc:63 Dynamic row block size because the block size changed from 2 to 15
detect_structure.cc:74 Dynamic e block size because the block size changed from 1 to 9
detect_structure.cc:93 Dynamic f block size because the block size changed from 6 to 9
detect_structure.cc:114 Schur complement static structure <-1,-1,-1>.
schur_eliminator.cc:155 Template specializations not found for <-1,-1,-1>
block_sparse_matrix.cc:208 Allocating values array with 300792 bytes.
detect_structure.cc:63 Dynamic row block size because the block size changed from 2 to 15
detect_structure.cc:74 Dynamic e block size because the block size changed from 1 to 9
detect_structure.cc:93 Dynamic f block size because the block size changed from 6 to 9
detect_structure.cc:114 Schur complement static structure <-1,-1,-1>.
detect_structure.cc:63 Dynamic row block size because the block size changed from 2 to 15
detect_structure.cc:74 Dynamic e block size because the block size changed from 1 to 9
detect_structure.cc:93 Dynamic f block size because the block size changed from 6 to 9
detect_structure.cc:114 Schur complement static structure <-1,-1,-1>.
schur_eliminator.cc:155 Template specializations not found for <-1,-1,-1>
[FeatureTracker] F-matrix: 144 → 93 (rejected 51, threshold=1.000000)
block_sparse_matrix.cc:208 Allocating values array with 287304 bytes.
detect_structure.cc:63 Dynamic row block size because the block size changed from 2 to 15
detect_structure.cc:74 Dynamic e block size because the block size changed from 1 to 9
detect_structure.cc:93 Dynamic f block size because the block size changed from 6 to 9
detect_structure.cc:114 Schur complement static structure <-1,-1,-1>.
detect_structure.cc:63 Dynamic row block size because the block size changed from 2 to 15
detect_structure.cc:74 Dynamic e block size because the block size changed from 1 to 9
detect_structure.cc:93 Dynamic f block size because the block size changed from 6 to 9
detect_structure.cc:114 Schur complement static structure <-1,-1,-1>.
schur_eliminator.cc:155 Template specializations not found for <-1,-1,-1>
block_sparse_matrix.cc:208 Allocating values array with 292056 bytes.
detect_structure.cc:63 Dynamic row block size because the block size changed from 2 to 15
detect_structure.cc:74 Dynamic e block size because the block size changed from 1 to 9
detect_structure.cc:93 Dynamic f block size because the block size changed from 6 to 9
detect_structure.cc:114 Schur complement static structure <-1,-1,-1>.
detect_structure.cc:63 Dynamic row block size because the block size changed from 2 to 15
detect_structure.cc:74 Dynamic e block size because the block size changed from 1 to 9
detect_structure.cc:93 Dynamic f block size because the block size changed from 6 to 9
detect_structure.cc:114 Schur complement static structure <-1,-1,-1>.
schur_eliminator.cc:155 Template specializations not found for <-1,-1,-1>
block_sparse_matrix.cc:208 Allocating values array with 285016 bytes.
detect_structure.cc:63 Dynamic row block size because the block size changed from 2 to 15
detect_structure.cc:74 Dynamic e block size because the block size changed from 1 to 9
detect_structure.cc:93 Dynamic f block size because the block size changed from 6 to 9
detect_structure.cc:114 Schur complement static structure <-1,-1,-1>.
detect_structure.cc:63 Dynamic row block size because the block size changed from 2 to 15
detect_structure.cc:74 Dynamic e block size because the block size changed from 1 to 9
detect_structure.cc:93 Dynamic f block size because the block size changed from 6 to 9
detect_structure.cc:114 Schur complement static structure <-1,-1,-1>.
schur_eliminator.cc:155 Template specializations not found for <-1,-1,-1>
block_sparse_matrix.cc:208 Allocating values array with 289560 bytes.
detect_structure.cc:63 Dynamic row block size because the block size changed from 2 to 15
detect_structure.cc:74 Dynamic e block size because the block size changed from 1 to 9
detect_structure.cc:93 Dynamic f block size because the block size changed from 6 to 9
detect_structure.cc:114 Schur complement static structure <-1,-1,-1>.
detect_structure.cc:63 Dynamic row block size because the block size changed from 2 to 15
detect_structure.cc:74 Dynamic e block size because the block size changed from 1 to 9
detect_structure.cc:93 Dynamic f block size because the block size changed from 6 to 9
detect_structure.cc:114 Schur complement static structure <-1,-1,-1>.
schur_eliminator.cc:155 Template specializations not found for <-1,-1,-1>
block_sparse_matrix.cc:208 Allocating values array with 302248 bytes.
detect_structure.cc:63 Dynamic row block size because the block size changed from 2 to 15
detect_structure.cc:74 Dynamic e block size because the block size changed from 1 to 9
detect_structure.cc:93 Dynamic f block size because the block size changed from 6 to 9
detect_structure.cc:114 Schur complement static structure <-1,-1,-1>.
detect_structure.cc:63 Dynamic row block size because the block size changed from 2 to 15
detect_structure.cc:74 Dynamic e block size because the block size changed from 1 to 9
detect_structure.cc:93 Dynamic f block size because the block size changed from 6 to 9
detect_structure.cc:114 Schur complement static structure <-1,-1,-1>.
schur_eliminator.cc:155 Template specializations not found for <-1,-1,-1>
block_sparse_matrix.cc:208 Allocating values array with 304328 bytes.
detect_structure.cc:63 Dynamic row block size because the block size changed from 2 to 15
detect_structure.cc:74 Dynamic e block size because the block size changed from 1 to 9
detect_structure.cc:93 Dynamic f block size because the block size changed from 6 to 9
detect_structure.cc:114 Schur complement static structure <-1,-1,-1>.
detect_structure.cc:63 Dynamic row block size because the block size changed from 2 to 15
detect_structure.cc:74 Dynamic e block size because the block size changed from 1 to 9
detect_structure.cc:93 Dynamic f block size because the block size changed from 6 to 9
detect_structure.cc:114 Schur complement static structure <-1,-1,-1>.
schur_eliminator.cc:155 Template specializations not found for <-1,-1,-1>
block_sparse_matrix.cc:208 Allocating values array with 304328 bytes.
detect_structure.cc:63 Dynamic row block size because the block size changed from 2 to 15
detect_structure.cc:74 Dynamic e block size because the block size changed from 1 to 9
detect_structure.cc:93 Dynamic f block size because the block size changed from 6 to 9
detect_structure.cc:114 Schur complement static structure <-1,-1,-1>.
detect_structure.cc:63 Dynamic row block size because the block size changed from 2 to 15
detect_structure.cc:74 Dynamic e block size because the block size changed from 1 to 9
detect_structure.cc:93 Dynamic f block size because the block size changed from 6 to 9
detect_structure.cc:114 Schur complement static structure <-1,-1,-1>.
schur_eliminator.cc:155 Template specializations not found for <-1,-1,-1>
block_sparse_matrix.cc:208 Allocating values array with 306616 bytes.
detect_structure.cc:63 Dynamic row block size because the block size changed from 2 to 15
detect_structure.cc:74 Dynamic e block size because the block size changed from 1 to 9
detect_structure.cc:93 Dynamic f block size because the block size changed from 6 to 9
detect_structure.cc:114 Schur complement static structure <-1,-1,-1>.
detect_structure.cc:63 Dynamic row block size because the block size changed from 2 to 15
detect_structure.cc:74 Dynamic e block size because the block size changed from 1 to 9
detect_structure.cc:93 Dynamic f block size because the block size changed from 6 to 9
detect_structure.cc:114 Schur complement static structure <-1,-1,-1>.
schur_eliminator.cc:155 Template specializations not found for <-1,-1,-1>
block_sparse_matrix.cc:208 Allocating values array with 304328 bytes.
detect_structure.cc:63 Dynamic row block size because the block size changed from 2 to 15
detect_structure.cc:74 Dynamic e block size because the block size changed from 1 to 9
detect_structure.cc:93 Dynamic f block size because the block size changed from 6 to 9
detect_structure.cc:114 Schur complement static structure <-1,-1,-1>.
detect_structure.cc:63 Dynamic row block size because the block size changed from 2 to 15
detect_structure.cc:74 Dynamic e block size because the block size changed from 1 to 9
detect_structure.cc:93 Dynamic f block size because the block size changed from 6 to 9
detect_structure.cc:114 Schur complement static structure <-1,-1,-1>.
schur_eliminator.cc:155 Template specializations not found for <-1,-1,-1>
block_sparse_matrix.cc:208 Allocating values array with 299960 bytes.
detect_structure.cc:63 Dynamic row block size because the block size changed from 2 to 15
detect_structure.cc:74 Dynamic e block size because the block size changed from 1 to 9
detect_structure.cc:93 Dynamic f block size because the block size changed from 6 to 9
detect_structure.cc:114 Schur complement static structure <-1,-1,-1>.
detect_structure.cc:63 Dynamic row block size because the block size changed from 2 to 15
detect_structure.cc:74 Dynamic e block size because the block size changed from 1 to 9
detect_structure.cc:93 Dynamic f block size because the block size changed from 6 to 9
detect_structure.cc:114 Schur complement static structure <-1,-1,-1>.
schur_eliminator.cc:155 Template specializations not found for <-1,-1,-1>
block_sparse_matrix.cc:208 Allocating values array with 293512 bytes.
detect_structure.cc:63 Dynamic row block size because the block size changed from 2 to 15
detect_structure.cc:74 Dynamic e block size because the block size changed from 1 to 9
detect_structure.cc:93 Dynamic f block size because the block size changed from 6 to 9
detect_structure.cc:114 Schur complement static structure <-1,-1,-1>.
detect_structure.cc:63 Dynamic row block size because the block size changed from 2 to 15
detect_structure.cc:74 Dynamic e block size because the block size changed from 1 to 9
detect_structure.cc:93 Dynamic f block size because the block size changed from 6 to 9
detect_structure.cc:114 Schur complement static structure <-1,-1,-1>.
schur_eliminator.cc:155 Template specializations not found for <-1,-1,-1>
[Native]    300 frames → 255 poses

=== Parity ===
Matched: 172 poses
Position - avg: 0.0958 m, max: 0.1357 m
Rotation - avg: 3.1233 deg, max: 7.5735 deg
[       OK ] VIOParityTest.TrajectoryComparison (11594 ms)
[ RUN      ] VIOParityTest.VIOEngineSanity
Loading configuration from: ./config/tum_vi_room1.yaml
Configuration loaded successfully from: ./config/tum_vi_room1.yaml
block_sparse_matrix.cc:208 Allocating values array with 214272 bytes.
detect_structure.cc:114 Schur complement static structure <2,3,3>.
detect_structure.cc:114 Schur complement static structure <2,3,3>.
schur_eliminator.cc:155 Template specializations not found for <2,3,3>
block_sparse_matrix.cc:208 Allocating values array with 214080 bytes.
detect_structure.cc:114 Schur complement static structure <2,3,3>.
detect_structure.cc:114 Schur complement static structure <2,3,3>.
schur_eliminator.cc:155 Template specializations not found for <2,3,3>
block_sparse_matrix.cc:208 Allocating values array with 213792 bytes.
detect_structure.cc:114 Schur complement static structure <2,3,3>.
detect_structure.cc:114 Schur complement static structure <2,3,3>.
schur_eliminator.cc:155 Template specializations not found for <2,3,3>
block_sparse_matrix.cc:208 Allocating values array with 208512 bytes.
detect_structure.cc:114 Schur complement static structure <2,3,3>.
detect_structure.cc:114 Schur complement static structure <2,3,3>.
schur_eliminator.cc:155 Template specializations not found for <2,3,3>
block_sparse_matrix.cc:208 Allocating values array with 207552 bytes.
detect_structure.cc:114 Schur complement static structure <2,3,3>.
detect_structure.cc:114 Schur complement static structure <2,3,3>.
schur_eliminator.cc:155 Template specializations not found for <2,3,3>
[VIO] Initialization SUCCESS
[VIO]   gravity: -0.0000 -0.0000  9.8101 (norm=9.8101)
[VIO]   V[0]:  0.0379 -0.0076 -0.0199 (norm=0.0435)
[VIO]   Ba[0]: 0.0000 0.0000 0.0000
[VIO]   Bg[0]: -0.0035  0.0055 -0.0018
block_sparse_matrix.cc:208 Allocating values array with 326576 bytes.
detect_structure.cc:63 Dynamic row block size because the block size changed from 2 to 15
detect_structure.cc:74 Dynamic e block size because the block size changed from 1 to 9
detect_structure.cc:93 Dynamic f block size because the block size changed from 6 to 9
detect_structure.cc:114 Schur complement static structure <-1,-1,-1>.
detect_structure.cc:63 Dynamic row block size because the block size changed from 2 to 15
detect_structure.cc:74 Dynamic e block size because the block size changed from 1 to 9
detect_structure.cc:93 Dynamic f block size because the block size changed from 6 to 9
detect_structure.cc:114 Schur complement static structure <-1,-1,-1>.
schur_eliminator.cc:155 Template specializations not found for <-1,-1,-1>
block_sparse_matrix.cc:208 Allocating values array with 358824 bytes.
detect_structure.cc:63 Dynamic row block size because the block size changed from 2 to 15
detect_structure.cc:74 Dynamic e block size because the block size changed from 1 to 9
detect_structure.cc:93 Dynamic f block size because the block size changed from 6 to 9
detect_structure.cc:114 Schur complement static structure <-1,-1,-1>.
detect_structure.cc:63 Dynamic row block size because the block size changed from 2 to 15
detect_structure.cc:74 Dynamic e block size because the block size changed from 1 to 9
detect_structure.cc:93 Dynamic f block size because the block size changed from 6 to 9
detect_structure.cc:114 Schur complement static structure <-1,-1,-1>.
schur_eliminator.cc:155 Template specializations not found for <-1,-1,-1>
block_sparse_matrix.cc:208 Allocating values array with 356952 bytes.
detect_structure.cc:63 Dynamic row block size because the block size changed from 2 to 15
detect_structure.cc:74 Dynamic e block size because the block size changed from 1 to 9
detect_structure.cc:93 Dynamic f block size because the block size changed from 6 to 9
detect_structure.cc:114 Schur complement static structure <-1,-1,-1>.
detect_structure.cc:63 Dynamic row block size because the block size changed from 2 to 15
detect_structure.cc:74 Dynamic e block size because the block size changed from 1 to 9
detect_structure.cc:93 Dynamic f block size because the block size changed from 6 to 9
detect_structure.cc:114 Schur complement static structure <-1,-1,-1>.
schur_eliminator.cc:155 Template specializations not found for <-1,-1,-1>
block_sparse_matrix.cc:208 Allocating values array with 351336 bytes.
detect_structure.cc:63 Dynamic row block size because the block size changed from 2 to 15
detect_structure.cc:74 Dynamic e block size because the block size changed from 1 to 9
detect_structure.cc:93 Dynamic f block size because the block size changed from 6 to 9
detect_structure.cc:114 Schur complement static structure <-1,-1,-1>.
detect_structure.cc:63 Dynamic row block size because the block size changed from 2 to 15
detect_structure.cc:74 Dynamic e block size because the block size changed from 1 to 9
detect_structure.cc:93 Dynamic f block size because the block size changed from 6 to 9
detect_structure.cc:114 Schur complement static structure <-1,-1,-1>.
schur_eliminator.cc:155 Template specializations not found for <-1,-1,-1>
block_sparse_matrix.cc:208 Allocating values array with 344680 bytes.
detect_structure.cc:63 Dynamic row block size because the block size changed from 2 to 15
detect_structure.cc:74 Dynamic e block size because the block size changed from 1 to 9
detect_structure.cc:93 Dynamic f block size because the block size changed from 6 to 9
detect_structure.cc:114 Schur complement static structure <-1,-1,-1>.
detect_structure.cc:63 Dynamic row block size because the block size changed from 2 to 15
detect_structure.cc:74 Dynamic e block size because the block size changed from 1 to 9
detect_structure.cc:93 Dynamic f block size because the block size changed from 6 to 9
detect_structure.cc:114 Schur complement static structure <-1,-1,-1>.
schur_eliminator.cc:155 Template specializations not found for <-1,-1,-1>
block_sparse_matrix.cc:208 Allocating values array with 340104 bytes.
detect_structure.cc:63 Dynamic row block size because the block size changed from 2 to 15
detect_structure.cc:74 Dynamic e block size because the block size changed from 1 to 9
detect_structure.cc:93 Dynamic f block size because the block size changed from 6 to 9
detect_structure.cc:114 Schur complement static structure <-1,-1,-1>.
detect_structure.cc:63 Dynamic row block size because the block size changed from 2 to 15
detect_structure.cc:74 Dynamic e block size because the block size changed from 1 to 9
detect_structure.cc:93 Dynamic f block size because the block size changed from 6 to 9
detect_structure.cc:114 Schur complement static structure <-1,-1,-1>.
schur_eliminator.cc:155 Template specializations not found for <-1,-1,-1>
block_sparse_matrix.cc:208 Allocating values array with 334904 bytes.
detect_structure.cc:63 Dynamic row block size because the block size changed from 2 to 15
detect_structure.cc:74 Dynamic e block size because the block size changed from 1 to 9
detect_structure.cc:93 Dynamic f block size because the block size changed from 6 to 9
detect_structure.cc:114 Schur complement static structure <-1,-1,-1>.
detect_structure.cc:63 Dynamic row block size because the block size changed from 2 to 15
detect_structure.cc:74 Dynamic e block size because the block size changed from 1 to 9
detect_structure.cc:93 Dynamic f block size because the block size changed from 6 to 9
detect_structure.cc:114 Schur complement static structure <-1,-1,-1>.
schur_eliminator.cc:155 Template specializations not found for <-1,-1,-1>
block_sparse_matrix.cc:208 Allocating values array with 331784 bytes.
detect_structure.cc:63 Dynamic row block size because the block size changed from 2 to 15
detect_structure.cc:74 Dynamic e block size because the block size changed from 1 to 9
detect_structure.cc:93 Dynamic f block size because the block size changed from 6 to 9
detect_structure.cc:114 Schur complement static structure <-1,-1,-1>.
detect_structure.cc:63 Dynamic row block size because the block size changed from 2 to 15
detect_structure.cc:74 Dynamic e block size because the block size changed from 1 to 9
detect_structure.cc:93 Dynamic f block size because the block size changed from 6 to 9
detect_structure.cc:114 Schur complement static structure <-1,-1,-1>.
schur_eliminator.cc:155 Template specializations not found for <-1,-1,-1>
block_sparse_matrix.cc:208 Allocating values array with 324296 bytes.
detect_structure.cc:63 Dynamic row block size because the block size changed from 2 to 15
detect_structure.cc:74 Dynamic e block size because the block size changed from 1 to 9
detect_structure.cc:93 Dynamic f block size because the block size changed from 6 to 9
detect_structure.cc:114 Schur complement static structure <-1,-1,-1>.
detect_structure.cc:63 Dynamic row block size because the block size changed from 2 to 15
detect_structure.cc:74 Dynamic e block size because the block size changed from 1 to 9
detect_structure.cc:93 Dynamic f block size because the block size changed from 6 to 9
detect_structure.cc:114 Schur complement static structure <-1,-1,-1>.
schur_eliminator.cc:155 Template specializations not found for <-1,-1,-1>
block_sparse_matrix.cc:208 Allocating values array with 318264 bytes.
detect_structure.cc:63 Dynamic row block size because the block size changed from 2 to 15
detect_structure.cc:74 Dynamic e block size because the block size changed from 1 to 9
detect_structure.cc:93 Dynamic f block size because the block size changed from 6 to 9
detect_structure.cc:114 Schur complement static structure <-1,-1,-1>.
detect_structure.cc:63 Dynamic row block size because the block size changed from 2 to 15
detect_structure.cc:74 Dynamic e block size because the block size changed from 1 to 9
detect_structure.cc:93 Dynamic f block size because the block size changed from 6 to 9
detect_structure.cc:114 Schur complement static structure <-1,-1,-1>.
schur_eliminator.cc:155 Template specializations not found for <-1,-1,-1>
block_sparse_matrix.cc:208 Allocating values array with 314520 bytes.
detect_structure.cc:63 Dynamic row block size because the block size changed from 2 to 15
detect_structure.cc:74 Dynamic e block size because the block size changed from 1 to 9
detect_structure.cc:93 Dynamic f block size because the block size changed from 6 to 9
detect_structure.cc:114 Schur complement static structure <-1,-1,-1>.
detect_structure.cc:63 Dynamic row block size because the block size changed from 2 to 15
detect_structure.cc:74 Dynamic e block size because the block size changed from 1 to 9
detect_structure.cc:93 Dynamic f block size because the block size changed from 6 to 9
detect_structure.cc:114 Schur complement static structure <-1,-1,-1>.
schur_eliminator.cc:155 Template specializations not found for <-1,-1,-1>
block_sparse_matrix.cc:208 Allocating values array with 311816 bytes.
detect_structure.cc:63 Dynamic row block size because the block size changed from 2 to 15
detect_structure.cc:74 Dynamic e block size because the block size changed from 1 to 9
detect_structure.cc:93 Dynamic f block size because the block size changed from 6 to 9
detect_structure.cc:114 Schur complement static structure <-1,-1,-1>.
detect_structure.cc:63 Dynamic row block size because the block size changed from 2 to 15
detect_structure.cc:74 Dynamic e block size because the block size changed from 1 to 9
detect_structure.cc:93 Dynamic f block size because the block size changed from 6 to 9
detect_structure.cc:114 Schur complement static structure <-1,-1,-1>.
schur_eliminator.cc:155 Template specializations not found for <-1,-1,-1>
block_sparse_matrix.cc:208 Allocating values array with 304776 bytes.
detect_structure.cc:63 Dynamic row block size because the block size changed from 2 to 15
detect_structure.cc:74 Dynamic e block size because the block size changed from 1 to 9
detect_structure.cc:93 Dynamic f block size because the block size changed from 6 to 9
detect_structure.cc:114 Schur complement static structure <-1,-1,-1>.
detect_structure.cc:63 Dynamic row block size because the block size changed from 2 to 15
detect_structure.cc:74 Dynamic e block size because the block size changed from 1 to 9
detect_structure.cc:93 Dynamic f block size because the block size changed from 6 to 9
detect_structure.cc:114 Schur complement static structure <-1,-1,-1>.
schur_eliminator.cc:155 Template specializations not found for <-1,-1,-1>
block_sparse_matrix.cc:208 Allocating values array with 312232 bytes.
detect_structure.cc:63 Dynamic row block size because the block size changed from 2 to 15
detect_structure.cc:74 Dynamic e block size because the block size changed from 1 to 9
detect_structure.cc:93 Dynamic f block size because the block size changed from 6 to 9
detect_structure.cc:114 Schur complement static structure <-1,-1,-1>.
detect_structure.cc:63 Dynamic row block size because the block size changed from 2 to 15
detect_structure.cc:74 Dynamic e block size because the block size changed from 1 to 9
detect_structure.cc:93 Dynamic f block size because the block size changed from 6 to 9
detect_structure.cc:114 Schur complement static structure <-1,-1,-1>.
schur_eliminator.cc:155 Template specializations not found for <-1,-1,-1>
[FeatureTracker] F-matrix: 145 → 91 (rejected 54, threshold=1.0000)
block_sparse_matrix.cc:208 Allocating values array with 297704 bytes.
detect_structure.cc:63 Dynamic row block size because the block size changed from 2 to 15
detect_structure.cc:74 Dynamic e block size because the block size changed from 1 to 9
detect_structure.cc:93 Dynamic f block size because the block size changed from 6 to 9
detect_structure.cc:114 Schur complement static structure <-1,-1,-1>.
detect_structure.cc:63 Dynamic row block size because the block size changed from 2 to 15
detect_structure.cc:74 Dynamic e block size because the block size changed from 1 to 9
detect_structure.cc:93 Dynamic f block size because the block size changed from 6 to 9
detect_structure.cc:114 Schur complement static structure <-1,-1,-1>.
schur_eliminator.cc:155 Template specializations not found for <-1,-1,-1>
block_sparse_matrix.cc:208 Allocating values array with 289592 bytes.
detect_structure.cc:63 Dynamic row block size because the block size changed from 2 to 15
detect_structure.cc:74 Dynamic e block size because the block size changed from 1 to 9
detect_structure.cc:93 Dynamic f block size because the block size changed from 6 to 9
detect_structure.cc:114 Schur complement static structure <-1,-1,-1>.
detect_structure.cc:63 Dynamic row block size because the block size changed from 2 to 15
detect_structure.cc:74 Dynamic e block size because the block size changed from 1 to 9
detect_structure.cc:93 Dynamic f block size because the block size changed from 6 to 9
detect_structure.cc:114 Schur complement static structure <-1,-1,-1>.
schur_eliminator.cc:155 Template specializations not found for <-1,-1,-1>
block_sparse_matrix.cc:208 Allocating values array with 289384 bytes.
detect_structure.cc:63 Dynamic row block size because the block size changed from 2 to 15
detect_structure.cc:74 Dynamic e block size because the block size changed from 1 to 9
detect_structure.cc:93 Dynamic f block size because the block size changed from 6 to 9
detect_structure.cc:114 Schur complement static structure <-1,-1,-1>.
detect_structure.cc:63 Dynamic row block size because the block size changed from 2 to 15
detect_structure.cc:74 Dynamic e block size because the block size changed from 1 to 9
detect_structure.cc:93 Dynamic f block size because the block size changed from 6 to 9
detect_structure.cc:114 Schur complement static structure <-1,-1,-1>.
schur_eliminator.cc:155 Template specializations not found for <-1,-1,-1>
[VIO DIAG] f=360 tri: ok=171 wait=0 fail=0 default=1 depth: avg=1.4016 min=0.4320 max=2.0003 |vel|=0.5330 vel=(-0.1608,0.0607,-0.5045) ba=(-0.1178,-0.9044,0.0166) bg=(-0.0028,0.0005,-0.0004)
block_sparse_matrix.cc:208 Allocating values array with 288968 bytes.
detect_structure.cc:63 Dynamic row block size because the block size changed from 2 to 15
detect_structure.cc:74 Dynamic e block size because the block size changed from 1 to 9
detect_structure.cc:93 Dynamic f block size because the block size changed from 6 to 9
detect_structure.cc:114 Schur complement static structure <-1,-1,-1>.
detect_structure.cc:63 Dynamic row block size because the block size changed from 2 to 15
detect_structure.cc:74 Dynamic e block size because the block size changed from 1 to 9
detect_structure.cc:93 Dynamic f block size because the block size changed from 6 to 9
detect_structure.cc:114 Schur complement static structure <-1,-1,-1>.
schur_eliminator.cc:155 Template specializations not found for <-1,-1,-1>
block_sparse_matrix.cc:208 Allocating values array with 288344 bytes.
detect_structure.cc:63 Dynamic row block size because the block size changed from 2 to 15
detect_structure.cc:74 Dynamic e block size because the block size changed from 1 to 9
detect_structure.cc:93 Dynamic f block size because the block size changed from 6 to 9
detect_structure.cc:114 Schur complement static structure <-1,-1,-1>.
detect_structure.cc:63 Dynamic row block size because the block size changed from 2 to 15
detect_structure.cc:74 Dynamic e block size because the block size changed from 1 to 9
detect_structure.cc:93 Dynamic f block size because the block size changed from 6 to 9
detect_structure.cc:114 Schur complement static structure <-1,-1,-1>.
schur_eliminator.cc:155 Template specializations not found for <-1,-1,-1>
block_sparse_matrix.cc:208 Allocating values array with 285608 bytes.
detect_structure.cc:63 Dynamic row block size because the block size changed from 2 to 15
detect_structure.cc:74 Dynamic e block size because the block size changed from 1 to 9
detect_structure.cc:93 Dynamic f block size because the block size changed from 6 to 9
detect_structure.cc:114 Schur complement static structure <-1,-1,-1>.
detect_structure.cc:63 Dynamic row block size because the block size changed from 2 to 15
detect_structure.cc:74 Dynamic e block size because the block size changed from 1 to 9
detect_structure.cc:93 Dynamic f block size because the block size changed from 6 to 9
detect_structure.cc:114 Schur complement static structure <-1,-1,-1>.
schur_eliminator.cc:155 Template specializations not found for <-1,-1,-1>
block_sparse_matrix.cc:208 Allocating values array with 289976 bytes.
detect_structure.cc:63 Dynamic row block size because the block size changed from 2 to 15
detect_structure.cc:74 Dynamic e block size because the block size changed from 1 to 9
detect_structure.cc:93 Dynamic f block size because the block size changed from 6 to 9
detect_structure.cc:114 Schur complement static structure <-1,-1,-1>.
detect_structure.cc:63 Dynamic row block size because the block size changed from 2 to 15
detect_structure.cc:74 Dynamic e block size because the block size changed from 1 to 9
detect_structure.cc:93 Dynamic f block size because the block size changed from 6 to 9
detect_structure.cc:114 Schur complement static structure <-1,-1,-1>.
schur_eliminator.cc:155 Template specializations not found for <-1,-1,-1>
block_sparse_matrix.cc:208 Allocating values array with 287064 bytes.
detect_structure.cc:63 Dynamic row block size because the block size changed from 2 to 15
detect_structure.cc:74 Dynamic e block size because the block size changed from 1 to 9
detect_structure.cc:93 Dynamic f block size because the block size changed from 6 to 9
detect_structure.cc:114 Schur complement static structure <-1,-1,-1>.
detect_structure.cc:63 Dynamic row block size because the block size changed from 2 to 15
detect_structure.cc:74 Dynamic e block size because the block size changed from 1 to 9
detect_structure.cc:93 Dynamic f block size because the block size changed from 6 to 9
detect_structure.cc:114 Schur complement static structure <-1,-1,-1>.
schur_eliminator.cc:155 Template specializations not found for <-1,-1,-1>
block_sparse_matrix.cc:208 Allocating values array with 284152 bytes.
detect_structure.cc:63 Dynamic row block size because the block size changed from 2 to 15
detect_structure.cc:74 Dynamic e block size because the block size changed from 1 to 9
detect_structure.cc:93 Dynamic f block size because the block size changed from 6 to 9
detect_structure.cc:114 Schur complement static structure <-1,-1,-1>.
detect_structure.cc:63 Dynamic row block size because the block size changed from 2 to 15
detect_structure.cc:74 Dynamic e block size because the block size changed from 1 to 9
detect_structure.cc:93 Dynamic f block size because the block size changed from 6 to 9
detect_structure.cc:114 Schur complement static structure <-1,-1,-1>.
schur_eliminator.cc:155 Template specializations not found for <-1,-1,-1>
block_sparse_matrix.cc:208 Allocating values array with 279992 bytes.
detect_structure.cc:63 Dynamic row block size because the block size changed from 2 to 15
detect_structure.cc:74 Dynamic e block size because the block size changed from 1 to 9
detect_structure.cc:93 Dynamic f block size because the block size changed from 6 to 9
detect_structure.cc:114 Schur complement static structure <-1,-1,-1>.
detect_structure.cc:63 Dynamic row block size because the block size changed from 2 to 15
detect_structure.cc:74 Dynamic e block size because the block size changed from 1 to 9
detect_structure.cc:93 Dynamic f block size because the block size changed from 6 to 9
detect_structure.cc:114 Schur complement static structure <-1,-1,-1>.
schur_eliminator.cc:155 Template specializations not found for <-1,-1,-1>
block_sparse_matrix.cc:208 Allocating values array with 276872 bytes.
detect_structure.cc:63 Dynamic row block size because the block size changed from 2 to 15
detect_structure.cc:74 Dynamic e block size because the block size changed from 1 to 9
detect_structure.cc:93 Dynamic f block size because the block size changed from 6 to 9
detect_structure.cc:114 Schur complement static structure <-1,-1,-1>.
detect_structure.cc:63 Dynamic row block size because the block size changed from 2 to 15
detect_structure.cc:74 Dynamic e block size because the block size changed from 1 to 9
detect_structure.cc:93 Dynamic f block size because the block size changed from 6 to 9
detect_structure.cc:114 Schur complement static structure <-1,-1,-1>.
schur_eliminator.cc:155 Template specializations not found for <-1,-1,-1>
block_sparse_matrix.cc:208 Allocating values array with 273128 bytes.
detect_structure.cc:63 Dynamic row block size because the block size changed from 2 to 15
detect_structure.cc:74 Dynamic e block size because the block size changed from 1 to 9
detect_structure.cc:93 Dynamic f block size because the block size changed from 6 to 9
detect_structure.cc:114 Schur complement static structure <-1,-1,-1>.
detect_structure.cc:63 Dynamic row block size because the block size changed from 2 to 15
detect_structure.cc:74 Dynamic e block size because the block size changed from 1 to 9
detect_structure.cc:93 Dynamic f block size because the block size changed from 6 to 9
detect_structure.cc:114 Schur complement static structure <-1,-1,-1>.
schur_eliminator.cc:155 Template specializations not found for <-1,-1,-1>
block_sparse_matrix.cc:208 Allocating values array with 268344 bytes.
detect_structure.cc:63 Dynamic row block size because the block size changed from 2 to 15
detect_structure.cc:74 Dynamic e block size because the block size changed from 1 to 9
detect_structure.cc:93 Dynamic f block size because the block size changed from 6 to 9
detect_structure.cc:114 Schur complement static structure <-1,-1,-1>.
detect_structure.cc:63 Dynamic row block size because the block size changed from 2 to 15
detect_structure.cc:74 Dynamic e block size because the block size changed from 1 to 9
detect_structure.cc:93 Dynamic f block size because the block size changed from 6 to 9
detect_structure.cc:114 Schur complement static structure <-1,-1,-1>.
schur_eliminator.cc:155 Template specializations not found for <-1,-1,-1>
block_sparse_matrix.cc:208 Allocating values array with 273336 bytes.
detect_structure.cc:63 Dynamic row block size because the block size changed from 2 to 15
detect_structure.cc:74 Dynamic e block size because the block size changed from 1 to 9
detect_structure.cc:93 Dynamic f block size because the block size changed from 6 to 9
detect_structure.cc:114 Schur complement static structure <-1,-1,-1>.
detect_structure.cc:63 Dynamic row block size because the block size changed from 2 to 15
detect_structure.cc:74 Dynamic e block size because the block size changed from 1 to 9
detect_structure.cc:93 Dynamic f block size because the block size changed from 6 to 9
detect_structure.cc:114 Schur complement static structure <-1,-1,-1>.
schur_eliminator.cc:155 Template specializations not found for <-1,-1,-1>
block_sparse_matrix.cc:208 Allocating values array with 274376 bytes.
detect_structure.cc:63 Dynamic row block size because the block size changed from 2 to 15
detect_structure.cc:74 Dynamic e block size because the block size changed from 1 to 9
detect_structure.cc:93 Dynamic f block size because the block size changed from 6 to 9
detect_structure.cc:114 Schur complement static structure <-1,-1,-1>.
detect_structure.cc:63 Dynamic row block size because the block size changed from 2 to 15
detect_structure.cc:74 Dynamic e block size because the block size changed from 1 to 9
detect_structure.cc:93 Dynamic f block size because the block size changed from 6 to 9
detect_structure.cc:114 Schur complement static structure <-1,-1,-1>.
schur_eliminator.cc:155 Template specializations not found for <-1,-1,-1>
block_sparse_matrix.cc:208 Allocating values array with 270632 bytes.
detect_structure.cc:63 Dynamic row block size because the block size changed from 2 to 15
detect_structure.cc:74 Dynamic e block size because the block size changed from 1 to 9
detect_structure.cc:93 Dynamic f block size because the block size changed from 6 to 9
detect_structure.cc:114 Schur complement static structure <-1,-1,-1>.
detect_structure.cc:63 Dynamic row block size because the block size changed from 2 to 15
detect_structure.cc:74 Dynamic e block size because the block size changed from 1 to 9
detect_structure.cc:93 Dynamic f block size because the block size changed from 6 to 9
detect_structure.cc:114 Schur complement static structure <-1,-1,-1>.
schur_eliminator.cc:155 Template specializations not found for <-1,-1,-1>
[FeatureTracker] F-matrix: 122 → 60 (rejected 62, threshold=1.0000)
block_sparse_matrix.cc:208 Allocating values array with 263768 bytes.
detect_structure.cc:63 Dynamic row block size because the block size changed from 2 to 15
detect_structure.cc:74 Dynamic e block size because the block size changed from 1 to 9
detect_structure.cc:93 Dynamic f block size because the block size changed from 6 to 9
detect_structure.cc:114 Schur complement static structure <-1,-1,-1>.
detect_structure.cc:63 Dynamic row block size because the block size changed from 2 to 15
detect_structure.cc:74 Dynamic e block size because the block size changed from 1 to 9
detect_structure.cc:93 Dynamic f block size because the block size changed from 6 to 9
detect_structure.cc:114 Schur complement static structure <-1,-1,-1>.
schur_eliminator.cc:155 Template specializations not found for <-1,-1,-1>
block_sparse_matrix.cc:208 Allocating values array with 248408 bytes.
detect_structure.cc:63 Dynamic row block size because the block size changed from 2 to 15
detect_structure.cc:74 Dynamic e block size because the block size changed from 1 to 9
detect_structure.cc:93 Dynamic f block size because the block size changed from 6 to 9
detect_structure.cc:114 Schur complement static structure <-1,-1,-1>.
detect_structure.cc:63 Dynamic row block size because the block size changed from 2 to 15
detect_structure.cc:74 Dynamic e block size because the block size changed from 1 to 9
detect_structure.cc:93 Dynamic f block size because the block size changed from 6 to 9
detect_structure.cc:114 Schur complement static structure <-1,-1,-1>.
schur_eliminator.cc:155 Template specializations not found for <-1,-1,-1>
block_sparse_matrix.cc:208 Allocating values array with 247960 bytes.
detect_structure.cc:63 Dynamic row block size because the block size changed from 2 to 15
detect_structure.cc:74 Dynamic e block size because the block size changed from 1 to 9
detect_structure.cc:93 Dynamic f block size because the block size changed from 6 to 9
detect_structure.cc:114 Schur complement static structure <-1,-1,-1>.
detect_structure.cc:63 Dynamic row block size because the block size changed from 2 to 15
detect_structure.cc:74 Dynamic e block size because the block size changed from 1 to 9
detect_structure.cc:93 Dynamic f block size because the block size changed from 6 to 9
detect_structure.cc:114 Schur complement static structure <-1,-1,-1>.
schur_eliminator.cc:155 Template specializations not found for <-1,-1,-1>
block_sparse_matrix.cc:208 Allocating values array with 241336 bytes.
detect_structure.cc:63 Dynamic row block size because the block size changed from 2 to 15
detect_structure.cc:74 Dynamic e block size because the block size changed from 1 to 9
detect_structure.cc:93 Dynamic f block size because the block size changed from 6 to 9
detect_structure.cc:114 Schur complement static structure <-1,-1,-1>.
detect_structure.cc:63 Dynamic row block size because the block size changed from 2 to 15
detect_structure.cc:74 Dynamic e block size because the block size changed from 1 to 9
detect_structure.cc:93 Dynamic f block size because the block size changed from 6 to 9
detect_structure.cc:114 Schur complement static structure <-1,-1,-1>.
schur_eliminator.cc:155 Template specializations not found for <-1,-1,-1>
block_sparse_matrix.cc:208 Allocating values array with 238808 bytes.
detect_structure.cc:63 Dynamic row block size because the block size changed from 2 to 15
detect_structure.cc:74 Dynamic e block size because the block size changed from 1 to 9
detect_structure.cc:93 Dynamic f block size because the block size changed from 6 to 9
detect_structure.cc:114 Schur complement static structure <-1,-1,-1>.
detect_structure.cc:63 Dynamic row block size because the block size changed from 2 to 15
detect_structure.cc:74 Dynamic e block size because the block size changed from 1 to 9
detect_structure.cc:93 Dynamic f block size because the block size changed from 6 to 9
detect_structure.cc:114 Schur complement static structure <-1,-1,-1>.
schur_eliminator.cc:155 Template specializations not found for <-1,-1,-1>
block_sparse_matrix.cc:208 Allocating values array with 265016 bytes.
detect_structure.cc:63 Dynamic row block size because the block size changed from 2 to 15
detect_structure.cc:74 Dynamic e block size because the block size changed from 1 to 9
detect_structure.cc:93 Dynamic f block size because the block size changed from 6 to 9
detect_structure.cc:114 Schur complement static structure <-1,-1,-1>.
detect_structure.cc:63 Dynamic row block size because the block size changed from 2 to 15
detect_structure.cc:74 Dynamic e block size because the block size changed from 1 to 9
detect_structure.cc:93 Dynamic f block size because the block size changed from 6 to 9
detect_structure.cc:114 Schur complement static structure <-1,-1,-1>.
schur_eliminator.cc:155 Template specializations not found for <-1,-1,-1>
block_sparse_matrix.cc:208 Allocating values array with 269800 bytes.
detect_structure.cc:63 Dynamic row block size because the block size changed from 2 to 15
detect_structure.cc:74 Dynamic e block size because the block size changed from 1 to 9
detect_structure.cc:93 Dynamic f block size because the block size changed from 6 to 9
detect_structure.cc:114 Schur complement static structure <-1,-1,-1>.
detect_structure.cc:63 Dynamic row block size because the block size changed from 2 to 15
detect_structure.cc:74 Dynamic e block size because the block size changed from 1 to 9
detect_structure.cc:93 Dynamic f block size because the block size changed from 6 to 9
detect_structure.cc:114 Schur complement static structure <-1,-1,-1>.
schur_eliminator.cc:155 Template specializations not found for <-1,-1,-1>
[VIO DIAG] f=380 tri: ok=168 wait=4 fail=0 default=0 depth: avg=1.4376 min=0.1138 max=2.2884 |vel|=1.1083 vel=(-0.6695,-0.2705,0.8408) ba=(0.2484,-0.8451,0.0286) bg=(-0.0037,-0.0013,0.0003)
block_sparse_matrix.cc:208 Allocating values array with 272920 bytes.
detect_structure.cc:63 Dynamic row block size because the block size changed from 2 to 15
detect_structure.cc:74 Dynamic e block size because the block size changed from 1 to 9
detect_structure.cc:93 Dynamic f block size because the block size changed from 6 to 9
detect_structure.cc:114 Schur complement static structure <-1,-1,-1>.
detect_structure.cc:63 Dynamic row block size because the block size changed from 2 to 15
detect_structure.cc:74 Dynamic e block size because the block size changed from 1 to 9
detect_structure.cc:93 Dynamic f block size because the block size changed from 6 to 9
detect_structure.cc:114 Schur complement static structure <-1,-1,-1>.
schur_eliminator.cc:155 Template specializations not found for <-1,-1,-1>
block_sparse_matrix.cc:208 Allocating values array with 279160 bytes.
detect_structure.cc:63 Dynamic row block size because the block size changed from 2 to 15
detect_structure.cc:74 Dynamic e block size because the block size changed from 1 to 9
detect_structure.cc:93 Dynamic f block size because the block size changed from 6 to 9
detect_structure.cc:114 Schur complement static structure <-1,-1,-1>.
detect_structure.cc:63 Dynamic row block size because the block size changed from 2 to 15
detect_structure.cc:74 Dynamic e block size because the block size changed from 1 to 9
detect_structure.cc:93 Dynamic f block size because the block size changed from 6 to 9
detect_structure.cc:114 Schur complement static structure <-1,-1,-1>.
schur_eliminator.cc:155 Template specializations not found for <-1,-1,-1>
block_sparse_matrix.cc:208 Allocating values array with 285192 bytes.
detect_structure.cc:63 Dynamic row block size because the block size changed from 2 to 15
detect_structure.cc:74 Dynamic e block size because the block size changed from 1 to 9
detect_structure.cc:93 Dynamic f block size because the block size changed from 6 to 9
detect_structure.cc:114 Schur complement static structure <-1,-1,-1>.
detect_structure.cc:63 Dynamic row block size because the block size changed from 2 to 15
detect_structure.cc:74 Dynamic e block size because the block size changed from 1 to 9
detect_structure.cc:93 Dynamic f block size because the block size changed from 6 to 9
detect_structure.cc:114 Schur complement static structure <-1,-1,-1>.
schur_eliminator.cc:155 Template specializations not found for <-1,-1,-1>
block_sparse_matrix.cc:208 Allocating values array with 290600 bytes.
detect_structure.cc:63 Dynamic row block size because the block size changed from 2 to 15
detect_structure.cc:74 Dynamic e block size because the block size changed from 1 to 9
detect_structure.cc:93 Dynamic f block size because the block size changed from 6 to 9
detect_structure.cc:114 Schur complement static structure <-1,-1,-1>.
detect_structure.cc:63 Dynamic row block size because the block size changed from 2 to 15
detect_structure.cc:74 Dynamic e block size because the block size changed from 1 to 9
detect_structure.cc:93 Dynamic f block size because the block size changed from 6 to 9
detect_structure.cc:114 Schur complement static structure <-1,-1,-1>.
schur_eliminator.cc:155 Template specializations not found for <-1,-1,-1>
block_sparse_matrix.cc:208 Allocating values array with 301832 bytes.
detect_structure.cc:63 Dynamic row block size because the block size changed from 2 to 15
detect_structure.cc:74 Dynamic e block size because the block size changed from 1 to 9
detect_structure.cc:93 Dynamic f block size because the block size changed from 6 to 9
detect_structure.cc:114 Schur complement static structure <-1,-1,-1>.
detect_structure.cc:63 Dynamic row block size because the block size changed from 2 to 15
detect_structure.cc:74 Dynamic e block size because the block size changed from 1 to 9
detect_structure.cc:93 Dynamic f block size because the block size changed from 6 to 9
detect_structure.cc:114 Schur complement static structure <-1,-1,-1>.
schur_eliminator.cc:155 Template specializations not found for <-1,-1,-1>
block_sparse_matrix.cc:208 Allocating values array with 314728 bytes.
detect_structure.cc:63 Dynamic row block size because the block size changed from 2 to 15
detect_structure.cc:74 Dynamic e block size because the block size changed from 1 to 9
detect_structure.cc:93 Dynamic f block size because the block size changed from 6 to 9
detect_structure.cc:114 Schur complement static structure <-1,-1,-1>.
detect_structure.cc:63 Dynamic row block size because the block size changed from 2 to 15
detect_structure.cc:74 Dynamic e block size because the block size changed from 1 to 9
detect_structure.cc:93 Dynamic f block size because the block size changed from 6 to 9
detect_structure.cc:114 Schur complement static structure <-1,-1,-1>.
schur_eliminator.cc:155 Template specializations not found for <-1,-1,-1>
block_sparse_matrix.cc:208 Allocating values array with 306856 bytes.
detect_structure.cc:63 Dynamic row block size because the block size changed from 2 to 15
detect_structure.cc:74 Dynamic e block size because the block size changed from 1 to 9
detect_structure.cc:93 Dynamic f block size because the block size changed from 6 to 9
detect_structure.cc:114 Schur complement static structure <-1,-1,-1>.
detect_structure.cc:63 Dynamic row block size because the block size changed from 2 to 15
detect_structure.cc:74 Dynamic e block size because the block size changed from 1 to 9
detect_structure.cc:93 Dynamic f block size because the block size changed from 6 to 9
detect_structure.cc:114 Schur complement static structure <-1,-1,-1>.
schur_eliminator.cc:155 Template specializations not found for <-1,-1,-1>
block_sparse_matrix.cc:208 Allocating values array with 314312 bytes.
detect_structure.cc:63 Dynamic row block size because the block size changed from 2 to 15
detect_structure.cc:74 Dynamic e block size because the block size changed from 1 to 9
detect_structure.cc:93 Dynamic f block size because the block size changed from 6 to 9
detect_structure.cc:114 Schur complement static structure <-1,-1,-1>.
detect_structure.cc:63 Dynamic row block size because the block size changed from 2 to 15
detect_structure.cc:74 Dynamic e block size because the block size changed from 1 to 9
detect_structure.cc:93 Dynamic f block size because the block size changed from 6 to 9
detect_structure.cc:114 Schur complement static structure <-1,-1,-1>.
schur_eliminator.cc:155 Template specializations not found for <-1,-1,-1>
block_sparse_matrix.cc:208 Allocating values array with 320968 bytes.
detect_structure.cc:63 Dynamic row block size because the block size changed from 2 to 15
detect_structure.cc:74 Dynamic e block size because the block size changed from 1 to 9
detect_structure.cc:93 Dynamic f block size because the block size changed from 6 to 9
detect_structure.cc:114 Schur complement static structure <-1,-1,-1>.
detect_structure.cc:63 Dynamic row block size because the block size changed from 2 to 15
detect_structure.cc:74 Dynamic e block size because the block size changed from 1 to 9
detect_structure.cc:93 Dynamic f block size because the block size changed from 6 to 9
detect_structure.cc:114 Schur complement static structure <-1,-1,-1>.
schur_eliminator.cc:155 Template specializations not found for <-1,-1,-1>
block_sparse_matrix.cc:208 Allocating values array with 322840 bytes.
detect_structure.cc:63 Dynamic row block size because the block size changed from 2 to 15
detect_structure.cc:74 Dynamic e block size because the block size changed from 1 to 9
detect_structure.cc:93 Dynamic f block size because the block size changed from 6 to 9
detect_structure.cc:114 Schur complement static structure <-1,-1,-1>.
detect_structure.cc:63 Dynamic row block size because the block size changed from 2 to 15
detect_structure.cc:74 Dynamic e block size because the block size changed from 1 to 9
detect_structure.cc:93 Dynamic f block size because the block size changed from 6 to 9
detect_structure.cc:114 Schur complement static structure <-1,-1,-1>.
schur_eliminator.cc:155 Template specializations not found for <-1,-1,-1>
[FeatureTracker] F-matrix: 129 → 68 (rejected 61, threshold=1.0000)
block_sparse_matrix.cc:208 Allocating values array with 312856 bytes.
detect_structure.cc:63 Dynamic row block size because the block size changed from 2 to 15
detect_structure.cc:74 Dynamic e block size because the block size changed from 1 to 9
detect_structure.cc:93 Dynamic f block size because the block size changed from 6 to 9
detect_structure.cc:114 Schur complement static structure <-1,-1,-1>.
detect_structure.cc:63 Dynamic row block size because the block size changed from 2 to 15
detect_structure.cc:74 Dynamic e block size because the block size changed from 1 to 9
detect_structure.cc:93 Dynamic f block size because the block size changed from 6 to 9
detect_structure.cc:114 Schur complement static structure <-1,-1,-1>.
schur_eliminator.cc:155 Template specializations not found for <-1,-1,-1>
block_sparse_matrix.cc:208 Allocating values array with 294376 bytes.
detect_structure.cc:63 Dynamic row block size because the block size changed from 2 to 15
detect_structure.cc:74 Dynamic e block size because the block size changed from 1 to 9
detect_structure.cc:93 Dynamic f block size because the block size changed from 6 to 9
detect_structure.cc:114 Schur complement static structure <-1,-1,-1>.
detect_structure.cc:63 Dynamic row block size because the block size changed from 2 to 15
detect_structure.cc:74 Dynamic e block size because the block size changed from 1 to 9
detect_structure.cc:93 Dynamic f block size because the block size changed from 6 to 9
detect_structure.cc:114 Schur complement static structure <-1,-1,-1>.
schur_eliminator.cc:155 Template specializations not found for <-1,-1,-1>
block_sparse_matrix.cc:208 Allocating values array with 288728 bytes.
detect_structure.cc:63 Dynamic row block size because the block size changed from 2 to 15
detect_structure.cc:74 Dynamic e block size because the block size changed from 1 to 9
detect_structure.cc:93 Dynamic f block size because the block size changed from 6 to 9
detect_structure.cc:114 Schur complement static structure <-1,-1,-1>.
detect_structure.cc:63 Dynamic row block size because the block size changed from 2 to 15
detect_structure.cc:74 Dynamic e block size because the block size changed from 1 to 9
detect_structure.cc:93 Dynamic f block size because the block size changed from 6 to 9
detect_structure.cc:114 Schur complement static structure <-1,-1,-1>.
schur_eliminator.cc:155 Template specializations not found for <-1,-1,-1>
block_sparse_matrix.cc:208 Allocating values array with 281688 bytes.
detect_structure.cc:63 Dynamic row block size because the block size changed from 2 to 15
detect_structure.cc:74 Dynamic e block size because the block size changed from 1 to 9
detect_structure.cc:93 Dynamic f block size because the block size changed from 6 to 9
detect_structure.cc:114 Schur complement static structure <-1,-1,-1>.
detect_structure.cc:63 Dynamic row block size because the block size changed from 2 to 15
detect_structure.cc:74 Dynamic e block size because the block size changed from 1 to 9
detect_structure.cc:93 Dynamic f block size because the block size changed from 6 to 9
detect_structure.cc:114 Schur complement static structure <-1,-1,-1>.
schur_eliminator.cc:155 Template specializations not found for <-1,-1,-1>
block_sparse_matrix.cc:208 Allocating values array with 275416 bytes.
detect_structure.cc:63 Dynamic row block size because the block size changed from 2 to 15
detect_structure.cc:74 Dynamic e block size because the block size changed from 1 to 9
detect_structure.cc:93 Dynamic f block size because the block size changed from 6 to 9
detect_structure.cc:114 Schur complement static structure <-1,-1,-1>.
detect_structure.cc:63 Dynamic row block size because the block size changed from 2 to 15
detect_structure.cc:74 Dynamic e block size because the block size changed from 1 to 9
detect_structure.cc:93 Dynamic f block size because the block size changed from 6 to 9
detect_structure.cc:114 Schur complement static structure <-1,-1,-1>.
schur_eliminator.cc:155 Template specializations not found for <-1,-1,-1>
block_sparse_matrix.cc:208 Allocating values array with 293304 bytes.
detect_structure.cc:63 Dynamic row block size because the block size changed from 2 to 15
detect_structure.cc:74 Dynamic e block size because the block size changed from 1 to 9
detect_structure.cc:93 Dynamic f block size because the block size changed from 6 to 9
detect_structure.cc:114 Schur complement static structure <-1,-1,-1>.
detect_structure.cc:63 Dynamic row block size because the block size changed from 2 to 15
detect_structure.cc:74 Dynamic e block size because the block size changed from 1 to 9
detect_structure.cc:93 Dynamic f block size because the block size changed from 6 to 9
detect_structure.cc:114 Schur complement static structure <-1,-1,-1>.
schur_eliminator.cc:155 Template specializations not found for <-1,-1,-1>
block_sparse_matrix.cc:208 Allocating values array with 284600 bytes.
detect_structure.cc:63 Dynamic row block size because the block size changed from 2 to 15
detect_structure.cc:74 Dynamic e block size because the block size changed from 1 to 9
detect_structure.cc:93 Dynamic f block size because the block size changed from 6 to 9
detect_structure.cc:114 Schur complement static structure <-1,-1,-1>.
detect_structure.cc:63 Dynamic row block size because the block size changed from 2 to 15
detect_structure.cc:74 Dynamic e block size because the block size changed from 1 to 9
detect_structure.cc:93 Dynamic f block size because the block size changed from 6 to 9
detect_structure.cc:114 Schur complement static structure <-1,-1,-1>.
schur_eliminator.cc:155 Template specializations not found for <-1,-1,-1>
block_sparse_matrix.cc:208 Allocating values array with 288520 bytes.
detect_structure.cc:63 Dynamic row block size because the block size changed from 2 to 15
detect_structure.cc:74 Dynamic e block size because the block size changed from 1 to 9
detect_structure.cc:93 Dynamic f block size because the block size changed from 6 to 9
detect_structure.cc:114 Schur complement static structure <-1,-1,-1>.
detect_structure.cc:63 Dynamic row block size because the block size changed from 2 to 15
detect_structure.cc:74 Dynamic e block size because the block size changed from 1 to 9
detect_structure.cc:93 Dynamic f block size because the block size changed from 6 to 9
detect_structure.cc:114 Schur complement static structure <-1,-1,-1>.
schur_eliminator.cc:155 Template specializations not found for <-1,-1,-1>
block_sparse_matrix.cc:208 Allocating values array with 287896 bytes.
detect_structure.cc:63 Dynamic row block size because the block size changed from 2 to 15
detect_structure.cc:74 Dynamic e block size because the block size changed from 1 to 9
detect_structure.cc:93 Dynamic f block size because the block size changed from 6 to 9
detect_structure.cc:114 Schur complement static structure <-1,-1,-1>.
detect_structure.cc:63 Dynamic row block size because the block size changed from 2 to 15
detect_structure.cc:74 Dynamic e block size because the block size changed from 1 to 9
detect_structure.cc:93 Dynamic f block size because the block size changed from 6 to 9
detect_structure.cc:114 Schur complement static structure <-1,-1,-1>.
schur_eliminator.cc:155 Template specializations not found for <-1,-1,-1>
block_sparse_matrix.cc:208 Allocating values array with 281032 bytes.
detect_structure.cc:63 Dynamic row block size because the block size changed from 2 to 15
detect_structure.cc:74 Dynamic e block size because the block size changed from 1 to 9
detect_structure.cc:93 Dynamic f block size because the block size changed from 6 to 9
detect_structure.cc:114 Schur complement static structure <-1,-1,-1>.
detect_structure.cc:63 Dynamic row block size because the block size changed from 2 to 15
detect_structure.cc:74 Dynamic e block size because the block size changed from 1 to 9
detect_structure.cc:93 Dynamic f block size because the block size changed from 6 to 9
detect_structure.cc:114 Schur complement static structure <-1,-1,-1>.
schur_eliminator.cc:155 Template specializations not found for <-1,-1,-1>
[VIO DIAG] f=400 tri: ok=188 wait=10 fail=0 default=0 depth: avg=1.4434 min=0.4731 max=10.9676 |vel|=0.8925 vel=(-0.6284,0.0531,-0.6315) ba=(0.1912,-0.4449,-0.0121) bg=(-0.0011,-0.0005,0.0005)
block_sparse_matrix.cc:208 Allocating values array with 279368 bytes.
detect_structure.cc:63 Dynamic row block size because the block size changed from 2 to 15
detect_structure.cc:74 Dynamic e block size because the block size changed from 1 to 9
detect_structure.cc:93 Dynamic f block size because the block size changed from 6 to 9
detect_structure.cc:114 Schur complement static structure <-1,-1,-1>.
detect_structure.cc:63 Dynamic row block size because the block size changed from 2 to 15
detect_structure.cc:74 Dynamic e block size because the block size changed from 1 to 9
detect_structure.cc:93 Dynamic f block size because the block size changed from 6 to 9
detect_structure.cc:114 Schur complement static structure <-1,-1,-1>.
schur_eliminator.cc:155 Template specializations not found for <-1,-1,-1>
block_sparse_matrix.cc:208 Allocating values array with 271496 bytes.
detect_structure.cc:63 Dynamic row block size because the block size changed from 2 to 15
detect_structure.cc:74 Dynamic e block size because the block size changed from 1 to 9
detect_structure.cc:93 Dynamic f block size because the block size changed from 6 to 9
detect_structure.cc:114 Schur complement static structure <-1,-1,-1>.
detect_structure.cc:63 Dynamic row block size because the block size changed from 2 to 15
detect_structure.cc:74 Dynamic e block size because the block size changed from 1 to 9
detect_structure.cc:93 Dynamic f block size because the block size changed from 6 to 9
detect_structure.cc:114 Schur complement static structure <-1,-1,-1>.
schur_eliminator.cc:155 Template specializations not found for <-1,-1,-1>
block_sparse_matrix.cc:208 Allocating values array with 272920 bytes.
detect_structure.cc:63 Dynamic row block size because the block size changed from 2 to 15
detect_structure.cc:74 Dynamic e block size because the block size changed from 1 to 9
detect_structure.cc:93 Dynamic f block size because the block size changed from 6 to 9
detect_structure.cc:114 Schur complement static structure <-1,-1,-1>.
detect_structure.cc:63 Dynamic row block size because the block size changed from 2 to 15
detect_structure.cc:74 Dynamic e block size because the block size changed from 1 to 9
detect_structure.cc:93 Dynamic f block size because the block size changed from 6 to 9
detect_structure.cc:114 Schur complement static structure <-1,-1,-1>.
schur_eliminator.cc:155 Template specializations not found for <-1,-1,-1>
block_sparse_matrix.cc:208 Allocating values array with 289768 bytes.
detect_structure.cc:63 Dynamic row block size because the block size changed from 2 to 15
detect_structure.cc:74 Dynamic e block size because the block size changed from 1 to 9
detect_structure.cc:93 Dynamic f block size because the block size changed from 6 to 9
detect_structure.cc:114 Schur complement static structure <-1,-1,-1>.
detect_structure.cc:63 Dynamic row block size because the block size changed from 2 to 15
detect_structure.cc:74 Dynamic e block size because the block size changed from 1 to 9
detect_structure.cc:93 Dynamic f block size because the block size changed from 6 to 9
detect_structure.cc:114 Schur complement static structure <-1,-1,-1>.
schur_eliminator.cc:155 Template specializations not found for <-1,-1,-1>
block_sparse_matrix.cc:208 Allocating values array with 282312 bytes.
detect_structure.cc:63 Dynamic row block size because the block size changed from 2 to 15
detect_structure.cc:74 Dynamic e block size because the block size changed from 1 to 9
detect_structure.cc:93 Dynamic f block size because the block size changed from 6 to 9
detect_structure.cc:114 Schur complement static structure <-1,-1,-1>.
detect_structure.cc:63 Dynamic row block size because the block size changed from 2 to 15
detect_structure.cc:74 Dynamic e block size because the block size changed from 1 to 9
detect_structure.cc:93 Dynamic f block size because the block size changed from 6 to 9
detect_structure.cc:114 Schur complement static structure <-1,-1,-1>.
schur_eliminator.cc:155 Template specializations not found for <-1,-1,-1>
block_sparse_matrix.cc:208 Allocating values array with 300792 bytes.
detect_structure.cc:63 Dynamic row block size because the block size changed from 2 to 15
detect_structure.cc:74 Dynamic e block size because the block size changed from 1 to 9
detect_structure.cc:93 Dynamic f block size because the block size changed from 6 to 9
detect_structure.cc:114 Schur complement static structure <-1,-1,-1>.
detect_structure.cc:63 Dynamic row block size because the block size changed from 2 to 15
detect_structure.cc:74 Dynamic e block size because the block size changed from 1 to 9
detect_structure.cc:93 Dynamic f block size because the block size changed from 6 to 9
detect_structure.cc:114 Schur complement static structure <-1,-1,-1>.
schur_eliminator.cc:155 Template specializations not found for <-1,-1,-1>
[FeatureTracker] F-matrix: 142 → 75 (rejected 67, threshold=1.0000)
block_sparse_matrix.cc:208 Allocating values array with 294968 bytes.
detect_structure.cc:63 Dynamic row block size because the block size changed from 2 to 15
detect_structure.cc:74 Dynamic e block size because the block size changed from 1 to 9
detect_structure.cc:93 Dynamic f block size because the block size changed from 6 to 9
detect_structure.cc:114 Schur complement static structure <-1,-1,-1>.
detect_structure.cc:63 Dynamic row block size because the block size changed from 2 to 15
detect_structure.cc:74 Dynamic e block size because the block size changed from 1 to 9
detect_structure.cc:93 Dynamic f block size because the block size changed from 6 to 9
detect_structure.cc:114 Schur complement static structure <-1,-1,-1>.
schur_eliminator.cc:155 Template specializations not found for <-1,-1,-1>
block_sparse_matrix.cc:208 Allocating values array with 286648 bytes.
detect_structure.cc:63 Dynamic row block size because the block size changed from 2 to 15
detect_structure.cc:74 Dynamic e block size because the block size changed from 1 to 9
detect_structure.cc:93 Dynamic f block size because the block size changed from 6 to 9
detect_structure.cc:114 Schur complement static structure <-1,-1,-1>.
detect_structure.cc:63 Dynamic row block size because the block size changed from 2 to 15
detect_structure.cc:74 Dynamic e block size because the block size changed from 1 to 9
detect_structure.cc:93 Dynamic f block size because the block size changed from 6 to 9
detect_structure.cc:114 Schur complement static structure <-1,-1,-1>.
schur_eliminator.cc:155 Template specializations not found for <-1,-1,-1>
block_sparse_matrix.cc:208 Allocating values array with 278744 bytes.
detect_structure.cc:63 Dynamic row block size because the block size changed from 2 to 15
detect_structure.cc:74 Dynamic e block size because the block size changed from 1 to 9
detect_structure.cc:93 Dynamic f block size because the block size changed from 6 to 9
detect_structure.cc:114 Schur complement static structure <-1,-1,-1>.
detect_structure.cc:63 Dynamic row block size because the block size changed from 2 to 15
detect_structure.cc:74 Dynamic e block size because the block size changed from 1 to 9
detect_structure.cc:93 Dynamic f block size because the block size changed from 6 to 9
detect_structure.cc:114 Schur complement static structure <-1,-1,-1>.
schur_eliminator.cc:155 Template specializations not found for <-1,-1,-1>
block_sparse_matrix.cc:208 Allocating values array with 268344 bytes.
detect_structure.cc:63 Dynamic row block size because the block size changed from 2 to 15
detect_structure.cc:74 Dynamic e block size because the block size changed from 1 to 9
detect_structure.cc:93 Dynamic f block size because the block size changed from 6 to 9
detect_structure.cc:114 Schur complement static structure <-1,-1,-1>.
detect_structure.cc:63 Dynamic row block size because the block size changed from 2 to 15
detect_structure.cc:74 Dynamic e block size because the block size changed from 1 to 9
detect_structure.cc:93 Dynamic f block size because the block size changed from 6 to 9
detect_structure.cc:114 Schur complement static structure <-1,-1,-1>.
schur_eliminator.cc:155 Template specializations not found for <-1,-1,-1>
block_sparse_matrix.cc:208 Allocating values array with 283736 bytes.
detect_structure.cc:63 Dynamic row block size because the block size changed from 2 to 15
detect_structure.cc:74 Dynamic e block size because the block size changed from 1 to 9
detect_structure.cc:93 Dynamic f block size because the block size changed from 6 to 9
detect_structure.cc:114 Schur complement static structure <-1,-1,-1>.
detect_structure.cc:63 Dynamic row block size because the block size changed from 2 to 15
detect_structure.cc:74 Dynamic e block size because the block size changed from 1 to 9
detect_structure.cc:93 Dynamic f block size because the block size changed from 6 to 9
detect_structure.cc:114 Schur complement static structure <-1,-1,-1>.
schur_eliminator.cc:155 Template specializations not found for <-1,-1,-1>
block_sparse_matrix.cc:208 Allocating values array with 284984 bytes.
detect_structure.cc:63 Dynamic row block size because the block size changed from 2 to 15
detect_structure.cc:74 Dynamic e block size because the block size changed from 1 to 9
detect_structure.cc:93 Dynamic f block size because the block size changed from 6 to 9
detect_structure.cc:114 Schur complement static structure <-1,-1,-1>.
detect_structure.cc:63 Dynamic row block size because the block size changed from 2 to 15
detect_structure.cc:74 Dynamic e block size because the block size changed from 1 to 9
detect_structure.cc:93 Dynamic f block size because the block size changed from 6 to 9
detect_structure.cc:114 Schur complement static structure <-1,-1,-1>.
schur_eliminator.cc:155 Template specializations not found for <-1,-1,-1>
block_sparse_matrix.cc:208 Allocating values array with 284360 bytes.
detect_structure.cc:63 Dynamic row block size because the block size changed from 2 to 15
detect_structure.cc:74 Dynamic e block size because the block size changed from 1 to 9
detect_structure.cc:93 Dynamic f block size because the block size changed from 6 to 9
detect_structure.cc:114 Schur complement static structure <-1,-1,-1>.
detect_structure.cc:63 Dynamic row block size because the block size changed from 2 to 15
detect_structure.cc:74 Dynamic e block size because the block size changed from 1 to 9
detect_structure.cc:93 Dynamic f block size because the block size changed from 6 to 9
detect_structure.cc:114 Schur complement static structure <-1,-1,-1>.
schur_eliminator.cc:155 Template specializations not found for <-1,-1,-1>
block_sparse_matrix.cc:208 Allocating values array with 287480 bytes.
detect_structure.cc:63 Dynamic row block size because the block size changed from 2 to 15
detect_structure.cc:74 Dynamic e block size because the block size changed from 1 to 9
detect_structure.cc:93 Dynamic f block size because the block size changed from 6 to 9
detect_structure.cc:114 Schur complement static structure <-1,-1,-1>.
detect_structure.cc:63 Dynamic row block size because the block size changed from 2 to 15
detect_structure.cc:74 Dynamic e block size because the block size changed from 1 to 9
detect_structure.cc:93 Dynamic f block size because the block size changed from 6 to 9
detect_structure.cc:114 Schur complement static structure <-1,-1,-1>.
schur_eliminator.cc:155 Template specializations not found for <-1,-1,-1>
[FeatureTracker] F-matrix: 146 → 87 (rejected 59, threshold=1.0000)
block_sparse_matrix.cc:208 Allocating values array with 279576 bytes.
detect_structure.cc:63 Dynamic row block size because the block size changed from 2 to 15
detect_structure.cc:74 Dynamic e block size because the block size changed from 1 to 9
detect_structure.cc:93 Dynamic f block size because the block size changed from 6 to 9
detect_structure.cc:114 Schur complement static structure <-1,-1,-1>.
detect_structure.cc:63 Dynamic row block size because the block size changed from 2 to 15
detect_structure.cc:74 Dynamic e block size because the block size changed from 1 to 9
detect_structure.cc:93 Dynamic f block size because the block size changed from 6 to 9
detect_structure.cc:114 Schur complement static structure <-1,-1,-1>.
schur_eliminator.cc:155 Template specializations not found for <-1,-1,-1>
[VIOEngine] 200 frames → 72 poses
[       OK ] VIOParityTest.VIOEngineSanity (2979 ms)
[----------] 3 tests from VIOParityTest (26073 ms total)

[----------] Global test environment tear-down
[==========] 3 tests from 1 test suite ran. (26073 ms total)
[  PASSED  ] 3 tests.
	Command being timed: "timeout 180 env OPENCV_FOR_THREADS_NUM=1 /home/park-ubuntu/park/SOLUTION/Mobile-SLAM/build/audit-native/test_vio_engine_parity --gtest_output=xml:/home/park-ubuntu/park/SOLUTION/Mobile-SLAM/build/audit-native/parity-headless-fixture.xml"
	User time (seconds): 43.00
	System time (seconds): 4.30
	Percent of CPU this job got: 180%
	Elapsed (wall clock) time (h:mm:ss or m:ss): 0:26.18
	Average shared text size (kbytes): 0
	Average unshared data size (kbytes): 0
	Average stack size (kbytes): 0
	Average total size (kbytes): 0
	Maximum resident set size (kbytes): 375200
	Average resident set size (kbytes): 0
	Major (requiring I/O) page faults: 0
	Minor (reclaiming a frame) page faults: 1512516
	Voluntary context switches: 83610
	Involuntary context switches: 196932
	Swaps: 0
	File system inputs: 0
	File system outputs: 1528
	Socket messages sent: 0
	Socket messages received: 0
	Signals delivered: 0
	Page size (bytes): 4096
	Exit status: 0
