Loading configuration from: /home/park-ubuntu/park/SOLUTION/Mobile-SLAM/config/tum_vi_room1.yaml
Configuration loaded successfully from: /home/park-ubuntu/park/SOLUTION/Mobile-SLAM/config/tum_vi_room1.yaml
[VIOEngine] PnP params: enable=1 freq=3
block_sparse_matrix.cc:208 Allocating values array with 212064 bytes.
detect_structure.cc:114 Schur complement static structure <2,3,3>.
detect_structure.cc:114 Schur complement static structure <2,3,3>.
schur_eliminator.cc:155 Template specializations not found for <2,3,3>
[VIO] Initialization SUCCESS
[VIO]   gravity: 1.38778e-17 2.22912e-16     9.81007 (norm=9.81007)
[VIO]   V[0]: -0.0133497  0.0027893  0.0150443 (norm=0.0203059)
[VIO]   Ba[0]: 0 0 0
[VIO]   Bg[0]:  0.000384333 -9.93043e-05   -0.0011117
block_sparse_matrix.cc:208 Allocating values array with 333024 bytes.
detect_structure.cc:63 Dynamic row block size because the block size changed from 2 to 15
detect_structure.cc:74 Dynamic e block size because the block size changed from 1 to 9
detect_structure.cc:93 Dynamic f block size because the block size changed from 6 to 9
detect_structure.cc:114 Schur complement static structure <-1,-1,-1>.
detect_structure.cc:63 Dynamic row block size because the block size changed from 2 to 15
detect_structure.cc:74 Dynamic e block size because the block size changed from 1 to 9
detect_structure.cc:93 Dynamic f block size because the block size changed from 6 to 9
detect_structure.cc:114 Schur complement static structure <-1,-1,-1>.
schur_eliminator.cc:155 Template specializations not found for <-1,-1,-1>
[VIOEngine] PnP frontend initialized (FREQ=3)
[VIO DIAG] f=0 tri: ok=162 wait=0 fail=0 default=2 depth: avg=1.57581 min=0.452249 max=3.56878 |vel|=0.01018 vel=(0.0084334,-0.00567628,-0.000537837) ba=(-0.078025,-0.0627944,-0.0247674) bg=(2.57013e-05,-0.000180291,-3.2206e-05)
block_sparse_matrix.cc:208 Allocating values array with 328864 bytes.
detect_structure.cc:63 Dynamic row block size because the block size changed from 2 to 15
detect_structure.cc:74 Dynamic e block size because the block size changed from 1 to 9
detect_structure.cc:93 Dynamic f block size because the block size changed from 6 to 9
detect_structure.cc:114 Schur complement static structure <-1,-1,-1>.
detect_structure.cc:63 Dynamic row block size because the block size changed from 2 to 15
detect_structure.cc:74 Dynamic e block size because the block size changed from 1 to 9
detect_structure.cc:93 Dynamic f block size because the block size changed from 6 to 9
detect_structure.cc:114 Schur complement static structure <-1,-1,-1>.
schur_eliminator.cc:155 Template specializations not found for <-1,-1,-1>
block_sparse_matrix.cc:208 Allocating values array with 328656 bytes.
detect_structure.cc:63 Dynamic row block size because the block size changed from 2 to 15
detect_structure.cc:74 Dynamic e block size because the block size changed from 1 to 9
detect_structure.cc:93 Dynamic f block size because the block size changed from 6 to 9
detect_structure.cc:114 Schur complement static structure <-1,-1,-1>.
detect_structure.cc:63 Dynamic row block size because the block size changed from 2 to 15
detect_structure.cc:74 Dynamic e block size because the block size changed from 1 to 9
detect_structure.cc:93 Dynamic f block size because the block size changed from 6 to 9
detect_structure.cc:114 Schur complement static structure <-1,-1,-1>.
schur_eliminator.cc:155 Template specializations not found for <-1,-1,-1>
block_sparse_matrix.cc:208 Allocating values array with 75384 bytes.
detect_structure.cc:63 Dynamic row block size because the block size changed from 2 to 15
detect_structure.cc:93 Dynamic f block size because the block size changed from 3 to 6
detect_structure.cc:114 Schur complement static structure <-1,6,-1>.
detect_structure.cc:63 Dynamic row block size because the block size changed from 2 to 15
detect_structure.cc:93 Dynamic f block size because the block size changed from 3 to 6
detect_structure.cc:114 Schur complement static structure <-1,6,-1>.
schur_eliminator.cc:155 Template specializations not found for <-1,6,-1>
block_sparse_matrix.cc:208 Allocating values array with 60168 bytes.
detect_structure.cc:63 Dynamic row block size because the block size changed from 2 to 15
detect_structure.cc:93 Dynamic f block size because the block size changed from 3 to 6
detect_structure.cc:114 Schur complement static structure <-1,6,-1>.
detect_structure.cc:63 Dynamic row block size because the block size changed from 2 to 15
detect_structure.cc:93 Dynamic f block size because the block size changed from 3 to 6
detect_structure.cc:114 Schur complement static structure <-1,6,-1>.
schur_eliminator.cc:155 Template specializations not found for <-1,6,-1>
block_sparse_matrix.cc:208 Allocating values array with 58992 bytes.
detect_structure.cc:63 Dynamic row block size because the block size changed from 2 to 15
detect_structure.cc:93 Dynamic f block size because the block size changed from 3 to 6
detect_structure.cc:114 Schur complement static structure <-1,6,-1>.
detect_structure.cc:63 Dynamic row block size because the block size changed from 2 to 15
detect_structure.cc:93 Dynamic f block size because the block size changed from 3 to 6
detect_structure.cc:114 Schur complement static structure <-1,6,-1>.
schur_eliminator.cc:155 Template specializations not found for <-1,6,-1>
block_sparse_matrix.cc:208 Allocating values array with 328448 bytes.
detect_structure.cc:63 Dynamic row block size because the block size changed from 2 to 15
detect_structure.cc:74 Dynamic e block size because the block size changed from 1 to 9
detect_structure.cc:93 Dynamic f block size because the block size changed from 6 to 9
detect_structure.cc:114 Schur complement static structure <-1,-1,-1>.
detect_structure.cc:63 Dynamic row block size because the block size changed from 2 to 15
detect_structure.cc:74 Dynamic e block size because the block size changed from 1 to 9
detect_structure.cc:93 Dynamic f block size because the block size changed from 6 to 9
detect_structure.cc:114 Schur complement static structure <-1,-1,-1>.
schur_eliminator.cc:155 Template specializations not found for <-1,-1,-1>
block_sparse_matrix.cc:208 Allocating values array with 59976 bytes.
detect_structure.cc:63 Dynamic row block size because the block size changed from 2 to 15
detect_structure.cc:93 Dynamic f block size because the block size changed from 3 to 6
detect_structure.cc:114 Schur complement static structure <-1,6,-1>.
detect_structure.cc:63 Dynamic row block size because the block size changed from 2 to 15
detect_structure.cc:93 Dynamic f block size because the block size changed from 3 to 6
detect_structure.cc:114 Schur complement static structure <-1,6,-1>.
schur_eliminator.cc:155 Template specializations not found for <-1,6,-1>
block_sparse_matrix.cc:208 Allocating values array with 44760 bytes.
detect_structure.cc:63 Dynamic row block size because the block size changed from 2 to 15
detect_structure.cc:93 Dynamic f block size because the block size changed from 3 to 6
detect_structure.cc:114 Schur complement static structure <-1,6,-1>.
detect_structure.cc:63 Dynamic row block size because the block size changed from 2 to 15
detect_structure.cc:93 Dynamic f block size because the block size changed from 3 to 6
detect_structure.cc:114 Schur complement static structure <-1,6,-1>.
schur_eliminator.cc:155 Template specializations not found for <-1,6,-1>
block_sparse_matrix.cc:208 Allocating values array with 43584 bytes.
detect_structure.cc:63 Dynamic row block size because the block size changed from 2 to 15
detect_structure.cc:114 Schur complement static structure <-1,6,3>.
detect_structure.cc:63 Dynamic row block size because the block size changed from 2 to 15
detect_structure.cc:114 Schur complement static structure <-1,6,3>.
schur_eliminator.cc:155 Template specializations not found for <-1,6,3>
block_sparse_matrix.cc:208 Allocating values array with 328448 bytes.
detect_structure.cc:63 Dynamic row block size because the block size changed from 2 to 15
detect_structure.cc:74 Dynamic e block size because the block size changed from 1 to 9
detect_structure.cc:93 Dynamic f block size because the block size changed from 6 to 9
detect_structure.cc:114 Schur complement static structure <-1,-1,-1>.
detect_structure.cc:63 Dynamic row block size because the block size changed from 2 to 15
detect_structure.cc:74 Dynamic e block size because the block size changed from 1 to 9
detect_structure.cc:93 Dynamic f block size because the block size changed from 6 to 9
detect_structure.cc:114 Schur complement static structure <-1,-1,-1>.
schur_eliminator.cc:155 Template specializations not found for <-1,-1,-1>
block_sparse_matrix.cc:208 Allocating values array with 44568 bytes.
detect_structure.cc:63 Dynamic row block size because the block size changed from 2 to 15
detect_structure.cc:93 Dynamic f block size because the block size changed from 3 to 6
detect_structure.cc:114 Schur complement static structure <-1,6,-1>.
detect_structure.cc:63 Dynamic row block size because the block size changed from 2 to 15
detect_structure.cc:93 Dynamic f block size because the block size changed from 3 to 6
detect_structure.cc:114 Schur complement static structure <-1,6,-1>.
schur_eliminator.cc:155 Template specializations not found for <-1,6,-1>
block_sparse_matrix.cc:208 Allocating values array with 30432 bytes.
detect_structure.cc:63 Dynamic row block size because the block size changed from 2 to 15
detect_structure.cc:114 Schur complement static structure <-1,6,3>.
detect_structure.cc:63 Dynamic row block size because the block size changed from 2 to 15
detect_structure.cc:114 Schur complement static structure <-1,6,3>.
schur_eliminator.cc:155 Template specializations not found for <-1,6,3>
block_sparse_matrix.cc:208 Allocating values array with 43488 bytes.
detect_structure.cc:63 Dynamic row block size because the block size changed from 2 to 15
detect_structure.cc:114 Schur complement static structure <-1,6,3>.
detect_structure.cc:63 Dynamic row block size because the block size changed from 2 to 15
detect_structure.cc:114 Schur complement static structure <-1,6,3>.
schur_eliminator.cc:155 Template specializations not found for <-1,6,3>
block_sparse_matrix.cc:208 Allocating values array with 328240 bytes.
detect_structure.cc:63 Dynamic row block size because the block size changed from 2 to 15
detect_structure.cc:74 Dynamic e block size because the block size changed from 1 to 9
detect_structure.cc:93 Dynamic f block size because the block size changed from 6 to 9
detect_structure.cc:114 Schur complement static structure <-1,-1,-1>.
detect_structure.cc:63 Dynamic row block size because the block size changed from 2 to 15
detect_structure.cc:74 Dynamic e block size because the block size changed from 1 to 9
detect_structure.cc:93 Dynamic f block size because the block size changed from 6 to 9
detect_structure.cc:114 Schur complement static structure <-1,-1,-1>.
schur_eliminator.cc:155 Template specializations not found for <-1,-1,-1>
block_sparse_matrix.cc:208 Allocating values array with 44472 bytes.
detect_structure.cc:63 Dynamic row block size because the block size changed from 2 to 15
detect_structure.cc:93 Dynamic f block size because the block size changed from 3 to 6
detect_structure.cc:114 Schur complement static structure <-1,6,-1>.
detect_structure.cc:63 Dynamic row block size because the block size changed from 2 to 15
detect_structure.cc:93 Dynamic f block size because the block size changed from 3 to 6
detect_structure.cc:114 Schur complement static structure <-1,6,-1>.
schur_eliminator.cc:155 Template specializations not found for <-1,6,-1>
block_sparse_matrix.cc:208 Allocating values array with 30432 bytes.
detect_structure.cc:63 Dynamic row block size because the block size changed from 2 to 15
detect_structure.cc:114 Schur complement static structure <-1,6,3>.
detect_structure.cc:63 Dynamic row block size because the block size changed from 2 to 15
detect_structure.cc:114 Schur complement static structure <-1,6,3>.
schur_eliminator.cc:155 Template specializations not found for <-1,6,3>
block_sparse_matrix.cc:208 Allocating values array with 43200 bytes.
detect_structure.cc:63 Dynamic row block size because the block size changed from 2 to 15
detect_structure.cc:114 Schur complement static structure <-1,6,3>.
detect_structure.cc:63 Dynamic row block size because the block size changed from 2 to 15
detect_structure.cc:114 Schur complement static structure <-1,6,3>.
schur_eliminator.cc:155 Template specializations not found for <-1,6,3>
block_sparse_matrix.cc:208 Allocating values array with 327616 bytes.
detect_structure.cc:63 Dynamic row block size because the block size changed from 2 to 15
detect_structure.cc:74 Dynamic e block size because the block size changed from 1 to 9
detect_structure.cc:93 Dynamic f block size because the block size changed from 6 to 9
detect_structure.cc:114 Schur complement static structure <-1,-1,-1>.
detect_structure.cc:63 Dynamic row block size because the block size changed from 2 to 15
detect_structure.cc:74 Dynamic e block size because the block size changed from 1 to 9
detect_structure.cc:93 Dynamic f block size because the block size changed from 6 to 9
detect_structure.cc:114 Schur complement static structure <-1,-1,-1>.
schur_eliminator.cc:155 Template specializations not found for <-1,-1,-1>
block_sparse_matrix.cc:208 Allocating values array with 43992 bytes.
detect_structure.cc:63 Dynamic row block size because the block size changed from 2 to 15
detect_structure.cc:93 Dynamic f block size because the block size changed from 3 to 6
detect_structure.cc:114 Schur complement static structure <-1,6,-1>.
detect_structure.cc:63 Dynamic row block size because the block size changed from 2 to 15
detect_structure.cc:93 Dynamic f block size because the block size changed from 3 to 6
detect_structure.cc:114 Schur complement static structure <-1,6,-1>.
schur_eliminator.cc:155 Template specializations not found for <-1,6,-1>
block_sparse_matrix.cc:208 Allocating values array with 30144 bytes.
detect_structure.cc:63 Dynamic row block size because the block size changed from 2 to 15
detect_structure.cc:114 Schur complement static structure <-1,6,3>.
detect_structure.cc:63 Dynamic row block size because the block size changed from 2 to 15
detect_structure.cc:114 Schur complement static structure <-1,6,3>.
schur_eliminator.cc:155 Template specializations not found for <-1,6,3>
block_sparse_matrix.cc:208 Allocating values array with 42816 bytes.
detect_structure.cc:63 Dynamic row block size because the block size changed from 2 to 15
detect_structure.cc:114 Schur complement static structure <-1,6,3>.
detect_structure.cc:63 Dynamic row block size because the block size changed from 2 to 15
detect_structure.cc:114 Schur complement static structure <-1,6,3>.
schur_eliminator.cc:155 Template specializations not found for <-1,6,3>
block_sparse_matrix.cc:208 Allocating values array with 369224 bytes.
detect_structure.cc:63 Dynamic row block size because the block size changed from 2 to 15
detect_structure.cc:74 Dynamic e block size because the block size changed from 1 to 9
detect_structure.cc:93 Dynamic f block size because the block size changed from 6 to 9
detect_structure.cc:114 Schur complement static structure <-1,-1,-1>.
detect_structure.cc:63 Dynamic row block size because the block size changed from 2 to 15
detect_structure.cc:74 Dynamic e block size because the block size changed from 1 to 9
detect_structure.cc:93 Dynamic f block size because the block size changed from 6 to 9
detect_structure.cc:114 Schur complement static structure <-1,-1,-1>.
schur_eliminator.cc:155 Template specializations not found for <-1,-1,-1>
block_sparse_matrix.cc:208 Allocating values array with 43896 bytes.
detect_structure.cc:63 Dynamic row block size because the block size changed from 2 to 15
detect_structure.cc:93 Dynamic f block size because the block size changed from 3 to 6
detect_structure.cc:114 Schur complement static structure <-1,6,-1>.
detect_structure.cc:63 Dynamic row block size because the block size changed from 2 to 15
detect_structure.cc:93 Dynamic f block size because the block size changed from 3 to 6
detect_structure.cc:114 Schur complement static structure <-1,6,-1>.
schur_eliminator.cc:155 Template specializations not found for <-1,6,-1>
block_sparse_matrix.cc:208 Allocating values array with 29760 bytes.
detect_structure.cc:63 Dynamic row block size because the block size changed from 2 to 15
detect_structure.cc:114 Schur complement static structure <-1,6,3>.
detect_structure.cc:63 Dynamic row block size because the block size changed from 2 to 15
detect_structure.cc:114 Schur complement static structure <-1,6,3>.
schur_eliminator.cc:155 Template specializations not found for <-1,6,3>
block_sparse_matrix.cc:208 Allocating values array with 42816 bytes.
detect_structure.cc:63 Dynamic row block size because the block size changed from 2 to 15
detect_structure.cc:114 Schur complement static structure <-1,6,3>.
detect_structure.cc:63 Dynamic row block size because the block size changed from 2 to 15
detect_structure.cc:114 Schur complement static structure <-1,6,3>.
schur_eliminator.cc:155 Template specializations not found for <-1,6,3>
block_sparse_matrix.cc:208 Allocating values array with 362392 bytes.
detect_structure.cc:63 Dynamic row block size because the block size changed from 2 to 15
detect_structure.cc:74 Dynamic e block size because the block size changed from 1 to 9
detect_structure.cc:93 Dynamic f block size because the block size changed from 6 to 9
detect_structure.cc:114 Schur complement static structure <-1,-1,-1>.
detect_structure.cc:63 Dynamic row block size because the block size changed from 2 to 15
detect_structure.cc:74 Dynamic e block size because the block size changed from 1 to 9
detect_structure.cc:93 Dynamic f block size because the block size changed from 6 to 9
detect_structure.cc:114 Schur complement static structure <-1,-1,-1>.
schur_eliminator.cc:155 Template specializations not found for <-1,-1,-1>
block_sparse_matrix.cc:208 Allocating values array with 44184 bytes.
detect_structure.cc:63 Dynamic row block size because the block size changed from 2 to 15
detect_structure.cc:93 Dynamic f block size because the block size changed from 3 to 6
detect_structure.cc:114 Schur complement static structure <-1,6,-1>.
detect_structure.cc:63 Dynamic row block size because the block size changed from 2 to 15
detect_structure.cc:93 Dynamic f block size because the block size changed from 3 to 6
detect_structure.cc:114 Schur complement static structure <-1,6,-1>.
schur_eliminator.cc:155 Template specializations not found for <-1,6,-1>
block_sparse_matrix.cc:208 Allocating values array with 30048 bytes.
detect_structure.cc:63 Dynamic row block size because the block size changed from 2 to 15
detect_structure.cc:114 Schur complement static structure <-1,6,3>.
detect_structure.cc:63 Dynamic row block size because the block size changed from 2 to 15
detect_structure.cc:114 Schur complement static structure <-1,6,3>.
schur_eliminator.cc:155 Template specializations not found for <-1,6,3>
block_sparse_matrix.cc:208 Allocating values array with 43104 bytes.
detect_structure.cc:63 Dynamic row block size because the block size changed from 2 to 15
detect_structure.cc:114 Schur complement static structure <-1,6,3>.
detect_structure.cc:63 Dynamic row block size because the block size changed from 2 to 15
detect_structure.cc:114 Schur complement static structure <-1,6,3>.
schur_eliminator.cc:155 Template specializations not found for <-1,6,3>
block_sparse_matrix.cc:208 Allocating values array with 362392 bytes.
detect_structure.cc:63 Dynamic row block size because the block size changed from 2 to 15
detect_structure.cc:74 Dynamic e block size because the block size changed from 1 to 9
detect_structure.cc:93 Dynamic f block size because the block size changed from 6 to 9
detect_structure.cc:114 Schur complement static structure <-1,-1,-1>.
detect_structure.cc:63 Dynamic row block size because the block size changed from 2 to 15
detect_structure.cc:74 Dynamic e block size because the block size changed from 1 to 9
detect_structure.cc:93 Dynamic f block size because the block size changed from 6 to 9
detect_structure.cc:114 Schur complement static structure <-1,-1,-1>.
schur_eliminator.cc:155 Template specializations not found for <-1,-1,-1>
block_sparse_matrix.cc:208 Allocating values array with 44568 bytes.
detect_structure.cc:63 Dynamic row block size because the block size changed from 2 to 15
detect_structure.cc:93 Dynamic f block size because the block size changed from 3 to 6
detect_structure.cc:114 Schur complement static structure <-1,6,-1>.
detect_structure.cc:63 Dynamic row block size because the block size changed from 2 to 15
detect_structure.cc:93 Dynamic f block size because the block size changed from 3 to 6
detect_structure.cc:114 Schur complement static structure <-1,6,-1>.
schur_eliminator.cc:155 Template specializations not found for <-1,6,-1>
block_sparse_matrix.cc:208 Allocating values array with 30432 bytes.
detect_structure.cc:63 Dynamic row block size because the block size changed from 2 to 15
detect_structure.cc:114 Schur complement static structure <-1,6,3>.
detect_structure.cc:63 Dynamic row block size because the block size changed from 2 to 15
detect_structure.cc:114 Schur complement static structure <-1,6,3>.
schur_eliminator.cc:155 Template specializations not found for <-1,6,3>
block_sparse_matrix.cc:208 Allocating values array with 43488 bytes.
detect_structure.cc:63 Dynamic row block size because the block size changed from 2 to 15
detect_structure.cc:114 Schur complement static structure <-1,6,3>.
detect_structure.cc:63 Dynamic row block size because the block size changed from 2 to 15
detect_structure.cc:114 Schur complement static structure <-1,6,3>.
schur_eliminator.cc:155 Template specializations not found for <-1,6,3>
block_sparse_matrix.cc:208 Allocating values array with 362392 bytes.
detect_structure.cc:63 Dynamic row block size because the block size changed from 2 to 15
detect_structure.cc:74 Dynamic e block size because the block size changed from 1 to 9
detect_structure.cc:93 Dynamic f block size because the block size changed from 6 to 9
detect_structure.cc:114 Schur complement static structure <-1,-1,-1>.
detect_structure.cc:63 Dynamic row block size because the block size changed from 2 to 15
detect_structure.cc:74 Dynamic e block size because the block size changed from 1 to 9
detect_structure.cc:93 Dynamic f block size because the block size changed from 6 to 9
detect_structure.cc:114 Schur complement static structure <-1,-1,-1>.
schur_eliminator.cc:155 Template specializations not found for <-1,-1,-1>
block_sparse_matrix.cc:208 Allocating values array with 44472 bytes.
detect_structure.cc:63 Dynamic row block size because the block size changed from 2 to 15
detect_structure.cc:93 Dynamic f block size because the block size changed from 3 to 6
detect_structure.cc:114 Schur complement static structure <-1,6,-1>.
detect_structure.cc:63 Dynamic row block size because the block size changed from 2 to 15
detect_structure.cc:93 Dynamic f block size because the block size changed from 3 to 6
detect_structure.cc:114 Schur complement static structure <-1,6,-1>.
schur_eliminator.cc:155 Template specializations not found for <-1,6,-1>
block_sparse_matrix.cc:208 Allocating values array with 30432 bytes.
detect_structure.cc:63 Dynamic row block size because the block size changed from 2 to 15
detect_structure.cc:114 Schur complement static structure <-1,6,3>.
detect_structure.cc:63 Dynamic row block size because the block size changed from 2 to 15
detect_structure.cc:114 Schur complement static structure <-1,6,3>.
schur_eliminator.cc:155 Template specializations not found for <-1,6,3>
block_sparse_matrix.cc:208 Allocating values array with 43392 bytes.
detect_structure.cc:63 Dynamic row block size because the block size changed from 2 to 15
detect_structure.cc:114 Schur complement static structure <-1,6,3>.
detect_structure.cc:63 Dynamic row block size because the block size changed from 2 to 15
detect_structure.cc:114 Schur complement static structure <-1,6,3>.
schur_eliminator.cc:155 Template specializations not found for <-1,6,3>
block_sparse_matrix.cc:208 Allocating values array with 361560 bytes.
detect_structure.cc:63 Dynamic row block size because the block size changed from 2 to 15
detect_structure.cc:74 Dynamic e block size because the block size changed from 1 to 9
detect_structure.cc:93 Dynamic f block size because the block size changed from 6 to 9
detect_structure.cc:114 Schur complement static structure <-1,-1,-1>.
detect_structure.cc:63 Dynamic row block size because the block size changed from 2 to 15
detect_structure.cc:74 Dynamic e block size because the block size changed from 1 to 9
detect_structure.cc:93 Dynamic f block size because the block size changed from 6 to 9
detect_structure.cc:114 Schur complement static structure <-1,-1,-1>.
schur_eliminator.cc:155 Template specializations not found for <-1,-1,-1>
block_sparse_matrix.cc:208 Allocating values array with 44376 bytes.
detect_structure.cc:63 Dynamic row block size because the block size changed from 2 to 15
detect_structure.cc:93 Dynamic f block size because the block size changed from 3 to 6
detect_structure.cc:114 Schur complement static structure <-1,6,-1>.
detect_structure.cc:63 Dynamic row block size because the block size changed from 2 to 15
detect_structure.cc:93 Dynamic f block size because the block size changed from 3 to 6
detect_structure.cc:114 Schur complement static structure <-1,6,-1>.
schur_eliminator.cc:155 Template specializations not found for <-1,6,-1>
block_sparse_matrix.cc:208 Allocating values array with 30336 bytes.
detect_structure.cc:63 Dynamic row block size because the block size changed from 2 to 15
detect_structure.cc:114 Schur complement static structure <-1,6,3>.
detect_structure.cc:63 Dynamic row block size because the block size changed from 2 to 15
detect_structure.cc:114 Schur complement static structure <-1,6,3>.
schur_eliminator.cc:155 Template specializations not found for <-1,6,3>
block_sparse_matrix.cc:208 Allocating values array with 43296 bytes.
detect_structure.cc:63 Dynamic row block size because the block size changed from 2 to 15
detect_structure.cc:114 Schur complement static structure <-1,6,3>.
detect_structure.cc:63 Dynamic row block size because the block size changed from 2 to 15
detect_structure.cc:114 Schur complement static structure <-1,6,3>.
schur_eliminator.cc:155 Template specializations not found for <-1,6,3>
block_sparse_matrix.cc:208 Allocating values array with 361560 bytes.
detect_structure.cc:63 Dynamic row block size because the block size changed from 2 to 15
detect_structure.cc:74 Dynamic e block size because the block size changed from 1 to 9
detect_structure.cc:93 Dynamic f block size because the block size changed from 6 to 9
detect_structure.cc:114 Schur complement static structure <-1,-1,-1>.
detect_structure.cc:63 Dynamic row block size because the block size changed from 2 to 15
detect_structure.cc:74 Dynamic e block size because the block size changed from 1 to 9
detect_structure.cc:93 Dynamic f block size because the block size changed from 6 to 9
detect_structure.cc:114 Schur complement static structure <-1,-1,-1>.
schur_eliminator.cc:155 Template specializations not found for <-1,-1,-1>
block_sparse_matrix.cc:208 Allocating values array with 44280 bytes.
detect_structure.cc:63 Dynamic row block size because the block size changed from 2 to 15
detect_structure.cc:93 Dynamic f block size because the block size changed from 3 to 6
detect_structure.cc:114 Schur complement static structure <-1,6,-1>.
detect_structure.cc:63 Dynamic row block size because the block size changed from 2 to 15
detect_structure.cc:93 Dynamic f block size because the block size changed from 3 to 6
detect_structure.cc:114 Schur complement static structure <-1,6,-1>.
schur_eliminator.cc:155 Template specializations not found for <-1,6,-1>
block_sparse_matrix.cc:208 Allocating values array with 30240 bytes.
detect_structure.cc:63 Dynamic row block size because the block size changed from 2 to 15
detect_structure.cc:114 Schur complement static structure <-1,6,3>.
detect_structure.cc:63 Dynamic row block size because the block size changed from 2 to 15
detect_structure.cc:114 Schur complement static structure <-1,6,3>.
schur_eliminator.cc:155 Template specializations not found for <-1,6,3>
block_sparse_matrix.cc:208 Allocating values array with 43200 bytes.
detect_structure.cc:63 Dynamic row block size because the block size changed from 2 to 15
detect_structure.cc:114 Schur complement static structure <-1,6,3>.
detect_structure.cc:63 Dynamic row block size because the block size changed from 2 to 15
detect_structure.cc:114 Schur complement static structure <-1,6,3>.
schur_eliminator.cc:155 Template specializations not found for <-1,6,3>
block_sparse_matrix.cc:208 Allocating values array with 361560 bytes.
detect_structure.cc:63 Dynamic row block size because the block size changed from 2 to 15
detect_structure.cc:74 Dynamic e block size because the block size changed from 1 to 9
detect_structure.cc:93 Dynamic f block size because the block size changed from 6 to 9
detect_structure.cc:114 Schur complement static structure <-1,-1,-1>.
detect_structure.cc:63 Dynamic row block size because the block size changed from 2 to 15
detect_structure.cc:74 Dynamic e block size because the block size changed from 1 to 9
detect_structure.cc:93 Dynamic f block size because the block size changed from 6 to 9
detect_structure.cc:114 Schur complement static structure <-1,-1,-1>.
schur_eliminator.cc:155 Template specializations not found for <-1,-1,-1>
block_sparse_matrix.cc:208 Allocating values array with 44280 bytes.
detect_structure.cc:63 Dynamic row block size because the block size changed from 2 to 15
detect_structure.cc:93 Dynamic f block size because the block size changed from 3 to 6
detect_structure.cc:114 Schur complement static structure <-1,6,-1>.
detect_structure.cc:63 Dynamic row block size because the block size changed from 2 to 15
detect_structure.cc:93 Dynamic f block size because the block size changed from 3 to 6
detect_structure.cc:114 Schur complement static structure <-1,6,-1>.
schur_eliminator.cc:155 Template specializations not found for <-1,6,-1>
block_sparse_matrix.cc:208 Allocating values array with 30240 bytes.
detect_structure.cc:63 Dynamic row block size because the block size changed from 2 to 15
detect_structure.cc:114 Schur complement static structure <-1,6,3>.
detect_structure.cc:63 Dynamic row block size because the block size changed from 2 to 15
detect_structure.cc:114 Schur complement static structure <-1,6,3>.
schur_eliminator.cc:155 Template specializations not found for <-1,6,3>
block_sparse_matrix.cc:208 Allocating values array with 43200 bytes.
detect_structure.cc:63 Dynamic row block size because the block size changed from 2 to 15
detect_structure.cc:114 Schur complement static structure <-1,6,3>.
detect_structure.cc:63 Dynamic row block size because the block size changed from 2 to 15
detect_structure.cc:114 Schur complement static structure <-1,6,3>.
schur_eliminator.cc:155 Template specializations not found for <-1,6,3>
block_sparse_matrix.cc:208 Allocating values array with 361560 bytes.
detect_structure.cc:63 Dynamic row block size because the block size changed from 2 to 15
detect_structure.cc:74 Dynamic e block size because the block size changed from 1 to 9
detect_structure.cc:93 Dynamic f block size because the block size changed from 6 to 9
detect_structure.cc:114 Schur complement static structure <-1,-1,-1>.
detect_structure.cc:63 Dynamic row block size because the block size changed from 2 to 15
detect_structure.cc:74 Dynamic e block size because the block size changed from 1 to 9
detect_structure.cc:93 Dynamic f block size because the block size changed from 6 to 9
detect_structure.cc:114 Schur complement static structure <-1,-1,-1>.
schur_eliminator.cc:155 Template specializations not found for <-1,-1,-1>
block_sparse_matrix.cc:208 Allocating values array with 44280 bytes.
detect_structure.cc:63 Dynamic row block size because the block size changed from 2 to 15
detect_structure.cc:93 Dynamic f block size because the block size changed from 3 to 6
detect_structure.cc:114 Schur complement static structure <-1,6,-1>.
detect_structure.cc:63 Dynamic row block size because the block size changed from 2 to 15
detect_structure.cc:93 Dynamic f block size because the block size changed from 3 to 6
detect_structure.cc:114 Schur complement static structure <-1,6,-1>.
schur_eliminator.cc:155 Template specializations not found for <-1,6,-1>
block_sparse_matrix.cc:208 Allocating values array with 30240 bytes.
detect_structure.cc:63 Dynamic row block size because the block size changed from 2 to 15
detect_structure.cc:114 Schur complement static structure <-1,6,3>.
detect_structure.cc:63 Dynamic row block size because the block size changed from 2 to 15
detect_structure.cc:114 Schur complement static structure <-1,6,3>.
schur_eliminator.cc:155 Template specializations not found for <-1,6,3>
block_sparse_matrix.cc:208 Allocating values array with 43200 bytes.
detect_structure.cc:63 Dynamic row block size because the block size changed from 2 to 15
detect_structure.cc:114 Schur complement static structure <-1,6,3>.
detect_structure.cc:63 Dynamic row block size because the block size changed from 2 to 15
detect_structure.cc:114 Schur complement static structure <-1,6,3>.
schur_eliminator.cc:155 Template specializations not found for <-1,6,3>
block_sparse_matrix.cc:208 Allocating values array with 361560 bytes.
detect_structure.cc:63 Dynamic row block size because the block size changed from 2 to 15
detect_structure.cc:74 Dynamic e block size because the block size changed from 1 to 9
detect_structure.cc:93 Dynamic f block size because the block size changed from 6 to 9
detect_structure.cc:114 Schur complement static structure <-1,-1,-1>.
detect_structure.cc:63 Dynamic row block size because the block size changed from 2 to 15
detect_structure.cc:74 Dynamic e block size because the block size changed from 1 to 9
detect_structure.cc:93 Dynamic f block size because the block size changed from 6 to 9
detect_structure.cc:114 Schur complement static structure <-1,-1,-1>.
schur_eliminator.cc:155 Template specializations not found for <-1,-1,-1>
block_sparse_matrix.cc:208 Allocating values array with 44280 bytes.
detect_structure.cc:63 Dynamic row block size because the block size changed from 2 to 15
detect_structure.cc:93 Dynamic f block size because the block size changed from 3 to 6
detect_structure.cc:114 Schur complement static structure <-1,6,-1>.
detect_structure.cc:63 Dynamic row block size because the block size changed from 2 to 15
detect_structure.cc:93 Dynamic f block size because the block size changed from 3 to 6
detect_structure.cc:114 Schur complement static structure <-1,6,-1>.
schur_eliminator.cc:155 Template specializations not found for <-1,6,-1>
block_sparse_matrix.cc:208 Allocating values array with 30240 bytes.
detect_structure.cc:63 Dynamic row block size because the block size changed from 2 to 15
detect_structure.cc:114 Schur complement static structure <-1,6,3>.
detect_structure.cc:63 Dynamic row block size because the block size changed from 2 to 15
detect_structure.cc:114 Schur complement static structure <-1,6,3>.
schur_eliminator.cc:155 Template specializations not found for <-1,6,3>
block_sparse_matrix.cc:208 Allocating values array with 43200 bytes.
detect_structure.cc:63 Dynamic row block size because the block size changed from 2 to 15
detect_structure.cc:114 Schur complement static structure <-1,6,3>.
detect_structure.cc:63 Dynamic row block size because the block size changed from 2 to 15
detect_structure.cc:114 Schur complement static structure <-1,6,3>.
schur_eliminator.cc:155 Template specializations not found for <-1,6,3>
block_sparse_matrix.cc:208 Allocating values array with 361560 bytes.
detect_structure.cc:63 Dynamic row block size because the block size changed from 2 to 15
detect_structure.cc:74 Dynamic e block size because the block size changed from 1 to 9
detect_structure.cc:93 Dynamic f block size because the block size changed from 6 to 9
detect_structure.cc:114 Schur complement static structure <-1,-1,-1>.
detect_structure.cc:63 Dynamic row block size because the block size changed from 2 to 15
detect_structure.cc:74 Dynamic e block size because the block size changed from 1 to 9
detect_structure.cc:93 Dynamic f block size because the block size changed from 6 to 9
detect_structure.cc:114 Schur complement static structure <-1,-1,-1>.
schur_eliminator.cc:155 Template specializations not found for <-1,-1,-1>
block_sparse_matrix.cc:208 Allocating values array with 44280 bytes.
detect_structure.cc:63 Dynamic row block size because the block size changed from 2 to 15
detect_structure.cc:93 Dynamic f block size because the block size changed from 3 to 6
detect_structure.cc:114 Schur complement static structure <-1,6,-1>.
detect_structure.cc:63 Dynamic row block size because the block size changed from 2 to 15
detect_structure.cc:93 Dynamic f block size because the block size changed from 3 to 6
detect_structure.cc:114 Schur complement static structure <-1,6,-1>.
schur_eliminator.cc:155 Template specializations not found for <-1,6,-1>
block_sparse_matrix.cc:208 Allocating values array with 30240 bytes.
detect_structure.cc:63 Dynamic row block size because the block size changed from 2 to 15
detect_structure.cc:114 Schur complement static structure <-1,6,3>.
detect_structure.cc:63 Dynamic row block size because the block size changed from 2 to 15
detect_structure.cc:114 Schur complement static structure <-1,6,3>.
schur_eliminator.cc:155 Template specializations not found for <-1,6,3>
block_sparse_matrix.cc:208 Allocating values array with 43200 bytes.
detect_structure.cc:63 Dynamic row block size because the block size changed from 2 to 15
detect_structure.cc:114 Schur complement static structure <-1,6,3>.
detect_structure.cc:63 Dynamic row block size because the block size changed from 2 to 15
detect_structure.cc:114 Schur complement static structure <-1,6,3>.
schur_eliminator.cc:155 Template specializations not found for <-1,6,3>
block_sparse_matrix.cc:208 Allocating values array with 361560 bytes.
detect_structure.cc:63 Dynamic row block size because the block size changed from 2 to 15
detect_structure.cc:74 Dynamic e block size because the block size changed from 1 to 9
detect_structure.cc:93 Dynamic f block size because the block size changed from 6 to 9
detect_structure.cc:114 Schur complement static structure <-1,-1,-1>.
detect_structure.cc:63 Dynamic row block size because the block size changed from 2 to 15
detect_structure.cc:74 Dynamic e block size because the block size changed from 1 to 9
detect_structure.cc:93 Dynamic f block size because the block size changed from 6 to 9
detect_structure.cc:114 Schur complement static structure <-1,-1,-1>.
schur_eliminator.cc:155 Template specializations not found for <-1,-1,-1>
block_sparse_matrix.cc:208 Allocating values array with 44280 bytes.
detect_structure.cc:63 Dynamic row block size because the block size changed from 2 to 15
detect_structure.cc:93 Dynamic f block size because the block size changed from 3 to 6
detect_structure.cc:114 Schur complement static structure <-1,6,-1>.
detect_structure.cc:63 Dynamic row block size because the block size changed from 2 to 15
detect_structure.cc:93 Dynamic f block size because the block size changed from 3 to 6
detect_structure.cc:114 Schur complement static structure <-1,6,-1>.
schur_eliminator.cc:155 Template specializations not found for <-1,6,-1>
block_sparse_matrix.cc:208 Allocating values array with 30240 bytes.
detect_structure.cc:63 Dynamic row block size because the block size changed from 2 to 15
detect_structure.cc:114 Schur complement static structure <-1,6,3>.
detect_structure.cc:63 Dynamic row block size because the block size changed from 2 to 15
detect_structure.cc:114 Schur complement static structure <-1,6,3>.
schur_eliminator.cc:155 Template specializations not found for <-1,6,3>
block_sparse_matrix.cc:208 Allocating values array with 43200 bytes.
detect_structure.cc:63 Dynamic row block size because the block size changed from 2 to 15
detect_structure.cc:114 Schur complement static structure <-1,6,3>.
detect_structure.cc:63 Dynamic row block size because the block size changed from 2 to 15
detect_structure.cc:114 Schur complement static structure <-1,6,3>.
schur_eliminator.cc:155 Template specializations not found for <-1,6,3>
block_sparse_matrix.cc:208 Allocating values array with 361560 bytes.
detect_structure.cc:63 Dynamic row block size because the block size changed from 2 to 15
detect_structure.cc:74 Dynamic e block size because the block size changed from 1 to 9
detect_structure.cc:93 Dynamic f block size because the block size changed from 6 to 9
detect_structure.cc:114 Schur complement static structure <-1,-1,-1>.
detect_structure.cc:63 Dynamic row block size because the block size changed from 2 to 15
detect_structure.cc:74 Dynamic e block size because the block size changed from 1 to 9
detect_structure.cc:93 Dynamic f block size because the block size changed from 6 to 9
detect_structure.cc:114 Schur complement static structure <-1,-1,-1>.
schur_eliminator.cc:155 Template specializations not found for <-1,-1,-1>
block_sparse_matrix.cc:208 Allocating values array with 44184 bytes.
detect_structure.cc:63 Dynamic row block size because the block size changed from 2 to 15
detect_structure.cc:93 Dynamic f block size because the block size changed from 3 to 6
detect_structure.cc:114 Schur complement static structure <-1,6,-1>.
detect_structure.cc:63 Dynamic row block size because the block size changed from 2 to 15
detect_structure.cc:93 Dynamic f block size because the block size changed from 3 to 6
detect_structure.cc:114 Schur complement static structure <-1,6,-1>.
schur_eliminator.cc:155 Template specializations not found for <-1,6,-1>
[Replay] 100/600 frames, 51 valid poses
block_sparse_matrix.cc:208 Allocating values array with 30240 bytes.
detect_structure.cc:63 Dynamic row block size because the block size changed from 2 to 15
detect_structure.cc:114 Schur complement static structure <-1,6,3>.
detect_structure.cc:63 Dynamic row block size because the block size changed from 2 to 15
detect_structure.cc:114 Schur complement static structure <-1,6,3>.
schur_eliminator.cc:155 Template specializations not found for <-1,6,3>
block_sparse_matrix.cc:208 Allocating values array with 43104 bytes.
detect_structure.cc:63 Dynamic row block size because the block size changed from 2 to 15
detect_structure.cc:114 Schur complement static structure <-1,6,3>.
detect_structure.cc:63 Dynamic row block size because the block size changed from 2 to 15
detect_structure.cc:114 Schur complement static structure <-1,6,3>.
schur_eliminator.cc:155 Template specializations not found for <-1,6,3>
block_sparse_matrix.cc:208 Allocating values array with 360728 bytes.
detect_structure.cc:63 Dynamic row block size because the block size changed from 2 to 15
detect_structure.cc:74 Dynamic e block size because the block size changed from 1 to 9
detect_structure.cc:93 Dynamic f block size because the block size changed from 6 to 9
detect_structure.cc:114 Schur complement static structure <-1,-1,-1>.
detect_structure.cc:63 Dynamic row block size because the block size changed from 2 to 15
detect_structure.cc:74 Dynamic e block size because the block size changed from 1 to 9
detect_structure.cc:93 Dynamic f block size because the block size changed from 6 to 9
detect_structure.cc:114 Schur complement static structure <-1,-1,-1>.
schur_eliminator.cc:155 Template specializations not found for <-1,-1,-1>
block_sparse_matrix.cc:208 Allocating values array with 43992 bytes.
detect_structure.cc:63 Dynamic row block size because the block size changed from 2 to 15
detect_structure.cc:93 Dynamic f block size because the block size changed from 3 to 6
detect_structure.cc:114 Schur complement static structure <-1,6,-1>.
detect_structure.cc:63 Dynamic row block size because the block size changed from 2 to 15
detect_structure.cc:93 Dynamic f block size because the block size changed from 3 to 6
detect_structure.cc:114 Schur complement static structure <-1,6,-1>.
schur_eliminator.cc:155 Template specializations not found for <-1,6,-1>
block_sparse_matrix.cc:208 Allocating values array with 30144 bytes.
detect_structure.cc:63 Dynamic row block size because the block size changed from 2 to 15
detect_structure.cc:114 Schur complement static structure <-1,6,3>.
detect_structure.cc:63 Dynamic row block size because the block size changed from 2 to 15
detect_structure.cc:114 Schur complement static structure <-1,6,3>.
schur_eliminator.cc:155 Template specializations not found for <-1,6,3>
block_sparse_matrix.cc:208 Allocating values array with 42912 bytes.
detect_structure.cc:63 Dynamic row block size because the block size changed from 2 to 15
detect_structure.cc:114 Schur complement static structure <-1,6,3>.
detect_structure.cc:63 Dynamic row block size because the block size changed from 2 to 15
detect_structure.cc:114 Schur complement static structure <-1,6,3>.
schur_eliminator.cc:155 Template specializations not found for <-1,6,3>
block_sparse_matrix.cc:208 Allocating values array with 360312 bytes.
detect_structure.cc:63 Dynamic row block size because the block size changed from 2 to 15
detect_structure.cc:74 Dynamic e block size because the block size changed from 1 to 9
detect_structure.cc:93 Dynamic f block size because the block size changed from 6 to 9
detect_structure.cc:114 Schur complement static structure <-1,-1,-1>.
detect_structure.cc:63 Dynamic row block size because the block size changed from 2 to 15
detect_structure.cc:74 Dynamic e block size because the block size changed from 1 to 9
detect_structure.cc:93 Dynamic f block size because the block size changed from 6 to 9
detect_structure.cc:114 Schur complement static structure <-1,-1,-1>.
schur_eliminator.cc:155 Template specializations not found for <-1,-1,-1>
block_sparse_matrix.cc:208 Allocating values array with 43704 bytes.
detect_structure.cc:63 Dynamic row block size because the block size changed from 2 to 15
detect_structure.cc:93 Dynamic f block size because the block size changed from 3 to 6
detect_structure.cc:114 Schur complement static structure <-1,6,-1>.
detect_structure.cc:63 Dynamic row block size because the block size changed from 2 to 15
detect_structure.cc:93 Dynamic f block size because the block size changed from 3 to 6
detect_structure.cc:114 Schur complement static structure <-1,6,-1>.
schur_eliminator.cc:155 Template specializations not found for <-1,6,-1>
[VIO DIAG] f=20 tri: ok=163 wait=0 fail=0 default=1 depth: avg=1.50102 min=0.478986 max=2.88533 |vel|=0.0370558 vel=(0.0360896,-0.00821463,-0.00178826) ba=(-0.26966,-0.360107,-0.00181384) bg=(-2.84949e-05,-0.000157946,-0.00020494)
block_sparse_matrix.cc:208 Allocating values array with 29952 bytes.
detect_structure.cc:63 Dynamic row block size because the block size changed from 2 to 15
detect_structure.cc:114 Schur complement static structure <-1,6,3>.
detect_structure.cc:63 Dynamic row block size because the block size changed from 2 to 15
detect_structure.cc:114 Schur complement static structure <-1,6,3>.
schur_eliminator.cc:155 Template specializations not found for <-1,6,3>
block_sparse_matrix.cc:208 Allocating values array with 42624 bytes.
detect_structure.cc:63 Dynamic row block size because the block size changed from 2 to 15
detect_structure.cc:114 Schur complement static structure <-1,6,3>.
detect_structure.cc:63 Dynamic row block size because the block size changed from 2 to 15
detect_structure.cc:114 Schur complement static structure <-1,6,3>.
schur_eliminator.cc:155 Template specializations not found for <-1,6,3>
block_sparse_matrix.cc:208 Allocating values array with 359896 bytes.
detect_structure.cc:63 Dynamic row block size because the block size changed from 2 to 15
detect_structure.cc:74 Dynamic e block size because the block size changed from 1 to 9
detect_structure.cc:93 Dynamic f block size because the block size changed from 6 to 9
detect_structure.cc:114 Schur complement static structure <-1,-1,-1>.
detect_structure.cc:63 Dynamic row block size because the block size changed from 2 to 15
detect_structure.cc:74 Dynamic e block size because the block size changed from 1 to 9
detect_structure.cc:93 Dynamic f block size because the block size changed from 6 to 9
detect_structure.cc:114 Schur complement static structure <-1,-1,-1>.
schur_eliminator.cc:155 Template specializations not found for <-1,-1,-1>
block_sparse_matrix.cc:208 Allocating values array with 43416 bytes.
detect_structure.cc:63 Dynamic row block size because the block size changed from 2 to 15
detect_structure.cc:93 Dynamic f block size because the block size changed from 3 to 6
detect_structure.cc:114 Schur complement static structure <-1,6,-1>.
detect_structure.cc:63 Dynamic row block size because the block size changed from 2 to 15
detect_structure.cc:93 Dynamic f block size because the block size changed from 3 to 6
detect_structure.cc:114 Schur complement static structure <-1,6,-1>.
schur_eliminator.cc:155 Template specializations not found for <-1,6,-1>
block_sparse_matrix.cc:208 Allocating values array with 29760 bytes.
detect_structure.cc:63 Dynamic row block size because the block size changed from 2 to 15
detect_structure.cc:114 Schur complement static structure <-1,6,3>.
detect_structure.cc:63 Dynamic row block size because the block size changed from 2 to 15
detect_structure.cc:114 Schur complement static structure <-1,6,3>.
schur_eliminator.cc:155 Template specializations not found for <-1,6,3>
block_sparse_matrix.cc:208 Allocating values array with 42336 bytes.
detect_structure.cc:63 Dynamic row block size because the block size changed from 2 to 15
detect_structure.cc:114 Schur complement static structure <-1,6,3>.
detect_structure.cc:63 Dynamic row block size because the block size changed from 2 to 15
detect_structure.cc:114 Schur complement static structure <-1,6,3>.
schur_eliminator.cc:155 Template specializations not found for <-1,6,3>
block_sparse_matrix.cc:208 Allocating values array with 359688 bytes.
detect_structure.cc:63 Dynamic row block size because the block size changed from 2 to 15
detect_structure.cc:74 Dynamic e block size because the block size changed from 1 to 9
detect_structure.cc:93 Dynamic f block size because the block size changed from 6 to 9
detect_structure.cc:114 Schur complement static structure <-1,-1,-1>.
detect_structure.cc:63 Dynamic row block size because the block size changed from 2 to 15
detect_structure.cc:74 Dynamic e block size because the block size changed from 1 to 9
detect_structure.cc:93 Dynamic f block size because the block size changed from 6 to 9
detect_structure.cc:114 Schur complement static structure <-1,-1,-1>.
schur_eliminator.cc:155 Template specializations not found for <-1,-1,-1>
block_sparse_matrix.cc:208 Allocating values array with 43224 bytes.
detect_structure.cc:63 Dynamic row block size because the block size changed from 2 to 15
detect_structure.cc:93 Dynamic f block size because the block size changed from 3 to 6
detect_structure.cc:114 Schur complement static structure <-1,6,-1>.
detect_structure.cc:63 Dynamic row block size because the block size changed from 2 to 15
detect_structure.cc:93 Dynamic f block size because the block size changed from 3 to 6
detect_structure.cc:114 Schur complement static structure <-1,6,-1>.
schur_eliminator.cc:155 Template specializations not found for <-1,6,-1>
block_sparse_matrix.cc:208 Allocating values array with 29568 bytes.
detect_structure.cc:63 Dynamic row block size because the block size changed from 2 to 15
detect_structure.cc:114 Schur complement static structure <-1,6,3>.
detect_structure.cc:63 Dynamic row block size because the block size changed from 2 to 15
detect_structure.cc:114 Schur complement static structure <-1,6,3>.
schur_eliminator.cc:155 Template specializations not found for <-1,6,3>
block_sparse_matrix.cc:208 Allocating values array with 42144 bytes.
detect_structure.cc:63 Dynamic row block size because the block size changed from 2 to 15
detect_structure.cc:114 Schur complement static structure <-1,6,3>.
detect_structure.cc:63 Dynamic row block size because the block size changed from 2 to 15
detect_structure.cc:114 Schur complement static structure <-1,6,3>.
schur_eliminator.cc:155 Template specializations not found for <-1,6,3>
block_sparse_matrix.cc:208 Allocating values array with 359688 bytes.
detect_structure.cc:63 Dynamic row block size because the block size changed from 2 to 15
detect_structure.cc:74 Dynamic e block size because the block size changed from 1 to 9
detect_structure.cc:93 Dynamic f block size because the block size changed from 6 to 9
detect_structure.cc:114 Schur complement static structure <-1,-1,-1>.
detect_structure.cc:63 Dynamic row block size because the block size changed from 2 to 15
detect_structure.cc:74 Dynamic e block size because the block size changed from 1 to 9
detect_structure.cc:93 Dynamic f block size because the block size changed from 6 to 9
detect_structure.cc:114 Schur complement static structure <-1,-1,-1>.
schur_eliminator.cc:155 Template specializations not found for <-1,-1,-1>
block_sparse_matrix.cc:208 Allocating values array with 43128 bytes.
detect_structure.cc:63 Dynamic row block size because the block size changed from 2 to 15
detect_structure.cc:93 Dynamic f block size because the block size changed from 3 to 6
detect_structure.cc:114 Schur complement static structure <-1,6,-1>.
detect_structure.cc:63 Dynamic row block size because the block size changed from 2 to 15
detect_structure.cc:93 Dynamic f block size because the block size changed from 3 to 6
detect_structure.cc:114 Schur complement static structure <-1,6,-1>.
schur_eliminator.cc:155 Template specializations not found for <-1,6,-1>
block_sparse_matrix.cc:208 Allocating values array with 29472 bytes.
detect_structure.cc:63 Dynamic row block size because the block size changed from 2 to 15
detect_structure.cc:114 Schur complement static structure <-1,6,3>.
detect_structure.cc:63 Dynamic row block size because the block size changed from 2 to 15
detect_structure.cc:114 Schur complement static structure <-1,6,3>.
schur_eliminator.cc:155 Template specializations not found for <-1,6,3>
block_sparse_matrix.cc:208 Allocating values array with 42048 bytes.
detect_structure.cc:63 Dynamic row block size because the block size changed from 2 to 15
detect_structure.cc:114 Schur complement static structure <-1,6,3>.
detect_structure.cc:63 Dynamic row block size because the block size changed from 2 to 15
detect_structure.cc:114 Schur complement static structure <-1,6,3>.
schur_eliminator.cc:155 Template specializations not found for <-1,6,3>
block_sparse_matrix.cc:208 Allocating values array with 366312 bytes.
detect_structure.cc:63 Dynamic row block size because the block size changed from 2 to 15
detect_structure.cc:74 Dynamic e block size because the block size changed from 1 to 9
detect_structure.cc:93 Dynamic f block size because the block size changed from 6 to 9
detect_structure.cc:114 Schur complement static structure <-1,-1,-1>.
detect_structure.cc:63 Dynamic row block size because the block size changed from 2 to 15
detect_structure.cc:74 Dynamic e block size because the block size changed from 1 to 9
detect_structure.cc:93 Dynamic f block size because the block size changed from 6 to 9
detect_structure.cc:114 Schur complement static structure <-1,-1,-1>.
schur_eliminator.cc:155 Template specializations not found for <-1,-1,-1>
block_sparse_matrix.cc:208 Allocating values array with 43512 bytes.
detect_structure.cc:63 Dynamic row block size because the block size changed from 2 to 15
detect_structure.cc:93 Dynamic f block size because the block size changed from 3 to 6
detect_structure.cc:114 Schur complement static structure <-1,6,-1>.
detect_structure.cc:63 Dynamic row block size because the block size changed from 2 to 15
detect_structure.cc:93 Dynamic f block size because the block size changed from 3 to 6
detect_structure.cc:114 Schur complement static structure <-1,6,-1>.
schur_eliminator.cc:155 Template specializations not found for <-1,6,-1>
block_sparse_matrix.cc:208 Allocating values array with 29472 bytes.
detect_structure.cc:63 Dynamic row block size because the block size changed from 2 to 15
detect_structure.cc:114 Schur complement static structure <-1,6,3>.
detect_structure.cc:63 Dynamic row block size because the block size changed from 2 to 15
detect_structure.cc:114 Schur complement static structure <-1,6,3>.
schur_eliminator.cc:155 Template specializations not found for <-1,6,3>
block_sparse_matrix.cc:208 Allocating values array with 42432 bytes.
detect_structure.cc:63 Dynamic row block size because the block size changed from 2 to 15
detect_structure.cc:114 Schur complement static structure <-1,6,3>.
detect_structure.cc:63 Dynamic row block size because the block size changed from 2 to 15
detect_structure.cc:114 Schur complement static structure <-1,6,3>.
schur_eliminator.cc:155 Template specializations not found for <-1,6,3>
block_sparse_matrix.cc:208 Allocating values array with 359272 bytes.
detect_structure.cc:63 Dynamic row block size because the block size changed from 2 to 15
detect_structure.cc:74 Dynamic e block size because the block size changed from 1 to 9
detect_structure.cc:93 Dynamic f block size because the block size changed from 6 to 9
detect_structure.cc:114 Schur complement static structure <-1,-1,-1>.
detect_structure.cc:63 Dynamic row block size because the block size changed from 2 to 15
detect_structure.cc:74 Dynamic e block size because the block size changed from 1 to 9
detect_structure.cc:93 Dynamic f block size because the block size changed from 6 to 9
detect_structure.cc:114 Schur complement static structure <-1,-1,-1>.
schur_eliminator.cc:155 Template specializations not found for <-1,-1,-1>
block_sparse_matrix.cc:208 Allocating values array with 43800 bytes.
detect_structure.cc:63 Dynamic row block size because the block size changed from 2 to 15
detect_structure.cc:93 Dynamic f block size because the block size changed from 3 to 6
detect_structure.cc:114 Schur complement static structure <-1,6,-1>.
detect_structure.cc:63 Dynamic row block size because the block size changed from 2 to 15
detect_structure.cc:93 Dynamic f block size because the block size changed from 3 to 6
detect_structure.cc:114 Schur complement static structure <-1,6,-1>.
schur_eliminator.cc:155 Template specializations not found for <-1,6,-1>
block_sparse_matrix.cc:208 Allocating values array with 29856 bytes.
detect_structure.cc:63 Dynamic row block size because the block size changed from 2 to 15
detect_structure.cc:114 Schur complement static structure <-1,6,3>.
detect_structure.cc:63 Dynamic row block size because the block size changed from 2 to 15
detect_structure.cc:114 Schur complement static structure <-1,6,3>.
schur_eliminator.cc:155 Template specializations not found for <-1,6,3>
block_sparse_matrix.cc:208 Allocating values array with 41952 bytes.
detect_structure.cc:63 Dynamic row block size because the block size changed from 2 to 15
detect_structure.cc:114 Schur complement static structure <-1,6,3>.
detect_structure.cc:63 Dynamic row block size because the block size changed from 2 to 15
detect_structure.cc:114 Schur complement static structure <-1,6,3>.
schur_eliminator.cc:155 Template specializations not found for <-1,6,3>
block_sparse_matrix.cc:208 Allocating values array with 356152 bytes.
detect_structure.cc:63 Dynamic row block size because the block size changed from 2 to 15
detect_structure.cc:74 Dynamic e block size because the block size changed from 1 to 9
detect_structure.cc:93 Dynamic f block size because the block size changed from 6 to 9
detect_structure.cc:114 Schur complement static structure <-1,-1,-1>.
detect_structure.cc:63 Dynamic row block size because the block size changed from 2 to 15
detect_structure.cc:74 Dynamic e block size because the block size changed from 1 to 9
detect_structure.cc:93 Dynamic f block size because the block size changed from 6 to 9
detect_structure.cc:114 Schur complement static structure <-1,-1,-1>.
schur_eliminator.cc:155 Template specializations not found for <-1,-1,-1>
block_sparse_matrix.cc:208 Allocating values array with 41976 bytes.
detect_structure.cc:63 Dynamic row block size because the block size changed from 2 to 15
detect_structure.cc:93 Dynamic f block size because the block size changed from 3 to 6
detect_structure.cc:114 Schur complement static structure <-1,6,-1>.
detect_structure.cc:63 Dynamic row block size because the block size changed from 2 to 15
detect_structure.cc:93 Dynamic f block size because the block size changed from 3 to 6
detect_structure.cc:114 Schur complement static structure <-1,6,-1>.
schur_eliminator.cc:155 Template specializations not found for <-1,6,-1>
block_sparse_matrix.cc:208 Allocating values array with 29376 bytes.
detect_structure.cc:63 Dynamic row block size because the block size changed from 2 to 15
detect_structure.cc:114 Schur complement static structure <-1,6,3>.
detect_structure.cc:63 Dynamic row block size because the block size changed from 2 to 15
detect_structure.cc:114 Schur complement static structure <-1,6,3>.
schur_eliminator.cc:155 Template specializations not found for <-1,6,3>
block_sparse_matrix.cc:208 Allocating values array with 40896 bytes.
detect_structure.cc:63 Dynamic row block size because the block size changed from 2 to 15
detect_structure.cc:114 Schur complement static structure <-1,6,3>.
detect_structure.cc:63 Dynamic row block size because the block size changed from 2 to 15
detect_structure.cc:114 Schur complement static structure <-1,6,3>.
schur_eliminator.cc:155 Template specializations not found for <-1,6,3>
block_sparse_matrix.cc:208 Allocating values array with 361320 bytes.
detect_structure.cc:63 Dynamic row block size because the block size changed from 2 to 15
detect_structure.cc:74 Dynamic e block size because the block size changed from 1 to 9
detect_structure.cc:93 Dynamic f block size because the block size changed from 6 to 9
detect_structure.cc:114 Schur complement static structure <-1,-1,-1>.
detect_structure.cc:63 Dynamic row block size because the block size changed from 2 to 15
detect_structure.cc:74 Dynamic e block size because the block size changed from 1 to 9
detect_structure.cc:93 Dynamic f block size because the block size changed from 6 to 9
detect_structure.cc:114 Schur complement static structure <-1,-1,-1>.
schur_eliminator.cc:155 Template specializations not found for <-1,-1,-1>
block_sparse_matrix.cc:208 Allocating values array with 40344 bytes.
detect_structure.cc:63 Dynamic row block size because the block size changed from 2 to 15
detect_structure.cc:93 Dynamic f block size because the block size changed from 3 to 6
detect_structure.cc:114 Schur complement static structure <-1,6,-1>.
detect_structure.cc:63 Dynamic row block size because the block size changed from 2 to 15
detect_structure.cc:93 Dynamic f block size because the block size changed from 3 to 6
detect_structure.cc:114 Schur complement static structure <-1,6,-1>.
schur_eliminator.cc:155 Template specializations not found for <-1,6,-1>
block_sparse_matrix.cc:208 Allocating values array with 27936 bytes.
detect_structure.cc:63 Dynamic row block size because the block size changed from 2 to 15
detect_structure.cc:114 Schur complement static structure <-1,6,3>.
detect_structure.cc:63 Dynamic row block size because the block size changed from 2 to 15
detect_structure.cc:114 Schur complement static structure <-1,6,3>.
schur_eliminator.cc:155 Template specializations not found for <-1,6,3>
block_sparse_matrix.cc:208 Allocating values array with 38976 bytes.
detect_structure.cc:63 Dynamic row block size because the block size changed from 2 to 15
detect_structure.cc:114 Schur complement static structure <-1,6,3>.
detect_structure.cc:63 Dynamic row block size because the block size changed from 2 to 15
detect_structure.cc:114 Schur complement static structure <-1,6,3>.
schur_eliminator.cc:155 Template specializations not found for <-1,6,3>
block_sparse_matrix.cc:208 Allocating values array with 356120 bytes.
detect_structure.cc:63 Dynamic row block size because the block size changed from 2 to 15
detect_structure.cc:74 Dynamic e block size because the block size changed from 1 to 9
detect_structure.cc:93 Dynamic f block size because the block size changed from 6 to 9
detect_structure.cc:114 Schur complement static structure <-1,-1,-1>.
detect_structure.cc:63 Dynamic row block size because the block size changed from 2 to 15
detect_structure.cc:74 Dynamic e block size because the block size changed from 1 to 9
detect_structure.cc:93 Dynamic f block size because the block size changed from 6 to 9
detect_structure.cc:114 Schur complement static structure <-1,-1,-1>.
schur_eliminator.cc:155 Template specializations not found for <-1,-1,-1>
block_sparse_matrix.cc:208 Allocating values array with 38808 bytes.
detect_structure.cc:63 Dynamic row block size because the block size changed from 2 to 15
detect_structure.cc:93 Dynamic f block size because the block size changed from 3 to 6
detect_structure.cc:114 Schur complement static structure <-1,6,-1>.
detect_structure.cc:63 Dynamic row block size because the block size changed from 2 to 15
detect_structure.cc:93 Dynamic f block size because the block size changed from 3 to 6
detect_structure.cc:114 Schur complement static structure <-1,6,-1>.
schur_eliminator.cc:155 Template specializations not found for <-1,6,-1>
block_sparse_matrix.cc:208 Allocating values array with 26880 bytes.
detect_structure.cc:63 Dynamic row block size because the block size changed from 2 to 15
detect_structure.cc:114 Schur complement static structure <-1,6,3>.
detect_structure.cc:63 Dynamic row block size because the block size changed from 2 to 15
detect_structure.cc:114 Schur complement static structure <-1,6,3>.
schur_eliminator.cc:155 Template specializations not found for <-1,6,3>
block_sparse_matrix.cc:208 Allocating values array with 37344 bytes.
detect_structure.cc:63 Dynamic row block size because the block size changed from 2 to 15
detect_structure.cc:114 Schur complement static structure <-1,6,3>.
detect_structure.cc:63 Dynamic row block size because the block size changed from 2 to 15
detect_structure.cc:114 Schur complement static structure <-1,6,3>.
schur_eliminator.cc:155 Template specializations not found for <-1,6,3>
block_sparse_matrix.cc:208 Allocating values array with 349256 bytes.
detect_structure.cc:63 Dynamic row block size because the block size changed from 2 to 15
detect_structure.cc:74 Dynamic e block size because the block size changed from 1 to 9
detect_structure.cc:93 Dynamic f block size because the block size changed from 6 to 9
detect_structure.cc:114 Schur complement static structure <-1,-1,-1>.
detect_structure.cc:63 Dynamic row block size because the block size changed from 2 to 15
detect_structure.cc:74 Dynamic e block size because the block size changed from 1 to 9
detect_structure.cc:93 Dynamic f block size because the block size changed from 6 to 9
detect_structure.cc:114 Schur complement static structure <-1,-1,-1>.
schur_eliminator.cc:155 Template specializations not found for <-1,-1,-1>
block_sparse_matrix.cc:208 Allocating values array with 37176 bytes.
detect_structure.cc:63 Dynamic row block size because the block size changed from 2 to 15
detect_structure.cc:93 Dynamic f block size because the block size changed from 3 to 6
detect_structure.cc:114 Schur complement static structure <-1,6,-1>.
detect_structure.cc:63 Dynamic row block size because the block size changed from 2 to 15
detect_structure.cc:93 Dynamic f block size because the block size changed from 3 to 6
detect_structure.cc:114 Schur complement static structure <-1,6,-1>.
schur_eliminator.cc:155 Template specializations not found for <-1,6,-1>
block_sparse_matrix.cc:208 Allocating values array with 25824 bytes.
detect_structure.cc:63 Dynamic row block size because the block size changed from 2 to 15
detect_structure.cc:114 Schur complement static structure <-1,6,3>.
detect_structure.cc:63 Dynamic row block size because the block size changed from 2 to 15
detect_structure.cc:114 Schur complement static structure <-1,6,3>.
schur_eliminator.cc:155 Template specializations not found for <-1,6,3>
block_sparse_matrix.cc:208 Allocating values array with 35520 bytes.
detect_structure.cc:63 Dynamic row block size because the block size changed from 2 to 15
detect_structure.cc:114 Schur complement static structure <-1,6,3>.
detect_structure.cc:63 Dynamic row block size because the block size changed from 2 to 15
detect_structure.cc:114 Schur complement static structure <-1,6,3>.
schur_eliminator.cc:155 Template specializations not found for <-1,6,3>
block_sparse_matrix.cc:208 Allocating values array with 343016 bytes.
detect_structure.cc:63 Dynamic row block size because the block size changed from 2 to 15
detect_structure.cc:74 Dynamic e block size because the block size changed from 1 to 9
detect_structure.cc:93 Dynamic f block size because the block size changed from 6 to 9
detect_structure.cc:114 Schur complement static structure <-1,-1,-1>.
detect_structure.cc:63 Dynamic row block size because the block size changed from 2 to 15
detect_structure.cc:74 Dynamic e block size because the block size changed from 1 to 9
detect_structure.cc:93 Dynamic f block size because the block size changed from 6 to 9
detect_structure.cc:114 Schur complement static structure <-1,-1,-1>.
schur_eliminator.cc:155 Template specializations not found for <-1,-1,-1>
block_sparse_matrix.cc:208 Allocating values array with 35064 bytes.
detect_structure.cc:63 Dynamic row block size because the block size changed from 2 to 15
detect_structure.cc:93 Dynamic f block size because the block size changed from 3 to 6
detect_structure.cc:114 Schur complement static structure <-1,6,-1>.
detect_structure.cc:63 Dynamic row block size because the block size changed from 2 to 15
detect_structure.cc:93 Dynamic f block size because the block size changed from 3 to 6
detect_structure.cc:114 Schur complement static structure <-1,6,-1>.
schur_eliminator.cc:155 Template specializations not found for <-1,6,-1>
block_sparse_matrix.cc:208 Allocating values array with 24480 bytes.
detect_structure.cc:63 Dynamic row block size because the block size changed from 2 to 15
detect_structure.cc:114 Schur complement static structure <-1,6,3>.
detect_structure.cc:63 Dynamic row block size because the block size changed from 2 to 15
detect_structure.cc:114 Schur complement static structure <-1,6,3>.
schur_eliminator.cc:155 Template specializations not found for <-1,6,3>
block_sparse_matrix.cc:208 Allocating values array with 33024 bytes.
detect_structure.cc:63 Dynamic row block size because the block size changed from 2 to 15
detect_structure.cc:114 Schur complement static structure <-1,6,3>.
detect_structure.cc:63 Dynamic row block size because the block size changed from 2 to 15
detect_structure.cc:114 Schur complement static structure <-1,6,3>.
schur_eliminator.cc:155 Template specializations not found for <-1,6,3>
block_sparse_matrix.cc:208 Allocating values array with 334696 bytes.
detect_structure.cc:63 Dynamic row block size because the block size changed from 2 to 15
detect_structure.cc:74 Dynamic e block size because the block size changed from 1 to 9
detect_structure.cc:93 Dynamic f block size because the block size changed from 6 to 9
detect_structure.cc:114 Schur complement static structure <-1,-1,-1>.
detect_structure.cc:63 Dynamic row block size because the block size changed from 2 to 15
detect_structure.cc:74 Dynamic e block size because the block size changed from 1 to 9
detect_structure.cc:93 Dynamic f block size because the block size changed from 6 to 9
detect_structure.cc:114 Schur complement static structure <-1,-1,-1>.
schur_eliminator.cc:155 Template specializations not found for <-1,-1,-1>
block_sparse_matrix.cc:208 Allocating values array with 32376 bytes.
detect_structure.cc:63 Dynamic row block size because the block size changed from 2 to 15
detect_structure.cc:93 Dynamic f block size because the block size changed from 3 to 6
detect_structure.cc:114 Schur complement static structure <-1,6,-1>.
detect_structure.cc:63 Dynamic row block size because the block size changed from 2 to 15
detect_structure.cc:93 Dynamic f block size because the block size changed from 3 to 6
detect_structure.cc:114 Schur complement static structure <-1,6,-1>.
schur_eliminator.cc:155 Template specializations not found for <-1,6,-1>
block_sparse_matrix.cc:208 Allocating values array with 22560 bytes.
detect_structure.cc:63 Dynamic row block size because the block size changed from 2 to 15
detect_structure.cc:114 Schur complement static structure <-1,6,3>.
detect_structure.cc:63 Dynamic row block size because the block size changed from 2 to 15
detect_structure.cc:114 Schur complement static structure <-1,6,3>.
schur_eliminator.cc:155 Template specializations not found for <-1,6,3>
block_sparse_matrix.cc:208 Allocating values array with 30816 bytes.
detect_structure.cc:63 Dynamic row block size because the block size changed from 2 to 15
detect_structure.cc:114 Schur complement static structure <-1,6,3>.
detect_structure.cc:63 Dynamic row block size because the block size changed from 2 to 15
detect_structure.cc:114 Schur complement static structure <-1,6,3>.
schur_eliminator.cc:155 Template specializations not found for <-1,6,3>
block_sparse_matrix.cc:208 Allocating values array with 324504 bytes.
detect_structure.cc:63 Dynamic row block size because the block size changed from 2 to 15
detect_structure.cc:74 Dynamic e block size because the block size changed from 1 to 9
detect_structure.cc:93 Dynamic f block size because the block size changed from 6 to 9
detect_structure.cc:114 Schur complement static structure <-1,-1,-1>.
detect_structure.cc:63 Dynamic row block size because the block size changed from 2 to 15
detect_structure.cc:74 Dynamic e block size because the block size changed from 1 to 9
detect_structure.cc:93 Dynamic f block size because the block size changed from 6 to 9
detect_structure.cc:114 Schur complement static structure <-1,-1,-1>.
schur_eliminator.cc:155 Template specializations not found for <-1,-1,-1>
block_sparse_matrix.cc:208 Allocating values array with 30456 bytes.
detect_structure.cc:63 Dynamic row block size because the block size changed from 2 to 15
detect_structure.cc:93 Dynamic f block size because the block size changed from 3 to 6
detect_structure.cc:114 Schur complement static structure <-1,6,-1>.
detect_structure.cc:63 Dynamic row block size because the block size changed from 2 to 15
detect_structure.cc:93 Dynamic f block size because the block size changed from 3 to 6
detect_structure.cc:114 Schur complement static structure <-1,6,-1>.
schur_eliminator.cc:155 Template specializations not found for <-1,6,-1>
[FeatureTracker] F-matrix: 141 → 92 (rejected 49, threshold=1)
block_sparse_matrix.cc:208 Allocating values array with 21120 bytes.
detect_structure.cc:63 Dynamic row block size because the block size changed from 2 to 15
detect_structure.cc:114 Schur complement static structure <-1,6,3>.
detect_structure.cc:63 Dynamic row block size because the block size changed from 2 to 15
detect_structure.cc:114 Schur complement static structure <-1,6,3>.
schur_eliminator.cc:155 Template specializations not found for <-1,6,3>
block_sparse_matrix.cc:208 Allocating values array with 27552 bytes.
detect_structure.cc:63 Dynamic row block size because the block size changed from 2 to 15
detect_structure.cc:114 Schur complement static structure <-1,6,3>.
detect_structure.cc:63 Dynamic row block size because the block size changed from 2 to 15
detect_structure.cc:114 Schur complement static structure <-1,6,3>.
schur_eliminator.cc:155 Template specializations not found for <-1,6,3>
block_sparse_matrix.cc:208 Allocating values array with 313896 bytes.
detect_structure.cc:63 Dynamic row block size because the block size changed from 2 to 15
detect_structure.cc:74 Dynamic e block size because the block size changed from 1 to 9
detect_structure.cc:93 Dynamic f block size because the block size changed from 6 to 9
detect_structure.cc:114 Schur complement static structure <-1,-1,-1>.
detect_structure.cc:63 Dynamic row block size because the block size changed from 2 to 15
detect_structure.cc:74 Dynamic e block size because the block size changed from 1 to 9
detect_structure.cc:93 Dynamic f block size because the block size changed from 6 to 9
detect_structure.cc:114 Schur complement static structure <-1,-1,-1>.
schur_eliminator.cc:155 Template specializations not found for <-1,-1,-1>
block_sparse_matrix.cc:208 Allocating values array with 26808 bytes.
detect_structure.cc:63 Dynamic row block size because the block size changed from 2 to 15
detect_structure.cc:93 Dynamic f block size because the block size changed from 3 to 6
detect_structure.cc:114 Schur complement static structure <-1,6,-1>.
detect_structure.cc:63 Dynamic row block size because the block size changed from 2 to 15
detect_structure.cc:93 Dynamic f block size because the block size changed from 3 to 6
detect_structure.cc:114 Schur complement static structure <-1,6,-1>.
schur_eliminator.cc:155 Template specializations not found for <-1,6,-1>
block_sparse_matrix.cc:208 Allocating values array with 19008 bytes.
detect_structure.cc:63 Dynamic row block size because the block size changed from 2 to 15
detect_structure.cc:114 Schur complement static structure <-1,6,3>.
detect_structure.cc:63 Dynamic row block size because the block size changed from 2 to 15
detect_structure.cc:114 Schur complement static structure <-1,6,3>.
schur_eliminator.cc:155 Template specializations not found for <-1,6,3>
block_sparse_matrix.cc:208 Allocating values array with 25440 bytes.
detect_structure.cc:63 Dynamic row block size because the block size changed from 2 to 15
detect_structure.cc:114 Schur complement static structure <-1,6,3>.
detect_structure.cc:63 Dynamic row block size because the block size changed from 2 to 15
detect_structure.cc:114 Schur complement static structure <-1,6,3>.
schur_eliminator.cc:155 Template specializations not found for <-1,6,3>
block_sparse_matrix.cc:208 Allocating values array with 301000 bytes.
detect_structure.cc:63 Dynamic row block size because the block size changed from 2 to 15
detect_structure.cc:74 Dynamic e block size because the block size changed from 1 to 9
detect_structure.cc:93 Dynamic f block size because the block size changed from 6 to 9
detect_structure.cc:114 Schur complement static structure <-1,-1,-1>.
detect_structure.cc:63 Dynamic row block size because the block size changed from 2 to 15
detect_structure.cc:74 Dynamic e block size because the block size changed from 1 to 9
detect_structure.cc:93 Dynamic f block size because the block size changed from 6 to 9
detect_structure.cc:114 Schur complement static structure <-1,-1,-1>.
schur_eliminator.cc:155 Template specializations not found for <-1,-1,-1>
block_sparse_matrix.cc:208 Allocating values array with 24600 bytes.
detect_structure.cc:63 Dynamic row block size because the block size changed from 2 to 15
detect_structure.cc:93 Dynamic f block size because the block size changed from 3 to 6
detect_structure.cc:114 Schur complement static structure <-1,6,-1>.
detect_structure.cc:63 Dynamic row block size because the block size changed from 2 to 15
detect_structure.cc:93 Dynamic f block size because the block size changed from 3 to 6
detect_structure.cc:114 Schur complement static structure <-1,6,-1>.
schur_eliminator.cc:155 Template specializations not found for <-1,6,-1>
block_sparse_matrix.cc:208 Allocating values array with 17184 bytes.
detect_structure.cc:63 Dynamic row block size because the block size changed from 2 to 15
detect_structure.cc:114 Schur complement static structure <-1,6,3>.
detect_structure.cc:63 Dynamic row block size because the block size changed from 2 to 15
detect_structure.cc:114 Schur complement static structure <-1,6,3>.
schur_eliminator.cc:155 Template specializations not found for <-1,6,3>
block_sparse_matrix.cc:208 Allocating values array with 23232 bytes.
detect_structure.cc:63 Dynamic row block size because the block size changed from 2 to 15
detect_structure.cc:114 Schur complement static structure <-1,6,3>.
detect_structure.cc:63 Dynamic row block size because the block size changed from 2 to 15
detect_structure.cc:114 Schur complement static structure <-1,6,3>.
schur_eliminator.cc:155 Template specializations not found for <-1,6,3>
block_sparse_matrix.cc:208 Allocating values array with 292504 bytes.
detect_structure.cc:63 Dynamic row block size because the block size changed from 2 to 15
detect_structure.cc:74 Dynamic e block size because the block size changed from 1 to 9
detect_structure.cc:93 Dynamic f block size because the block size changed from 6 to 9
detect_structure.cc:114 Schur complement static structure <-1,-1,-1>.
detect_structure.cc:63 Dynamic row block size because the block size changed from 2 to 15
detect_structure.cc:74 Dynamic e block size because the block size changed from 1 to 9
detect_structure.cc:93 Dynamic f block size because the block size changed from 6 to 9
detect_structure.cc:114 Schur complement static structure <-1,-1,-1>.
schur_eliminator.cc:155 Template specializations not found for <-1,-1,-1>
block_sparse_matrix.cc:208 Allocating values array with 23832 bytes.
detect_structure.cc:63 Dynamic row block size because the block size changed from 2 to 15
detect_structure.cc:93 Dynamic f block size because the block size changed from 3 to 6
detect_structure.cc:114 Schur complement static structure <-1,6,-1>.
detect_structure.cc:63 Dynamic row block size because the block size changed from 2 to 15
detect_structure.cc:93 Dynamic f block size because the block size changed from 3 to 6
detect_structure.cc:114 Schur complement static structure <-1,6,-1>.
schur_eliminator.cc:155 Template specializations not found for <-1,6,-1>
block_sparse_matrix.cc:208 Allocating values array with 16800 bytes.
detect_structure.cc:63 Dynamic row block size because the block size changed from 2 to 15
detect_structure.cc:114 Schur complement static structure <-1,6,3>.
detect_structure.cc:63 Dynamic row block size because the block size changed from 2 to 15
detect_structure.cc:114 Schur complement static structure <-1,6,3>.
schur_eliminator.cc:155 Template specializations not found for <-1,6,3>
block_sparse_matrix.cc:208 Allocating values array with 22560 bytes.
detect_structure.cc:63 Dynamic row block size because the block size changed from 2 to 15
detect_structure.cc:114 Schur complement static structure <-1,6,3>.
detect_structure.cc:63 Dynamic row block size because the block size changed from 2 to 15
detect_structure.cc:114 Schur complement static structure <-1,6,3>.
schur_eliminator.cc:155 Template specializations not found for <-1,6,3>
block_sparse_matrix.cc:208 Allocating values array with 282696 bytes.
detect_structure.cc:63 Dynamic row block size because the block size changed from 2 to 15
detect_structure.cc:74 Dynamic e block size because the block size changed from 1 to 9
detect_structure.cc:93 Dynamic f block size because the block size changed from 6 to 9
detect_structure.cc:114 Schur complement static structure <-1,-1,-1>.
detect_structure.cc:63 Dynamic row block size because the block size changed from 2 to 15
detect_structure.cc:74 Dynamic e block size because the block size changed from 1 to 9
detect_structure.cc:93 Dynamic f block size because the block size changed from 6 to 9
detect_structure.cc:114 Schur complement static structure <-1,-1,-1>.
schur_eliminator.cc:155 Template specializations not found for <-1,-1,-1>
block_sparse_matrix.cc:208 Allocating values array with 22776 bytes.
detect_structure.cc:63 Dynamic row block size because the block size changed from 2 to 15
detect_structure.cc:93 Dynamic f block size because the block size changed from 3 to 6
detect_structure.cc:114 Schur complement static structure <-1,6,-1>.
detect_structure.cc:63 Dynamic row block size because the block size changed from 2 to 15
detect_structure.cc:93 Dynamic f block size because the block size changed from 3 to 6
detect_structure.cc:114 Schur complement static structure <-1,6,-1>.
schur_eliminator.cc:155 Template specializations not found for <-1,6,-1>
block_sparse_matrix.cc:208 Allocating values array with 16128 bytes.
detect_structure.cc:63 Dynamic row block size because the block size changed from 2 to 15
detect_structure.cc:114 Schur complement static structure <-1,6,3>.
detect_structure.cc:63 Dynamic row block size because the block size changed from 2 to 15
detect_structure.cc:114 Schur complement static structure <-1,6,3>.
schur_eliminator.cc:155 Template specializations not found for <-1,6,3>
block_sparse_matrix.cc:208 Allocating values array with 21504 bytes.
detect_structure.cc:63 Dynamic row block size because the block size changed from 2 to 15
detect_structure.cc:114 Schur complement static structure <-1,6,3>.
detect_structure.cc:63 Dynamic row block size because the block size changed from 2 to 15
detect_structure.cc:114 Schur complement static structure <-1,6,3>.
schur_eliminator.cc:155 Template specializations not found for <-1,6,3>
block_sparse_matrix.cc:208 Allocating values array with 275416 bytes.
detect_structure.cc:63 Dynamic row block size because the block size changed from 2 to 15
detect_structure.cc:74 Dynamic e block size because the block size changed from 1 to 9
detect_structure.cc:93 Dynamic f block size because the block size changed from 6 to 9
detect_structure.cc:114 Schur complement static structure <-1,-1,-1>.
detect_structure.cc:63 Dynamic row block size because the block size changed from 2 to 15
detect_structure.cc:74 Dynamic e block size because the block size changed from 1 to 9
detect_structure.cc:93 Dynamic f block size because the block size changed from 6 to 9
detect_structure.cc:114 Schur complement static structure <-1,-1,-1>.
schur_eliminator.cc:155 Template specializations not found for <-1,-1,-1>
block_sparse_matrix.cc:208 Allocating values array with 22488 bytes.
detect_structure.cc:63 Dynamic row block size because the block size changed from 2 to 15
detect_structure.cc:93 Dynamic f block size because the block size changed from 3 to 6
detect_structure.cc:114 Schur complement static structure <-1,6,-1>.
detect_structure.cc:63 Dynamic row block size because the block size changed from 2 to 15
detect_structure.cc:93 Dynamic f block size because the block size changed from 3 to 6
detect_structure.cc:114 Schur complement static structure <-1,6,-1>.
schur_eliminator.cc:155 Template specializations not found for <-1,6,-1>
block_sparse_matrix.cc:208 Allocating values array with 15456 bytes.
detect_structure.cc:63 Dynamic row block size because the block size changed from 2 to 15
detect_structure.cc:114 Schur complement static structure <-1,6,3>.
detect_structure.cc:63 Dynamic row block size because the block size changed from 2 to 15
detect_structure.cc:114 Schur complement static structure <-1,6,3>.
schur_eliminator.cc:155 Template specializations not found for <-1,6,3>
[FeatureTracker] F-matrix: 94 → 56 (rejected 38, threshold=1)
block_sparse_matrix.cc:208 Allocating values array with 19968 bytes.
detect_structure.cc:63 Dynamic row block size because the block size changed from 2 to 15
detect_structure.cc:114 Schur complement static structure <-1,6,3>.
detect_structure.cc:63 Dynamic row block size because the block size changed from 2 to 15
detect_structure.cc:114 Schur complement static structure <-1,6,3>.
schur_eliminator.cc:155 Template specializations not found for <-1,6,3>
block_sparse_matrix.cc:208 Allocating values array with 262520 bytes.
detect_structure.cc:63 Dynamic row block size because the block size changed from 2 to 15
detect_structure.cc:74 Dynamic e block size because the block size changed from 1 to 9
detect_structure.cc:93 Dynamic f block size because the block size changed from 6 to 9
detect_structure.cc:114 Schur complement static structure <-1,-1,-1>.
detect_structure.cc:63 Dynamic row block size because the block size changed from 2 to 15
detect_structure.cc:74 Dynamic e block size because the block size changed from 1 to 9
detect_structure.cc:93 Dynamic f block size because the block size changed from 6 to 9
detect_structure.cc:114 Schur complement static structure <-1,-1,-1>.
schur_eliminator.cc:155 Template specializations not found for <-1,-1,-1>
block_sparse_matrix.cc:208 Allocating values array with 19896 bytes.
detect_structure.cc:63 Dynamic row block size because the block size changed from 2 to 15
detect_structure.cc:93 Dynamic f block size because the block size changed from 3 to 6
detect_structure.cc:114 Schur complement static structure <-1,6,-1>.
detect_structure.cc:63 Dynamic row block size because the block size changed from 2 to 15
detect_structure.cc:93 Dynamic f block size because the block size changed from 3 to 6
detect_structure.cc:114 Schur complement static structure <-1,6,-1>.
schur_eliminator.cc:155 Template specializations not found for <-1,6,-1>
block_sparse_matrix.cc:208 Allocating values array with 14208 bytes.
detect_structure.cc:63 Dynamic row block size because the block size changed from 2 to 15
detect_structure.cc:114 Schur complement static structure <-1,6,3>.
detect_structure.cc:63 Dynamic row block size because the block size changed from 2 to 15
detect_structure.cc:114 Schur complement static structure <-1,6,3>.
schur_eliminator.cc:155 Template specializations not found for <-1,6,3>
block_sparse_matrix.cc:208 Allocating values array with 18816 bytes.
detect_structure.cc:63 Dynamic row block size because the block size changed from 2 to 15
detect_structure.cc:114 Schur complement static structure <-1,6,3>.
detect_structure.cc:63 Dynamic row block size because the block size changed from 2 to 15
detect_structure.cc:114 Schur complement static structure <-1,6,3>.
schur_eliminator.cc:155 Template specializations not found for <-1,6,3>
block_sparse_matrix.cc:208 Allocating values array with 249208 bytes.
detect_structure.cc:63 Dynamic row block size because the block size changed from 2 to 15
detect_structure.cc:74 Dynamic e block size because the block size changed from 1 to 9
detect_structure.cc:93 Dynamic f block size because the block size changed from 6 to 9
detect_structure.cc:114 Schur complement static structure <-1,-1,-1>.
detect_structure.cc:63 Dynamic row block size because the block size changed from 2 to 15
detect_structure.cc:74 Dynamic e block size because the block size changed from 1 to 9
detect_structure.cc:93 Dynamic f block size because the block size changed from 6 to 9
detect_structure.cc:114 Schur complement static structure <-1,-1,-1>.
schur_eliminator.cc:155 Template specializations not found for <-1,-1,-1>
block_sparse_matrix.cc:208 Allocating values array with 19224 bytes.
detect_structure.cc:63 Dynamic row block size because the block size changed from 2 to 15
detect_structure.cc:93 Dynamic f block size because the block size changed from 3 to 6
detect_structure.cc:114 Schur complement static structure <-1,6,-1>.
detect_structure.cc:63 Dynamic row block size because the block size changed from 2 to 15
detect_structure.cc:93 Dynamic f block size because the block size changed from 3 to 6
detect_structure.cc:114 Schur complement static structure <-1,6,-1>.
schur_eliminator.cc:155 Template specializations not found for <-1,6,-1>
block_sparse_matrix.cc:208 Allocating values array with 13440 bytes.
detect_structure.cc:63 Dynamic row block size because the block size changed from 2 to 15
detect_structure.cc:114 Schur complement static structure <-1,6,3>.
detect_structure.cc:63 Dynamic row block size because the block size changed from 2 to 15
detect_structure.cc:114 Schur complement static structure <-1,6,3>.
schur_eliminator.cc:155 Template specializations not found for <-1,6,3>
block_sparse_matrix.cc:208 Allocating values array with 18048 bytes.
detect_structure.cc:63 Dynamic row block size because the block size changed from 2 to 15
detect_structure.cc:114 Schur complement static structure <-1,6,3>.
detect_structure.cc:63 Dynamic row block size because the block size changed from 2 to 15
detect_structure.cc:114 Schur complement static structure <-1,6,3>.
schur_eliminator.cc:155 Template specializations not found for <-1,6,3>
block_sparse_matrix.cc:208 Allocating values array with 235272 bytes.
detect_structure.cc:63 Dynamic row block size because the block size changed from 2 to 15
detect_structure.cc:74 Dynamic e block size because the block size changed from 1 to 9
detect_structure.cc:93 Dynamic f block size because the block size changed from 6 to 9
detect_structure.cc:114 Schur complement static structure <-1,-1,-1>.
detect_structure.cc:63 Dynamic row block size because the block size changed from 2 to 15
detect_structure.cc:74 Dynamic e block size because the block size changed from 1 to 9
detect_structure.cc:93 Dynamic f block size because the block size changed from 6 to 9
detect_structure.cc:114 Schur complement static structure <-1,-1,-1>.
schur_eliminator.cc:155 Template specializations not found for <-1,-1,-1>
block_sparse_matrix.cc:208 Allocating values array with 19224 bytes.
detect_structure.cc:63 Dynamic row block size because the block size changed from 2 to 15
detect_structure.cc:93 Dynamic f block size because the block size changed from 3 to 6
detect_structure.cc:114 Schur complement static structure <-1,6,-1>.
detect_structure.cc:63 Dynamic row block size because the block size changed from 2 to 15
detect_structure.cc:93 Dynamic f block size because the block size changed from 3 to 6
detect_structure.cc:114 Schur complement static structure <-1,6,-1>.
schur_eliminator.cc:155 Template specializations not found for <-1,6,-1>
[VIO DIAG] f=40 tri: ok=144 wait=1 fail=0 default=0 depth: avg=1.40752 min=0.598376 max=1.96489 |vel|=0.956423 vel=(-0.622071,-0.181116,0.70354) ba=(0.154603,0.187955,-0.044953) bg=(-3.90959e-05,-5.64527e-05,-0.000234428)
block_sparse_matrix.cc:208 Allocating values array with 13536 bytes.
detect_structure.cc:63 Dynamic row block size because the block size changed from 2 to 15
detect_structure.cc:114 Schur complement static structure <-1,6,3>.
detect_structure.cc:63 Dynamic row block size because the block size changed from 2 to 15
detect_structure.cc:114 Schur complement static structure <-1,6,3>.
schur_eliminator.cc:155 Template specializations not found for <-1,6,3>
block_sparse_matrix.cc:208 Allocating values array with 18144 bytes.
detect_structure.cc:63 Dynamic row block size because the block size changed from 2 to 15
detect_structure.cc:114 Schur complement static structure <-1,6,3>.
detect_structure.cc:63 Dynamic row block size because the block size changed from 2 to 15
detect_structure.cc:114 Schur complement static structure <-1,6,3>.
schur_eliminator.cc:155 Template specializations not found for <-1,6,3>
block_sparse_matrix.cc:208 Allocating values array with 223000 bytes.
detect_structure.cc:63 Dynamic row block size because the block size changed from 2 to 15
detect_structure.cc:74 Dynamic e block size because the block size changed from 1 to 9
detect_structure.cc:93 Dynamic f block size because the block size changed from 6 to 9
detect_structure.cc:114 Schur complement static structure <-1,-1,-1>.
detect_structure.cc:63 Dynamic row block size because the block size changed from 2 to 15
detect_structure.cc:74 Dynamic e block size because the block size changed from 1 to 9
detect_structure.cc:93 Dynamic f block size because the block size changed from 6 to 9
detect_structure.cc:114 Schur complement static structure <-1,-1,-1>.
schur_eliminator.cc:155 Template specializations not found for <-1,-1,-1>
block_sparse_matrix.cc:208 Allocating values array with 19032 bytes.
detect_structure.cc:63 Dynamic row block size because the block size changed from 2 to 15
detect_structure.cc:93 Dynamic f block size because the block size changed from 3 to 6
detect_structure.cc:114 Schur complement static structure <-1,6,-1>.
detect_structure.cc:63 Dynamic row block size because the block size changed from 2 to 15
detect_structure.cc:93 Dynamic f block size because the block size changed from 3 to 6
detect_structure.cc:114 Schur complement static structure <-1,6,-1>.
schur_eliminator.cc:155 Template specializations not found for <-1,6,-1>
block_sparse_matrix.cc:208 Allocating values array with 13536 bytes.
detect_structure.cc:63 Dynamic row block size because the block size changed from 2 to 15
detect_structure.cc:114 Schur complement static structure <-1,6,3>.
detect_structure.cc:63 Dynamic row block size because the block size changed from 2 to 15
detect_structure.cc:114 Schur complement static structure <-1,6,3>.
schur_eliminator.cc:155 Template specializations not found for <-1,6,3>
block_sparse_matrix.cc:208 Allocating values array with 17952 bytes.
detect_structure.cc:63 Dynamic row block size because the block size changed from 2 to 15
detect_structure.cc:114 Schur complement static structure <-1,6,3>.
detect_structure.cc:63 Dynamic row block size because the block size changed from 2 to 15
detect_structure.cc:114 Schur complement static structure <-1,6,3>.
schur_eliminator.cc:155 Template specializations not found for <-1,6,3>
block_sparse_matrix.cc:208 Allocating values array with 231528 bytes.
detect_structure.cc:63 Dynamic row block size because the block size changed from 2 to 15
detect_structure.cc:74 Dynamic e block size because the block size changed from 1 to 9
detect_structure.cc:93 Dynamic f block size because the block size changed from 6 to 9
detect_structure.cc:114 Schur complement static structure <-1,-1,-1>.
detect_structure.cc:63 Dynamic row block size because the block size changed from 2 to 15
detect_structure.cc:74 Dynamic e block size because the block size changed from 1 to 9
detect_structure.cc:93 Dynamic f block size because the block size changed from 6 to 9
detect_structure.cc:114 Schur complement static structure <-1,-1,-1>.
schur_eliminator.cc:155 Template specializations not found for <-1,-1,-1>
block_sparse_matrix.cc:208 Allocating values array with 21432 bytes.
detect_structure.cc:63 Dynamic row block size because the block size changed from 2 to 15
detect_structure.cc:93 Dynamic f block size because the block size changed from 3 to 6
detect_structure.cc:114 Schur complement static structure <-1,6,-1>.
detect_structure.cc:63 Dynamic row block size because the block size changed from 2 to 15
detect_structure.cc:93 Dynamic f block size because the block size changed from 3 to 6
detect_structure.cc:114 Schur complement static structure <-1,6,-1>.
schur_eliminator.cc:155 Template specializations not found for <-1,6,-1>
block_sparse_matrix.cc:208 Allocating values array with 13344 bytes.
detect_structure.cc:63 Dynamic row block size because the block size changed from 2 to 15
detect_structure.cc:114 Schur complement static structure <-1,6,3>.
detect_structure.cc:63 Dynamic row block size because the block size changed from 2 to 15
detect_structure.cc:114 Schur complement static structure <-1,6,3>.
schur_eliminator.cc:155 Template specializations not found for <-1,6,3>
block_sparse_matrix.cc:208 Allocating values array with 20352 bytes.
detect_structure.cc:63 Dynamic row block size because the block size changed from 2 to 15
detect_structure.cc:114 Schur complement static structure <-1,6,3>.
detect_structure.cc:63 Dynamic row block size because the block size changed from 2 to 15
detect_structure.cc:114 Schur complement static structure <-1,6,3>.
schur_eliminator.cc:155 Template specializations not found for <-1,6,3>
block_sparse_matrix.cc:208 Allocating values array with 228616 bytes.
detect_structure.cc:63 Dynamic row block size because the block size changed from 2 to 15
detect_structure.cc:74 Dynamic e block size because the block size changed from 1 to 9
detect_structure.cc:93 Dynamic f block size because the block size changed from 6 to 9
detect_structure.cc:114 Schur complement static structure <-1,-1,-1>.
detect_structure.cc:63 Dynamic row block size because the block size changed from 2 to 15
detect_structure.cc:74 Dynamic e block size because the block size changed from 1 to 9
detect_structure.cc:93 Dynamic f block size because the block size changed from 6 to 9
detect_structure.cc:114 Schur complement static structure <-1,-1,-1>.
schur_eliminator.cc:155 Template specializations not found for <-1,-1,-1>
block_sparse_matrix.cc:208 Allocating values array with 24024 bytes.
detect_structure.cc:63 Dynamic row block size because the block size changed from 2 to 15
detect_structure.cc:93 Dynamic f block size because the block size changed from 3 to 6
detect_structure.cc:114 Schur complement static structure <-1,6,-1>.
detect_structure.cc:63 Dynamic row block size because the block size changed from 2 to 15
detect_structure.cc:93 Dynamic f block size because the block size changed from 3 to 6
detect_structure.cc:114 Schur complement static structure <-1,6,-1>.
schur_eliminator.cc:155 Template specializations not found for <-1,6,-1>
[FeatureTracker] F-matrix: 128 → 66 (rejected 62, threshold=1)
block_sparse_matrix.cc:208 Allocating values array with 15744 bytes.
detect_structure.cc:63 Dynamic row block size because the block size changed from 2 to 15
detect_structure.cc:114 Schur complement static structure <-1,6,3>.
detect_structure.cc:63 Dynamic row block size because the block size changed from 2 to 15
detect_structure.cc:114 Schur complement static structure <-1,6,3>.
schur_eliminator.cc:155 Template specializations not found for <-1,6,3>
block_sparse_matrix.cc:208 Allocating values array with 19680 bytes.
detect_structure.cc:63 Dynamic row block size because the block size changed from 2 to 15
detect_structure.cc:114 Schur complement static structure <-1,6,3>.
detect_structure.cc:63 Dynamic row block size because the block size changed from 2 to 15
detect_structure.cc:114 Schur complement static structure <-1,6,3>.
schur_eliminator.cc:155 Template specializations not found for <-1,6,3>
block_sparse_matrix.cc:208 Allocating values array with 230696 bytes.
detect_structure.cc:63 Dynamic row block size because the block size changed from 2 to 15
detect_structure.cc:74 Dynamic e block size because the block size changed from 1 to 9
detect_structure.cc:93 Dynamic f block size because the block size changed from 6 to 9
detect_structure.cc:114 Schur complement static structure <-1,-1,-1>.
detect_structure.cc:63 Dynamic row block size because the block size changed from 2 to 15
detect_structure.cc:74 Dynamic e block size because the block size changed from 1 to 9
detect_structure.cc:93 Dynamic f block size because the block size changed from 6 to 9
detect_structure.cc:114 Schur complement static structure <-1,-1,-1>.
schur_eliminator.cc:155 Template specializations not found for <-1,-1,-1>
block_sparse_matrix.cc:208 Allocating values array with 20472 bytes.
detect_structure.cc:63 Dynamic row block size because the block size changed from 2 to 15
detect_structure.cc:93 Dynamic f block size because the block size changed from 3 to 6
detect_structure.cc:114 Schur complement static structure <-1,6,-1>.
detect_structure.cc:63 Dynamic row block size because the block size changed from 2 to 15
detect_structure.cc:93 Dynamic f block size because the block size changed from 3 to 6
detect_structure.cc:114 Schur complement static structure <-1,6,-1>.
schur_eliminator.cc:155 Template specializations not found for <-1,6,-1>
block_sparse_matrix.cc:208 Allocating values array with 15264 bytes.
detect_structure.cc:63 Dynamic row block size because the block size changed from 2 to 15
detect_structure.cc:114 Schur complement static structure <-1,6,3>.
detect_structure.cc:63 Dynamic row block size because the block size changed from 2 to 15
detect_structure.cc:114 Schur complement static structure <-1,6,3>.
schur_eliminator.cc:155 Template specializations not found for <-1,6,3>
block_sparse_matrix.cc:208 Allocating values array with 19392 bytes.
detect_structure.cc:63 Dynamic row block size because the block size changed from 2 to 15
detect_structure.cc:114 Schur complement static structure <-1,6,3>.
detect_structure.cc:63 Dynamic row block size because the block size changed from 2 to 15
detect_structure.cc:114 Schur complement static structure <-1,6,3>.
schur_eliminator.cc:155 Template specializations not found for <-1,6,3>
block_sparse_matrix.cc:208 Allocating values array with 227784 bytes.
detect_structure.cc:63 Dynamic row block size because the block size changed from 2 to 15
detect_structure.cc:74 Dynamic e block size because the block size changed from 1 to 9
detect_structure.cc:93 Dynamic f block size because the block size changed from 6 to 9
detect_structure.cc:114 Schur complement static structure <-1,-1,-1>.
detect_structure.cc:63 Dynamic row block size because the block size changed from 2 to 15
detect_structure.cc:74 Dynamic e block size because the block size changed from 1 to 9
detect_structure.cc:93 Dynamic f block size because the block size changed from 6 to 9
detect_structure.cc:114 Schur complement static structure <-1,-1,-1>.
schur_eliminator.cc:155 Template specializations not found for <-1,-1,-1>
block_sparse_matrix.cc:208 Allocating values array with 17592 bytes.
detect_structure.cc:63 Dynamic row block size because the block size changed from 2 to 15
detect_structure.cc:93 Dynamic f block size because the block size changed from 3 to 6
detect_structure.cc:114 Schur complement static structure <-1,6,-1>.
detect_structure.cc:63 Dynamic row block size because the block size changed from 2 to 15
detect_structure.cc:93 Dynamic f block size because the block size changed from 3 to 6
detect_structure.cc:114 Schur complement static structure <-1,6,-1>.
schur_eliminator.cc:155 Template specializations not found for <-1,6,-1>
block_sparse_matrix.cc:208 Allocating values array with 12384 bytes.
detect_structure.cc:63 Dynamic row block size because the block size changed from 2 to 15
detect_structure.cc:114 Schur complement static structure <-1,6,3>.
detect_structure.cc:63 Dynamic row block size because the block size changed from 2 to 15
detect_structure.cc:114 Schur complement static structure <-1,6,3>.
schur_eliminator.cc:155 Template specializations not found for <-1,6,3>
block_sparse_matrix.cc:208 Allocating values array with 16512 bytes.
detect_structure.cc:63 Dynamic row block size because the block size changed from 2 to 15
detect_structure.cc:114 Schur complement static structure <-1,6,3>.
detect_structure.cc:63 Dynamic row block size because the block size changed from 2 to 15
detect_structure.cc:114 Schur complement static structure <-1,6,3>.
schur_eliminator.cc:155 Template specializations not found for <-1,6,3>
block_sparse_matrix.cc:208 Allocating values array with 220920 bytes.
detect_structure.cc:63 Dynamic row block size because the block size changed from 2 to 15
detect_structure.cc:74 Dynamic e block size because the block size changed from 1 to 9
detect_structure.cc:93 Dynamic f block size because the block size changed from 6 to 9
detect_structure.cc:114 Schur complement static structure <-1,-1,-1>.
detect_structure.cc:63 Dynamic row block size because the block size changed from 2 to 15
detect_structure.cc:74 Dynamic e block size because the block size changed from 1 to 9
detect_structure.cc:93 Dynamic f block size because the block size changed from 6 to 9
detect_structure.cc:114 Schur complement static structure <-1,-1,-1>.
schur_eliminator.cc:155 Template specializations not found for <-1,-1,-1>
block_sparse_matrix.cc:208 Allocating values array with 17400 bytes.
detect_structure.cc:63 Dynamic row block size because the block size changed from 2 to 15
detect_structure.cc:93 Dynamic f block size because the block size changed from 3 to 6
detect_structure.cc:114 Schur complement static structure <-1,6,-1>.
detect_structure.cc:63 Dynamic row block size because the block size changed from 2 to 15
detect_structure.cc:93 Dynamic f block size because the block size changed from 3 to 6
detect_structure.cc:114 Schur complement static structure <-1,6,-1>.
schur_eliminator.cc:155 Template specializations not found for <-1,6,-1>
block_sparse_matrix.cc:208 Allocating values array with 12576 bytes.
detect_structure.cc:63 Dynamic row block size because the block size changed from 2 to 15
detect_structure.cc:114 Schur complement static structure <-1,6,3>.
detect_structure.cc:63 Dynamic row block size because the block size changed from 2 to 15
detect_structure.cc:114 Schur complement static structure <-1,6,3>.
schur_eliminator.cc:155 Template specializations not found for <-1,6,3>
block_sparse_matrix.cc:208 Allocating values array with 16320 bytes.
detect_structure.cc:63 Dynamic row block size because the block size changed from 2 to 15
detect_structure.cc:114 Schur complement static structure <-1,6,3>.
detect_structure.cc:63 Dynamic row block size because the block size changed from 2 to 15
detect_structure.cc:114 Schur complement static structure <-1,6,3>.
schur_eliminator.cc:155 Template specializations not found for <-1,6,3>
block_sparse_matrix.cc:208 Allocating values array with 213640 bytes.
detect_structure.cc:63 Dynamic row block size because the block size changed from 2 to 15
detect_structure.cc:74 Dynamic e block size because the block size changed from 1 to 9
detect_structure.cc:93 Dynamic f block size because the block size changed from 6 to 9
detect_structure.cc:114 Schur complement static structure <-1,-1,-1>.
detect_structure.cc:63 Dynamic row block size because the block size changed from 2 to 15
detect_structure.cc:74 Dynamic e block size because the block size changed from 1 to 9
detect_structure.cc:93 Dynamic f block size because the block size changed from 6 to 9
detect_structure.cc:114 Schur complement static structure <-1,-1,-1>.
schur_eliminator.cc:155 Template specializations not found for <-1,-1,-1>
block_sparse_matrix.cc:208 Allocating values array with 16920 bytes.
detect_structure.cc:63 Dynamic row block size because the block size changed from 2 to 15
detect_structure.cc:93 Dynamic f block size because the block size changed from 3 to 6
detect_structure.cc:114 Schur complement static structure <-1,6,-1>.
detect_structure.cc:63 Dynamic row block size because the block size changed from 2 to 15
detect_structure.cc:93 Dynamic f block size because the block size changed from 3 to 6
detect_structure.cc:114 Schur complement static structure <-1,6,-1>.
schur_eliminator.cc:155 Template specializations not found for <-1,6,-1>
block_sparse_matrix.cc:208 Allocating values array with 12192 bytes.
detect_structure.cc:63 Dynamic row block size because the block size changed from 2 to 15
detect_structure.cc:114 Schur complement static structure <-1,6,3>.
detect_structure.cc:63 Dynamic row block size because the block size changed from 2 to 15
detect_structure.cc:114 Schur complement static structure <-1,6,3>.
schur_eliminator.cc:155 Template specializations not found for <-1,6,3>
block_sparse_matrix.cc:208 Allocating values array with 15744 bytes.
detect_structure.cc:63 Dynamic row block size because the block size changed from 2 to 15
detect_structure.cc:114 Schur complement static structure <-1,6,3>.
detect_structure.cc:63 Dynamic row block size because the block size changed from 2 to 15
detect_structure.cc:114 Schur complement static structure <-1,6,3>.
schur_eliminator.cc:155 Template specializations not found for <-1,6,3>
block_sparse_matrix.cc:208 Allocating values array with 231528 bytes.
detect_structure.cc:63 Dynamic row block size because the block size changed from 2 to 15
detect_structure.cc:74 Dynamic e block size because the block size changed from 1 to 9
detect_structure.cc:93 Dynamic f block size because the block size changed from 6 to 9
detect_structure.cc:114 Schur complement static structure <-1,-1,-1>.
detect_structure.cc:63 Dynamic row block size because the block size changed from 2 to 15
detect_structure.cc:74 Dynamic e block size because the block size changed from 1 to 9
detect_structure.cc:93 Dynamic f block size because the block size changed from 6 to 9
detect_structure.cc:114 Schur complement static structure <-1,-1,-1>.
schur_eliminator.cc:155 Template specializations not found for <-1,-1,-1>
block_sparse_matrix.cc:208 Allocating values array with 18456 bytes.
detect_structure.cc:63 Dynamic row block size because the block size changed from 2 to 15
detect_structure.cc:93 Dynamic f block size because the block size changed from 3 to 6
detect_structure.cc:114 Schur complement static structure <-1,6,-1>.
detect_structure.cc:63 Dynamic row block size because the block size changed from 2 to 15
detect_structure.cc:93 Dynamic f block size because the block size changed from 3 to 6
detect_structure.cc:114 Schur complement static structure <-1,6,-1>.
schur_eliminator.cc:155 Template specializations not found for <-1,6,-1>
block_sparse_matrix.cc:208 Allocating values array with 11616 bytes.
detect_structure.cc:63 Dynamic row block size because the block size changed from 2 to 15
detect_structure.cc:114 Schur complement static structure <-1,6,3>.
detect_structure.cc:63 Dynamic row block size because the block size changed from 2 to 15
detect_structure.cc:114 Schur complement static structure <-1,6,3>.
schur_eliminator.cc:155 Template specializations not found for <-1,6,3>
[FeatureTracker] F-matrix: 123 → 69 (rejected 54, threshold=1)
block_sparse_matrix.cc:208 Allocating values array with 15648 bytes.
detect_structure.cc:63 Dynamic row block size because the block size changed from 2 to 15
detect_structure.cc:114 Schur complement static structure <-1,6,3>.
detect_structure.cc:63 Dynamic row block size because the block size changed from 2 to 15
detect_structure.cc:114 Schur complement static structure <-1,6,3>.
schur_eliminator.cc:155 Template specializations not found for <-1,6,3>
block_sparse_matrix.cc:208 Allocating values array with 235688 bytes.
detect_structure.cc:63 Dynamic row block size because the block size changed from 2 to 15
detect_structure.cc:74 Dynamic e block size because the block size changed from 1 to 9
detect_structure.cc:93 Dynamic f block size because the block size changed from 6 to 9
detect_structure.cc:114 Schur complement static structure <-1,-1,-1>.
detect_structure.cc:63 Dynamic row block size because the block size changed from 2 to 15
detect_structure.cc:74 Dynamic e block size because the block size changed from 1 to 9
detect_structure.cc:93 Dynamic f block size because the block size changed from 6 to 9
detect_structure.cc:114 Schur complement static structure <-1,-1,-1>.
schur_eliminator.cc:155 Template specializations not found for <-1,-1,-1>
block_sparse_matrix.cc:208 Allocating values array with 17016 bytes.
detect_structure.cc:63 Dynamic row block size because the block size changed from 2 to 15
detect_structure.cc:93 Dynamic f block size because the block size changed from 3 to 6
detect_structure.cc:114 Schur complement static structure <-1,6,-1>.
detect_structure.cc:63 Dynamic row block size because the block size changed from 2 to 15
detect_structure.cc:93 Dynamic f block size because the block size changed from 3 to 6
detect_structure.cc:114 Schur complement static structure <-1,6,-1>.
schur_eliminator.cc:155 Template specializations not found for <-1,6,-1>
block_sparse_matrix.cc:208 Allocating values array with 11904 bytes.
detect_structure.cc:63 Dynamic row block size because the block size changed from 2 to 15
detect_structure.cc:114 Schur complement static structure <-1,6,3>.
detect_structure.cc:63 Dynamic row block size because the block size changed from 2 to 15
detect_structure.cc:114 Schur complement static structure <-1,6,3>.
schur_eliminator.cc:155 Template specializations not found for <-1,6,3>
block_sparse_matrix.cc:208 Allocating values array with 15840 bytes.
detect_structure.cc:63 Dynamic row block size because the block size changed from 2 to 15
detect_structure.cc:114 Schur complement static structure <-1,6,3>.
detect_structure.cc:63 Dynamic row block size because the block size changed from 2 to 15
detect_structure.cc:114 Schur complement static structure <-1,6,3>.
schur_eliminator.cc:155 Template specializations not found for <-1,6,3>
block_sparse_matrix.cc:208 Allocating values array with 229032 bytes.
detect_structure.cc:63 Dynamic row block size because the block size changed from 2 to 15
detect_structure.cc:74 Dynamic e block size because the block size changed from 1 to 9
detect_structure.cc:93 Dynamic f block size because the block size changed from 6 to 9
detect_structure.cc:114 Schur complement static structure <-1,-1,-1>.
detect_structure.cc:63 Dynamic row block size because the block size changed from 2 to 15
detect_structure.cc:74 Dynamic e block size because the block size changed from 1 to 9
detect_structure.cc:93 Dynamic f block size because the block size changed from 6 to 9
detect_structure.cc:114 Schur complement static structure <-1,-1,-1>.
schur_eliminator.cc:155 Template specializations not found for <-1,-1,-1>
block_sparse_matrix.cc:208 Allocating values array with 16920 bytes.
detect_structure.cc:63 Dynamic row block size because the block size changed from 2 to 15
detect_structure.cc:93 Dynamic f block size because the block size changed from 3 to 6
detect_structure.cc:114 Schur complement static structure <-1,6,-1>.
detect_structure.cc:63 Dynamic row block size because the block size changed from 2 to 15
detect_structure.cc:93 Dynamic f block size because the block size changed from 3 to 6
detect_structure.cc:114 Schur complement static structure <-1,6,-1>.
schur_eliminator.cc:155 Template specializations not found for <-1,6,-1>
block_sparse_matrix.cc:208 Allocating values array with 12288 bytes.
detect_structure.cc:63 Dynamic row block size because the block size changed from 2 to 15
detect_structure.cc:114 Schur complement static structure <-1,6,3>.
detect_structure.cc:63 Dynamic row block size because the block size changed from 2 to 15
detect_structure.cc:114 Schur complement static structure <-1,6,3>.
schur_eliminator.cc:155 Template specializations not found for <-1,6,3>
block_sparse_matrix.cc:208 Allocating values array with 15744 bytes.
detect_structure.cc:63 Dynamic row block size because the block size changed from 2 to 15
detect_structure.cc:114 Schur complement static structure <-1,6,3>.
detect_structure.cc:63 Dynamic row block size because the block size changed from 2 to 15
detect_structure.cc:114 Schur complement static structure <-1,6,3>.
schur_eliminator.cc:155 Template specializations not found for <-1,6,3>
block_sparse_matrix.cc:208 Allocating values array with 219880 bytes.
detect_structure.cc:63 Dynamic row block size because the block size changed from 2 to 15
detect_structure.cc:74 Dynamic e block size because the block size changed from 1 to 9
detect_structure.cc:93 Dynamic f block size because the block size changed from 6 to 9
detect_structure.cc:114 Schur complement static structure <-1,-1,-1>.
detect_structure.cc:63 Dynamic row block size because the block size changed from 2 to 15
detect_structure.cc:74 Dynamic e block size because the block size changed from 1 to 9
detect_structure.cc:93 Dynamic f block size because the block size changed from 6 to 9
detect_structure.cc:114 Schur complement static structure <-1,-1,-1>.
schur_eliminator.cc:155 Template specializations not found for <-1,-1,-1>
block_sparse_matrix.cc:208 Allocating values array with 16056 bytes.
detect_structure.cc:63 Dynamic row block size because the block size changed from 2 to 15
detect_structure.cc:93 Dynamic f block size because the block size changed from 3 to 6
detect_structure.cc:114 Schur complement static structure <-1,6,-1>.
detect_structure.cc:63 Dynamic row block size because the block size changed from 2 to 15
detect_structure.cc:93 Dynamic f block size because the block size changed from 3 to 6
detect_structure.cc:114 Schur complement static structure <-1,6,-1>.
schur_eliminator.cc:155 Template specializations not found for <-1,6,-1>
[FeatureTracker] F-matrix: 148 → 90 (rejected 58, threshold=1)
block_sparse_matrix.cc:208 Allocating values array with 11712 bytes.
detect_structure.cc:63 Dynamic row block size because the block size changed from 2 to 15
detect_structure.cc:114 Schur complement static structure <-1,6,3>.
detect_structure.cc:63 Dynamic row block size because the block size changed from 2 to 15
detect_structure.cc:114 Schur complement static structure <-1,6,3>.
schur_eliminator.cc:155 Template specializations not found for <-1,6,3>
[Replay] 200/600 frames, 151 valid poses
block_sparse_matrix.cc:208 Allocating values array with 14880 bytes.
detect_structure.cc:63 Dynamic row block size because the block size changed from 2 to 15
detect_structure.cc:114 Schur complement static structure <-1,6,3>.
detect_structure.cc:63 Dynamic row block size because the block size changed from 2 to 15
detect_structure.cc:114 Schur complement static structure <-1,6,3>.
schur_eliminator.cc:155 Template specializations not found for <-1,6,3>
block_sparse_matrix.cc:208 Allocating values array with 207192 bytes.
detect_structure.cc:63 Dynamic row block size because the block size changed from 2 to 15
detect_structure.cc:74 Dynamic e block size because the block size changed from 1 to 9
detect_structure.cc:93 Dynamic f block size because the block size changed from 6 to 9
detect_structure.cc:114 Schur complement static structure <-1,-1,-1>.
detect_structure.cc:63 Dynamic row block size because the block size changed from 2 to 15
detect_structure.cc:74 Dynamic e block size because the block size changed from 1 to 9
detect_structure.cc:93 Dynamic f block size because the block size changed from 6 to 9
detect_structure.cc:114 Schur complement static structure <-1,-1,-1>.
schur_eliminator.cc:155 Template specializations not found for <-1,-1,-1>
block_sparse_matrix.cc:208 Allocating values array with 15096 bytes.
detect_structure.cc:63 Dynamic row block size because the block size changed from 2 to 15
detect_structure.cc:93 Dynamic f block size because the block size changed from 3 to 6
detect_structure.cc:114 Schur complement static structure <-1,6,-1>.
detect_structure.cc:63 Dynamic row block size because the block size changed from 2 to 15
detect_structure.cc:93 Dynamic f block size because the block size changed from 3 to 6
detect_structure.cc:114 Schur complement static structure <-1,6,-1>.
schur_eliminator.cc:155 Template specializations not found for <-1,6,-1>
block_sparse_matrix.cc:208 Allocating values array with 10944 bytes.
detect_structure.cc:63 Dynamic row block size because the block size changed from 2 to 15
detect_structure.cc:114 Schur complement static structure <-1,6,3>.
detect_structure.cc:63 Dynamic row block size because the block size changed from 2 to 15
detect_structure.cc:114 Schur complement static structure <-1,6,3>.
schur_eliminator.cc:155 Template specializations not found for <-1,6,3>
block_sparse_matrix.cc:208 Allocating values array with 13632 bytes.
detect_structure.cc:63 Dynamic row block size because the block size changed from 2 to 15
detect_structure.cc:114 Schur complement static structure <-1,6,3>.
detect_structure.cc:63 Dynamic row block size because the block size changed from 2 to 15
detect_structure.cc:114 Schur complement static structure <-1,6,3>.
schur_eliminator.cc:155 Template specializations not found for <-1,6,3>
block_sparse_matrix.cc:208 Allocating values array with 209064 bytes.
detect_structure.cc:63 Dynamic row block size because the block size changed from 2 to 15
detect_structure.cc:74 Dynamic e block size because the block size changed from 1 to 9
detect_structure.cc:93 Dynamic f block size because the block size changed from 6 to 9
detect_structure.cc:114 Schur complement static structure <-1,-1,-1>.
detect_structure.cc:63 Dynamic row block size because the block size changed from 2 to 15
detect_structure.cc:74 Dynamic e block size because the block size changed from 1 to 9
detect_structure.cc:93 Dynamic f block size because the block size changed from 6 to 9
detect_structure.cc:114 Schur complement static structure <-1,-1,-1>.
schur_eliminator.cc:155 Template specializations not found for <-1,-1,-1>
block_sparse_matrix.cc:208 Allocating values array with 15864 bytes.
detect_structure.cc:63 Dynamic row block size because the block size changed from 2 to 15
detect_structure.cc:93 Dynamic f block size because the block size changed from 3 to 6
detect_structure.cc:114 Schur complement static structure <-1,6,-1>.
detect_structure.cc:63 Dynamic row block size because the block size changed from 2 to 15
detect_structure.cc:93 Dynamic f block size because the block size changed from 3 to 6
detect_structure.cc:114 Schur complement static structure <-1,6,-1>.
schur_eliminator.cc:155 Template specializations not found for <-1,6,-1>
block_sparse_matrix.cc:208 Allocating values array with 10176 bytes.
detect_structure.cc:63 Dynamic row block size because the block size changed from 2 to 15
detect_structure.cc:114 Schur complement static structure <-1,6,3>.
detect_structure.cc:63 Dynamic row block size because the block size changed from 2 to 15
detect_structure.cc:114 Schur complement static structure <-1,6,3>.
schur_eliminator.cc:155 Template specializations not found for <-1,6,3>
block_sparse_matrix.cc:208 Allocating values array with 14592 bytes.
detect_structure.cc:63 Dynamic row block size because the block size changed from 2 to 15
detect_structure.cc:114 Schur complement static structure <-1,6,3>.
detect_structure.cc:63 Dynamic row block size because the block size changed from 2 to 15
detect_structure.cc:114 Schur complement static structure <-1,6,3>.
schur_eliminator.cc:155 Template specializations not found for <-1,6,3>
block_sparse_matrix.cc:208 Allocating values array with 210728 bytes.
detect_structure.cc:63 Dynamic row block size because the block size changed from 2 to 15
detect_structure.cc:74 Dynamic e block size because the block size changed from 1 to 9
detect_structure.cc:93 Dynamic f block size because the block size changed from 6 to 9
detect_structure.cc:114 Schur complement static structure <-1,-1,-1>.
detect_structure.cc:63 Dynamic row block size because the block size changed from 2 to 15
detect_structure.cc:74 Dynamic e block size because the block size changed from 1 to 9
detect_structure.cc:93 Dynamic f block size because the block size changed from 6 to 9
detect_structure.cc:114 Schur complement static structure <-1,-1,-1>.
schur_eliminator.cc:155 Template specializations not found for <-1,-1,-1>
block_sparse_matrix.cc:208 Allocating values array with 17208 bytes.
detect_structure.cc:63 Dynamic row block size because the block size changed from 2 to 15
detect_structure.cc:93 Dynamic f block size because the block size changed from 3 to 6
detect_structure.cc:114 Schur complement static structure <-1,6,-1>.
detect_structure.cc:63 Dynamic row block size because the block size changed from 2 to 15
detect_structure.cc:93 Dynamic f block size because the block size changed from 3 to 6
detect_structure.cc:114 Schur complement static structure <-1,6,-1>.
schur_eliminator.cc:155 Template specializations not found for <-1,6,-1>
block_sparse_matrix.cc:208 Allocating values array with 11424 bytes.
detect_structure.cc:63 Dynamic row block size because the block size changed from 2 to 15
detect_structure.cc:114 Schur complement static structure <-1,6,3>.
detect_structure.cc:63 Dynamic row block size because the block size changed from 2 to 15
detect_structure.cc:114 Schur complement static structure <-1,6,3>.
schur_eliminator.cc:155 Template specializations not found for <-1,6,3>
block_sparse_matrix.cc:208 Allocating values array with 16032 bytes.
detect_structure.cc:63 Dynamic row block size because the block size changed from 2 to 15
detect_structure.cc:114 Schur complement static structure <-1,6,3>.
detect_structure.cc:63 Dynamic row block size because the block size changed from 2 to 15
detect_structure.cc:114 Schur complement static structure <-1,6,3>.
schur_eliminator.cc:155 Template specializations not found for <-1,6,3>
block_sparse_matrix.cc:208 Allocating values array with 217800 bytes.
detect_structure.cc:63 Dynamic row block size because the block size changed from 2 to 15
detect_structure.cc:74 Dynamic e block size because the block size changed from 1 to 9
detect_structure.cc:93 Dynamic f block size because the block size changed from 6 to 9
detect_structure.cc:114 Schur complement static structure <-1,-1,-1>.
detect_structure.cc:63 Dynamic row block size because the block size changed from 2 to 15
detect_structure.cc:74 Dynamic e block size because the block size changed from 1 to 9
detect_structure.cc:93 Dynamic f block size because the block size changed from 6 to 9
detect_structure.cc:114 Schur complement static structure <-1,-1,-1>.
schur_eliminator.cc:155 Template specializations not found for <-1,-1,-1>
block_sparse_matrix.cc:208 Allocating values array with 19608 bytes.
detect_structure.cc:63 Dynamic row block size because the block size changed from 2 to 15
detect_structure.cc:93 Dynamic f block size because the block size changed from 3 to 6
detect_structure.cc:114 Schur complement static structure <-1,6,-1>.
detect_structure.cc:63 Dynamic row block size because the block size changed from 2 to 15
detect_structure.cc:93 Dynamic f block size because the block size changed from 3 to 6
detect_structure.cc:114 Schur complement static structure <-1,6,-1>.
schur_eliminator.cc:155 Template specializations not found for <-1,6,-1>
block_sparse_matrix.cc:208 Allocating values array with 13344 bytes.
detect_structure.cc:63 Dynamic row block size because the block size changed from 2 to 15
detect_structure.cc:114 Schur complement static structure <-1,6,3>.
detect_structure.cc:63 Dynamic row block size because the block size changed from 2 to 15
detect_structure.cc:114 Schur complement static structure <-1,6,3>.
schur_eliminator.cc:155 Template specializations not found for <-1,6,3>
block_sparse_matrix.cc:208 Allocating values array with 18336 bytes.
detect_structure.cc:63 Dynamic row block size because the block size changed from 2 to 15
detect_structure.cc:114 Schur complement static structure <-1,6,3>.
detect_structure.cc:63 Dynamic row block size because the block size changed from 2 to 15
detect_structure.cc:114 Schur complement static structure <-1,6,3>.
schur_eliminator.cc:155 Template specializations not found for <-1,6,3>
block_sparse_matrix.cc:208 Allocating values array with 228824 bytes.
detect_structure.cc:63 Dynamic row block size because the block size changed from 2 to 15
detect_structure.cc:74 Dynamic e block size because the block size changed from 1 to 9
detect_structure.cc:93 Dynamic f block size because the block size changed from 6 to 9
detect_structure.cc:114 Schur complement static structure <-1,-1,-1>.
detect_structure.cc:63 Dynamic row block size because the block size changed from 2 to 15
detect_structure.cc:74 Dynamic e block size because the block size changed from 1 to 9
detect_structure.cc:93 Dynamic f block size because the block size changed from 6 to 9
detect_structure.cc:114 Schur complement static structure <-1,-1,-1>.
schur_eliminator.cc:155 Template specializations not found for <-1,-1,-1>
block_sparse_matrix.cc:208 Allocating values array with 21432 bytes.
detect_structure.cc:63 Dynamic row block size because the block size changed from 2 to 15
detect_structure.cc:93 Dynamic f block size because the block size changed from 3 to 6
detect_structure.cc:114 Schur complement static structure <-1,6,-1>.
detect_structure.cc:63 Dynamic row block size because the block size changed from 2 to 15
detect_structure.cc:93 Dynamic f block size because the block size changed from 3 to 6
detect_structure.cc:114 Schur complement static structure <-1,6,-1>.
schur_eliminator.cc:155 Template specializations not found for <-1,6,-1>
block_sparse_matrix.cc:208 Allocating values array with 13920 bytes.
detect_structure.cc:63 Dynamic row block size because the block size changed from 2 to 15
detect_structure.cc:114 Schur complement static structure <-1,6,3>.
detect_structure.cc:63 Dynamic row block size because the block size changed from 2 to 15
detect_structure.cc:114 Schur complement static structure <-1,6,3>.
schur_eliminator.cc:155 Template specializations not found for <-1,6,3>
block_sparse_matrix.cc:208 Allocating values array with 19872 bytes.
detect_structure.cc:63 Dynamic row block size because the block size changed from 2 to 15
detect_structure.cc:114 Schur complement static structure <-1,6,3>.
detect_structure.cc:63 Dynamic row block size because the block size changed from 2 to 15
detect_structure.cc:114 Schur complement static structure <-1,6,3>.
schur_eliminator.cc:155 Template specializations not found for <-1,6,3>
[FeatureTracker] F-matrix: 96 → 64 (rejected 32, threshold=1)
block_sparse_matrix.cc:208 Allocating values array with 224664 bytes.
detect_structure.cc:63 Dynamic row block size because the block size changed from 2 to 15
detect_structure.cc:74 Dynamic e block size because the block size changed from 1 to 9
detect_structure.cc:93 Dynamic f block size because the block size changed from 6 to 9
detect_structure.cc:114 Schur complement static structure <-1,-1,-1>.
detect_structure.cc:63 Dynamic row block size because the block size changed from 2 to 15
detect_structure.cc:74 Dynamic e block size because the block size changed from 1 to 9
detect_structure.cc:93 Dynamic f block size because the block size changed from 6 to 9
detect_structure.cc:114 Schur complement static structure <-1,-1,-1>.
schur_eliminator.cc:155 Template specializations not found for <-1,-1,-1>
block_sparse_matrix.cc:208 Allocating values array with 20568 bytes.
detect_structure.cc:63 Dynamic row block size because the block size changed from 2 to 15
detect_structure.cc:93 Dynamic f block size because the block size changed from 3 to 6
detect_structure.cc:114 Schur complement static structure <-1,6,-1>.
detect_structure.cc:63 Dynamic row block size because the block size changed from 2 to 15
detect_structure.cc:93 Dynamic f block size because the block size changed from 3 to 6
detect_structure.cc:114 Schur complement static structure <-1,6,-1>.
schur_eliminator.cc:155 Template specializations not found for <-1,6,-1>
block_sparse_matrix.cc:208 Allocating values array with 15264 bytes.
detect_structure.cc:63 Dynamic row block size because the block size changed from 2 to 15
detect_structure.cc:114 Schur complement static structure <-1,6,3>.
detect_structure.cc:63 Dynamic row block size because the block size changed from 2 to 15
detect_structure.cc:114 Schur complement static structure <-1,6,3>.
schur_eliminator.cc:155 Template specializations not found for <-1,6,3>
block_sparse_matrix.cc:208 Allocating values array with 19488 bytes.
detect_structure.cc:63 Dynamic row block size because the block size changed from 2 to 15
detect_structure.cc:114 Schur complement static structure <-1,6,3>.
detect_structure.cc:63 Dynamic row block size because the block size changed from 2 to 15
detect_structure.cc:114 Schur complement static structure <-1,6,3>.
schur_eliminator.cc:155 Template specializations not found for <-1,6,3>
block_sparse_matrix.cc:208 Allocating values array with 217384 bytes.
detect_structure.cc:63 Dynamic row block size because the block size changed from 2 to 15
detect_structure.cc:74 Dynamic e block size because the block size changed from 1 to 9
detect_structure.cc:93 Dynamic f block size because the block size changed from 6 to 9
detect_structure.cc:114 Schur complement static structure <-1,-1,-1>.
detect_structure.cc:63 Dynamic row block size because the block size changed from 2 to 15
detect_structure.cc:74 Dynamic e block size because the block size changed from 1 to 9
detect_structure.cc:93 Dynamic f block size because the block size changed from 6 to 9
detect_structure.cc:114 Schur complement static structure <-1,-1,-1>.
schur_eliminator.cc:155 Template specializations not found for <-1,-1,-1>
block_sparse_matrix.cc:208 Allocating values array with 19800 bytes.
detect_structure.cc:63 Dynamic row block size because the block size changed from 2 to 15
detect_structure.cc:93 Dynamic f block size because the block size changed from 3 to 6
detect_structure.cc:114 Schur complement static structure <-1,6,-1>.
detect_structure.cc:63 Dynamic row block size because the block size changed from 2 to 15
detect_structure.cc:93 Dynamic f block size because the block size changed from 3 to 6
detect_structure.cc:114 Schur complement static structure <-1,6,-1>.
schur_eliminator.cc:155 Template specializations not found for <-1,6,-1>
block_sparse_matrix.cc:208 Allocating values array with 14496 bytes.
detect_structure.cc:63 Dynamic row block size because the block size changed from 2 to 15
detect_structure.cc:114 Schur complement static structure <-1,6,3>.
detect_structure.cc:63 Dynamic row block size because the block size changed from 2 to 15
detect_structure.cc:114 Schur complement static structure <-1,6,3>.
schur_eliminator.cc:155 Template specializations not found for <-1,6,3>
block_sparse_matrix.cc:208 Allocating values array with 18624 bytes.
detect_structure.cc:63 Dynamic row block size because the block size changed from 2 to 15
detect_structure.cc:114 Schur complement static structure <-1,6,3>.
detect_structure.cc:63 Dynamic row block size because the block size changed from 2 to 15
detect_structure.cc:114 Schur complement static structure <-1,6,3>.
schur_eliminator.cc:155 Template specializations not found for <-1,6,3>
block_sparse_matrix.cc:208 Allocating values array with 221752 bytes.
detect_structure.cc:63 Dynamic row block size because the block size changed from 2 to 15
detect_structure.cc:74 Dynamic e block size because the block size changed from 1 to 9
detect_structure.cc:93 Dynamic f block size because the block size changed from 6 to 9
detect_structure.cc:114 Schur complement static structure <-1,-1,-1>.
detect_structure.cc:63 Dynamic row block size because the block size changed from 2 to 15
detect_structure.cc:74 Dynamic e block size because the block size changed from 1 to 9
detect_structure.cc:93 Dynamic f block size because the block size changed from 6 to 9
detect_structure.cc:114 Schur complement static structure <-1,-1,-1>.
schur_eliminator.cc:155 Template specializations not found for <-1,-1,-1>
block_sparse_matrix.cc:208 Allocating values array with 18360 bytes.
detect_structure.cc:63 Dynamic row block size because the block size changed from 2 to 15
detect_structure.cc:93 Dynamic f block size because the block size changed from 3 to 6
detect_structure.cc:114 Schur complement static structure <-1,6,-1>.
detect_structure.cc:63 Dynamic row block size because the block size changed from 2 to 15
detect_structure.cc:93 Dynamic f block size because the block size changed from 3 to 6
detect_structure.cc:114 Schur complement static structure <-1,6,-1>.
schur_eliminator.cc:155 Template specializations not found for <-1,6,-1>
block_sparse_matrix.cc:208 Allocating values array with 12672 bytes.
detect_structure.cc:63 Dynamic row block size because the block size changed from 2 to 15
detect_structure.cc:114 Schur complement static structure <-1,6,3>.
detect_structure.cc:63 Dynamic row block size because the block size changed from 2 to 15
detect_structure.cc:114 Schur complement static structure <-1,6,3>.
schur_eliminator.cc:155 Template specializations not found for <-1,6,3>
block_sparse_matrix.cc:208 Allocating values array with 17088 bytes.
detect_structure.cc:63 Dynamic row block size because the block size changed from 2 to 15
detect_structure.cc:114 Schur complement static structure <-1,6,3>.
detect_structure.cc:63 Dynamic row block size because the block size changed from 2 to 15
detect_structure.cc:114 Schur complement static structure <-1,6,3>.
schur_eliminator.cc:155 Template specializations not found for <-1,6,3>
block_sparse_matrix.cc:208 Allocating values array with 224456 bytes.
detect_structure.cc:63 Dynamic row block size because the block size changed from 2 to 15
detect_structure.cc:74 Dynamic e block size because the block size changed from 1 to 9
detect_structure.cc:93 Dynamic f block size because the block size changed from 6 to 9
detect_structure.cc:114 Schur complement static structure <-1,-1,-1>.
detect_structure.cc:63 Dynamic row block size because the block size changed from 2 to 15
detect_structure.cc:74 Dynamic e block size because the block size changed from 1 to 9
detect_structure.cc:93 Dynamic f block size because the block size changed from 6 to 9
detect_structure.cc:114 Schur complement static structure <-1,-1,-1>.
schur_eliminator.cc:155 Template specializations not found for <-1,-1,-1>
block_sparse_matrix.cc:208 Allocating values array with 18552 bytes.
detect_structure.cc:63 Dynamic row block size because the block size changed from 2 to 15
detect_structure.cc:93 Dynamic f block size because the block size changed from 3 to 6
detect_structure.cc:114 Schur complement static structure <-1,6,-1>.
detect_structure.cc:63 Dynamic row block size because the block size changed from 2 to 15
detect_structure.cc:93 Dynamic f block size because the block size changed from 3 to 6
detect_structure.cc:114 Schur complement static structure <-1,6,-1>.
schur_eliminator.cc:155 Template specializations not found for <-1,6,-1>
[VIO DIAG] f=60 tri: ok=151 wait=21 fail=0 default=0 depth: avg=1.38472 min=0.558297 max=4.15845 |vel|=1.16341 vel=(0.856895,0.291087,-0.731114) ba=(0.0812275,0.0671332,-0.0437013) bg=(-0.000149191,0.000205199,-0.000316401)
block_sparse_matrix.cc:208 Allocating values array with 12864 bytes.
detect_structure.cc:63 Dynamic row block size because the block size changed from 2 to 15
detect_structure.cc:114 Schur complement static structure <-1,6,3>.
detect_structure.cc:63 Dynamic row block size because the block size changed from 2 to 15
detect_structure.cc:114 Schur complement static structure <-1,6,3>.
schur_eliminator.cc:155 Template specializations not found for <-1,6,3>
block_sparse_matrix.cc:208 Allocating values array with 17376 bytes.
detect_structure.cc:63 Dynamic row block size because the block size changed from 2 to 15
detect_structure.cc:114 Schur complement static structure <-1,6,3>.
detect_structure.cc:63 Dynamic row block size because the block size changed from 2 to 15
detect_structure.cc:114 Schur complement static structure <-1,6,3>.
schur_eliminator.cc:155 Template specializations not found for <-1,6,3>
block_sparse_matrix.cc:208 Allocating values array with 221960 bytes.
detect_structure.cc:63 Dynamic row block size because the block size changed from 2 to 15
detect_structure.cc:74 Dynamic e block size because the block size changed from 1 to 9
detect_structure.cc:93 Dynamic f block size because the block size changed from 6 to 9
detect_structure.cc:114 Schur complement static structure <-1,-1,-1>.
detect_structure.cc:63 Dynamic row block size because the block size changed from 2 to 15
detect_structure.cc:74 Dynamic e block size because the block size changed from 1 to 9
detect_structure.cc:93 Dynamic f block size because the block size changed from 6 to 9
detect_structure.cc:114 Schur complement static structure <-1,-1,-1>.
schur_eliminator.cc:155 Template specializations not found for <-1,-1,-1>
block_sparse_matrix.cc:208 Allocating values array with 18744 bytes.
detect_structure.cc:63 Dynamic row block size because the block size changed from 2 to 15
detect_structure.cc:93 Dynamic f block size because the block size changed from 3 to 6
detect_structure.cc:114 Schur complement static structure <-1,6,-1>.
detect_structure.cc:63 Dynamic row block size because the block size changed from 2 to 15
detect_structure.cc:93 Dynamic f block size because the block size changed from 3 to 6
detect_structure.cc:114 Schur complement static structure <-1,6,-1>.
schur_eliminator.cc:155 Template specializations not found for <-1,6,-1>
block_sparse_matrix.cc:208 Allocating values array with 13248 bytes.
detect_structure.cc:63 Dynamic row block size because the block size changed from 2 to 15
detect_structure.cc:114 Schur complement static structure <-1,6,3>.
detect_structure.cc:63 Dynamic row block size because the block size changed from 2 to 15
detect_structure.cc:114 Schur complement static structure <-1,6,3>.
schur_eliminator.cc:155 Template specializations not found for <-1,6,3>
block_sparse_matrix.cc:208 Allocating values array with 17664 bytes.
detect_structure.cc:63 Dynamic row block size because the block size changed from 2 to 15
detect_structure.cc:114 Schur complement static structure <-1,6,3>.
detect_structure.cc:63 Dynamic row block size because the block size changed from 2 to 15
detect_structure.cc:114 Schur complement static structure <-1,6,3>.
schur_eliminator.cc:155 Template specializations not found for <-1,6,3>
block_sparse_matrix.cc:208 Allocating values array with 222584 bytes.
detect_structure.cc:63 Dynamic row block size because the block size changed from 2 to 15
detect_structure.cc:74 Dynamic e block size because the block size changed from 1 to 9
detect_structure.cc:93 Dynamic f block size because the block size changed from 6 to 9
detect_structure.cc:114 Schur complement static structure <-1,-1,-1>.
detect_structure.cc:63 Dynamic row block size because the block size changed from 2 to 15
detect_structure.cc:74 Dynamic e block size because the block size changed from 1 to 9
detect_structure.cc:93 Dynamic f block size because the block size changed from 6 to 9
detect_structure.cc:114 Schur complement static structure <-1,-1,-1>.
schur_eliminator.cc:155 Template specializations not found for <-1,-1,-1>
block_sparse_matrix.cc:208 Allocating values array with 18840 bytes.
detect_structure.cc:63 Dynamic row block size because the block size changed from 2 to 15
detect_structure.cc:93 Dynamic f block size because the block size changed from 3 to 6
detect_structure.cc:114 Schur complement static structure <-1,6,-1>.
detect_structure.cc:63 Dynamic row block size because the block size changed from 2 to 15
detect_structure.cc:93 Dynamic f block size because the block size changed from 3 to 6
detect_structure.cc:114 Schur complement static structure <-1,6,-1>.
schur_eliminator.cc:155 Template specializations not found for <-1,6,-1>
[FeatureTracker] F-matrix: 131 → 73 (rejected 58, threshold=1)
block_sparse_matrix.cc:208 Allocating values array with 13248 bytes.
detect_structure.cc:63 Dynamic row block size because the block size changed from 2 to 15
detect_structure.cc:114 Schur complement static structure <-1,6,3>.
detect_structure.cc:63 Dynamic row block size because the block size changed from 2 to 15
detect_structure.cc:114 Schur complement static structure <-1,6,3>.
schur_eliminator.cc:155 Template specializations not found for <-1,6,3>
block_sparse_matrix.cc:208 Allocating values array with 17088 bytes.
detect_structure.cc:63 Dynamic row block size because the block size changed from 2 to 15
detect_structure.cc:114 Schur complement static structure <-1,6,3>.
detect_structure.cc:63 Dynamic row block size because the block size changed from 2 to 15
detect_structure.cc:114 Schur complement static structure <-1,6,3>.
schur_eliminator.cc:155 Template specializations not found for <-1,6,3>
block_sparse_matrix.cc:208 Allocating values array with 223416 bytes.
detect_structure.cc:63 Dynamic row block size because the block size changed from 2 to 15
detect_structure.cc:74 Dynamic e block size because the block size changed from 1 to 9
detect_structure.cc:93 Dynamic f block size because the block size changed from 6 to 9
detect_structure.cc:114 Schur complement static structure <-1,-1,-1>.
detect_structure.cc:63 Dynamic row block size because the block size changed from 2 to 15
detect_structure.cc:74 Dynamic e block size because the block size changed from 1 to 9
detect_structure.cc:93 Dynamic f block size because the block size changed from 6 to 9
detect_structure.cc:114 Schur complement static structure <-1,-1,-1>.
schur_eliminator.cc:155 Template specializations not found for <-1,-1,-1>
block_sparse_matrix.cc:208 Allocating values array with 17976 bytes.
detect_structure.cc:63 Dynamic row block size because the block size changed from 2 to 15
detect_structure.cc:93 Dynamic f block size because the block size changed from 3 to 6
detect_structure.cc:114 Schur complement static structure <-1,6,-1>.
detect_structure.cc:63 Dynamic row block size because the block size changed from 2 to 15
detect_structure.cc:93 Dynamic f block size because the block size changed from 3 to 6
detect_structure.cc:114 Schur complement static structure <-1,6,-1>.
schur_eliminator.cc:155 Template specializations not found for <-1,6,-1>
block_sparse_matrix.cc:208 Allocating values array with 12576 bytes.
detect_structure.cc:63 Dynamic row block size because the block size changed from 2 to 15
detect_structure.cc:114 Schur complement static structure <-1,6,3>.
detect_structure.cc:63 Dynamic row block size because the block size changed from 2 to 15
detect_structure.cc:114 Schur complement static structure <-1,6,3>.
schur_eliminator.cc:155 Template specializations not found for <-1,6,3>
block_sparse_matrix.cc:208 Allocating values array with 16800 bytes.
detect_structure.cc:63 Dynamic row block size because the block size changed from 2 to 15
detect_structure.cc:114 Schur complement static structure <-1,6,3>.
detect_structure.cc:63 Dynamic row block size because the block size changed from 2 to 15
detect_structure.cc:114 Schur complement static structure <-1,6,3>.
schur_eliminator.cc:155 Template specializations not found for <-1,6,3>
block_sparse_matrix.cc:208 Allocating values array with 212184 bytes.
detect_structure.cc:63 Dynamic row block size because the block size changed from 2 to 15
detect_structure.cc:74 Dynamic e block size because the block size changed from 1 to 9
detect_structure.cc:93 Dynamic f block size because the block size changed from 6 to 9
detect_structure.cc:114 Schur complement static structure <-1,-1,-1>.
detect_structure.cc:63 Dynamic row block size because the block size changed from 2 to 15
detect_structure.cc:74 Dynamic e block size because the block size changed from 1 to 9
detect_structure.cc:93 Dynamic f block size because the block size changed from 6 to 9
detect_structure.cc:114 Schur complement static structure <-1,-1,-1>.
schur_eliminator.cc:155 Template specializations not found for <-1,-1,-1>
block_sparse_matrix.cc:208 Allocating values array with 17592 bytes.
detect_structure.cc:63 Dynamic row block size because the block size changed from 2 to 15
detect_structure.cc:93 Dynamic f block size because the block size changed from 3 to 6
detect_structure.cc:114 Schur complement static structure <-1,6,-1>.
detect_structure.cc:63 Dynamic row block size because the block size changed from 2 to 15
detect_structure.cc:93 Dynamic f block size because the block size changed from 3 to 6
detect_structure.cc:114 Schur complement static structure <-1,6,-1>.
schur_eliminator.cc:155 Template specializations not found for <-1,6,-1>
block_sparse_matrix.cc:208 Allocating values array with 12384 bytes.
detect_structure.cc:63 Dynamic row block size because the block size changed from 2 to 15
detect_structure.cc:114 Schur complement static structure <-1,6,3>.
detect_structure.cc:63 Dynamic row block size because the block size changed from 2 to 15
detect_structure.cc:114 Schur complement static structure <-1,6,3>.
schur_eliminator.cc:155 Template specializations not found for <-1,6,3>
block_sparse_matrix.cc:208 Allocating values array with 16032 bytes.
detect_structure.cc:63 Dynamic row block size because the block size changed from 2 to 15
detect_structure.cc:114 Schur complement static structure <-1,6,3>.
detect_structure.cc:63 Dynamic row block size because the block size changed from 2 to 15
detect_structure.cc:114 Schur complement static structure <-1,6,3>.
schur_eliminator.cc:155 Template specializations not found for <-1,6,3>
block_sparse_matrix.cc:208 Allocating values array with 201992 bytes.
detect_structure.cc:63 Dynamic row block size because the block size changed from 2 to 15
detect_structure.cc:74 Dynamic e block size because the block size changed from 1 to 9
detect_structure.cc:93 Dynamic f block size because the block size changed from 6 to 9
detect_structure.cc:114 Schur complement static structure <-1,-1,-1>.
detect_structure.cc:63 Dynamic row block size because the block size changed from 2 to 15
detect_structure.cc:74 Dynamic e block size because the block size changed from 1 to 9
detect_structure.cc:93 Dynamic f block size because the block size changed from 6 to 9
detect_structure.cc:114 Schur complement static structure <-1,-1,-1>.
schur_eliminator.cc:155 Template specializations not found for <-1,-1,-1>
block_sparse_matrix.cc:208 Allocating values array with 17016 bytes.
detect_structure.cc:63 Dynamic row block size because the block size changed from 2 to 15
detect_structure.cc:93 Dynamic f block size because the block size changed from 3 to 6
detect_structure.cc:114 Schur complement static structure <-1,6,-1>.
detect_structure.cc:63 Dynamic row block size because the block size changed from 2 to 15
detect_structure.cc:93 Dynamic f block size because the block size changed from 3 to 6
detect_structure.cc:114 Schur complement static structure <-1,6,-1>.
schur_eliminator.cc:155 Template specializations not found for <-1,6,-1>
block_sparse_matrix.cc:208 Allocating values array with 12192 bytes.
detect_structure.cc:63 Dynamic row block size because the block size changed from 2 to 15
detect_structure.cc:114 Schur complement static structure <-1,6,3>.
detect_structure.cc:63 Dynamic row block size because the block size changed from 2 to 15
detect_structure.cc:114 Schur complement static structure <-1,6,3>.
schur_eliminator.cc:155 Template specializations not found for <-1,6,3>
block_sparse_matrix.cc:208 Allocating values array with 15840 bytes.
detect_structure.cc:63 Dynamic row block size because the block size changed from 2 to 15
detect_structure.cc:114 Schur complement static structure <-1,6,3>.
detect_structure.cc:63 Dynamic row block size because the block size changed from 2 to 15
detect_structure.cc:114 Schur complement static structure <-1,6,3>.
schur_eliminator.cc:155 Template specializations not found for <-1,6,3>
block_sparse_matrix.cc:208 Allocating values array with 195128 bytes.
detect_structure.cc:63 Dynamic row block size because the block size changed from 2 to 15
detect_structure.cc:74 Dynamic e block size because the block size changed from 1 to 9
detect_structure.cc:93 Dynamic f block size because the block size changed from 6 to 9
detect_structure.cc:114 Schur complement static structure <-1,-1,-1>.
detect_structure.cc:63 Dynamic row block size because the block size changed from 2 to 15
detect_structure.cc:74 Dynamic e block size because the block size changed from 1 to 9
detect_structure.cc:93 Dynamic f block size because the block size changed from 6 to 9
detect_structure.cc:114 Schur complement static structure <-1,-1,-1>.
schur_eliminator.cc:155 Template specializations not found for <-1,-1,-1>
block_sparse_matrix.cc:208 Allocating values array with 16632 bytes.
detect_structure.cc:63 Dynamic row block size because the block size changed from 2 to 15
detect_structure.cc:93 Dynamic f block size because the block size changed from 3 to 6
detect_structure.cc:114 Schur complement static structure <-1,6,-1>.
detect_structure.cc:63 Dynamic row block size because the block size changed from 2 to 15
detect_structure.cc:93 Dynamic f block size because the block size changed from 3 to 6
detect_structure.cc:114 Schur complement static structure <-1,6,-1>.
schur_eliminator.cc:155 Template specializations not found for <-1,6,-1>
block_sparse_matrix.cc:208 Allocating values array with 11616 bytes.
detect_structure.cc:63 Dynamic row block size because the block size changed from 2 to 15
detect_structure.cc:114 Schur complement static structure <-1,6,3>.
detect_structure.cc:63 Dynamic row block size because the block size changed from 2 to 15
detect_structure.cc:114 Schur complement static structure <-1,6,3>.
schur_eliminator.cc:155 Template specializations not found for <-1,6,3>
block_sparse_matrix.cc:208 Allocating values array with 15552 bytes.
detect_structure.cc:63 Dynamic row block size because the block size changed from 2 to 15
detect_structure.cc:114 Schur complement static structure <-1,6,3>.
detect_structure.cc:63 Dynamic row block size because the block size changed from 2 to 15
detect_structure.cc:114 Schur complement static structure <-1,6,3>.
schur_eliminator.cc:155 Template specializations not found for <-1,6,3>
block_sparse_matrix.cc:208 Allocating values array with 206776 bytes.
detect_structure.cc:63 Dynamic row block size because the block size changed from 2 to 15
detect_structure.cc:74 Dynamic e block size because the block size changed from 1 to 9
detect_structure.cc:93 Dynamic f block size because the block size changed from 6 to 9
detect_structure.cc:114 Schur complement static structure <-1,-1,-1>.
detect_structure.cc:63 Dynamic row block size because the block size changed from 2 to 15
detect_structure.cc:74 Dynamic e block size because the block size changed from 1 to 9
detect_structure.cc:93 Dynamic f block size because the block size changed from 6 to 9
detect_structure.cc:114 Schur complement static structure <-1,-1,-1>.
schur_eliminator.cc:155 Template specializations not found for <-1,-1,-1>
block_sparse_matrix.cc:208 Allocating values array with 19032 bytes.
detect_structure.cc:63 Dynamic row block size because the block size changed from 2 to 15
detect_structure.cc:93 Dynamic f block size because the block size changed from 3 to 6
detect_structure.cc:114 Schur complement static structure <-1,6,-1>.
detect_structure.cc:63 Dynamic row block size because the block size changed from 2 to 15
detect_structure.cc:93 Dynamic f block size because the block size changed from 3 to 6
detect_structure.cc:114 Schur complement static structure <-1,6,-1>.
schur_eliminator.cc:155 Template specializations not found for <-1,6,-1>
block_sparse_matrix.cc:208 Allocating values array with 11904 bytes.
detect_structure.cc:63 Dynamic row block size because the block size changed from 2 to 15
detect_structure.cc:114 Schur complement static structure <-1,6,3>.
detect_structure.cc:63 Dynamic row block size because the block size changed from 2 to 15
detect_structure.cc:114 Schur complement static structure <-1,6,3>.
schur_eliminator.cc:155 Template specializations not found for <-1,6,3>
[FeatureTracker] F-matrix: 113 → 65 (rejected 48, threshold=1)
block_sparse_matrix.cc:208 Allocating values array with 15936 bytes.
detect_structure.cc:63 Dynamic row block size because the block size changed from 2 to 15
detect_structure.cc:114 Schur complement static structure <-1,6,3>.
detect_structure.cc:63 Dynamic row block size because the block size changed from 2 to 15
detect_structure.cc:114 Schur complement static structure <-1,6,3>.
schur_eliminator.cc:155 Template specializations not found for <-1,6,3>
block_sparse_matrix.cc:208 Allocating values array with 210520 bytes.
detect_structure.cc:63 Dynamic row block size because the block size changed from 2 to 15
detect_structure.cc:74 Dynamic e block size because the block size changed from 1 to 9
detect_structure.cc:93 Dynamic f block size because the block size changed from 6 to 9
detect_structure.cc:114 Schur complement static structure <-1,-1,-1>.
detect_structure.cc:63 Dynamic row block size because the block size changed from 2 to 15
detect_structure.cc:74 Dynamic e block size because the block size changed from 1 to 9
detect_structure.cc:93 Dynamic f block size because the block size changed from 6 to 9
detect_structure.cc:114 Schur complement static structure <-1,-1,-1>.
schur_eliminator.cc:155 Template specializations not found for <-1,-1,-1>
block_sparse_matrix.cc:208 Allocating values array with 17592 bytes.
detect_structure.cc:63 Dynamic row block size because the block size changed from 2 to 15
detect_structure.cc:93 Dynamic f block size because the block size changed from 3 to 6
detect_structure.cc:114 Schur complement static structure <-1,6,-1>.
detect_structure.cc:63 Dynamic row block size because the block size changed from 2 to 15
detect_structure.cc:93 Dynamic f block size because the block size changed from 3 to 6
detect_structure.cc:114 Schur complement static structure <-1,6,-1>.
schur_eliminator.cc:155 Template specializations not found for <-1,6,-1>
block_sparse_matrix.cc:208 Allocating values array with 12288 bytes.
detect_structure.cc:63 Dynamic row block size because the block size changed from 2 to 15
detect_structure.cc:114 Schur complement static structure <-1,6,3>.
detect_structure.cc:63 Dynamic row block size because the block size changed from 2 to 15
detect_structure.cc:114 Schur complement static structure <-1,6,3>.
schur_eliminator.cc:155 Template specializations not found for <-1,6,3>
block_sparse_matrix.cc:208 Allocating values array with 16512 bytes.
detect_structure.cc:63 Dynamic row block size because the block size changed from 2 to 15
detect_structure.cc:114 Schur complement static structure <-1,6,3>.
detect_structure.cc:63 Dynamic row block size because the block size changed from 2 to 15
detect_structure.cc:114 Schur complement static structure <-1,6,3>.
schur_eliminator.cc:155 Template specializations not found for <-1,6,3>
block_sparse_matrix.cc:208 Allocating values array with 209064 bytes.
detect_structure.cc:63 Dynamic row block size because the block size changed from 2 to 15
detect_structure.cc:74 Dynamic e block size because the block size changed from 1 to 9
detect_structure.cc:93 Dynamic f block size because the block size changed from 6 to 9
detect_structure.cc:114 Schur complement static structure <-1,-1,-1>.
detect_structure.cc:63 Dynamic row block size because the block size changed from 2 to 15
detect_structure.cc:74 Dynamic e block size because the block size changed from 1 to 9
detect_structure.cc:93 Dynamic f block size because the block size changed from 6 to 9
detect_structure.cc:114 Schur complement static structure <-1,-1,-1>.
schur_eliminator.cc:155 Template specializations not found for <-1,-1,-1>
block_sparse_matrix.cc:208 Allocating values array with 18072 bytes.
detect_structure.cc:63 Dynamic row block size because the block size changed from 2 to 15
detect_structure.cc:93 Dynamic f block size because the block size changed from 3 to 6
detect_structure.cc:114 Schur complement static structure <-1,6,-1>.
detect_structure.cc:63 Dynamic row block size because the block size changed from 2 to 15
detect_structure.cc:93 Dynamic f block size because the block size changed from 3 to 6
detect_structure.cc:114 Schur complement static structure <-1,6,-1>.
schur_eliminator.cc:155 Template specializations not found for <-1,6,-1>
block_sparse_matrix.cc:208 Allocating values array with 12576 bytes.
detect_structure.cc:63 Dynamic row block size because the block size changed from 2 to 15
detect_structure.cc:114 Schur complement static structure <-1,6,3>.
detect_structure.cc:63 Dynamic row block size because the block size changed from 2 to 15
detect_structure.cc:114 Schur complement static structure <-1,6,3>.
schur_eliminator.cc:155 Template specializations not found for <-1,6,3>
block_sparse_matrix.cc:208 Allocating values array with 16896 bytes.
detect_structure.cc:63 Dynamic row block size because the block size changed from 2 to 15
detect_structure.cc:114 Schur complement static structure <-1,6,3>.
detect_structure.cc:63 Dynamic row block size because the block size changed from 2 to 15
detect_structure.cc:114 Schur complement static structure <-1,6,3>.
schur_eliminator.cc:155 Template specializations not found for <-1,6,3>
block_sparse_matrix.cc:208 Allocating values array with 207192 bytes.
detect_structure.cc:63 Dynamic row block size because the block size changed from 2 to 15
detect_structure.cc:74 Dynamic e block size because the block size changed from 1 to 9
detect_structure.cc:93 Dynamic f block size because the block size changed from 6 to 9
detect_structure.cc:114 Schur complement static structure <-1,-1,-1>.
detect_structure.cc:63 Dynamic row block size because the block size changed from 2 to 15
detect_structure.cc:74 Dynamic e block size because the block size changed from 1 to 9
detect_structure.cc:93 Dynamic f block size because the block size changed from 6 to 9
detect_structure.cc:114 Schur complement static structure <-1,-1,-1>.
schur_eliminator.cc:155 Template specializations not found for <-1,-1,-1>
block_sparse_matrix.cc:208 Allocating values array with 18456 bytes.
detect_structure.cc:63 Dynamic row block size because the block size changed from 2 to 15
detect_structure.cc:93 Dynamic f block size because the block size changed from 3 to 6
detect_structure.cc:114 Schur complement static structure <-1,6,-1>.
detect_structure.cc:63 Dynamic row block size because the block size changed from 2 to 15
detect_structure.cc:93 Dynamic f block size because the block size changed from 3 to 6
detect_structure.cc:114 Schur complement static structure <-1,6,-1>.
schur_eliminator.cc:155 Template specializations not found for <-1,6,-1>
block_sparse_matrix.cc:208 Allocating values array with 12864 bytes.
detect_structure.cc:63 Dynamic row block size because the block size changed from 2 to 15
detect_structure.cc:114 Schur complement static structure <-1,6,3>.
detect_structure.cc:63 Dynamic row block size because the block size changed from 2 to 15
detect_structure.cc:114 Schur complement static structure <-1,6,3>.
schur_eliminator.cc:155 Template specializations not found for <-1,6,3>
[FeatureTracker] F-matrix: 132 → 83 (rejected 49, threshold=1)
block_sparse_matrix.cc:208 Allocating values array with 17088 bytes.
detect_structure.cc:63 Dynamic row block size because the block size changed from 2 to 15
detect_structure.cc:114 Schur complement static structure <-1,6,3>.
detect_structure.cc:63 Dynamic row block size because the block size changed from 2 to 15
detect_structure.cc:114 Schur complement static structure <-1,6,3>.
schur_eliminator.cc:155 Template specializations not found for <-1,6,3>
block_sparse_matrix.cc:208 Allocating values array with 198696 bytes.
detect_structure.cc:63 Dynamic row block size because the block size changed from 2 to 15
detect_structure.cc:74 Dynamic e block size because the block size changed from 1 to 9
detect_structure.cc:93 Dynamic f block size because the block size changed from 6 to 9
detect_structure.cc:114 Schur complement static structure <-1,-1,-1>.
detect_structure.cc:63 Dynamic row block size because the block size changed from 2 to 15
detect_structure.cc:74 Dynamic e block size because the block size changed from 1 to 9
detect_structure.cc:93 Dynamic f block size because the block size changed from 6 to 9
detect_structure.cc:114 Schur complement static structure <-1,-1,-1>.
schur_eliminator.cc:155 Template specializations not found for <-1,-1,-1>
block_sparse_matrix.cc:208 Allocating values array with 18072 bytes.
detect_structure.cc:63 Dynamic row block size because the block size changed from 2 to 15
detect_structure.cc:93 Dynamic f block size because the block size changed from 3 to 6
detect_structure.cc:114 Schur complement static structure <-1,6,-1>.
detect_structure.cc:63 Dynamic row block size because the block size changed from 2 to 15
detect_structure.cc:93 Dynamic f block size because the block size changed from 3 to 6
detect_structure.cc:114 Schur complement static structure <-1,6,-1>.
schur_eliminator.cc:155 Template specializations not found for <-1,6,-1>
block_sparse_matrix.cc:208 Allocating values array with 12864 bytes.
detect_structure.cc:63 Dynamic row block size because the block size changed from 2 to 15
detect_structure.cc:114 Schur complement static structure <-1,6,3>.
detect_structure.cc:63 Dynamic row block size because the block size changed from 2 to 15
detect_structure.cc:114 Schur complement static structure <-1,6,3>.
schur_eliminator.cc:155 Template specializations not found for <-1,6,3>
block_sparse_matrix.cc:208 Allocating values array with 16992 bytes.
detect_structure.cc:63 Dynamic row block size because the block size changed from 2 to 15
detect_structure.cc:114 Schur complement static structure <-1,6,3>.
detect_structure.cc:63 Dynamic row block size because the block size changed from 2 to 15
detect_structure.cc:114 Schur complement static structure <-1,6,3>.
schur_eliminator.cc:155 Template specializations not found for <-1,6,3>
block_sparse_matrix.cc:208 Allocating values array with 202200 bytes.
detect_structure.cc:63 Dynamic row block size because the block size changed from 2 to 15
detect_structure.cc:74 Dynamic e block size because the block size changed from 1 to 9
detect_structure.cc:93 Dynamic f block size because the block size changed from 6 to 9
detect_structure.cc:114 Schur complement static structure <-1,-1,-1>.
detect_structure.cc:63 Dynamic row block size because the block size changed from 2 to 15
detect_structure.cc:74 Dynamic e block size because the block size changed from 1 to 9
detect_structure.cc:93 Dynamic f block size because the block size changed from 6 to 9
detect_structure.cc:114 Schur complement static structure <-1,-1,-1>.
schur_eliminator.cc:155 Template specializations not found for <-1,-1,-1>
block_sparse_matrix.cc:208 Allocating values array with 18072 bytes.
detect_structure.cc:63 Dynamic row block size because the block size changed from 2 to 15
detect_structure.cc:93 Dynamic f block size because the block size changed from 3 to 6
detect_structure.cc:114 Schur complement static structure <-1,6,-1>.
detect_structure.cc:63 Dynamic row block size because the block size changed from 2 to 15
detect_structure.cc:93 Dynamic f block size because the block size changed from 3 to 6
detect_structure.cc:114 Schur complement static structure <-1,6,-1>.
schur_eliminator.cc:155 Template specializations not found for <-1,6,-1>
block_sparse_matrix.cc:208 Allocating values array with 12672 bytes.
detect_structure.cc:63 Dynamic row block size because the block size changed from 2 to 15
detect_structure.cc:114 Schur complement static structure <-1,6,3>.
detect_structure.cc:63 Dynamic row block size because the block size changed from 2 to 15
detect_structure.cc:114 Schur complement static structure <-1,6,3>.
schur_eliminator.cc:155 Template specializations not found for <-1,6,3>
block_sparse_matrix.cc:208 Allocating values array with 16992 bytes.
detect_structure.cc:63 Dynamic row block size because the block size changed from 2 to 15
detect_structure.cc:114 Schur complement static structure <-1,6,3>.
detect_structure.cc:63 Dynamic row block size because the block size changed from 2 to 15
detect_structure.cc:114 Schur complement static structure <-1,6,3>.
schur_eliminator.cc:155 Template specializations not found for <-1,6,3>
block_sparse_matrix.cc:208 Allocating values array with 207816 bytes.
detect_structure.cc:63 Dynamic row block size because the block size changed from 2 to 15
detect_structure.cc:74 Dynamic e block size because the block size changed from 1 to 9
detect_structure.cc:93 Dynamic f block size because the block size changed from 6 to 9
detect_structure.cc:114 Schur complement static structure <-1,-1,-1>.
detect_structure.cc:63 Dynamic row block size because the block size changed from 2 to 15
detect_structure.cc:74 Dynamic e block size because the block size changed from 1 to 9
detect_structure.cc:93 Dynamic f block size because the block size changed from 6 to 9
detect_structure.cc:114 Schur complement static structure <-1,-1,-1>.
schur_eliminator.cc:155 Template specializations not found for <-1,-1,-1>
block_sparse_matrix.cc:208 Allocating values array with 19032 bytes.
detect_structure.cc:63 Dynamic row block size because the block size changed from 2 to 15
detect_structure.cc:93 Dynamic f block size because the block size changed from 3 to 6
detect_structure.cc:114 Schur complement static structure <-1,6,-1>.
detect_structure.cc:63 Dynamic row block size because the block size changed from 2 to 15
detect_structure.cc:93 Dynamic f block size because the block size changed from 3 to 6
detect_structure.cc:114 Schur complement static structure <-1,6,-1>.
schur_eliminator.cc:155 Template specializations not found for <-1,6,-1>
block_sparse_matrix.cc:208 Allocating values array with 12768 bytes.
detect_structure.cc:63 Dynamic row block size because the block size changed from 2 to 15
detect_structure.cc:114 Schur complement static structure <-1,6,3>.
detect_structure.cc:63 Dynamic row block size because the block size changed from 2 to 15
detect_structure.cc:114 Schur complement static structure <-1,6,3>.
schur_eliminator.cc:155 Template specializations not found for <-1,6,3>
block_sparse_matrix.cc:208 Allocating values array with 17856 bytes.
detect_structure.cc:63 Dynamic row block size because the block size changed from 2 to 15
detect_structure.cc:114 Schur complement static structure <-1,6,3>.
detect_structure.cc:63 Dynamic row block size because the block size changed from 2 to 15
detect_structure.cc:114 Schur complement static structure <-1,6,3>.
schur_eliminator.cc:155 Template specializations not found for <-1,6,3>
block_sparse_matrix.cc:208 Allocating values array with 210104 bytes.
detect_structure.cc:63 Dynamic row block size because the block size changed from 2 to 15
detect_structure.cc:74 Dynamic e block size because the block size changed from 1 to 9
detect_structure.cc:93 Dynamic f block size because the block size changed from 6 to 9
detect_structure.cc:114 Schur complement static structure <-1,-1,-1>.
detect_structure.cc:63 Dynamic row block size because the block size changed from 2 to 15
detect_structure.cc:74 Dynamic e block size because the block size changed from 1 to 9
detect_structure.cc:93 Dynamic f block size because the block size changed from 6 to 9
detect_structure.cc:114 Schur complement static structure <-1,-1,-1>.
schur_eliminator.cc:155 Template specializations not found for <-1,-1,-1>
block_sparse_matrix.cc:208 Allocating values array with 19800 bytes.
detect_structure.cc:63 Dynamic row block size because the block size changed from 2 to 15
detect_structure.cc:93 Dynamic f block size because the block size changed from 3 to 6
detect_structure.cc:114 Schur complement static structure <-1,6,-1>.
detect_structure.cc:63 Dynamic row block size because the block size changed from 2 to 15
detect_structure.cc:93 Dynamic f block size because the block size changed from 3 to 6
detect_structure.cc:114 Schur complement static structure <-1,6,-1>.
schur_eliminator.cc:155 Template specializations not found for <-1,6,-1>
block_sparse_matrix.cc:208 Allocating values array with 13728 bytes.
detect_structure.cc:63 Dynamic row block size because the block size changed from 2 to 15
detect_structure.cc:114 Schur complement static structure <-1,6,3>.
detect_structure.cc:63 Dynamic row block size because the block size changed from 2 to 15
detect_structure.cc:114 Schur complement static structure <-1,6,3>.
schur_eliminator.cc:155 Template specializations not found for <-1,6,3>
block_sparse_matrix.cc:208 Allocating values array with 18720 bytes.
detect_structure.cc:63 Dynamic row block size because the block size changed from 2 to 15
detect_structure.cc:114 Schur complement static structure <-1,6,3>.
detect_structure.cc:63 Dynamic row block size because the block size changed from 2 to 15
detect_structure.cc:114 Schur complement static structure <-1,6,3>.
schur_eliminator.cc:155 Template specializations not found for <-1,6,3>
block_sparse_matrix.cc:208 Allocating values array with 218008 bytes.
detect_structure.cc:63 Dynamic row block size because the block size changed from 2 to 15
detect_structure.cc:74 Dynamic e block size because the block size changed from 1 to 9
detect_structure.cc:93 Dynamic f block size because the block size changed from 6 to 9
detect_structure.cc:114 Schur complement static structure <-1,-1,-1>.
detect_structure.cc:63 Dynamic row block size because the block size changed from 2 to 15
detect_structure.cc:74 Dynamic e block size because the block size changed from 1 to 9
detect_structure.cc:93 Dynamic f block size because the block size changed from 6 to 9
detect_structure.cc:114 Schur complement static structure <-1,-1,-1>.
schur_eliminator.cc:155 Template specializations not found for <-1,-1,-1>
block_sparse_matrix.cc:208 Allocating values array with 20472 bytes.
detect_structure.cc:63 Dynamic row block size because the block size changed from 2 to 15
detect_structure.cc:93 Dynamic f block size because the block size changed from 3 to 6
detect_structure.cc:114 Schur complement static structure <-1,6,-1>.
detect_structure.cc:63 Dynamic row block size because the block size changed from 2 to 15
detect_structure.cc:93 Dynamic f block size because the block size changed from 3 to 6
detect_structure.cc:114 Schur complement static structure <-1,6,-1>.
schur_eliminator.cc:155 Template specializations not found for <-1,6,-1>
block_sparse_matrix.cc:208 Allocating values array with 14400 bytes.
detect_structure.cc:63 Dynamic row block size because the block size changed from 2 to 15
detect_structure.cc:114 Schur complement static structure <-1,6,3>.
detect_structure.cc:63 Dynamic row block size because the block size changed from 2 to 15
detect_structure.cc:114 Schur complement static structure <-1,6,3>.
schur_eliminator.cc:155 Template specializations not found for <-1,6,3>
block_sparse_matrix.cc:208 Allocating values array with 19392 bytes.
detect_structure.cc:63 Dynamic row block size because the block size changed from 2 to 15
detect_structure.cc:114 Schur complement static structure <-1,6,3>.
detect_structure.cc:63 Dynamic row block size because the block size changed from 2 to 15
detect_structure.cc:114 Schur complement static structure <-1,6,3>.
schur_eliminator.cc:155 Template specializations not found for <-1,6,3>
[FeatureTracker] F-matrix: 104 → 69 (rejected 35, threshold=1)
block_sparse_matrix.cc:208 Allocating values array with 212184 bytes.
detect_structure.cc:63 Dynamic row block size because the block size changed from 2 to 15
detect_structure.cc:74 Dynamic e block size because the block size changed from 1 to 9
detect_structure.cc:93 Dynamic f block size because the block size changed from 6 to 9
detect_structure.cc:114 Schur complement static structure <-1,-1,-1>.
detect_structure.cc:63 Dynamic row block size because the block size changed from 2 to 15
detect_structure.cc:74 Dynamic e block size because the block size changed from 1 to 9
detect_structure.cc:93 Dynamic f block size because the block size changed from 6 to 9
detect_structure.cc:114 Schur complement static structure <-1,-1,-1>.
schur_eliminator.cc:155 Template specializations not found for <-1,-1,-1>
block_sparse_matrix.cc:208 Allocating values array with 19224 bytes.
detect_structure.cc:63 Dynamic row block size because the block size changed from 2 to 15
detect_structure.cc:93 Dynamic f block size because the block size changed from 3 to 6
detect_structure.cc:114 Schur complement static structure <-1,6,-1>.
detect_structure.cc:63 Dynamic row block size because the block size changed from 2 to 15
detect_structure.cc:93 Dynamic f block size because the block size changed from 3 to 6
detect_structure.cc:114 Schur complement static structure <-1,6,-1>.
schur_eliminator.cc:155 Template specializations not found for <-1,6,-1>
block_sparse_matrix.cc:208 Allocating values array with 14304 bytes.
detect_structure.cc:63 Dynamic row block size because the block size changed from 2 to 15
detect_structure.cc:114 Schur complement static structure <-1,6,3>.
detect_structure.cc:63 Dynamic row block size because the block size changed from 2 to 15
detect_structure.cc:114 Schur complement static structure <-1,6,3>.
schur_eliminator.cc:155 Template specializations not found for <-1,6,3>
block_sparse_matrix.cc:208 Allocating values array with 18144 bytes.
detect_structure.cc:63 Dynamic row block size because the block size changed from 2 to 15
detect_structure.cc:114 Schur complement static structure <-1,6,3>.
detect_structure.cc:63 Dynamic row block size because the block size changed from 2 to 15
detect_structure.cc:114 Schur complement static structure <-1,6,3>.
schur_eliminator.cc:155 Template specializations not found for <-1,6,3>
block_sparse_matrix.cc:208 Allocating values array with 203240 bytes.
detect_structure.cc:63 Dynamic row block size because the block size changed from 2 to 15
detect_structure.cc:74 Dynamic e block size because the block size changed from 1 to 9
detect_structure.cc:93 Dynamic f block size because the block size changed from 6 to 9
detect_structure.cc:114 Schur complement static structure <-1,-1,-1>.
detect_structure.cc:63 Dynamic row block size because the block size changed from 2 to 15
detect_structure.cc:74 Dynamic e block size because the block size changed from 1 to 9
detect_structure.cc:93 Dynamic f block size because the block size changed from 6 to 9
detect_structure.cc:114 Schur complement static structure <-1,-1,-1>.
schur_eliminator.cc:155 Template specializations not found for <-1,-1,-1>
block_sparse_matrix.cc:208 Allocating values array with 17976 bytes.
detect_structure.cc:63 Dynamic row block size because the block size changed from 2 to 15
detect_structure.cc:93 Dynamic f block size because the block size changed from 3 to 6
detect_structure.cc:114 Schur complement static structure <-1,6,-1>.
detect_structure.cc:63 Dynamic row block size because the block size changed from 2 to 15
detect_structure.cc:93 Dynamic f block size because the block size changed from 3 to 6
detect_structure.cc:114 Schur complement static structure <-1,6,-1>.
schur_eliminator.cc:155 Template specializations not found for <-1,6,-1>
block_sparse_matrix.cc:208 Allocating values array with 13152 bytes.
detect_structure.cc:63 Dynamic row block size because the block size changed from 2 to 15
detect_structure.cc:114 Schur complement static structure <-1,6,3>.
detect_structure.cc:63 Dynamic row block size because the block size changed from 2 to 15
detect_structure.cc:114 Schur complement static structure <-1,6,3>.
schur_eliminator.cc:155 Template specializations not found for <-1,6,3>
block_sparse_matrix.cc:208 Allocating values array with 16896 bytes.
detect_structure.cc:63 Dynamic row block size because the block size changed from 2 to 15
detect_structure.cc:114 Schur complement static structure <-1,6,3>.
detect_structure.cc:63 Dynamic row block size because the block size changed from 2 to 15
detect_structure.cc:114 Schur complement static structure <-1,6,3>.
schur_eliminator.cc:155 Template specializations not found for <-1,6,3>
block_sparse_matrix.cc:208 Allocating values array with 197208 bytes.
detect_structure.cc:63 Dynamic row block size because the block size changed from 2 to 15
detect_structure.cc:74 Dynamic e block size because the block size changed from 1 to 9
detect_structure.cc:93 Dynamic f block size because the block size changed from 6 to 9
detect_structure.cc:114 Schur complement static structure <-1,-1,-1>.
detect_structure.cc:63 Dynamic row block size because the block size changed from 2 to 15
detect_structure.cc:74 Dynamic e block size because the block size changed from 1 to 9
detect_structure.cc:93 Dynamic f block size because the block size changed from 6 to 9
detect_structure.cc:114 Schur complement static structure <-1,-1,-1>.
schur_eliminator.cc:155 Template specializations not found for <-1,-1,-1>
block_sparse_matrix.cc:208 Allocating values array with 17208 bytes.
detect_structure.cc:63 Dynamic row block size because the block size changed from 2 to 15
detect_structure.cc:93 Dynamic f block size because the block size changed from 3 to 6
detect_structure.cc:114 Schur complement static structure <-1,6,-1>.
detect_structure.cc:63 Dynamic row block size because the block size changed from 2 to 15
detect_structure.cc:93 Dynamic f block size because the block size changed from 3 to 6
detect_structure.cc:114 Schur complement static structure <-1,6,-1>.
schur_eliminator.cc:155 Template specializations not found for <-1,6,-1>
block_sparse_matrix.cc:208 Allocating values array with 11904 bytes.
detect_structure.cc:63 Dynamic row block size because the block size changed from 2 to 15
detect_structure.cc:114 Schur complement static structure <-1,6,3>.
detect_structure.cc:63 Dynamic row block size because the block size changed from 2 to 15
detect_structure.cc:114 Schur complement static structure <-1,6,3>.
schur_eliminator.cc:155 Template specializations not found for <-1,6,3>
block_sparse_matrix.cc:208 Allocating values array with 16128 bytes.
detect_structure.cc:63 Dynamic row block size because the block size changed from 2 to 15
detect_structure.cc:114 Schur complement static structure <-1,6,3>.
detect_structure.cc:63 Dynamic row block size because the block size changed from 2 to 15
detect_structure.cc:114 Schur complement static structure <-1,6,3>.
schur_eliminator.cc:155 Template specializations not found for <-1,6,3>
block_sparse_matrix.cc:208 Allocating values array with 197416 bytes.
detect_structure.cc:63 Dynamic row block size because the block size changed from 2 to 15
detect_structure.cc:74 Dynamic e block size because the block size changed from 1 to 9
detect_structure.cc:93 Dynamic f block size because the block size changed from 6 to 9
detect_structure.cc:114 Schur complement static structure <-1,-1,-1>.
detect_structure.cc:63 Dynamic row block size because the block size changed from 2 to 15
detect_structure.cc:74 Dynamic e block size because the block size changed from 1 to 9
detect_structure.cc:93 Dynamic f block size because the block size changed from 6 to 9
detect_structure.cc:114 Schur complement static structure <-1,-1,-1>.
schur_eliminator.cc:155 Template specializations not found for <-1,-1,-1>
block_sparse_matrix.cc:208 Allocating values array with 17592 bytes.
detect_structure.cc:63 Dynamic row block size because the block size changed from 2 to 15
detect_structure.cc:93 Dynamic f block size because the block size changed from 3 to 6
detect_structure.cc:114 Schur complement static structure <-1,6,-1>.
detect_structure.cc:63 Dynamic row block size because the block size changed from 2 to 15
detect_structure.cc:93 Dynamic f block size because the block size changed from 3 to 6
detect_structure.cc:114 Schur complement static structure <-1,6,-1>.
schur_eliminator.cc:155 Template specializations not found for <-1,6,-1>
block_sparse_matrix.cc:208 Allocating values array with 12288 bytes.
detect_structure.cc:63 Dynamic row block size because the block size changed from 2 to 15
detect_structure.cc:114 Schur complement static structure <-1,6,3>.
detect_structure.cc:63 Dynamic row block size because the block size changed from 2 to 15
detect_structure.cc:114 Schur complement static structure <-1,6,3>.
schur_eliminator.cc:155 Template specializations not found for <-1,6,3>
block_sparse_matrix.cc:208 Allocating values array with 16512 bytes.
detect_structure.cc:63 Dynamic row block size because the block size changed from 2 to 15
detect_structure.cc:114 Schur complement static structure <-1,6,3>.
detect_structure.cc:63 Dynamic row block size because the block size changed from 2 to 15
detect_structure.cc:114 Schur complement static structure <-1,6,3>.
schur_eliminator.cc:155 Template specializations not found for <-1,6,3>
block_sparse_matrix.cc:208 Allocating values array with 209480 bytes.
detect_structure.cc:63 Dynamic row block size because the block size changed from 2 to 15
detect_structure.cc:74 Dynamic e block size because the block size changed from 1 to 9
detect_structure.cc:93 Dynamic f block size because the block size changed from 6 to 9
detect_structure.cc:114 Schur complement static structure <-1,-1,-1>.
detect_structure.cc:63 Dynamic row block size because the block size changed from 2 to 15
detect_structure.cc:74 Dynamic e block size because the block size changed from 1 to 9
detect_structure.cc:93 Dynamic f block size because the block size changed from 6 to 9
detect_structure.cc:114 Schur complement static structure <-1,-1,-1>.
schur_eliminator.cc:155 Template specializations not found for <-1,-1,-1>
block_sparse_matrix.cc:208 Allocating values array with 19224 bytes.
detect_structure.cc:63 Dynamic row block size because the block size changed from 2 to 15
detect_structure.cc:93 Dynamic f block size because the block size changed from 3 to 6
detect_structure.cc:114 Schur complement static structure <-1,6,-1>.
detect_structure.cc:63 Dynamic row block size because the block size changed from 2 to 15
detect_structure.cc:93 Dynamic f block size because the block size changed from 3 to 6
detect_structure.cc:114 Schur complement static structure <-1,6,-1>.
schur_eliminator.cc:155 Template specializations not found for <-1,6,-1>
[VIO DIAG] f=80 tri: ok=141 wait=15 fail=0 default=0 depth: avg=1.42511 min=0.256224 max=3.16865 |vel|=0.558549 vel=(-0.514196,0.121761,-0.180978) ba=(0.037285,-0.0174636,-0.0373362) bg=(-8.43531e-05,-0.000106596,-0.000350901)
block_sparse_matrix.cc:208 Allocating values array with 12768 bytes.
detect_structure.cc:63 Dynamic row block size because the block size changed from 2 to 15
detect_structure.cc:114 Schur complement static structure <-1,6,3>.
detect_structure.cc:63 Dynamic row block size because the block size changed from 2 to 15
detect_structure.cc:114 Schur complement static structure <-1,6,3>.
schur_eliminator.cc:155 Template specializations not found for <-1,6,3>
block_sparse_matrix.cc:208 Allocating values array with 18048 bytes.
detect_structure.cc:63 Dynamic row block size because the block size changed from 2 to 15
detect_structure.cc:114 Schur complement static structure <-1,6,3>.
detect_structure.cc:63 Dynamic row block size because the block size changed from 2 to 15
detect_structure.cc:114 Schur complement static structure <-1,6,3>.
schur_eliminator.cc:155 Template specializations not found for <-1,6,3>
block_sparse_matrix.cc:208 Allocating values array with 213848 bytes.
detect_structure.cc:63 Dynamic row block size because the block size changed from 2 to 15
detect_structure.cc:74 Dynamic e block size because the block size changed from 1 to 9
detect_structure.cc:93 Dynamic f block size because the block size changed from 6 to 9
detect_structure.cc:114 Schur complement static structure <-1,-1,-1>.
detect_structure.cc:63 Dynamic row block size because the block size changed from 2 to 15
detect_structure.cc:74 Dynamic e block size because the block size changed from 1 to 9
detect_structure.cc:93 Dynamic f block size because the block size changed from 6 to 9
detect_structure.cc:114 Schur complement static structure <-1,-1,-1>.
schur_eliminator.cc:155 Template specializations not found for <-1,-1,-1>
block_sparse_matrix.cc:208 Allocating values array with 21048 bytes.
detect_structure.cc:63 Dynamic row block size because the block size changed from 2 to 15
detect_structure.cc:93 Dynamic f block size because the block size changed from 3 to 6
detect_structure.cc:114 Schur complement static structure <-1,6,-1>.
detect_structure.cc:63 Dynamic row block size because the block size changed from 2 to 15
detect_structure.cc:93 Dynamic f block size because the block size changed from 3 to 6
detect_structure.cc:114 Schur complement static structure <-1,6,-1>.
schur_eliminator.cc:155 Template specializations not found for <-1,6,-1>
[FeatureTracker] F-matrix: 144 → 94 (rejected 50, threshold=1)
block_sparse_matrix.cc:208 Allocating values array with 13824 bytes.
detect_structure.cc:63 Dynamic row block size because the block size changed from 2 to 15
detect_structure.cc:114 Schur complement static structure <-1,6,3>.
detect_structure.cc:63 Dynamic row block size because the block size changed from 2 to 15
detect_structure.cc:114 Schur complement static structure <-1,6,3>.
schur_eliminator.cc:155 Template specializations not found for <-1,6,3>
block_sparse_matrix.cc:208 Allocating values array with 19296 bytes.
detect_structure.cc:63 Dynamic row block size because the block size changed from 2 to 15
detect_structure.cc:114 Schur complement static structure <-1,6,3>.
detect_structure.cc:63 Dynamic row block size because the block size changed from 2 to 15
detect_structure.cc:114 Schur complement static structure <-1,6,3>.
schur_eliminator.cc:155 Template specializations not found for <-1,6,3>
block_sparse_matrix.cc:208 Allocating values array with 218216 bytes.
detect_structure.cc:63 Dynamic row block size because the block size changed from 2 to 15
detect_structure.cc:74 Dynamic e block size because the block size changed from 1 to 9
detect_structure.cc:93 Dynamic f block size because the block size changed from 6 to 9
detect_structure.cc:114 Schur complement static structure <-1,-1,-1>.
detect_structure.cc:63 Dynamic row block size because the block size changed from 2 to 15
detect_structure.cc:74 Dynamic e block size because the block size changed from 1 to 9
detect_structure.cc:93 Dynamic f block size because the block size changed from 6 to 9
detect_structure.cc:114 Schur complement static structure <-1,-1,-1>.
schur_eliminator.cc:155 Template specializations not found for <-1,-1,-1>
block_sparse_matrix.cc:208 Allocating values array with 21816 bytes.
detect_structure.cc:63 Dynamic row block size because the block size changed from 2 to 15
detect_structure.cc:93 Dynamic f block size because the block size changed from 3 to 6
detect_structure.cc:114 Schur complement static structure <-1,6,-1>.
detect_structure.cc:63 Dynamic row block size because the block size changed from 2 to 15
detect_structure.cc:93 Dynamic f block size because the block size changed from 3 to 6
detect_structure.cc:114 Schur complement static structure <-1,6,-1>.
schur_eliminator.cc:155 Template specializations not found for <-1,6,-1>
block_sparse_matrix.cc:208 Allocating values array with 15072 bytes.
detect_structure.cc:63 Dynamic row block size because the block size changed from 2 to 15
detect_structure.cc:114 Schur complement static structure <-1,6,3>.
detect_structure.cc:63 Dynamic row block size because the block size changed from 2 to 15
detect_structure.cc:114 Schur complement static structure <-1,6,3>.
schur_eliminator.cc:155 Template specializations not found for <-1,6,3>
block_sparse_matrix.cc:208 Allocating values array with 20448 bytes.
detect_structure.cc:63 Dynamic row block size because the block size changed from 2 to 15
detect_structure.cc:114 Schur complement static structure <-1,6,3>.
detect_structure.cc:63 Dynamic row block size because the block size changed from 2 to 15
detect_structure.cc:114 Schur complement static structure <-1,6,3>.
schur_eliminator.cc:155 Template specializations not found for <-1,6,3>
block_sparse_matrix.cc:208 Allocating values array with 220296 bytes.
detect_structure.cc:63 Dynamic row block size because the block size changed from 2 to 15
detect_structure.cc:74 Dynamic e block size because the block size changed from 1 to 9
detect_structure.cc:93 Dynamic f block size because the block size changed from 6 to 9
detect_structure.cc:114 Schur complement static structure <-1,-1,-1>.
detect_structure.cc:63 Dynamic row block size because the block size changed from 2 to 15
detect_structure.cc:74 Dynamic e block size because the block size changed from 1 to 9
detect_structure.cc:93 Dynamic f block size because the block size changed from 6 to 9
detect_structure.cc:114 Schur complement static structure <-1,-1,-1>.
schur_eliminator.cc:155 Template specializations not found for <-1,-1,-1>
block_sparse_matrix.cc:208 Allocating values array with 22008 bytes.
detect_structure.cc:63 Dynamic row block size because the block size changed from 2 to 15
detect_structure.cc:93 Dynamic f block size because the block size changed from 3 to 6
detect_structure.cc:114 Schur complement static structure <-1,6,-1>.
detect_structure.cc:63 Dynamic row block size because the block size changed from 2 to 15
detect_structure.cc:93 Dynamic f block size because the block size changed from 3 to 6
detect_structure.cc:114 Schur complement static structure <-1,6,-1>.
schur_eliminator.cc:155 Template specializations not found for <-1,6,-1>
block_sparse_matrix.cc:208 Allocating values array with 15168 bytes.
detect_structure.cc:63 Dynamic row block size because the block size changed from 2 to 15
detect_structure.cc:114 Schur complement static structure <-1,6,3>.
detect_structure.cc:63 Dynamic row block size because the block size changed from 2 to 15
detect_structure.cc:114 Schur complement static structure <-1,6,3>.
schur_eliminator.cc:155 Template specializations not found for <-1,6,3>
block_sparse_matrix.cc:208 Allocating values array with 20928 bytes.
detect_structure.cc:63 Dynamic row block size because the block size changed from 2 to 15
detect_structure.cc:114 Schur complement static structure <-1,6,3>.
detect_structure.cc:63 Dynamic row block size because the block size changed from 2 to 15
detect_structure.cc:114 Schur complement static structure <-1,6,3>.
schur_eliminator.cc:155 Template specializations not found for <-1,6,3>
block_sparse_matrix.cc:208 Allocating values array with 220504 bytes.
detect_structure.cc:63 Dynamic row block size because the block size changed from 2 to 15
detect_structure.cc:74 Dynamic e block size because the block size changed from 1 to 9
detect_structure.cc:93 Dynamic f block size because the block size changed from 6 to 9
detect_structure.cc:114 Schur complement static structure <-1,-1,-1>.
detect_structure.cc:63 Dynamic row block size because the block size changed from 2 to 15
detect_structure.cc:74 Dynamic e block size because the block size changed from 1 to 9
detect_structure.cc:93 Dynamic f block size because the block size changed from 6 to 9
detect_structure.cc:114 Schur complement static structure <-1,-1,-1>.
schur_eliminator.cc:155 Template specializations not found for <-1,-1,-1>
block_sparse_matrix.cc:208 Allocating values array with 22008 bytes.
detect_structure.cc:63 Dynamic row block size because the block size changed from 2 to 15
detect_structure.cc:93 Dynamic f block size because the block size changed from 3 to 6
detect_structure.cc:114 Schur complement static structure <-1,6,-1>.
detect_structure.cc:63 Dynamic row block size because the block size changed from 2 to 15
detect_structure.cc:93 Dynamic f block size because the block size changed from 3 to 6
detect_structure.cc:114 Schur complement static structure <-1,6,-1>.
schur_eliminator.cc:155 Template specializations not found for <-1,6,-1>
block_sparse_matrix.cc:208 Allocating values array with 15456 bytes.
detect_structure.cc:63 Dynamic row block size because the block size changed from 2 to 15
detect_structure.cc:114 Schur complement static structure <-1,6,3>.
detect_structure.cc:63 Dynamic row block size because the block size changed from 2 to 15
detect_structure.cc:114 Schur complement static structure <-1,6,3>.
schur_eliminator.cc:155 Template specializations not found for <-1,6,3>
block_sparse_matrix.cc:208 Allocating values array with 20736 bytes.
detect_structure.cc:63 Dynamic row block size because the block size changed from 2 to 15
detect_structure.cc:114 Schur complement static structure <-1,6,3>.
detect_structure.cc:63 Dynamic row block size because the block size changed from 2 to 15
detect_structure.cc:114 Schur complement static structure <-1,6,3>.
schur_eliminator.cc:155 Template specializations not found for <-1,6,3>
[Replay] 300/600 frames, 251 valid poses
block_sparse_matrix.cc:208 Allocating values array with 221336 bytes.
detect_structure.cc:63 Dynamic row block size because the block size changed from 2 to 15
detect_structure.cc:74 Dynamic e block size because the block size changed from 1 to 9
detect_structure.cc:93 Dynamic f block size because the block size changed from 6 to 9
detect_structure.cc:114 Schur complement static structure <-1,-1,-1>.
detect_structure.cc:63 Dynamic row block size because the block size changed from 2 to 15
detect_structure.cc:74 Dynamic e block size because the block size changed from 1 to 9
detect_structure.cc:93 Dynamic f block size because the block size changed from 6 to 9
detect_structure.cc:114 Schur complement static structure <-1,-1,-1>.
schur_eliminator.cc:155 Template specializations not found for <-1,-1,-1>
block_sparse_matrix.cc:208 Allocating values array with 21624 bytes.
detect_structure.cc:63 Dynamic row block size because the block size changed from 2 to 15
detect_structure.cc:93 Dynamic f block size because the block size changed from 3 to 6
detect_structure.cc:114 Schur complement static structure <-1,6,-1>.
detect_structure.cc:63 Dynamic row block size because the block size changed from 2 to 15
detect_structure.cc:93 Dynamic f block size because the block size changed from 3 to 6
detect_structure.cc:114 Schur complement static structure <-1,6,-1>.
schur_eliminator.cc:155 Template specializations not found for <-1,6,-1>
block_sparse_matrix.cc:208 Allocating values array with 15360 bytes.
detect_structure.cc:63 Dynamic row block size because the block size changed from 2 to 15
detect_structure.cc:114 Schur complement static structure <-1,6,3>.
detect_structure.cc:63 Dynamic row block size because the block size changed from 2 to 15
detect_structure.cc:114 Schur complement static structure <-1,6,3>.
schur_eliminator.cc:155 Template specializations not found for <-1,6,3>
block_sparse_matrix.cc:208 Allocating values array with 20448 bytes.
detect_structure.cc:63 Dynamic row block size because the block size changed from 2 to 15
detect_structure.cc:114 Schur complement static structure <-1,6,3>.
detect_structure.cc:63 Dynamic row block size because the block size changed from 2 to 15
detect_structure.cc:114 Schur complement static structure <-1,6,3>.
schur_eliminator.cc:155 Template specializations not found for <-1,6,3>
block_sparse_matrix.cc:208 Allocating values array with 232360 bytes.
detect_structure.cc:63 Dynamic row block size because the block size changed from 2 to 15
detect_structure.cc:74 Dynamic e block size because the block size changed from 1 to 9
detect_structure.cc:93 Dynamic f block size because the block size changed from 6 to 9
detect_structure.cc:114 Schur complement static structure <-1,-1,-1>.
detect_structure.cc:63 Dynamic row block size because the block size changed from 2 to 15
detect_structure.cc:74 Dynamic e block size because the block size changed from 1 to 9
detect_structure.cc:93 Dynamic f block size because the block size changed from 6 to 9
detect_structure.cc:114 Schur complement static structure <-1,-1,-1>.
schur_eliminator.cc:155 Template specializations not found for <-1,-1,-1>
block_sparse_matrix.cc:208 Allocating values array with 22104 bytes.
detect_structure.cc:63 Dynamic row block size because the block size changed from 2 to 15
detect_structure.cc:93 Dynamic f block size because the block size changed from 3 to 6
detect_structure.cc:114 Schur complement static structure <-1,6,-1>.
detect_structure.cc:63 Dynamic row block size because the block size changed from 2 to 15
detect_structure.cc:93 Dynamic f block size because the block size changed from 3 to 6
detect_structure.cc:114 Schur complement static structure <-1,6,-1>.
schur_eliminator.cc:155 Template specializations not found for <-1,6,-1>
block_sparse_matrix.cc:208 Allocating values array with 14688 bytes.
detect_structure.cc:63 Dynamic row block size because the block size changed from 2 to 15
detect_structure.cc:114 Schur complement static structure <-1,6,3>.
detect_structure.cc:63 Dynamic row block size because the block size changed from 2 to 15
detect_structure.cc:114 Schur complement static structure <-1,6,3>.
schur_eliminator.cc:155 Template specializations not found for <-1,6,3>
block_sparse_matrix.cc:208 Allocating values array with 21024 bytes.
detect_structure.cc:63 Dynamic row block size because the block size changed from 2 to 15
detect_structure.cc:114 Schur complement static structure <-1,6,3>.
detect_structure.cc:63 Dynamic row block size because the block size changed from 2 to 15
detect_structure.cc:114 Schur complement static structure <-1,6,3>.
schur_eliminator.cc:155 Template specializations not found for <-1,6,3>
block_sparse_matrix.cc:208 Allocating values array with 236104 bytes.
detect_structure.cc:63 Dynamic row block size because the block size changed from 2 to 15
detect_structure.cc:74 Dynamic e block size because the block size changed from 1 to 9
detect_structure.cc:93 Dynamic f block size because the block size changed from 6 to 9
detect_structure.cc:114 Schur complement static structure <-1,-1,-1>.
detect_structure.cc:63 Dynamic row block size because the block size changed from 2 to 15
detect_structure.cc:74 Dynamic e block size because the block size changed from 1 to 9
detect_structure.cc:93 Dynamic f block size because the block size changed from 6 to 9
detect_structure.cc:114 Schur complement static structure <-1,-1,-1>.
schur_eliminator.cc:155 Template specializations not found for <-1,-1,-1>
block_sparse_matrix.cc:208 Allocating values array with 22488 bytes.
detect_structure.cc:63 Dynamic row block size because the block size changed from 2 to 15
detect_structure.cc:93 Dynamic f block size because the block size changed from 3 to 6
detect_structure.cc:114 Schur complement static structure <-1,6,-1>.
detect_structure.cc:63 Dynamic row block size because the block size changed from 2 to 15
detect_structure.cc:93 Dynamic f block size because the block size changed from 3 to 6
detect_structure.cc:114 Schur complement static structure <-1,6,-1>.
schur_eliminator.cc:155 Template specializations not found for <-1,6,-1>
block_sparse_matrix.cc:208 Allocating values array with 15744 bytes.
detect_structure.cc:63 Dynamic row block size because the block size changed from 2 to 15
detect_structure.cc:114 Schur complement static structure <-1,6,3>.
detect_structure.cc:63 Dynamic row block size because the block size changed from 2 to 15
detect_structure.cc:114 Schur complement static structure <-1,6,3>.
schur_eliminator.cc:155 Template specializations not found for <-1,6,3>
block_sparse_matrix.cc:208 Allocating values array with 21120 bytes.
detect_structure.cc:63 Dynamic row block size because the block size changed from 2 to 15
detect_structure.cc:114 Schur complement static structure <-1,6,3>.
detect_structure.cc:63 Dynamic row block size because the block size changed from 2 to 15
detect_structure.cc:114 Schur complement static structure <-1,6,3>.
schur_eliminator.cc:155 Template specializations not found for <-1,6,3>
block_sparse_matrix.cc:208 Allocating values array with 235064 bytes.
detect_structure.cc:63 Dynamic row block size because the block size changed from 2 to 15
detect_structure.cc:74 Dynamic e block size because the block size changed from 1 to 9
detect_structure.cc:93 Dynamic f block size because the block size changed from 6 to 9
detect_structure.cc:114 Schur complement static structure <-1,-1,-1>.
detect_structure.cc:63 Dynamic row block size because the block size changed from 2 to 15
detect_structure.cc:74 Dynamic e block size because the block size changed from 1 to 9
detect_structure.cc:93 Dynamic f block size because the block size changed from 6 to 9
detect_structure.cc:114 Schur complement static structure <-1,-1,-1>.
schur_eliminator.cc:155 Template specializations not found for <-1,-1,-1>
block_sparse_matrix.cc:208 Allocating values array with 22776 bytes.
detect_structure.cc:63 Dynamic row block size because the block size changed from 2 to 15
detect_structure.cc:93 Dynamic f block size because the block size changed from 3 to 6
detect_structure.cc:114 Schur complement static structure <-1,6,-1>.
detect_structure.cc:63 Dynamic row block size because the block size changed from 2 to 15
detect_structure.cc:93 Dynamic f block size because the block size changed from 3 to 6
detect_structure.cc:114 Schur complement static structure <-1,6,-1>.
schur_eliminator.cc:155 Template specializations not found for <-1,6,-1>
block_sparse_matrix.cc:208 Allocating values array with 16032 bytes.
detect_structure.cc:63 Dynamic row block size because the block size changed from 2 to 15
detect_structure.cc:114 Schur complement static structure <-1,6,3>.
detect_structure.cc:63 Dynamic row block size because the block size changed from 2 to 15
detect_structure.cc:114 Schur complement static structure <-1,6,3>.
schur_eliminator.cc:155 Template specializations not found for <-1,6,3>
block_sparse_matrix.cc:208 Allocating values array with 21312 bytes.
detect_structure.cc:63 Dynamic row block size because the block size changed from 2 to 15
detect_structure.cc:114 Schur complement static structure <-1,6,3>.
detect_structure.cc:63 Dynamic row block size because the block size changed from 2 to 15
detect_structure.cc:114 Schur complement static structure <-1,6,3>.
schur_eliminator.cc:155 Template specializations not found for <-1,6,3>
block_sparse_matrix.cc:208 Allocating values array with 234232 bytes.
detect_structure.cc:63 Dynamic row block size because the block size changed from 2 to 15
detect_structure.cc:74 Dynamic e block size because the block size changed from 1 to 9
detect_structure.cc:93 Dynamic f block size because the block size changed from 6 to 9
detect_structure.cc:114 Schur complement static structure <-1,-1,-1>.
detect_structure.cc:63 Dynamic row block size because the block size changed from 2 to 15
detect_structure.cc:74 Dynamic e block size because the block size changed from 1 to 9
detect_structure.cc:93 Dynamic f block size because the block size changed from 6 to 9
detect_structure.cc:114 Schur complement static structure <-1,-1,-1>.
schur_eliminator.cc:155 Template specializations not found for <-1,-1,-1>
block_sparse_matrix.cc:208 Allocating values array with 21624 bytes.
detect_structure.cc:63 Dynamic row block size because the block size changed from 2 to 15
detect_structure.cc:93 Dynamic f block size because the block size changed from 3 to 6
detect_structure.cc:114 Schur complement static structure <-1,6,-1>.
detect_structure.cc:63 Dynamic row block size because the block size changed from 2 to 15
detect_structure.cc:93 Dynamic f block size because the block size changed from 3 to 6
detect_structure.cc:114 Schur complement static structure <-1,6,-1>.
schur_eliminator.cc:155 Template specializations not found for <-1,6,-1>
block_sparse_matrix.cc:208 Allocating values array with 14976 bytes.
detect_structure.cc:63 Dynamic row block size because the block size changed from 2 to 15
detect_structure.cc:114 Schur complement static structure <-1,6,3>.
detect_structure.cc:63 Dynamic row block size because the block size changed from 2 to 15
detect_structure.cc:114 Schur complement static structure <-1,6,3>.
schur_eliminator.cc:155 Template specializations not found for <-1,6,3>
block_sparse_matrix.cc:208 Allocating values array with 20256 bytes.
detect_structure.cc:63 Dynamic row block size because the block size changed from 2 to 15
detect_structure.cc:114 Schur complement static structure <-1,6,3>.
detect_structure.cc:63 Dynamic row block size because the block size changed from 2 to 15
detect_structure.cc:114 Schur complement static structure <-1,6,3>.
schur_eliminator.cc:155 Template specializations not found for <-1,6,3>
block_sparse_matrix.cc:208 Allocating values array with 230280 bytes.
detect_structure.cc:63 Dynamic row block size because the block size changed from 2 to 15
detect_structure.cc:74 Dynamic e block size because the block size changed from 1 to 9
detect_structure.cc:93 Dynamic f block size because the block size changed from 6 to 9
detect_structure.cc:114 Schur complement static structure <-1,-1,-1>.
detect_structure.cc:63 Dynamic row block size because the block size changed from 2 to 15
detect_structure.cc:74 Dynamic e block size because the block size changed from 1 to 9
detect_structure.cc:93 Dynamic f block size because the block size changed from 6 to 9
detect_structure.cc:114 Schur complement static structure <-1,-1,-1>.
schur_eliminator.cc:155 Template specializations not found for <-1,-1,-1>
block_sparse_matrix.cc:208 Allocating values array with 21336 bytes.
detect_structure.cc:63 Dynamic row block size because the block size changed from 2 to 15
detect_structure.cc:93 Dynamic f block size because the block size changed from 3 to 6
detect_structure.cc:114 Schur complement static structure <-1,6,-1>.
detect_structure.cc:63 Dynamic row block size because the block size changed from 2 to 15
detect_structure.cc:93 Dynamic f block size because the block size changed from 3 to 6
detect_structure.cc:114 Schur complement static structure <-1,6,-1>.
schur_eliminator.cc:155 Template specializations not found for <-1,6,-1>
block_sparse_matrix.cc:208 Allocating values array with 14880 bytes.
detect_structure.cc:63 Dynamic row block size because the block size changed from 2 to 15
detect_structure.cc:114 Schur complement static structure <-1,6,3>.
detect_structure.cc:63 Dynamic row block size because the block size changed from 2 to 15
detect_structure.cc:114 Schur complement static structure <-1,6,3>.
schur_eliminator.cc:155 Template specializations not found for <-1,6,3>
block_sparse_matrix.cc:208 Allocating values array with 20256 bytes.
detect_structure.cc:63 Dynamic row block size because the block size changed from 2 to 15
detect_structure.cc:114 Schur complement static structure <-1,6,3>.
detect_structure.cc:63 Dynamic row block size because the block size changed from 2 to 15
detect_structure.cc:114 Schur complement static structure <-1,6,3>.
schur_eliminator.cc:155 Template specializations not found for <-1,6,3>
block_sparse_matrix.cc:208 Allocating values array with 232360 bytes.
detect_structure.cc:63 Dynamic row block size because the block size changed from 2 to 15
detect_structure.cc:74 Dynamic e block size because the block size changed from 1 to 9
detect_structure.cc:93 Dynamic f block size because the block size changed from 6 to 9
detect_structure.cc:114 Schur complement static structure <-1,-1,-1>.
detect_structure.cc:63 Dynamic row block size because the block size changed from 2 to 15
detect_structure.cc:74 Dynamic e block size because the block size changed from 1 to 9
detect_structure.cc:93 Dynamic f block size because the block size changed from 6 to 9
detect_structure.cc:114 Schur complement static structure <-1,-1,-1>.
schur_eliminator.cc:155 Template specializations not found for <-1,-1,-1>
block_sparse_matrix.cc:208 Allocating values array with 22776 bytes.
detect_structure.cc:63 Dynamic row block size because the block size changed from 2 to 15
detect_structure.cc:93 Dynamic f block size because the block size changed from 3 to 6
detect_structure.cc:114 Schur complement static structure <-1,6,-1>.
detect_structure.cc:63 Dynamic row block size because the block size changed from 2 to 15
detect_structure.cc:93 Dynamic f block size because the block size changed from 3 to 6
detect_structure.cc:114 Schur complement static structure <-1,6,-1>.
schur_eliminator.cc:155 Template specializations not found for <-1,6,-1>
block_sparse_matrix.cc:208 Allocating values array with 14976 bytes.
detect_structure.cc:63 Dynamic row block size because the block size changed from 2 to 15
detect_structure.cc:114 Schur complement static structure <-1,6,3>.
detect_structure.cc:63 Dynamic row block size because the block size changed from 2 to 15
detect_structure.cc:114 Schur complement static structure <-1,6,3>.
schur_eliminator.cc:155 Template specializations not found for <-1,6,3>
block_sparse_matrix.cc:208 Allocating values array with 21312 bytes.
detect_structure.cc:63 Dynamic row block size because the block size changed from 2 to 15
detect_structure.cc:114 Schur complement static structure <-1,6,3>.
detect_structure.cc:63 Dynamic row block size because the block size changed from 2 to 15
detect_structure.cc:114 Schur complement static structure <-1,6,3>.
schur_eliminator.cc:155 Template specializations not found for <-1,6,3>
block_sparse_matrix.cc:208 Allocating values array with 241304 bytes.
detect_structure.cc:63 Dynamic row block size because the block size changed from 2 to 15
detect_structure.cc:74 Dynamic e block size because the block size changed from 1 to 9
detect_structure.cc:93 Dynamic f block size because the block size changed from 6 to 9
detect_structure.cc:114 Schur complement static structure <-1,-1,-1>.
detect_structure.cc:63 Dynamic row block size because the block size changed from 2 to 15
detect_structure.cc:74 Dynamic e block size because the block size changed from 1 to 9
detect_structure.cc:93 Dynamic f block size because the block size changed from 6 to 9
detect_structure.cc:114 Schur complement static structure <-1,-1,-1>.
schur_eliminator.cc:155 Template specializations not found for <-1,-1,-1>
block_sparse_matrix.cc:208 Allocating values array with 24600 bytes.
detect_structure.cc:63 Dynamic row block size because the block size changed from 2 to 15
detect_structure.cc:93 Dynamic f block size because the block size changed from 3 to 6
detect_structure.cc:114 Schur complement static structure <-1,6,-1>.
detect_structure.cc:63 Dynamic row block size because the block size changed from 2 to 15
detect_structure.cc:93 Dynamic f block size because the block size changed from 3 to 6
detect_structure.cc:114 Schur complement static structure <-1,6,-1>.
schur_eliminator.cc:155 Template specializations not found for <-1,6,-1>
[FeatureTracker] F-matrix: 136 → 86 (rejected 50, threshold=1)
block_sparse_matrix.cc:208 Allocating values array with 16032 bytes.
detect_structure.cc:63 Dynamic row block size because the block size changed from 2 to 15
detect_structure.cc:114 Schur complement static structure <-1,6,3>.
detect_structure.cc:63 Dynamic row block size because the block size changed from 2 to 15
detect_structure.cc:114 Schur complement static structure <-1,6,3>.
schur_eliminator.cc:155 Template specializations not found for <-1,6,3>
block_sparse_matrix.cc:208 Allocating values array with 20832 bytes.
detect_structure.cc:63 Dynamic row block size because the block size changed from 2 to 15
detect_structure.cc:114 Schur complement static structure <-1,6,3>.
detect_structure.cc:63 Dynamic row block size because the block size changed from 2 to 15
detect_structure.cc:114 Schur complement static structure <-1,6,3>.
schur_eliminator.cc:155 Template specializations not found for <-1,6,3>
block_sparse_matrix.cc:208 Allocating values array with 242760 bytes.
detect_structure.cc:63 Dynamic row block size because the block size changed from 2 to 15
detect_structure.cc:74 Dynamic e block size because the block size changed from 1 to 9
detect_structure.cc:93 Dynamic f block size because the block size changed from 6 to 9
detect_structure.cc:114 Schur complement static structure <-1,-1,-1>.
detect_structure.cc:63 Dynamic row block size because the block size changed from 2 to 15
detect_structure.cc:74 Dynamic e block size because the block size changed from 1 to 9
detect_structure.cc:93 Dynamic f block size because the block size changed from 6 to 9
detect_structure.cc:114 Schur complement static structure <-1,-1,-1>.
schur_eliminator.cc:155 Template specializations not found for <-1,-1,-1>
block_sparse_matrix.cc:208 Allocating values array with 21720 bytes.
detect_structure.cc:63 Dynamic row block size because the block size changed from 2 to 15
detect_structure.cc:93 Dynamic f block size because the block size changed from 3 to 6
detect_structure.cc:114 Schur complement static structure <-1,6,-1>.
detect_structure.cc:63 Dynamic row block size because the block size changed from 2 to 15
detect_structure.cc:93 Dynamic f block size because the block size changed from 3 to 6
detect_structure.cc:114 Schur complement static structure <-1,6,-1>.
schur_eliminator.cc:155 Template specializations not found for <-1,6,-1>
block_sparse_matrix.cc:208 Allocating values array with 15456 bytes.
detect_structure.cc:63 Dynamic row block size because the block size changed from 2 to 15
detect_structure.cc:114 Schur complement static structure <-1,6,3>.
detect_structure.cc:63 Dynamic row block size because the block size changed from 2 to 15
detect_structure.cc:114 Schur complement static structure <-1,6,3>.
schur_eliminator.cc:155 Template specializations not found for <-1,6,3>
block_sparse_matrix.cc:208 Allocating values array with 20352 bytes.
detect_structure.cc:63 Dynamic row block size because the block size changed from 2 to 15
detect_structure.cc:114 Schur complement static structure <-1,6,3>.
detect_structure.cc:63 Dynamic row block size because the block size changed from 2 to 15
detect_structure.cc:114 Schur complement static structure <-1,6,3>.
schur_eliminator.cc:155 Template specializations not found for <-1,6,3>
block_sparse_matrix.cc:208 Allocating values array with 242968 bytes.
detect_structure.cc:63 Dynamic row block size because the block size changed from 2 to 15
detect_structure.cc:74 Dynamic e block size because the block size changed from 1 to 9
detect_structure.cc:93 Dynamic f block size because the block size changed from 6 to 9
detect_structure.cc:114 Schur complement static structure <-1,-1,-1>.
detect_structure.cc:63 Dynamic row block size because the block size changed from 2 to 15
detect_structure.cc:74 Dynamic e block size because the block size changed from 1 to 9
detect_structure.cc:93 Dynamic f block size because the block size changed from 6 to 9
detect_structure.cc:114 Schur complement static structure <-1,-1,-1>.
schur_eliminator.cc:155 Template specializations not found for <-1,-1,-1>
block_sparse_matrix.cc:208 Allocating values array with 20376 bytes.
detect_structure.cc:63 Dynamic row block size because the block size changed from 2 to 15
detect_structure.cc:93 Dynamic f block size because the block size changed from 3 to 6
detect_structure.cc:114 Schur complement static structure <-1,6,-1>.
detect_structure.cc:63 Dynamic row block size because the block size changed from 2 to 15
detect_structure.cc:93 Dynamic f block size because the block size changed from 3 to 6
detect_structure.cc:114 Schur complement static structure <-1,6,-1>.
schur_eliminator.cc:155 Template specializations not found for <-1,6,-1>
block_sparse_matrix.cc:208 Allocating values array with 14016 bytes.
detect_structure.cc:63 Dynamic row block size because the block size changed from 2 to 15
detect_structure.cc:114 Schur complement static structure <-1,6,3>.
detect_structure.cc:63 Dynamic row block size because the block size changed from 2 to 15
detect_structure.cc:114 Schur complement static structure <-1,6,3>.
schur_eliminator.cc:155 Template specializations not found for <-1,6,3>
block_sparse_matrix.cc:208 Allocating values array with 19200 bytes.
detect_structure.cc:63 Dynamic row block size because the block size changed from 2 to 15
detect_structure.cc:114 Schur complement static structure <-1,6,3>.
detect_structure.cc:63 Dynamic row block size because the block size changed from 2 to 15
detect_structure.cc:114 Schur complement static structure <-1,6,3>.
schur_eliminator.cc:155 Template specializations not found for <-1,6,3>
block_sparse_matrix.cc:208 Allocating values array with 238808 bytes.
detect_structure.cc:63 Dynamic row block size because the block size changed from 2 to 15
detect_structure.cc:74 Dynamic e block size because the block size changed from 1 to 9
detect_structure.cc:93 Dynamic f block size because the block size changed from 6 to 9
detect_structure.cc:114 Schur complement static structure <-1,-1,-1>.
detect_structure.cc:63 Dynamic row block size because the block size changed from 2 to 15
detect_structure.cc:74 Dynamic e block size because the block size changed from 1 to 9
detect_structure.cc:93 Dynamic f block size because the block size changed from 6 to 9
detect_structure.cc:114 Schur complement static structure <-1,-1,-1>.
schur_eliminator.cc:155 Template specializations not found for <-1,-1,-1>
block_sparse_matrix.cc:208 Allocating values array with 20280 bytes.
detect_structure.cc:63 Dynamic row block size because the block size changed from 2 to 15
detect_structure.cc:93 Dynamic f block size because the block size changed from 3 to 6
detect_structure.cc:114 Schur complement static structure <-1,6,-1>.
detect_structure.cc:63 Dynamic row block size because the block size changed from 2 to 15
detect_structure.cc:93 Dynamic f block size because the block size changed from 3 to 6
detect_structure.cc:114 Schur complement static structure <-1,6,-1>.
schur_eliminator.cc:155 Template specializations not found for <-1,6,-1>
block_sparse_matrix.cc:208 Allocating values array with 14400 bytes.
detect_structure.cc:63 Dynamic row block size because the block size changed from 2 to 15
detect_structure.cc:114 Schur complement static structure <-1,6,3>.
detect_structure.cc:63 Dynamic row block size because the block size changed from 2 to 15
detect_structure.cc:114 Schur complement static structure <-1,6,3>.
schur_eliminator.cc:155 Template specializations not found for <-1,6,3>
block_sparse_matrix.cc:208 Allocating values array with 19200 bytes.
detect_structure.cc:63 Dynamic row block size because the block size changed from 2 to 15
detect_structure.cc:114 Schur complement static structure <-1,6,3>.
detect_structure.cc:63 Dynamic row block size because the block size changed from 2 to 15
detect_structure.cc:114 Schur complement static structure <-1,6,3>.
schur_eliminator.cc:155 Template specializations not found for <-1,6,3>
block_sparse_matrix.cc:208 Allocating values array with 234024 bytes.
detect_structure.cc:63 Dynamic row block size because the block size changed from 2 to 15
detect_structure.cc:74 Dynamic e block size because the block size changed from 1 to 9
detect_structure.cc:93 Dynamic f block size because the block size changed from 6 to 9
detect_structure.cc:114 Schur complement static structure <-1,-1,-1>.
detect_structure.cc:63 Dynamic row block size because the block size changed from 2 to 15
detect_structure.cc:74 Dynamic e block size because the block size changed from 1 to 9
detect_structure.cc:93 Dynamic f block size because the block size changed from 6 to 9
detect_structure.cc:114 Schur complement static structure <-1,-1,-1>.
schur_eliminator.cc:155 Template specializations not found for <-1,-1,-1>
block_sparse_matrix.cc:208 Allocating values array with 19800 bytes.
detect_structure.cc:63 Dynamic row block size because the block size changed from 2 to 15
detect_structure.cc:93 Dynamic f block size because the block size changed from 3 to 6
detect_structure.cc:114 Schur complement static structure <-1,6,-1>.
detect_structure.cc:63 Dynamic row block size because the block size changed from 2 to 15
detect_structure.cc:93 Dynamic f block size because the block size changed from 3 to 6
detect_structure.cc:114 Schur complement static structure <-1,6,-1>.
schur_eliminator.cc:155 Template specializations not found for <-1,6,-1>
block_sparse_matrix.cc:208 Allocating values array with 14304 bytes.
detect_structure.cc:63 Dynamic row block size because the block size changed from 2 to 15
detect_structure.cc:114 Schur complement static structure <-1,6,3>.
detect_structure.cc:63 Dynamic row block size because the block size changed from 2 to 15
detect_structure.cc:114 Schur complement static structure <-1,6,3>.
schur_eliminator.cc:155 Template specializations not found for <-1,6,3>
block_sparse_matrix.cc:208 Allocating values array with 18624 bytes.
detect_structure.cc:63 Dynamic row block size because the block size changed from 2 to 15
detect_structure.cc:114 Schur complement static structure <-1,6,3>.
detect_structure.cc:63 Dynamic row block size because the block size changed from 2 to 15
detect_structure.cc:114 Schur complement static structure <-1,6,3>.
schur_eliminator.cc:155 Template specializations not found for <-1,6,3>
block_sparse_matrix.cc:208 Allocating values array with 235064 bytes.
detect_structure.cc:63 Dynamic row block size because the block size changed from 2 to 15
detect_structure.cc:74 Dynamic e block size because the block size changed from 1 to 9
detect_structure.cc:93 Dynamic f block size because the block size changed from 6 to 9
detect_structure.cc:114 Schur complement static structure <-1,-1,-1>.
detect_structure.cc:63 Dynamic row block size because the block size changed from 2 to 15
detect_structure.cc:74 Dynamic e block size because the block size changed from 1 to 9
detect_structure.cc:93 Dynamic f block size because the block size changed from 6 to 9
detect_structure.cc:114 Schur complement static structure <-1,-1,-1>.
schur_eliminator.cc:155 Template specializations not found for <-1,-1,-1>
block_sparse_matrix.cc:208 Allocating values array with 19608 bytes.
detect_structure.cc:63 Dynamic row block size because the block size changed from 2 to 15
detect_structure.cc:93 Dynamic f block size because the block size changed from 3 to 6
detect_structure.cc:114 Schur complement static structure <-1,6,-1>.
detect_structure.cc:63 Dynamic row block size because the block size changed from 2 to 15
detect_structure.cc:93 Dynamic f block size because the block size changed from 3 to 6
detect_structure.cc:114 Schur complement static structure <-1,6,-1>.
schur_eliminator.cc:155 Template specializations not found for <-1,6,-1>
block_sparse_matrix.cc:208 Allocating values array with 13440 bytes.
detect_structure.cc:63 Dynamic row block size because the block size changed from 2 to 15
detect_structure.cc:114 Schur complement static structure <-1,6,3>.
detect_structure.cc:63 Dynamic row block size because the block size changed from 2 to 15
detect_structure.cc:114 Schur complement static structure <-1,6,3>.
schur_eliminator.cc:155 Template specializations not found for <-1,6,3>
[FeatureTracker] F-matrix: 126 → 60 (rejected 66, threshold=1)
block_sparse_matrix.cc:208 Allocating values array with 17280 bytes.
detect_structure.cc:63 Dynamic row block size because the block size changed from 2 to 15
detect_structure.cc:114 Schur complement static structure <-1,6,3>.
detect_structure.cc:63 Dynamic row block size because the block size changed from 2 to 15
detect_structure.cc:114 Schur complement static structure <-1,6,3>.
schur_eliminator.cc:155 Template specializations not found for <-1,6,3>
block_sparse_matrix.cc:208 Allocating values array with 237352 bytes.
detect_structure.cc:63 Dynamic row block size because the block size changed from 2 to 15
detect_structure.cc:74 Dynamic e block size because the block size changed from 1 to 9
detect_structure.cc:93 Dynamic f block size because the block size changed from 6 to 9
detect_structure.cc:114 Schur complement static structure <-1,-1,-1>.
detect_structure.cc:63 Dynamic row block size because the block size changed from 2 to 15
detect_structure.cc:74 Dynamic e block size because the block size changed from 1 to 9
detect_structure.cc:93 Dynamic f block size because the block size changed from 6 to 9
detect_structure.cc:114 Schur complement static structure <-1,-1,-1>.
schur_eliminator.cc:155 Template specializations not found for <-1,-1,-1>
block_sparse_matrix.cc:208 Allocating values array with 17496 bytes.
detect_structure.cc:63 Dynamic row block size because the block size changed from 2 to 15
detect_structure.cc:93 Dynamic f block size because the block size changed from 3 to 6
detect_structure.cc:114 Schur complement static structure <-1,6,-1>.
detect_structure.cc:63 Dynamic row block size because the block size changed from 2 to 15
detect_structure.cc:93 Dynamic f block size because the block size changed from 3 to 6
detect_structure.cc:114 Schur complement static structure <-1,6,-1>.
schur_eliminator.cc:155 Template specializations not found for <-1,6,-1>
block_sparse_matrix.cc:208 Allocating values array with 12480 bytes.
detect_structure.cc:63 Dynamic row block size because the block size changed from 2 to 15
detect_structure.cc:114 Schur complement static structure <-1,6,3>.
detect_structure.cc:63 Dynamic row block size because the block size changed from 2 to 15
detect_structure.cc:114 Schur complement static structure <-1,6,3>.
schur_eliminator.cc:155 Template specializations not found for <-1,6,3>
block_sparse_matrix.cc:208 Allocating values array with 16416 bytes.
detect_structure.cc:63 Dynamic row block size because the block size changed from 2 to 15
detect_structure.cc:114 Schur complement static structure <-1,6,3>.
detect_structure.cc:63 Dynamic row block size because the block size changed from 2 to 15
detect_structure.cc:114 Schur complement static structure <-1,6,3>.
schur_eliminator.cc:155 Template specializations not found for <-1,6,3>
block_sparse_matrix.cc:208 Allocating values array with 235272 bytes.
detect_structure.cc:63 Dynamic row block size because the block size changed from 2 to 15
detect_structure.cc:74 Dynamic e block size because the block size changed from 1 to 9
detect_structure.cc:93 Dynamic f block size because the block size changed from 6 to 9
detect_structure.cc:114 Schur complement static structure <-1,-1,-1>.
detect_structure.cc:63 Dynamic row block size because the block size changed from 2 to 15
detect_structure.cc:74 Dynamic e block size because the block size changed from 1 to 9
detect_structure.cc:93 Dynamic f block size because the block size changed from 6 to 9
detect_structure.cc:114 Schur complement static structure <-1,-1,-1>.
schur_eliminator.cc:155 Template specializations not found for <-1,-1,-1>
block_sparse_matrix.cc:208 Allocating values array with 17496 bytes.
detect_structure.cc:63 Dynamic row block size because the block size changed from 2 to 15
detect_structure.cc:93 Dynamic f block size because the block size changed from 3 to 6
detect_structure.cc:114 Schur complement static structure <-1,6,-1>.
detect_structure.cc:63 Dynamic row block size because the block size changed from 2 to 15
detect_structure.cc:93 Dynamic f block size because the block size changed from 3 to 6
detect_structure.cc:114 Schur complement static structure <-1,6,-1>.
schur_eliminator.cc:155 Template specializations not found for <-1,6,-1>
block_sparse_matrix.cc:208 Allocating values array with 12096 bytes.
detect_structure.cc:63 Dynamic row block size because the block size changed from 2 to 15
detect_structure.cc:114 Schur complement static structure <-1,6,3>.
detect_structure.cc:63 Dynamic row block size because the block size changed from 2 to 15
detect_structure.cc:114 Schur complement static structure <-1,6,3>.
schur_eliminator.cc:155 Template specializations not found for <-1,6,3>
block_sparse_matrix.cc:208 Allocating values array with 16320 bytes.
detect_structure.cc:63 Dynamic row block size because the block size changed from 2 to 15
detect_structure.cc:114 Schur complement static structure <-1,6,3>.
detect_structure.cc:63 Dynamic row block size because the block size changed from 2 to 15
detect_structure.cc:114 Schur complement static structure <-1,6,3>.
schur_eliminator.cc:155 Template specializations not found for <-1,6,3>
block_sparse_matrix.cc:208 Allocating values array with 227576 bytes.
detect_structure.cc:63 Dynamic row block size because the block size changed from 2 to 15
detect_structure.cc:74 Dynamic e block size because the block size changed from 1 to 9
detect_structure.cc:93 Dynamic f block size because the block size changed from 6 to 9
detect_structure.cc:114 Schur complement static structure <-1,-1,-1>.
detect_structure.cc:63 Dynamic row block size because the block size changed from 2 to 15
detect_structure.cc:74 Dynamic e block size because the block size changed from 1 to 9
detect_structure.cc:93 Dynamic f block size because the block size changed from 6 to 9
detect_structure.cc:114 Schur complement static structure <-1,-1,-1>.
schur_eliminator.cc:155 Template specializations not found for <-1,-1,-1>
block_sparse_matrix.cc:208 Allocating values array with 17784 bytes.
detect_structure.cc:63 Dynamic row block size because the block size changed from 2 to 15
detect_structure.cc:93 Dynamic f block size because the block size changed from 3 to 6
detect_structure.cc:114 Schur complement static structure <-1,6,-1>.
detect_structure.cc:63 Dynamic row block size because the block size changed from 2 to 15
detect_structure.cc:93 Dynamic f block size because the block size changed from 3 to 6
detect_structure.cc:114 Schur complement static structure <-1,6,-1>.
schur_eliminator.cc:155 Template specializations not found for <-1,6,-1>
[VIO DIAG] f=100 tri: ok=177 wait=2 fail=0 default=1 depth: avg=1.60059 min=0.537156 max=12.5609 |vel|=0.742051 vel=(-0.322111,0.339928,0.575616) ba=(0.0459197,-0.0333229,-0.0379491) bg=(0.00014855,-0.000130114,-0.000465235)
block_sparse_matrix.cc:208 Allocating values array with 12480 bytes.
detect_structure.cc:63 Dynamic row block size because the block size changed from 2 to 15
detect_structure.cc:114 Schur complement static structure <-1,6,3>.
detect_structure.cc:63 Dynamic row block size because the block size changed from 2 to 15
detect_structure.cc:114 Schur complement static structure <-1,6,3>.
schur_eliminator.cc:155 Template specializations not found for <-1,6,3>
block_sparse_matrix.cc:208 Allocating values array with 16704 bytes.
detect_structure.cc:63 Dynamic row block size because the block size changed from 2 to 15
detect_structure.cc:114 Schur complement static structure <-1,6,3>.
detect_structure.cc:63 Dynamic row block size because the block size changed from 2 to 15
detect_structure.cc:114 Schur complement static structure <-1,6,3>.
schur_eliminator.cc:155 Template specializations not found for <-1,6,3>
block_sparse_matrix.cc:208 Allocating values array with 215512 bytes.
detect_structure.cc:63 Dynamic row block size because the block size changed from 2 to 15
detect_structure.cc:74 Dynamic e block size because the block size changed from 1 to 9
detect_structure.cc:93 Dynamic f block size because the block size changed from 6 to 9
detect_structure.cc:114 Schur complement static structure <-1,-1,-1>.
detect_structure.cc:63 Dynamic row block size because the block size changed from 2 to 15
detect_structure.cc:74 Dynamic e block size because the block size changed from 1 to 9
detect_structure.cc:93 Dynamic f block size because the block size changed from 6 to 9
detect_structure.cc:114 Schur complement static structure <-1,-1,-1>.
schur_eliminator.cc:155 Template specializations not found for <-1,-1,-1>
block_sparse_matrix.cc:208 Allocating values array with 17976 bytes.
detect_structure.cc:63 Dynamic row block size because the block size changed from 2 to 15
detect_structure.cc:93 Dynamic f block size because the block size changed from 3 to 6
detect_structure.cc:114 Schur complement static structure <-1,6,-1>.
detect_structure.cc:63 Dynamic row block size because the block size changed from 2 to 15
detect_structure.cc:93 Dynamic f block size because the block size changed from 3 to 6
detect_structure.cc:114 Schur complement static structure <-1,6,-1>.
schur_eliminator.cc:155 Template specializations not found for <-1,6,-1>
block_sparse_matrix.cc:208 Allocating values array with 12768 bytes.
detect_structure.cc:63 Dynamic row block size because the block size changed from 2 to 15
detect_structure.cc:114 Schur complement static structure <-1,6,3>.
detect_structure.cc:63 Dynamic row block size because the block size changed from 2 to 15
detect_structure.cc:114 Schur complement static structure <-1,6,3>.
schur_eliminator.cc:155 Template specializations not found for <-1,6,3>
block_sparse_matrix.cc:208 Allocating values array with 16896 bytes.
detect_structure.cc:63 Dynamic row block size because the block size changed from 2 to 15
detect_structure.cc:114 Schur complement static structure <-1,6,3>.
detect_structure.cc:63 Dynamic row block size because the block size changed from 2 to 15
detect_structure.cc:114 Schur complement static structure <-1,6,3>.
schur_eliminator.cc:155 Template specializations not found for <-1,6,3>
block_sparse_matrix.cc:208 Allocating values array with 233400 bytes.
detect_structure.cc:63 Dynamic row block size because the block size changed from 2 to 15
detect_structure.cc:74 Dynamic e block size because the block size changed from 1 to 9
detect_structure.cc:93 Dynamic f block size because the block size changed from 6 to 9
detect_structure.cc:114 Schur complement static structure <-1,-1,-1>.
detect_structure.cc:63 Dynamic row block size because the block size changed from 2 to 15
detect_structure.cc:74 Dynamic e block size because the block size changed from 1 to 9
detect_structure.cc:93 Dynamic f block size because the block size changed from 6 to 9
detect_structure.cc:114 Schur complement static structure <-1,-1,-1>.
schur_eliminator.cc:155 Template specializations not found for <-1,-1,-1>
block_sparse_matrix.cc:208 Allocating values array with 21816 bytes.
detect_structure.cc:63 Dynamic row block size because the block size changed from 2 to 15
detect_structure.cc:93 Dynamic f block size because the block size changed from 3 to 6
detect_structure.cc:114 Schur complement static structure <-1,6,-1>.
detect_structure.cc:63 Dynamic row block size because the block size changed from 2 to 15
detect_structure.cc:93 Dynamic f block size because the block size changed from 3 to 6
detect_structure.cc:114 Schur complement static structure <-1,6,-1>.
schur_eliminator.cc:155 Template specializations not found for <-1,6,-1>
block_sparse_matrix.cc:208 Allocating values array with 12672 bytes.
detect_structure.cc:63 Dynamic row block size because the block size changed from 2 to 15
detect_structure.cc:114 Schur complement static structure <-1,6,3>.
detect_structure.cc:63 Dynamic row block size because the block size changed from 2 to 15
detect_structure.cc:114 Schur complement static structure <-1,6,3>.
schur_eliminator.cc:155 Template specializations not found for <-1,6,3>
block_sparse_matrix.cc:208 Allocating values array with 20736 bytes.
detect_structure.cc:63 Dynamic row block size because the block size changed from 2 to 15
detect_structure.cc:114 Schur complement static structure <-1,6,3>.
detect_structure.cc:63 Dynamic row block size because the block size changed from 2 to 15
detect_structure.cc:114 Schur complement static structure <-1,6,3>.
schur_eliminator.cc:155 Template specializations not found for <-1,6,3>
block_sparse_matrix.cc:208 Allocating values array with 238808 bytes.
detect_structure.cc:63 Dynamic row block size because the block size changed from 2 to 15
detect_structure.cc:74 Dynamic e block size because the block size changed from 1 to 9
detect_structure.cc:93 Dynamic f block size because the block size changed from 6 to 9
detect_structure.cc:114 Schur complement static structure <-1,-1,-1>.
detect_structure.cc:63 Dynamic row block size because the block size changed from 2 to 15
detect_structure.cc:74 Dynamic e block size because the block size changed from 1 to 9
detect_structure.cc:93 Dynamic f block size because the block size changed from 6 to 9
detect_structure.cc:114 Schur complement static structure <-1,-1,-1>.
schur_eliminator.cc:155 Template specializations not found for <-1,-1,-1>
block_sparse_matrix.cc:208 Allocating values array with 25368 bytes.
detect_structure.cc:63 Dynamic row block size because the block size changed from 2 to 15
detect_structure.cc:93 Dynamic f block size because the block size changed from 3 to 6
detect_structure.cc:114 Schur complement static structure <-1,6,-1>.
detect_structure.cc:63 Dynamic row block size because the block size changed from 2 to 15
detect_structure.cc:93 Dynamic f block size because the block size changed from 3 to 6
detect_structure.cc:114 Schur complement static structure <-1,6,-1>.
schur_eliminator.cc:155 Template specializations not found for <-1,6,-1>
block_sparse_matrix.cc:208 Allocating values array with 16512 bytes.
detect_structure.cc:63 Dynamic row block size because the block size changed from 2 to 15
detect_structure.cc:114 Schur complement static structure <-1,6,3>.
detect_structure.cc:63 Dynamic row block size because the block size changed from 2 to 15
detect_structure.cc:114 Schur complement static structure <-1,6,3>.
schur_eliminator.cc:155 Template specializations not found for <-1,6,3>
block_sparse_matrix.cc:208 Allocating values array with 22368 bytes.
detect_structure.cc:63 Dynamic row block size because the block size changed from 2 to 15
detect_structure.cc:114 Schur complement static structure <-1,6,3>.
detect_structure.cc:63 Dynamic row block size because the block size changed from 2 to 15
detect_structure.cc:114 Schur complement static structure <-1,6,3>.
schur_eliminator.cc:155 Template specializations not found for <-1,6,3>
block_sparse_matrix.cc:208 Allocating values array with 239640 bytes.
detect_structure.cc:63 Dynamic row block size because the block size changed from 2 to 15
detect_structure.cc:74 Dynamic e block size because the block size changed from 1 to 9
detect_structure.cc:93 Dynamic f block size because the block size changed from 6 to 9
detect_structure.cc:114 Schur complement static structure <-1,-1,-1>.
detect_structure.cc:63 Dynamic row block size because the block size changed from 2 to 15
detect_structure.cc:74 Dynamic e block size because the block size changed from 1 to 9
detect_structure.cc:93 Dynamic f block size because the block size changed from 6 to 9
detect_structure.cc:114 Schur complement static structure <-1,-1,-1>.
schur_eliminator.cc:155 Template specializations not found for <-1,-1,-1>
block_sparse_matrix.cc:208 Allocating values array with 24888 bytes.
detect_structure.cc:63 Dynamic row block size because the block size changed from 2 to 15
detect_structure.cc:93 Dynamic f block size because the block size changed from 3 to 6
detect_structure.cc:114 Schur complement static structure <-1,6,-1>.
detect_structure.cc:63 Dynamic row block size because the block size changed from 2 to 15
detect_structure.cc:93 Dynamic f block size because the block size changed from 3 to 6
detect_structure.cc:114 Schur complement static structure <-1,6,-1>.
schur_eliminator.cc:155 Template specializations not found for <-1,6,-1>
block_sparse_matrix.cc:208 Allocating values array with 18240 bytes.
detect_structure.cc:63 Dynamic row block size because the block size changed from 2 to 15
detect_structure.cc:114 Schur complement static structure <-1,6,3>.
detect_structure.cc:63 Dynamic row block size because the block size changed from 2 to 15
detect_structure.cc:114 Schur complement static structure <-1,6,3>.
schur_eliminator.cc:155 Template specializations not found for <-1,6,3>
block_sparse_matrix.cc:208 Allocating values array with 23808 bytes.
detect_structure.cc:63 Dynamic row block size because the block size changed from 2 to 15
detect_structure.cc:114 Schur complement static structure <-1,6,3>.
detect_structure.cc:63 Dynamic row block size because the block size changed from 2 to 15
detect_structure.cc:114 Schur complement static structure <-1,6,3>.
schur_eliminator.cc:155 Template specializations not found for <-1,6,3>
block_sparse_matrix.cc:208 Allocating values array with 245048 bytes.
detect_structure.cc:63 Dynamic row block size because the block size changed from 2 to 15
detect_structure.cc:74 Dynamic e block size because the block size changed from 1 to 9
detect_structure.cc:93 Dynamic f block size because the block size changed from 6 to 9
detect_structure.cc:114 Schur complement static structure <-1,-1,-1>.
detect_structure.cc:63 Dynamic row block size because the block size changed from 2 to 15
detect_structure.cc:74 Dynamic e block size because the block size changed from 1 to 9
detect_structure.cc:93 Dynamic f block size because the block size changed from 6 to 9
detect_structure.cc:114 Schur complement static structure <-1,-1,-1>.
schur_eliminator.cc:155 Template specializations not found for <-1,-1,-1>
block_sparse_matrix.cc:208 Allocating values array with 23160 bytes.
detect_structure.cc:63 Dynamic row block size because the block size changed from 2 to 15
detect_structure.cc:93 Dynamic f block size because the block size changed from 3 to 6
detect_structure.cc:114 Schur complement static structure <-1,6,-1>.
detect_structure.cc:63 Dynamic row block size because the block size changed from 2 to 15
detect_structure.cc:93 Dynamic f block size because the block size changed from 3 to 6
detect_structure.cc:114 Schur complement static structure <-1,6,-1>.
schur_eliminator.cc:155 Template specializations not found for <-1,6,-1>
block_sparse_matrix.cc:208 Allocating values array with 15744 bytes.
detect_structure.cc:63 Dynamic row block size because the block size changed from 2 to 15
detect_structure.cc:114 Schur complement static structure <-1,6,3>.
detect_structure.cc:63 Dynamic row block size because the block size changed from 2 to 15
detect_structure.cc:114 Schur complement static structure <-1,6,3>.
schur_eliminator.cc:155 Template specializations not found for <-1,6,3>
block_sparse_matrix.cc:208 Allocating values array with 21984 bytes.
detect_structure.cc:63 Dynamic row block size because the block size changed from 2 to 15
detect_structure.cc:114 Schur complement static structure <-1,6,3>.
detect_structure.cc:63 Dynamic row block size because the block size changed from 2 to 15
detect_structure.cc:114 Schur complement static structure <-1,6,3>.
schur_eliminator.cc:155 Template specializations not found for <-1,6,3>
[FeatureTracker] F-matrix: 117 → 78 (rejected 39, threshold=1)
block_sparse_matrix.cc:208 Allocating values array with 249416 bytes.
detect_structure.cc:63 Dynamic row block size because the block size changed from 2 to 15
detect_structure.cc:74 Dynamic e block size because the block size changed from 1 to 9
detect_structure.cc:93 Dynamic f block size because the block size changed from 6 to 9
detect_structure.cc:114 Schur complement static structure <-1,-1,-1>.
detect_structure.cc:63 Dynamic row block size because the block size changed from 2 to 15
detect_structure.cc:74 Dynamic e block size because the block size changed from 1 to 9
detect_structure.cc:93 Dynamic f block size because the block size changed from 6 to 9
detect_structure.cc:114 Schur complement static structure <-1,-1,-1>.
schur_eliminator.cc:155 Template specializations not found for <-1,-1,-1>
block_sparse_matrix.cc:208 Allocating values array with 22872 bytes.
detect_structure.cc:63 Dynamic row block size because the block size changed from 2 to 15
detect_structure.cc:93 Dynamic f block size because the block size changed from 3 to 6
detect_structure.cc:114 Schur complement static structure <-1,6,-1>.
detect_structure.cc:63 Dynamic row block size because the block size changed from 2 to 15
detect_structure.cc:93 Dynamic f block size because the block size changed from 3 to 6
detect_structure.cc:114 Schur complement static structure <-1,6,-1>.
schur_eliminator.cc:155 Template specializations not found for <-1,6,-1>
block_sparse_matrix.cc:208 Allocating values array with 16128 bytes.
detect_structure.cc:63 Dynamic row block size because the block size changed from 2 to 15
detect_structure.cc:114 Schur complement static structure <-1,6,3>.
detect_structure.cc:63 Dynamic row block size because the block size changed from 2 to 15
detect_structure.cc:114 Schur complement static structure <-1,6,3>.
schur_eliminator.cc:155 Template specializations not found for <-1,6,3>
block_sparse_matrix.cc:208 Allocating values array with 21792 bytes.
detect_structure.cc:63 Dynamic row block size because the block size changed from 2 to 15
detect_structure.cc:114 Schur complement static structure <-1,6,3>.
detect_structure.cc:63 Dynamic row block size because the block size changed from 2 to 15
detect_structure.cc:114 Schur complement static structure <-1,6,3>.
schur_eliminator.cc:155 Template specializations not found for <-1,6,3>
block_sparse_matrix.cc:208 Allocating values array with 243384 bytes.
detect_structure.cc:63 Dynamic row block size because the block size changed from 2 to 15
detect_structure.cc:74 Dynamic e block size because the block size changed from 1 to 9
detect_structure.cc:93 Dynamic f block size because the block size changed from 6 to 9
detect_structure.cc:114 Schur complement static structure <-1,-1,-1>.
detect_structure.cc:63 Dynamic row block size because the block size changed from 2 to 15
detect_structure.cc:74 Dynamic e block size because the block size changed from 1 to 9
detect_structure.cc:93 Dynamic f block size because the block size changed from 6 to 9
detect_structure.cc:114 Schur complement static structure <-1,-1,-1>.
schur_eliminator.cc:155 Template specializations not found for <-1,-1,-1>
block_sparse_matrix.cc:208 Allocating values array with 22968 bytes.
detect_structure.cc:63 Dynamic row block size because the block size changed from 2 to 15
detect_structure.cc:93 Dynamic f block size because the block size changed from 3 to 6
detect_structure.cc:114 Schur complement static structure <-1,6,-1>.
detect_structure.cc:63 Dynamic row block size because the block size changed from 2 to 15
detect_structure.cc:93 Dynamic f block size because the block size changed from 3 to 6
detect_structure.cc:114 Schur complement static structure <-1,6,-1>.
schur_eliminator.cc:155 Template specializations not found for <-1,6,-1>
block_sparse_matrix.cc:208 Allocating values array with 16224 bytes.
detect_structure.cc:63 Dynamic row block size because the block size changed from 2 to 15
detect_structure.cc:114 Schur complement static structure <-1,6,3>.
detect_structure.cc:63 Dynamic row block size because the block size changed from 2 to 15
detect_structure.cc:114 Schur complement static structure <-1,6,3>.
schur_eliminator.cc:155 Template specializations not found for <-1,6,3>
block_sparse_matrix.cc:208 Allocating values array with 21792 bytes.
detect_structure.cc:63 Dynamic row block size because the block size changed from 2 to 15
detect_structure.cc:114 Schur complement static structure <-1,6,3>.
detect_structure.cc:63 Dynamic row block size because the block size changed from 2 to 15
detect_structure.cc:114 Schur complement static structure <-1,6,3>.
schur_eliminator.cc:155 Template specializations not found for <-1,6,3>
block_sparse_matrix.cc:208 Allocating values array with 246712 bytes.
detect_structure.cc:63 Dynamic row block size because the block size changed from 2 to 15
detect_structure.cc:74 Dynamic e block size because the block size changed from 1 to 9
detect_structure.cc:93 Dynamic f block size because the block size changed from 6 to 9
detect_structure.cc:114 Schur complement static structure <-1,-1,-1>.
detect_structure.cc:63 Dynamic row block size because the block size changed from 2 to 15
detect_structure.cc:74 Dynamic e block size because the block size changed from 1 to 9
detect_structure.cc:93 Dynamic f block size because the block size changed from 6 to 9
detect_structure.cc:114 Schur complement static structure <-1,-1,-1>.
schur_eliminator.cc:155 Template specializations not found for <-1,-1,-1>
block_sparse_matrix.cc:208 Allocating values array with 22392 bytes.
detect_structure.cc:63 Dynamic row block size because the block size changed from 2 to 15
detect_structure.cc:93 Dynamic f block size because the block size changed from 3 to 6
detect_structure.cc:114 Schur complement static structure <-1,6,-1>.
detect_structure.cc:63 Dynamic row block size because the block size changed from 2 to 15
detect_structure.cc:93 Dynamic f block size because the block size changed from 3 to 6
detect_structure.cc:114 Schur complement static structure <-1,6,-1>.
schur_eliminator.cc:155 Template specializations not found for <-1,6,-1>
block_sparse_matrix.cc:208 Allocating values array with 15552 bytes.
detect_structure.cc:63 Dynamic row block size because the block size changed from 2 to 15
detect_structure.cc:114 Schur complement static structure <-1,6,3>.
detect_structure.cc:63 Dynamic row block size because the block size changed from 2 to 15
detect_structure.cc:114 Schur complement static structure <-1,6,3>.
schur_eliminator.cc:155 Template specializations not found for <-1,6,3>
block_sparse_matrix.cc:208 Allocating values array with 21120 bytes.
detect_structure.cc:63 Dynamic row block size because the block size changed from 2 to 15
detect_structure.cc:114 Schur complement static structure <-1,6,3>.
detect_structure.cc:63 Dynamic row block size because the block size changed from 2 to 15
detect_structure.cc:114 Schur complement static structure <-1,6,3>.
schur_eliminator.cc:155 Template specializations not found for <-1,6,3>
block_sparse_matrix.cc:208 Allocating values array with 249208 bytes.
detect_structure.cc:63 Dynamic row block size because the block size changed from 2 to 15
detect_structure.cc:74 Dynamic e block size because the block size changed from 1 to 9
detect_structure.cc:93 Dynamic f block size because the block size changed from 6 to 9
detect_structure.cc:114 Schur complement static structure <-1,-1,-1>.
detect_structure.cc:63 Dynamic row block size because the block size changed from 2 to 15
detect_structure.cc:74 Dynamic e block size because the block size changed from 1 to 9
detect_structure.cc:93 Dynamic f block size because the block size changed from 6 to 9
detect_structure.cc:114 Schur complement static structure <-1,-1,-1>.
schur_eliminator.cc:155 Template specializations not found for <-1,-1,-1>
block_sparse_matrix.cc:208 Allocating values array with 22008 bytes.
detect_structure.cc:63 Dynamic row block size because the block size changed from 2 to 15
detect_structure.cc:93 Dynamic f block size because the block size changed from 3 to 6
detect_structure.cc:114 Schur complement static structure <-1,6,-1>.
detect_structure.cc:63 Dynamic row block size because the block size changed from 2 to 15
detect_structure.cc:93 Dynamic f block size because the block size changed from 3 to 6
detect_structure.cc:114 Schur complement static structure <-1,6,-1>.
schur_eliminator.cc:155 Template specializations not found for <-1,6,-1>
block_sparse_matrix.cc:208 Allocating values array with 15456 bytes.
detect_structure.cc:63 Dynamic row block size because the block size changed from 2 to 15
detect_structure.cc:114 Schur complement static structure <-1,6,3>.
detect_structure.cc:63 Dynamic row block size because the block size changed from 2 to 15
detect_structure.cc:114 Schur complement static structure <-1,6,3>.
schur_eliminator.cc:155 Template specializations not found for <-1,6,3>
block_sparse_matrix.cc:208 Allocating values array with 20832 bytes.
detect_structure.cc:63 Dynamic row block size because the block size changed from 2 to 15
detect_structure.cc:114 Schur complement static structure <-1,6,3>.
detect_structure.cc:63 Dynamic row block size because the block size changed from 2 to 15
detect_structure.cc:114 Schur complement static structure <-1,6,3>.
schur_eliminator.cc:155 Template specializations not found for <-1,6,3>
block_sparse_matrix.cc:208 Allocating values array with 255448 bytes.
detect_structure.cc:63 Dynamic row block size because the block size changed from 2 to 15
detect_structure.cc:74 Dynamic e block size because the block size changed from 1 to 9
detect_structure.cc:93 Dynamic f block size because the block size changed from 6 to 9
detect_structure.cc:114 Schur complement static structure <-1,-1,-1>.
detect_structure.cc:63 Dynamic row block size because the block size changed from 2 to 15
detect_structure.cc:74 Dynamic e block size because the block size changed from 1 to 9
detect_structure.cc:93 Dynamic f block size because the block size changed from 6 to 9
detect_structure.cc:114 Schur complement static structure <-1,-1,-1>.
schur_eliminator.cc:155 Template specializations not found for <-1,-1,-1>
block_sparse_matrix.cc:208 Allocating values array with 23544 bytes.
detect_structure.cc:63 Dynamic row block size because the block size changed from 2 to 15
detect_structure.cc:93 Dynamic f block size because the block size changed from 3 to 6
detect_structure.cc:114 Schur complement static structure <-1,6,-1>.
detect_structure.cc:63 Dynamic row block size because the block size changed from 2 to 15
detect_structure.cc:93 Dynamic f block size because the block size changed from 3 to 6
detect_structure.cc:114 Schur complement static structure <-1,6,-1>.
schur_eliminator.cc:155 Template specializations not found for <-1,6,-1>
block_sparse_matrix.cc:208 Allocating values array with 15264 bytes.
detect_structure.cc:63 Dynamic row block size because the block size changed from 2 to 15
detect_structure.cc:114 Schur complement static structure <-1,6,3>.
detect_structure.cc:63 Dynamic row block size because the block size changed from 2 to 15
detect_structure.cc:114 Schur complement static structure <-1,6,3>.
schur_eliminator.cc:155 Template specializations not found for <-1,6,3>
block_sparse_matrix.cc:208 Allocating values array with 21216 bytes.
detect_structure.cc:63 Dynamic row block size because the block size changed from 2 to 15
detect_structure.cc:114 Schur complement static structure <-1,6,3>.
detect_structure.cc:63 Dynamic row block size because the block size changed from 2 to 15
detect_structure.cc:114 Schur complement static structure <-1,6,3>.
schur_eliminator.cc:155 Template specializations not found for <-1,6,3>
block_sparse_matrix.cc:208 Allocating values array with 253992 bytes.
detect_structure.cc:63 Dynamic row block size because the block size changed from 2 to 15
detect_structure.cc:74 Dynamic e block size because the block size changed from 1 to 9
detect_structure.cc:93 Dynamic f block size because the block size changed from 6 to 9
detect_structure.cc:114 Schur complement static structure <-1,-1,-1>.
detect_structure.cc:63 Dynamic row block size because the block size changed from 2 to 15
detect_structure.cc:74 Dynamic e block size because the block size changed from 1 to 9
detect_structure.cc:93 Dynamic f block size because the block size changed from 6 to 9
detect_structure.cc:114 Schur complement static structure <-1,-1,-1>.
schur_eliminator.cc:155 Template specializations not found for <-1,-1,-1>
block_sparse_matrix.cc:208 Allocating values array with 22968 bytes.
detect_structure.cc:63 Dynamic row block size because the block size changed from 2 to 15
detect_structure.cc:93 Dynamic f block size because the block size changed from 3 to 6
detect_structure.cc:114 Schur complement static structure <-1,6,-1>.
detect_structure.cc:63 Dynamic row block size because the block size changed from 2 to 15
detect_structure.cc:93 Dynamic f block size because the block size changed from 3 to 6
detect_structure.cc:114 Schur complement static structure <-1,6,-1>.
schur_eliminator.cc:155 Template specializations not found for <-1,6,-1>
block_sparse_matrix.cc:208 Allocating values array with 15648 bytes.
detect_structure.cc:63 Dynamic row block size because the block size changed from 2 to 15
detect_structure.cc:114 Schur complement static structure <-1,6,3>.
detect_structure.cc:63 Dynamic row block size because the block size changed from 2 to 15
detect_structure.cc:114 Schur complement static structure <-1,6,3>.
schur_eliminator.cc:155 Template specializations not found for <-1,6,3>
block_sparse_matrix.cc:208 Allocating values array with 21600 bytes.
detect_structure.cc:63 Dynamic row block size because the block size changed from 2 to 15
detect_structure.cc:114 Schur complement static structure <-1,6,3>.
detect_structure.cc:63 Dynamic row block size because the block size changed from 2 to 15
detect_structure.cc:114 Schur complement static structure <-1,6,3>.
schur_eliminator.cc:155 Template specializations not found for <-1,6,3>
block_sparse_matrix.cc:208 Allocating values array with 247336 bytes.
detect_structure.cc:63 Dynamic row block size because the block size changed from 2 to 15
detect_structure.cc:74 Dynamic e block size because the block size changed from 1 to 9
detect_structure.cc:93 Dynamic f block size because the block size changed from 6 to 9
detect_structure.cc:114 Schur complement static structure <-1,-1,-1>.
detect_structure.cc:63 Dynamic row block size because the block size changed from 2 to 15
detect_structure.cc:74 Dynamic e block size because the block size changed from 1 to 9
detect_structure.cc:93 Dynamic f block size because the block size changed from 6 to 9
detect_structure.cc:114 Schur complement static structure <-1,-1,-1>.
schur_eliminator.cc:155 Template specializations not found for <-1,-1,-1>
block_sparse_matrix.cc:208 Allocating values array with 22584 bytes.
detect_structure.cc:63 Dynamic row block size because the block size changed from 2 to 15
detect_structure.cc:93 Dynamic f block size because the block size changed from 3 to 6
detect_structure.cc:114 Schur complement static structure <-1,6,-1>.
detect_structure.cc:63 Dynamic row block size because the block size changed from 2 to 15
detect_structure.cc:93 Dynamic f block size because the block size changed from 3 to 6
detect_structure.cc:114 Schur complement static structure <-1,6,-1>.
schur_eliminator.cc:155 Template specializations not found for <-1,6,-1>
block_sparse_matrix.cc:208 Allocating values array with 16224 bytes.
detect_structure.cc:63 Dynamic row block size because the block size changed from 2 to 15
detect_structure.cc:114 Schur complement static structure <-1,6,3>.
detect_structure.cc:63 Dynamic row block size because the block size changed from 2 to 15
detect_structure.cc:114 Schur complement static structure <-1,6,3>.
schur_eliminator.cc:155 Template specializations not found for <-1,6,3>
block_sparse_matrix.cc:208 Allocating values array with 21408 bytes.
detect_structure.cc:63 Dynamic row block size because the block size changed from 2 to 15
detect_structure.cc:114 Schur complement static structure <-1,6,3>.
detect_structure.cc:63 Dynamic row block size because the block size changed from 2 to 15
detect_structure.cc:114 Schur complement static structure <-1,6,3>.
schur_eliminator.cc:155 Template specializations not found for <-1,6,3>
block_sparse_matrix.cc:208 Allocating values array with 241096 bytes.
detect_structure.cc:63 Dynamic row block size because the block size changed from 2 to 15
detect_structure.cc:74 Dynamic e block size because the block size changed from 1 to 9
detect_structure.cc:93 Dynamic f block size because the block size changed from 6 to 9
detect_structure.cc:114 Schur complement static structure <-1,-1,-1>.
detect_structure.cc:63 Dynamic row block size because the block size changed from 2 to 15
detect_structure.cc:74 Dynamic e block size because the block size changed from 1 to 9
detect_structure.cc:93 Dynamic f block size because the block size changed from 6 to 9
detect_structure.cc:114 Schur complement static structure <-1,-1,-1>.
schur_eliminator.cc:155 Template specializations not found for <-1,-1,-1>
block_sparse_matrix.cc:208 Allocating values array with 21912 bytes.
detect_structure.cc:63 Dynamic row block size because the block size changed from 2 to 15
detect_structure.cc:93 Dynamic f block size because the block size changed from 3 to 6
detect_structure.cc:114 Schur complement static structure <-1,6,-1>.
detect_structure.cc:63 Dynamic row block size because the block size changed from 2 to 15
detect_structure.cc:93 Dynamic f block size because the block size changed from 3 to 6
detect_structure.cc:114 Schur complement static structure <-1,6,-1>.
schur_eliminator.cc:155 Template specializations not found for <-1,6,-1>
block_sparse_matrix.cc:208 Allocating values array with 15456 bytes.
detect_structure.cc:63 Dynamic row block size because the block size changed from 2 to 15
detect_structure.cc:114 Schur complement static structure <-1,6,3>.
detect_structure.cc:63 Dynamic row block size because the block size changed from 2 to 15
detect_structure.cc:114 Schur complement static structure <-1,6,3>.
schur_eliminator.cc:155 Template specializations not found for <-1,6,3>
block_sparse_matrix.cc:208 Allocating values array with 20544 bytes.
detect_structure.cc:63 Dynamic row block size because the block size changed from 2 to 15
detect_structure.cc:114 Schur complement static structure <-1,6,3>.
detect_structure.cc:63 Dynamic row block size because the block size changed from 2 to 15
detect_structure.cc:114 Schur complement static structure <-1,6,3>.
schur_eliminator.cc:155 Template specializations not found for <-1,6,3>
[FeatureTracker] F-matrix: 103 → 65 (rejected 38, threshold=1)
block_sparse_matrix.cc:208 Allocating values array with 232776 bytes.
detect_structure.cc:63 Dynamic row block size because the block size changed from 2 to 15
detect_structure.cc:74 Dynamic e block size because the block size changed from 1 to 9
detect_structure.cc:93 Dynamic f block size because the block size changed from 6 to 9
detect_structure.cc:114 Schur complement static structure <-1,-1,-1>.
detect_structure.cc:63 Dynamic row block size because the block size changed from 2 to 15
detect_structure.cc:74 Dynamic e block size because the block size changed from 1 to 9
detect_structure.cc:93 Dynamic f block size because the block size changed from 6 to 9
detect_structure.cc:114 Schur complement static structure <-1,-1,-1>.
schur_eliminator.cc:155 Template specializations not found for <-1,-1,-1>
block_sparse_matrix.cc:208 Allocating values array with 19608 bytes.
detect_structure.cc:63 Dynamic row block size because the block size changed from 2 to 15
detect_structure.cc:93 Dynamic f block size because the block size changed from 3 to 6
detect_structure.cc:114 Schur complement static structure <-1,6,-1>.
detect_structure.cc:63 Dynamic row block size because the block size changed from 2 to 15
detect_structure.cc:93 Dynamic f block size because the block size changed from 3 to 6
detect_structure.cc:114 Schur complement static structure <-1,6,-1>.
schur_eliminator.cc:155 Template specializations not found for <-1,6,-1>
block_sparse_matrix.cc:208 Allocating values array with 14592 bytes.
detect_structure.cc:63 Dynamic row block size because the block size changed from 2 to 15
detect_structure.cc:114 Schur complement static structure <-1,6,3>.
detect_structure.cc:63 Dynamic row block size because the block size changed from 2 to 15
detect_structure.cc:114 Schur complement static structure <-1,6,3>.
schur_eliminator.cc:155 Template specializations not found for <-1,6,3>
block_sparse_matrix.cc:208 Allocating values array with 18432 bytes.
detect_structure.cc:63 Dynamic row block size because the block size changed from 2 to 15
detect_structure.cc:114 Schur complement static structure <-1,6,3>.
detect_structure.cc:63 Dynamic row block size because the block size changed from 2 to 15
detect_structure.cc:114 Schur complement static structure <-1,6,3>.
schur_eliminator.cc:155 Template specializations not found for <-1,6,3>
block_sparse_matrix.cc:208 Allocating values array with 229656 bytes.
detect_structure.cc:63 Dynamic row block size because the block size changed from 2 to 15
detect_structure.cc:74 Dynamic e block size because the block size changed from 1 to 9
detect_structure.cc:93 Dynamic f block size because the block size changed from 6 to 9
detect_structure.cc:114 Schur complement static structure <-1,-1,-1>.
detect_structure.cc:63 Dynamic row block size because the block size changed from 2 to 15
detect_structure.cc:74 Dynamic e block size because the block size changed from 1 to 9
detect_structure.cc:93 Dynamic f block size because the block size changed from 6 to 9
detect_structure.cc:114 Schur complement static structure <-1,-1,-1>.
schur_eliminator.cc:155 Template specializations not found for <-1,-1,-1>
block_sparse_matrix.cc:208 Allocating values array with 18648 bytes.
detect_structure.cc:63 Dynamic row block size because the block size changed from 2 to 15
detect_structure.cc:93 Dynamic f block size because the block size changed from 3 to 6
detect_structure.cc:114 Schur complement static structure <-1,6,-1>.
detect_structure.cc:63 Dynamic row block size because the block size changed from 2 to 15
detect_structure.cc:93 Dynamic f block size because the block size changed from 3 to 6
detect_structure.cc:114 Schur complement static structure <-1,6,-1>.
schur_eliminator.cc:155 Template specializations not found for <-1,6,-1>
block_sparse_matrix.cc:208 Allocating values array with 13248 bytes.
detect_structure.cc:63 Dynamic row block size because the block size changed from 2 to 15
detect_structure.cc:114 Schur complement static structure <-1,6,3>.
detect_structure.cc:63 Dynamic row block size because the block size changed from 2 to 15
detect_structure.cc:114 Schur complement static structure <-1,6,3>.
schur_eliminator.cc:155 Template specializations not found for <-1,6,3>
block_sparse_matrix.cc:208 Allocating values array with 17280 bytes.
detect_structure.cc:63 Dynamic row block size because the block size changed from 2 to 15
detect_structure.cc:114 Schur complement static structure <-1,6,3>.
detect_structure.cc:63 Dynamic row block size because the block size changed from 2 to 15
detect_structure.cc:114 Schur complement static structure <-1,6,3>.
schur_eliminator.cc:155 Template specializations not found for <-1,6,3>
block_sparse_matrix.cc:208 Allocating values array with 225080 bytes.
detect_structure.cc:63 Dynamic row block size because the block size changed from 2 to 15
detect_structure.cc:74 Dynamic e block size because the block size changed from 1 to 9
detect_structure.cc:93 Dynamic f block size because the block size changed from 6 to 9
detect_structure.cc:114 Schur complement static structure <-1,-1,-1>.
detect_structure.cc:63 Dynamic row block size because the block size changed from 2 to 15
detect_structure.cc:74 Dynamic e block size because the block size changed from 1 to 9
detect_structure.cc:93 Dynamic f block size because the block size changed from 6 to 9
detect_structure.cc:114 Schur complement static structure <-1,-1,-1>.
schur_eliminator.cc:155 Template specializations not found for <-1,-1,-1>
block_sparse_matrix.cc:208 Allocating values array with 16824 bytes.
detect_structure.cc:63 Dynamic row block size because the block size changed from 2 to 15
detect_structure.cc:93 Dynamic f block size because the block size changed from 3 to 6
detect_structure.cc:114 Schur complement static structure <-1,6,-1>.
detect_structure.cc:63 Dynamic row block size because the block size changed from 2 to 15
detect_structure.cc:93 Dynamic f block size because the block size changed from 3 to 6
detect_structure.cc:114 Schur complement static structure <-1,6,-1>.
schur_eliminator.cc:155 Template specializations not found for <-1,6,-1>
block_sparse_matrix.cc:208 Allocating values array with 12192 bytes.
detect_structure.cc:63 Dynamic row block size because the block size changed from 2 to 15
detect_structure.cc:114 Schur complement static structure <-1,6,3>.
detect_structure.cc:63 Dynamic row block size because the block size changed from 2 to 15
detect_structure.cc:114 Schur complement static structure <-1,6,3>.
schur_eliminator.cc:155 Template specializations not found for <-1,6,3>
block_sparse_matrix.cc:208 Allocating values array with 15072 bytes.
detect_structure.cc:63 Dynamic row block size because the block size changed from 2 to 15
detect_structure.cc:114 Schur complement static structure <-1,6,3>.
detect_structure.cc:63 Dynamic row block size because the block size changed from 2 to 15
detect_structure.cc:114 Schur complement static structure <-1,6,3>.
schur_eliminator.cc:155 Template specializations not found for <-1,6,3>
block_sparse_matrix.cc:208 Allocating values array with 219256 bytes.
detect_structure.cc:63 Dynamic row block size because the block size changed from 2 to 15
detect_structure.cc:74 Dynamic e block size because the block size changed from 1 to 9
detect_structure.cc:93 Dynamic f block size because the block size changed from 6 to 9
detect_structure.cc:114 Schur complement static structure <-1,-1,-1>.
detect_structure.cc:63 Dynamic row block size because the block size changed from 2 to 15
detect_structure.cc:74 Dynamic e block size because the block size changed from 1 to 9
detect_structure.cc:93 Dynamic f block size because the block size changed from 6 to 9
detect_structure.cc:114 Schur complement static structure <-1,-1,-1>.
schur_eliminator.cc:155 Template specializations not found for <-1,-1,-1>
block_sparse_matrix.cc:208 Allocating values array with 15192 bytes.
detect_structure.cc:63 Dynamic row block size because the block size changed from 2 to 15
detect_structure.cc:93 Dynamic f block size because the block size changed from 3 to 6
detect_structure.cc:114 Schur complement static structure <-1,6,-1>.
detect_structure.cc:63 Dynamic row block size because the block size changed from 2 to 15
detect_structure.cc:93 Dynamic f block size because the block size changed from 3 to 6
detect_structure.cc:114 Schur complement static structure <-1,6,-1>.
schur_eliminator.cc:155 Template specializations not found for <-1,6,-1>
block_sparse_matrix.cc:208 Allocating values array with 11232 bytes.
detect_structure.cc:63 Dynamic row block size because the block size changed from 2 to 15
detect_structure.cc:114 Schur complement static structure <-1,6,3>.
detect_structure.cc:63 Dynamic row block size because the block size changed from 2 to 15
detect_structure.cc:114 Schur complement static structure <-1,6,3>.
schur_eliminator.cc:155 Template specializations not found for <-1,6,3>
block_sparse_matrix.cc:208 Allocating values array with 13824 bytes.
detect_structure.cc:63 Dynamic row block size because the block size changed from 2 to 15
detect_structure.cc:114 Schur complement static structure <-1,6,3>.
detect_structure.cc:63 Dynamic row block size because the block size changed from 2 to 15
detect_structure.cc:114 Schur complement static structure <-1,6,3>.
schur_eliminator.cc:155 Template specializations not found for <-1,6,3>
block_sparse_matrix.cc:208 Allocating values array with 209064 bytes.
detect_structure.cc:63 Dynamic row block size because the block size changed from 2 to 15
detect_structure.cc:74 Dynamic e block size because the block size changed from 1 to 9
detect_structure.cc:93 Dynamic f block size because the block size changed from 6 to 9
detect_structure.cc:114 Schur complement static structure <-1,-1,-1>.
detect_structure.cc:63 Dynamic row block size because the block size changed from 2 to 15
detect_structure.cc:74 Dynamic e block size because the block size changed from 1 to 9
detect_structure.cc:93 Dynamic f block size because the block size changed from 6 to 9
detect_structure.cc:114 Schur complement static structure <-1,-1,-1>.
schur_eliminator.cc:155 Template specializations not found for <-1,-1,-1>
block_sparse_matrix.cc:208 Allocating values array with 13944 bytes.
detect_structure.cc:63 Dynamic row block size because the block size changed from 2 to 15
detect_structure.cc:93 Dynamic f block size because the block size changed from 3 to 6
detect_structure.cc:114 Schur complement static structure <-1,6,-1>.
detect_structure.cc:63 Dynamic row block size because the block size changed from 2 to 15
detect_structure.cc:93 Dynamic f block size because the block size changed from 3 to 6
detect_structure.cc:114 Schur complement static structure <-1,6,-1>.
schur_eliminator.cc:155 Template specializations not found for <-1,6,-1>
[Replay] 400/600 frames, 351 valid poses
block_sparse_matrix.cc:208 Allocating values array with 9792 bytes.
detect_structure.cc:63 Dynamic row block size because the block size changed from 2 to 15
detect_structure.cc:114 Schur complement static structure <-1,6,3>.
detect_structure.cc:63 Dynamic row block size because the block size changed from 2 to 15
detect_structure.cc:114 Schur complement static structure <-1,6,3>.
schur_eliminator.cc:155 Template specializations not found for <-1,6,3>
block_sparse_matrix.cc:208 Allocating values array with 12864 bytes.
detect_structure.cc:63 Dynamic row block size because the block size changed from 2 to 15
detect_structure.cc:114 Schur complement static structure <-1,6,3>.
detect_structure.cc:63 Dynamic row block size because the block size changed from 2 to 15
detect_structure.cc:114 Schur complement static structure <-1,6,3>.
schur_eliminator.cc:155 Template specializations not found for <-1,6,3>
block_sparse_matrix.cc:208 Allocating values array with 200120 bytes.
detect_structure.cc:63 Dynamic row block size because the block size changed from 2 to 15
detect_structure.cc:74 Dynamic e block size because the block size changed from 1 to 9
detect_structure.cc:93 Dynamic f block size because the block size changed from 6 to 9
detect_structure.cc:114 Schur complement static structure <-1,-1,-1>.
detect_structure.cc:63 Dynamic row block size because the block size changed from 2 to 15
detect_structure.cc:74 Dynamic e block size because the block size changed from 1 to 9
detect_structure.cc:93 Dynamic f block size because the block size changed from 6 to 9
detect_structure.cc:114 Schur complement static structure <-1,-1,-1>.
schur_eliminator.cc:155 Template specializations not found for <-1,-1,-1>
block_sparse_matrix.cc:208 Allocating values array with 14616 bytes.
detect_structure.cc:63 Dynamic row block size because the block size changed from 2 to 15
detect_structure.cc:93 Dynamic f block size because the block size changed from 3 to 6
detect_structure.cc:114 Schur complement static structure <-1,6,-1>.
detect_structure.cc:63 Dynamic row block size because the block size changed from 2 to 15
detect_structure.cc:93 Dynamic f block size because the block size changed from 3 to 6
detect_structure.cc:114 Schur complement static structure <-1,6,-1>.
schur_eliminator.cc:155 Template specializations not found for <-1,6,-1>
block_sparse_matrix.cc:208 Allocating values array with 9984 bytes.
detect_structure.cc:63 Dynamic row block size because the block size changed from 2 to 15
detect_structure.cc:114 Schur complement static structure <-1,6,3>.
detect_structure.cc:63 Dynamic row block size because the block size changed from 2 to 15
detect_structure.cc:114 Schur complement static structure <-1,6,3>.
schur_eliminator.cc:155 Template specializations not found for <-1,6,3>
block_sparse_matrix.cc:208 Allocating values array with 13344 bytes.
detect_structure.cc:63 Dynamic row block size because the block size changed from 2 to 15
detect_structure.cc:114 Schur complement static structure <-1,6,3>.
detect_structure.cc:63 Dynamic row block size because the block size changed from 2 to 15
detect_structure.cc:114 Schur complement static structure <-1,6,3>.
schur_eliminator.cc:155 Template specializations not found for <-1,6,3>
block_sparse_matrix.cc:208 Allocating values array with 192424 bytes.
detect_structure.cc:63 Dynamic row block size because the block size changed from 2 to 15
detect_structure.cc:74 Dynamic e block size because the block size changed from 1 to 9
detect_structure.cc:93 Dynamic f block size because the block size changed from 6 to 9
detect_structure.cc:114 Schur complement static structure <-1,-1,-1>.
detect_structure.cc:63 Dynamic row block size because the block size changed from 2 to 15
detect_structure.cc:74 Dynamic e block size because the block size changed from 1 to 9
detect_structure.cc:93 Dynamic f block size because the block size changed from 6 to 9
detect_structure.cc:114 Schur complement static structure <-1,-1,-1>.
schur_eliminator.cc:155 Template specializations not found for <-1,-1,-1>
block_sparse_matrix.cc:208 Allocating values array with 15576 bytes.
detect_structure.cc:63 Dynamic row block size because the block size changed from 2 to 15
detect_structure.cc:93 Dynamic f block size because the block size changed from 3 to 6
detect_structure.cc:114 Schur complement static structure <-1,6,-1>.
detect_structure.cc:63 Dynamic row block size because the block size changed from 2 to 15
detect_structure.cc:93 Dynamic f block size because the block size changed from 3 to 6
detect_structure.cc:114 Schur complement static structure <-1,6,-1>.
schur_eliminator.cc:155 Template specializations not found for <-1,6,-1>
[VIO DIAG] f=120 tri: ok=121 wait=26 fail=0 default=3 depth: avg=1.79254 min=0.77574 max=4.42326 |vel|=0.646049 vel=(-0.0820487,-0.640733,0.0104476) ba=(0.0256201,-0.0377982,-0.0362265) bg=(-3.0126e-06,1.21775e-05,-0.000414264)
block_sparse_matrix.cc:208 Allocating values array with 10752 bytes.
detect_structure.cc:63 Dynamic row block size because the block size changed from 2 to 15
detect_structure.cc:114 Schur complement static structure <-1,6,3>.
detect_structure.cc:63 Dynamic row block size because the block size changed from 2 to 15
detect_structure.cc:114 Schur complement static structure <-1,6,3>.
schur_eliminator.cc:155 Template specializations not found for <-1,6,3>
block_sparse_matrix.cc:208 Allocating values array with 14304 bytes.
detect_structure.cc:63 Dynamic row block size because the block size changed from 2 to 15
detect_structure.cc:114 Schur complement static structure <-1,6,3>.
detect_structure.cc:63 Dynamic row block size because the block size changed from 2 to 15
detect_structure.cc:114 Schur complement static structure <-1,6,3>.
schur_eliminator.cc:155 Template specializations not found for <-1,6,3>
block_sparse_matrix.cc:208 Allocating values array with 197832 bytes.
detect_structure.cc:63 Dynamic row block size because the block size changed from 2 to 15
detect_structure.cc:74 Dynamic e block size because the block size changed from 1 to 9
detect_structure.cc:93 Dynamic f block size because the block size changed from 6 to 9
detect_structure.cc:114 Schur complement static structure <-1,-1,-1>.
detect_structure.cc:63 Dynamic row block size because the block size changed from 2 to 15
detect_structure.cc:74 Dynamic e block size because the block size changed from 1 to 9
detect_structure.cc:93 Dynamic f block size because the block size changed from 6 to 9
detect_structure.cc:114 Schur complement static structure <-1,-1,-1>.
schur_eliminator.cc:155 Template specializations not found for <-1,-1,-1>
block_sparse_matrix.cc:208 Allocating values array with 17400 bytes.
detect_structure.cc:63 Dynamic row block size because the block size changed from 2 to 15
detect_structure.cc:93 Dynamic f block size because the block size changed from 3 to 6
detect_structure.cc:114 Schur complement static structure <-1,6,-1>.
detect_structure.cc:63 Dynamic row block size because the block size changed from 2 to 15
detect_structure.cc:93 Dynamic f block size because the block size changed from 3 to 6
detect_structure.cc:114 Schur complement static structure <-1,6,-1>.
schur_eliminator.cc:155 Template specializations not found for <-1,6,-1>
block_sparse_matrix.cc:208 Allocating values array with 11232 bytes.
detect_structure.cc:63 Dynamic row block size because the block size changed from 2 to 15
detect_structure.cc:114 Schur complement static structure <-1,6,3>.
detect_structure.cc:63 Dynamic row block size because the block size changed from 2 to 15
detect_structure.cc:114 Schur complement static structure <-1,6,3>.
schur_eliminator.cc:155 Template specializations not found for <-1,6,3>
block_sparse_matrix.cc:208 Allocating values array with 15840 bytes.
detect_structure.cc:63 Dynamic row block size because the block size changed from 2 to 15
detect_structure.cc:114 Schur complement static structure <-1,6,3>.
detect_structure.cc:63 Dynamic row block size because the block size changed from 2 to 15
detect_structure.cc:114 Schur complement static structure <-1,6,3>.
schur_eliminator.cc:155 Template specializations not found for <-1,6,3>
block_sparse_matrix.cc:208 Allocating values array with 196584 bytes.
detect_structure.cc:63 Dynamic row block size because the block size changed from 2 to 15
detect_structure.cc:74 Dynamic e block size because the block size changed from 1 to 9
detect_structure.cc:93 Dynamic f block size because the block size changed from 6 to 9
detect_structure.cc:114 Schur complement static structure <-1,-1,-1>.
detect_structure.cc:63 Dynamic row block size because the block size changed from 2 to 15
detect_structure.cc:74 Dynamic e block size because the block size changed from 1 to 9
detect_structure.cc:93 Dynamic f block size because the block size changed from 6 to 9
detect_structure.cc:114 Schur complement static structure <-1,-1,-1>.
schur_eliminator.cc:155 Template specializations not found for <-1,-1,-1>
block_sparse_matrix.cc:208 Allocating values array with 17976 bytes.
detect_structure.cc:63 Dynamic row block size because the block size changed from 2 to 15
detect_structure.cc:93 Dynamic f block size because the block size changed from 3 to 6
detect_structure.cc:114 Schur complement static structure <-1,6,-1>.
detect_structure.cc:63 Dynamic row block size because the block size changed from 2 to 15
detect_structure.cc:93 Dynamic f block size because the block size changed from 3 to 6
detect_structure.cc:114 Schur complement static structure <-1,6,-1>.
schur_eliminator.cc:155 Template specializations not found for <-1,6,-1>
[FeatureTracker] F-matrix: 143 → 86 (rejected 57, threshold=1)
block_sparse_matrix.cc:208 Allocating values array with 12480 bytes.
detect_structure.cc:63 Dynamic row block size because the block size changed from 2 to 15
detect_structure.cc:114 Schur complement static structure <-1,6,3>.
detect_structure.cc:63 Dynamic row block size because the block size changed from 2 to 15
detect_structure.cc:114 Schur complement static structure <-1,6,3>.
schur_eliminator.cc:155 Template specializations not found for <-1,6,3>
block_sparse_matrix.cc:208 Allocating values array with 15744 bytes.
detect_structure.cc:63 Dynamic row block size because the block size changed from 2 to 15
detect_structure.cc:114 Schur complement static structure <-1,6,3>.
detect_structure.cc:63 Dynamic row block size because the block size changed from 2 to 15
detect_structure.cc:114 Schur complement static structure <-1,6,3>.
schur_eliminator.cc:155 Template specializations not found for <-1,6,3>
block_sparse_matrix.cc:208 Allocating values array with 187432 bytes.
detect_structure.cc:63 Dynamic row block size because the block size changed from 2 to 15
detect_structure.cc:74 Dynamic e block size because the block size changed from 1 to 9
detect_structure.cc:93 Dynamic f block size because the block size changed from 6 to 9
detect_structure.cc:114 Schur complement static structure <-1,-1,-1>.
detect_structure.cc:63 Dynamic row block size because the block size changed from 2 to 15
detect_structure.cc:74 Dynamic e block size because the block size changed from 1 to 9
detect_structure.cc:93 Dynamic f block size because the block size changed from 6 to 9
detect_structure.cc:114 Schur complement static structure <-1,-1,-1>.
schur_eliminator.cc:155 Template specializations not found for <-1,-1,-1>
block_sparse_matrix.cc:208 Allocating values array with 16152 bytes.
detect_structure.cc:63 Dynamic row block size because the block size changed from 2 to 15
detect_structure.cc:93 Dynamic f block size because the block size changed from 3 to 6
detect_structure.cc:114 Schur complement static structure <-1,6,-1>.
detect_structure.cc:63 Dynamic row block size because the block size changed from 2 to 15
detect_structure.cc:93 Dynamic f block size because the block size changed from 3 to 6
detect_structure.cc:114 Schur complement static structure <-1,6,-1>.
schur_eliminator.cc:155 Template specializations not found for <-1,6,-1>
block_sparse_matrix.cc:208 Allocating values array with 12192 bytes.
detect_structure.cc:63 Dynamic row block size because the block size changed from 2 to 15
detect_structure.cc:114 Schur complement static structure <-1,6,3>.
detect_structure.cc:63 Dynamic row block size because the block size changed from 2 to 15
detect_structure.cc:114 Schur complement static structure <-1,6,3>.
schur_eliminator.cc:155 Template specializations not found for <-1,6,3>
block_sparse_matrix.cc:208 Allocating values array with 15072 bytes.
detect_structure.cc:63 Dynamic row block size because the block size changed from 2 to 15
detect_structure.cc:114 Schur complement static structure <-1,6,3>.
detect_structure.cc:63 Dynamic row block size because the block size changed from 2 to 15
detect_structure.cc:114 Schur complement static structure <-1,6,3>.
schur_eliminator.cc:155 Template specializations not found for <-1,6,3>
block_sparse_matrix.cc:208 Allocating values array with 189928 bytes.
detect_structure.cc:63 Dynamic row block size because the block size changed from 2 to 15
detect_structure.cc:74 Dynamic e block size because the block size changed from 1 to 9
detect_structure.cc:93 Dynamic f block size because the block size changed from 6 to 9
detect_structure.cc:114 Schur complement static structure <-1,-1,-1>.
detect_structure.cc:63 Dynamic row block size because the block size changed from 2 to 15
detect_structure.cc:74 Dynamic e block size because the block size changed from 1 to 9
detect_structure.cc:93 Dynamic f block size because the block size changed from 6 to 9
detect_structure.cc:114 Schur complement static structure <-1,-1,-1>.
schur_eliminator.cc:155 Template specializations not found for <-1,-1,-1>
block_sparse_matrix.cc:208 Allocating values array with 15576 bytes.
detect_structure.cc:63 Dynamic row block size because the block size changed from 2 to 15
detect_structure.cc:93 Dynamic f block size because the block size changed from 3 to 6
detect_structure.cc:114 Schur complement static structure <-1,6,-1>.
detect_structure.cc:63 Dynamic row block size because the block size changed from 2 to 15
detect_structure.cc:93 Dynamic f block size because the block size changed from 3 to 6
detect_structure.cc:114 Schur complement static structure <-1,6,-1>.
schur_eliminator.cc:155 Template specializations not found for <-1,6,-1>
block_sparse_matrix.cc:208 Allocating values array with 10464 bytes.
detect_structure.cc:63 Dynamic row block size because the block size changed from 2 to 15
detect_structure.cc:114 Schur complement static structure <-1,6,3>.
detect_structure.cc:63 Dynamic row block size because the block size changed from 2 to 15
detect_structure.cc:114 Schur complement static structure <-1,6,3>.
schur_eliminator.cc:155 Template specializations not found for <-1,6,3>
block_sparse_matrix.cc:208 Allocating values array with 14496 bytes.
detect_structure.cc:63 Dynamic row block size because the block size changed from 2 to 15
detect_structure.cc:114 Schur complement static structure <-1,6,3>.
detect_structure.cc:63 Dynamic row block size because the block size changed from 2 to 15
detect_structure.cc:114 Schur complement static structure <-1,6,3>.
schur_eliminator.cc:155 Template specializations not found for <-1,6,3>
block_sparse_matrix.cc:208 Allocating values array with 191800 bytes.
detect_structure.cc:63 Dynamic row block size because the block size changed from 2 to 15
detect_structure.cc:74 Dynamic e block size because the block size changed from 1 to 9
detect_structure.cc:93 Dynamic f block size because the block size changed from 6 to 9
detect_structure.cc:114 Schur complement static structure <-1,-1,-1>.
detect_structure.cc:63 Dynamic row block size because the block size changed from 2 to 15
detect_structure.cc:74 Dynamic e block size because the block size changed from 1 to 9
detect_structure.cc:93 Dynamic f block size because the block size changed from 6 to 9
detect_structure.cc:114 Schur complement static structure <-1,-1,-1>.
schur_eliminator.cc:155 Template specializations not found for <-1,-1,-1>
block_sparse_matrix.cc:208 Allocating values array with 16824 bytes.
detect_structure.cc:63 Dynamic row block size because the block size changed from 2 to 15
detect_structure.cc:93 Dynamic f block size because the block size changed from 3 to 6
detect_structure.cc:114 Schur complement static structure <-1,6,-1>.
detect_structure.cc:63 Dynamic row block size because the block size changed from 2 to 15
detect_structure.cc:93 Dynamic f block size because the block size changed from 3 to 6
detect_structure.cc:114 Schur complement static structure <-1,6,-1>.
schur_eliminator.cc:155 Template specializations not found for <-1,6,-1>
block_sparse_matrix.cc:208 Allocating values array with 11232 bytes.
detect_structure.cc:63 Dynamic row block size because the block size changed from 2 to 15
detect_structure.cc:114 Schur complement static structure <-1,6,3>.
detect_structure.cc:63 Dynamic row block size because the block size changed from 2 to 15
detect_structure.cc:114 Schur complement static structure <-1,6,3>.
schur_eliminator.cc:155 Template specializations not found for <-1,6,3>
block_sparse_matrix.cc:208 Allocating values array with 15456 bytes.
detect_structure.cc:63 Dynamic row block size because the block size changed from 2 to 15
detect_structure.cc:114 Schur complement static structure <-1,6,3>.
detect_structure.cc:63 Dynamic row block size because the block size changed from 2 to 15
detect_structure.cc:114 Schur complement static structure <-1,6,3>.
schur_eliminator.cc:155 Template specializations not found for <-1,6,3>
block_sparse_matrix.cc:208 Allocating values array with 193880 bytes.
detect_structure.cc:63 Dynamic row block size because the block size changed from 2 to 15
detect_structure.cc:74 Dynamic e block size because the block size changed from 1 to 9
detect_structure.cc:93 Dynamic f block size because the block size changed from 6 to 9
detect_structure.cc:114 Schur complement static structure <-1,-1,-1>.
detect_structure.cc:63 Dynamic row block size because the block size changed from 2 to 15
detect_structure.cc:74 Dynamic e block size because the block size changed from 1 to 9
detect_structure.cc:93 Dynamic f block size because the block size changed from 6 to 9
detect_structure.cc:114 Schur complement static structure <-1,-1,-1>.
schur_eliminator.cc:155 Template specializations not found for <-1,-1,-1>
block_sparse_matrix.cc:208 Allocating values array with 17784 bytes.
detect_structure.cc:63 Dynamic row block size because the block size changed from 2 to 15
detect_structure.cc:93 Dynamic f block size because the block size changed from 3 to 6
detect_structure.cc:114 Schur complement static structure <-1,6,-1>.
detect_structure.cc:63 Dynamic row block size because the block size changed from 2 to 15
detect_structure.cc:93 Dynamic f block size because the block size changed from 3 to 6
detect_structure.cc:114 Schur complement static structure <-1,6,-1>.
schur_eliminator.cc:155 Template specializations not found for <-1,6,-1>
block_sparse_matrix.cc:208 Allocating values array with 12576 bytes.
detect_structure.cc:63 Dynamic row block size because the block size changed from 2 to 15
detect_structure.cc:114 Schur complement static structure <-1,6,3>.
detect_structure.cc:63 Dynamic row block size because the block size changed from 2 to 15
detect_structure.cc:114 Schur complement static structure <-1,6,3>.
schur_eliminator.cc:155 Template specializations not found for <-1,6,3>
block_sparse_matrix.cc:208 Allocating values array with 16608 bytes.
detect_structure.cc:63 Dynamic row block size because the block size changed from 2 to 15
detect_structure.cc:114 Schur complement static structure <-1,6,3>.
detect_structure.cc:63 Dynamic row block size because the block size changed from 2 to 15
detect_structure.cc:114 Schur complement static structure <-1,6,3>.
schur_eliminator.cc:155 Template specializations not found for <-1,6,3>
block_sparse_matrix.cc:208 Allocating values array with 208232 bytes.
detect_structure.cc:63 Dynamic row block size because the block size changed from 2 to 15
detect_structure.cc:74 Dynamic e block size because the block size changed from 1 to 9
detect_structure.cc:93 Dynamic f block size because the block size changed from 6 to 9
detect_structure.cc:114 Schur complement static structure <-1,-1,-1>.
detect_structure.cc:63 Dynamic row block size because the block size changed from 2 to 15
detect_structure.cc:74 Dynamic e block size because the block size changed from 1 to 9
detect_structure.cc:93 Dynamic f block size because the block size changed from 6 to 9
detect_structure.cc:114 Schur complement static structure <-1,-1,-1>.
schur_eliminator.cc:155 Template specializations not found for <-1,-1,-1>
block_sparse_matrix.cc:208 Allocating values array with 19416 bytes.
detect_structure.cc:63 Dynamic row block size because the block size changed from 2 to 15
detect_structure.cc:93 Dynamic f block size because the block size changed from 3 to 6
detect_structure.cc:114 Schur complement static structure <-1,6,-1>.
detect_structure.cc:63 Dynamic row block size because the block size changed from 2 to 15
detect_structure.cc:93 Dynamic f block size because the block size changed from 3 to 6
detect_structure.cc:114 Schur complement static structure <-1,6,-1>.
schur_eliminator.cc:155 Template specializations not found for <-1,6,-1>
block_sparse_matrix.cc:208 Allocating values array with 12576 bytes.
detect_structure.cc:63 Dynamic row block size because the block size changed from 2 to 15
detect_structure.cc:114 Schur complement static structure <-1,6,3>.
detect_structure.cc:63 Dynamic row block size because the block size changed from 2 to 15
detect_structure.cc:114 Schur complement static structure <-1,6,3>.
schur_eliminator.cc:155 Template specializations not found for <-1,6,3>
block_sparse_matrix.cc:208 Allocating values array with 17856 bytes.
detect_structure.cc:63 Dynamic row block size because the block size changed from 2 to 15
detect_structure.cc:114 Schur complement static structure <-1,6,3>.
detect_structure.cc:63 Dynamic row block size because the block size changed from 2 to 15
detect_structure.cc:114 Schur complement static structure <-1,6,3>.
schur_eliminator.cc:155 Template specializations not found for <-1,6,3>
block_sparse_matrix.cc:208 Allocating values array with 214056 bytes.
detect_structure.cc:63 Dynamic row block size because the block size changed from 2 to 15
detect_structure.cc:74 Dynamic e block size because the block size changed from 1 to 9
detect_structure.cc:93 Dynamic f block size because the block size changed from 6 to 9
detect_structure.cc:114 Schur complement static structure <-1,-1,-1>.
detect_structure.cc:63 Dynamic row block size because the block size changed from 2 to 15
detect_structure.cc:74 Dynamic e block size because the block size changed from 1 to 9
detect_structure.cc:93 Dynamic f block size because the block size changed from 6 to 9
detect_structure.cc:114 Schur complement static structure <-1,-1,-1>.
schur_eliminator.cc:155 Template specializations not found for <-1,-1,-1>
block_sparse_matrix.cc:208 Allocating values array with 20376 bytes.
detect_structure.cc:63 Dynamic row block size because the block size changed from 2 to 15
detect_structure.cc:93 Dynamic f block size because the block size changed from 3 to 6
detect_structure.cc:114 Schur complement static structure <-1,6,-1>.
detect_structure.cc:63 Dynamic row block size because the block size changed from 2 to 15
detect_structure.cc:93 Dynamic f block size because the block size changed from 3 to 6
detect_structure.cc:114 Schur complement static structure <-1,6,-1>.
schur_eliminator.cc:155 Template specializations not found for <-1,6,-1>
block_sparse_matrix.cc:208 Allocating values array with 13632 bytes.
detect_structure.cc:63 Dynamic row block size because the block size changed from 2 to 15
detect_structure.cc:114 Schur complement static structure <-1,6,3>.
detect_structure.cc:63 Dynamic row block size because the block size changed from 2 to 15
detect_structure.cc:114 Schur complement static structure <-1,6,3>.
schur_eliminator.cc:155 Template specializations not found for <-1,6,3>
block_sparse_matrix.cc:208 Allocating values array with 19104 bytes.
detect_structure.cc:63 Dynamic row block size because the block size changed from 2 to 15
detect_structure.cc:114 Schur complement static structure <-1,6,3>.
detect_structure.cc:63 Dynamic row block size because the block size changed from 2 to 15
detect_structure.cc:114 Schur complement static structure <-1,6,3>.
schur_eliminator.cc:155 Template specializations not found for <-1,6,3>
block_sparse_matrix.cc:208 Allocating values array with 211560 bytes.
detect_structure.cc:63 Dynamic row block size because the block size changed from 2 to 15
detect_structure.cc:74 Dynamic e block size because the block size changed from 1 to 9
detect_structure.cc:93 Dynamic f block size because the block size changed from 6 to 9
detect_structure.cc:114 Schur complement static structure <-1,-1,-1>.
detect_structure.cc:63 Dynamic row block size because the block size changed from 2 to 15
detect_structure.cc:74 Dynamic e block size because the block size changed from 1 to 9
detect_structure.cc:93 Dynamic f block size because the block size changed from 6 to 9
detect_structure.cc:114 Schur complement static structure <-1,-1,-1>.
schur_eliminator.cc:155 Template specializations not found for <-1,-1,-1>
block_sparse_matrix.cc:208 Allocating values array with 21432 bytes.
detect_structure.cc:63 Dynamic row block size because the block size changed from 2 to 15
detect_structure.cc:93 Dynamic f block size because the block size changed from 3 to 6
detect_structure.cc:114 Schur complement static structure <-1,6,-1>.
detect_structure.cc:63 Dynamic row block size because the block size changed from 2 to 15
detect_structure.cc:93 Dynamic f block size because the block size changed from 3 to 6
detect_structure.cc:114 Schur complement static structure <-1,6,-1>.
schur_eliminator.cc:155 Template specializations not found for <-1,6,-1>
block_sparse_matrix.cc:208 Allocating values array with 15072 bytes.
detect_structure.cc:63 Dynamic row block size because the block size changed from 2 to 15
detect_structure.cc:114 Schur complement static structure <-1,6,3>.
detect_structure.cc:63 Dynamic row block size because the block size changed from 2 to 15
detect_structure.cc:114 Schur complement static structure <-1,6,3>.
schur_eliminator.cc:155 Template specializations not found for <-1,6,3>
block_sparse_matrix.cc:208 Allocating values array with 20256 bytes.
detect_structure.cc:63 Dynamic row block size because the block size changed from 2 to 15
detect_structure.cc:114 Schur complement static structure <-1,6,3>.
detect_structure.cc:63 Dynamic row block size because the block size changed from 2 to 15
detect_structure.cc:114 Schur complement static structure <-1,6,3>.
schur_eliminator.cc:155 Template specializations not found for <-1,6,3>
block_sparse_matrix.cc:208 Allocating values array with 211768 bytes.
detect_structure.cc:63 Dynamic row block size because the block size changed from 2 to 15
detect_structure.cc:74 Dynamic e block size because the block size changed from 1 to 9
detect_structure.cc:93 Dynamic f block size because the block size changed from 6 to 9
detect_structure.cc:114 Schur complement static structure <-1,-1,-1>.
detect_structure.cc:63 Dynamic row block size because the block size changed from 2 to 15
detect_structure.cc:74 Dynamic e block size because the block size changed from 1 to 9
detect_structure.cc:93 Dynamic f block size because the block size changed from 6 to 9
detect_structure.cc:114 Schur complement static structure <-1,-1,-1>.
schur_eliminator.cc:155 Template specializations not found for <-1,-1,-1>
block_sparse_matrix.cc:208 Allocating values array with 21528 bytes.
detect_structure.cc:63 Dynamic row block size because the block size changed from 2 to 15
detect_structure.cc:93 Dynamic f block size because the block size changed from 3 to 6
detect_structure.cc:114 Schur complement static structure <-1,6,-1>.
detect_structure.cc:63 Dynamic row block size because the block size changed from 2 to 15
detect_structure.cc:93 Dynamic f block size because the block size changed from 3 to 6
detect_structure.cc:114 Schur complement static structure <-1,6,-1>.
schur_eliminator.cc:155 Template specializations not found for <-1,6,-1>
block_sparse_matrix.cc:208 Allocating values array with 14976 bytes.
detect_structure.cc:63 Dynamic row block size because the block size changed from 2 to 15
detect_structure.cc:114 Schur complement static structure <-1,6,3>.
detect_structure.cc:63 Dynamic row block size because the block size changed from 2 to 15
detect_structure.cc:114 Schur complement static structure <-1,6,3>.
schur_eliminator.cc:155 Template specializations not found for <-1,6,3>
block_sparse_matrix.cc:208 Allocating values array with 20160 bytes.
detect_structure.cc:63 Dynamic row block size because the block size changed from 2 to 15
detect_structure.cc:114 Schur complement static structure <-1,6,3>.
detect_structure.cc:63 Dynamic row block size because the block size changed from 2 to 15
detect_structure.cc:114 Schur complement static structure <-1,6,3>.
schur_eliminator.cc:155 Template specializations not found for <-1,6,3>
block_sparse_matrix.cc:208 Allocating values array with 210312 bytes.
detect_structure.cc:63 Dynamic row block size because the block size changed from 2 to 15
detect_structure.cc:74 Dynamic e block size because the block size changed from 1 to 9
detect_structure.cc:93 Dynamic f block size because the block size changed from 6 to 9
detect_structure.cc:114 Schur complement static structure <-1,-1,-1>.
detect_structure.cc:63 Dynamic row block size because the block size changed from 2 to 15
detect_structure.cc:74 Dynamic e block size because the block size changed from 1 to 9
detect_structure.cc:93 Dynamic f block size because the block size changed from 6 to 9
detect_structure.cc:114 Schur complement static structure <-1,-1,-1>.
schur_eliminator.cc:155 Template specializations not found for <-1,-1,-1>
block_sparse_matrix.cc:208 Allocating values array with 20664 bytes.
detect_structure.cc:63 Dynamic row block size because the block size changed from 2 to 15
detect_structure.cc:93 Dynamic f block size because the block size changed from 3 to 6
detect_structure.cc:114 Schur complement static structure <-1,6,-1>.
detect_structure.cc:63 Dynamic row block size because the block size changed from 2 to 15
detect_structure.cc:93 Dynamic f block size because the block size changed from 3 to 6
detect_structure.cc:114 Schur complement static structure <-1,6,-1>.
schur_eliminator.cc:155 Template specializations not found for <-1,6,-1>
block_sparse_matrix.cc:208 Allocating values array with 14688 bytes.
detect_structure.cc:63 Dynamic row block size because the block size changed from 2 to 15
detect_structure.cc:114 Schur complement static structure <-1,6,3>.
detect_structure.cc:63 Dynamic row block size because the block size changed from 2 to 15
detect_structure.cc:114 Schur complement static structure <-1,6,3>.
schur_eliminator.cc:155 Template specializations not found for <-1,6,3>
block_sparse_matrix.cc:208 Allocating values array with 18240 bytes.
detect_structure.cc:63 Dynamic row block size because the block size changed from 2 to 15
detect_structure.cc:114 Schur complement static structure <-1,6,3>.
detect_structure.cc:63 Dynamic row block size because the block size changed from 2 to 15
detect_structure.cc:114 Schur complement static structure <-1,6,3>.
schur_eliminator.cc:155 Template specializations not found for <-1,6,3>
block_sparse_matrix.cc:208 Allocating values array with 212392 bytes.
detect_structure.cc:63 Dynamic row block size because the block size changed from 2 to 15
detect_structure.cc:74 Dynamic e block size because the block size changed from 1 to 9
detect_structure.cc:93 Dynamic f block size because the block size changed from 6 to 9
detect_structure.cc:114 Schur complement static structure <-1,-1,-1>.
detect_structure.cc:63 Dynamic row block size because the block size changed from 2 to 15
detect_structure.cc:74 Dynamic e block size because the block size changed from 1 to 9
detect_structure.cc:93 Dynamic f block size because the block size changed from 6 to 9
detect_structure.cc:114 Schur complement static structure <-1,-1,-1>.
schur_eliminator.cc:155 Template specializations not found for <-1,-1,-1>
block_sparse_matrix.cc:208 Allocating values array with 18168 bytes.
detect_structure.cc:63 Dynamic row block size because the block size changed from 2 to 15
detect_structure.cc:93 Dynamic f block size because the block size changed from 3 to 6
detect_structure.cc:114 Schur complement static structure <-1,6,-1>.
detect_structure.cc:63 Dynamic row block size because the block size changed from 2 to 15
detect_structure.cc:93 Dynamic f block size because the block size changed from 3 to 6
detect_structure.cc:114 Schur complement static structure <-1,6,-1>.
schur_eliminator.cc:155 Template specializations not found for <-1,6,-1>
[FeatureTracker] F-matrix: 149 → 98 (rejected 51, threshold=1)
block_sparse_matrix.cc:208 Allocating values array with 13056 bytes.
detect_structure.cc:63 Dynamic row block size because the block size changed from 2 to 15
detect_structure.cc:114 Schur complement static structure <-1,6,3>.
detect_structure.cc:63 Dynamic row block size because the block size changed from 2 to 15
detect_structure.cc:114 Schur complement static structure <-1,6,3>.
schur_eliminator.cc:155 Template specializations not found for <-1,6,3>
block_sparse_matrix.cc:208 Allocating values array with 16224 bytes.
detect_structure.cc:63 Dynamic row block size because the block size changed from 2 to 15
detect_structure.cc:114 Schur complement static structure <-1,6,3>.
detect_structure.cc:63 Dynamic row block size because the block size changed from 2 to 15
detect_structure.cc:114 Schur complement static structure <-1,6,3>.
schur_eliminator.cc:155 Template specializations not found for <-1,6,3>
block_sparse_matrix.cc:208 Allocating values array with 210936 bytes.
detect_structure.cc:63 Dynamic row block size because the block size changed from 2 to 15
detect_structure.cc:74 Dynamic e block size because the block size changed from 1 to 9
detect_structure.cc:93 Dynamic f block size because the block size changed from 6 to 9
detect_structure.cc:114 Schur complement static structure <-1,-1,-1>.
detect_structure.cc:63 Dynamic row block size because the block size changed from 2 to 15
detect_structure.cc:74 Dynamic e block size because the block size changed from 1 to 9
detect_structure.cc:93 Dynamic f block size because the block size changed from 6 to 9
detect_structure.cc:114 Schur complement static structure <-1,-1,-1>.
schur_eliminator.cc:155 Template specializations not found for <-1,-1,-1>
block_sparse_matrix.cc:208 Allocating values array with 15000 bytes.
detect_structure.cc:63 Dynamic row block size because the block size changed from 2 to 15
detect_structure.cc:93 Dynamic f block size because the block size changed from 3 to 6
detect_structure.cc:114 Schur complement static structure <-1,6,-1>.
detect_structure.cc:63 Dynamic row block size because the block size changed from 2 to 15
detect_structure.cc:93 Dynamic f block size because the block size changed from 3 to 6
detect_structure.cc:114 Schur complement static structure <-1,6,-1>.
schur_eliminator.cc:155 Template specializations not found for <-1,6,-1>
[FeatureTracker] F-matrix: 141 → 66 (rejected 75, threshold=1)
block_sparse_matrix.cc:208 Allocating values array with 11040 bytes.
detect_structure.cc:63 Dynamic row block size because the block size changed from 2 to 15
detect_structure.cc:114 Schur complement static structure <-1,6,3>.
detect_structure.cc:63 Dynamic row block size because the block size changed from 2 to 15
detect_structure.cc:114 Schur complement static structure <-1,6,3>.
schur_eliminator.cc:155 Template specializations not found for <-1,6,3>
block_sparse_matrix.cc:208 Allocating values array with 12672 bytes.
detect_structure.cc:63 Dynamic row block size because the block size changed from 2 to 15
detect_structure.cc:114 Schur complement static structure <-1,6,3>.
detect_structure.cc:63 Dynamic row block size because the block size changed from 2 to 15
detect_structure.cc:114 Schur complement static structure <-1,6,3>.
schur_eliminator.cc:155 Template specializations not found for <-1,6,3>
block_sparse_matrix.cc:208 Allocating values array with 202616 bytes.
detect_structure.cc:63 Dynamic row block size because the block size changed from 2 to 15
detect_structure.cc:74 Dynamic e block size because the block size changed from 1 to 9
detect_structure.cc:93 Dynamic f block size because the block size changed from 6 to 9
detect_structure.cc:114 Schur complement static structure <-1,-1,-1>.
detect_structure.cc:63 Dynamic row block size because the block size changed from 2 to 15
detect_structure.cc:74 Dynamic e block size because the block size changed from 1 to 9
detect_structure.cc:93 Dynamic f block size because the block size changed from 6 to 9
detect_structure.cc:114 Schur complement static structure <-1,-1,-1>.
schur_eliminator.cc:155 Template specializations not found for <-1,-1,-1>
block_sparse_matrix.cc:208 Allocating values array with 11832 bytes.
detect_structure.cc:63 Dynamic row block size because the block size changed from 2 to 15
detect_structure.cc:93 Dynamic f block size because the block size changed from 3 to 6
detect_structure.cc:114 Schur complement static structure <-1,6,-1>.
detect_structure.cc:63 Dynamic row block size because the block size changed from 2 to 15
detect_structure.cc:93 Dynamic f block size because the block size changed from 3 to 6
detect_structure.cc:114 Schur complement static structure <-1,6,-1>.
schur_eliminator.cc:155 Template specializations not found for <-1,6,-1>
block_sparse_matrix.cc:208 Allocating values array with 9120 bytes.
detect_structure.cc:63 Dynamic row block size because the block size changed from 2 to 15
detect_structure.cc:114 Schur complement static structure <-1,6,3>.
detect_structure.cc:63 Dynamic row block size because the block size changed from 2 to 15
detect_structure.cc:114 Schur complement static structure <-1,6,3>.
schur_eliminator.cc:155 Template specializations not found for <-1,6,3>
block_sparse_matrix.cc:208 Allocating values array with 10752 bytes.
detect_structure.cc:63 Dynamic row block size because the block size changed from 2 to 15
detect_structure.cc:114 Schur complement static structure <-1,6,3>.
detect_structure.cc:63 Dynamic row block size because the block size changed from 2 to 15
detect_structure.cc:114 Schur complement static structure <-1,6,3>.
schur_eliminator.cc:155 Template specializations not found for <-1,6,3>
block_sparse_matrix.cc:208 Allocating values array with 192424 bytes.
detect_structure.cc:63 Dynamic row block size because the block size changed from 2 to 15
detect_structure.cc:74 Dynamic e block size because the block size changed from 1 to 9
detect_structure.cc:93 Dynamic f block size because the block size changed from 6 to 9
detect_structure.cc:114 Schur complement static structure <-1,-1,-1>.
detect_structure.cc:63 Dynamic row block size because the block size changed from 2 to 15
detect_structure.cc:74 Dynamic e block size because the block size changed from 1 to 9
detect_structure.cc:93 Dynamic f block size because the block size changed from 6 to 9
detect_structure.cc:114 Schur complement static structure <-1,-1,-1>.
schur_eliminator.cc:155 Template specializations not found for <-1,-1,-1>
block_sparse_matrix.cc:208 Allocating values array with 10680 bytes.
detect_structure.cc:63 Dynamic row block size because the block size changed from 2 to 15
detect_structure.cc:93 Dynamic f block size because the block size changed from 3 to 6
detect_structure.cc:114 Schur complement static structure <-1,6,-1>.
detect_structure.cc:63 Dynamic row block size because the block size changed from 2 to 15
detect_structure.cc:93 Dynamic f block size because the block size changed from 3 to 6
detect_structure.cc:114 Schur complement static structure <-1,6,-1>.
schur_eliminator.cc:155 Template specializations not found for <-1,6,-1>
block_sparse_matrix.cc:208 Allocating values array with 7584 bytes.
detect_structure.cc:63 Dynamic row block size because the block size changed from 2 to 15
detect_structure.cc:114 Schur complement static structure <-1,6,3>.
detect_structure.cc:63 Dynamic row block size because the block size changed from 2 to 15
detect_structure.cc:114 Schur complement static structure <-1,6,3>.
schur_eliminator.cc:155 Template specializations not found for <-1,6,3>
block_sparse_matrix.cc:208 Allocating values array with 9600 bytes.
detect_structure.cc:63 Dynamic row block size because the block size changed from 2 to 15
detect_structure.cc:114 Schur complement static structure <-1,6,3>.
detect_structure.cc:63 Dynamic row block size because the block size changed from 2 to 15
detect_structure.cc:114 Schur complement static structure <-1,6,3>.
schur_eliminator.cc:155 Template specializations not found for <-1,6,3>
[FeatureTracker] F-matrix: 95 → 64 (rejected 31, threshold=1)
block_sparse_matrix.cc:208 Allocating values array with 183688 bytes.
detect_structure.cc:63 Dynamic row block size because the block size changed from 2 to 15
detect_structure.cc:74 Dynamic e block size because the block size changed from 1 to 9
detect_structure.cc:93 Dynamic f block size because the block size changed from 6 to 9
detect_structure.cc:114 Schur complement static structure <-1,-1,-1>.
detect_structure.cc:63 Dynamic row block size because the block size changed from 2 to 15
detect_structure.cc:74 Dynamic e block size because the block size changed from 1 to 9
detect_structure.cc:93 Dynamic f block size because the block size changed from 6 to 9
detect_structure.cc:114 Schur complement static structure <-1,-1,-1>.
schur_eliminator.cc:155 Template specializations not found for <-1,-1,-1>
block_sparse_matrix.cc:208 Allocating values array with 11064 bytes.
detect_structure.cc:63 Dynamic row block size because the block size changed from 2 to 15
detect_structure.cc:93 Dynamic f block size because the block size changed from 3 to 6
detect_structure.cc:114 Schur complement static structure <-1,6,-1>.
detect_structure.cc:63 Dynamic row block size because the block size changed from 2 to 15
detect_structure.cc:93 Dynamic f block size because the block size changed from 3 to 6
detect_structure.cc:114 Schur complement static structure <-1,6,-1>.
schur_eliminator.cc:155 Template specializations not found for <-1,6,-1>
block_sparse_matrix.cc:208 Allocating values array with 7968 bytes.
detect_structure.cc:63 Dynamic row block size because the block size changed from 2 to 15
detect_structure.cc:114 Schur complement static structure <-1,6,3>.
detect_structure.cc:63 Dynamic row block size because the block size changed from 2 to 15
detect_structure.cc:114 Schur complement static structure <-1,6,3>.
schur_eliminator.cc:155 Template specializations not found for <-1,6,3>
block_sparse_matrix.cc:208 Allocating values array with 9312 bytes.
detect_structure.cc:63 Dynamic row block size because the block size changed from 2 to 15
detect_structure.cc:114 Schur complement static structure <-1,6,3>.
detect_structure.cc:63 Dynamic row block size because the block size changed from 2 to 15
detect_structure.cc:114 Schur complement static structure <-1,6,3>.
schur_eliminator.cc:155 Template specializations not found for <-1,6,3>
block_sparse_matrix.cc:208 Allocating values array with 175576 bytes.
detect_structure.cc:63 Dynamic row block size because the block size changed from 2 to 15
detect_structure.cc:74 Dynamic e block size because the block size changed from 1 to 9
detect_structure.cc:93 Dynamic f block size because the block size changed from 6 to 9
detect_structure.cc:114 Schur complement static structure <-1,-1,-1>.
detect_structure.cc:63 Dynamic row block size because the block size changed from 2 to 15
detect_structure.cc:74 Dynamic e block size because the block size changed from 1 to 9
detect_structure.cc:93 Dynamic f block size because the block size changed from 6 to 9
detect_structure.cc:114 Schur complement static structure <-1,-1,-1>.
schur_eliminator.cc:155 Template specializations not found for <-1,-1,-1>
block_sparse_matrix.cc:208 Allocating values array with 10296 bytes.
detect_structure.cc:63 Dynamic row block size because the block size changed from 2 to 15
detect_structure.cc:93 Dynamic f block size because the block size changed from 3 to 6
detect_structure.cc:114 Schur complement static structure <-1,6,-1>.
detect_structure.cc:63 Dynamic row block size because the block size changed from 2 to 15
detect_structure.cc:93 Dynamic f block size because the block size changed from 3 to 6
detect_structure.cc:114 Schur complement static structure <-1,6,-1>.
schur_eliminator.cc:155 Template specializations not found for <-1,6,-1>
block_sparse_matrix.cc:208 Allocating values array with 7680 bytes.
detect_structure.cc:63 Dynamic row block size because the block size changed from 2 to 15
detect_structure.cc:114 Schur complement static structure <-1,6,3>.
detect_structure.cc:63 Dynamic row block size because the block size changed from 2 to 15
detect_structure.cc:114 Schur complement static structure <-1,6,3>.
schur_eliminator.cc:155 Template specializations not found for <-1,6,3>
block_sparse_matrix.cc:208 Allocating values array with 9120 bytes.
detect_structure.cc:63 Dynamic row block size because the block size changed from 2 to 15
detect_structure.cc:114 Schur complement static structure <-1,6,3>.
detect_structure.cc:63 Dynamic row block size because the block size changed from 2 to 15
detect_structure.cc:114 Schur complement static structure <-1,6,3>.
schur_eliminator.cc:155 Template specializations not found for <-1,6,3>
block_sparse_matrix.cc:208 Allocating values array with 172664 bytes.
detect_structure.cc:63 Dynamic row block size because the block size changed from 2 to 15
detect_structure.cc:74 Dynamic e block size because the block size changed from 1 to 9
detect_structure.cc:93 Dynamic f block size because the block size changed from 6 to 9
detect_structure.cc:114 Schur complement static structure <-1,-1,-1>.
detect_structure.cc:63 Dynamic row block size because the block size changed from 2 to 15
detect_structure.cc:74 Dynamic e block size because the block size changed from 1 to 9
detect_structure.cc:93 Dynamic f block size because the block size changed from 6 to 9
detect_structure.cc:114 Schur complement static structure <-1,-1,-1>.
schur_eliminator.cc:155 Template specializations not found for <-1,-1,-1>
block_sparse_matrix.cc:208 Allocating values array with 10488 bytes.
detect_structure.cc:63 Dynamic row block size because the block size changed from 2 to 15
detect_structure.cc:93 Dynamic f block size because the block size changed from 3 to 6
detect_structure.cc:114 Schur complement static structure <-1,6,-1>.
detect_structure.cc:63 Dynamic row block size because the block size changed from 2 to 15
detect_structure.cc:93 Dynamic f block size because the block size changed from 3 to 6
detect_structure.cc:114 Schur complement static structure <-1,6,-1>.
schur_eliminator.cc:155 Template specializations not found for <-1,6,-1>
block_sparse_matrix.cc:208 Allocating values array with 7104 bytes.
detect_structure.cc:63 Dynamic row block size because the block size changed from 2 to 15
detect_structure.cc:114 Schur complement static structure <-1,6,3>.
detect_structure.cc:63 Dynamic row block size because the block size changed from 2 to 15
detect_structure.cc:114 Schur complement static structure <-1,6,3>.
schur_eliminator.cc:155 Template specializations not found for <-1,6,3>
[FeatureTracker] F-matrix: 96 → 50 (rejected 46, threshold=1)
block_sparse_matrix.cc:208 Allocating values array with 8832 bytes.
detect_structure.cc:63 Dynamic row block size because the block size changed from 2 to 15
detect_structure.cc:114 Schur complement static structure <-1,6,3>.
detect_structure.cc:63 Dynamic row block size because the block size changed from 2 to 15
detect_structure.cc:114 Schur complement static structure <-1,6,3>.
schur_eliminator.cc:155 Template specializations not found for <-1,6,3>
block_sparse_matrix.cc:208 Allocating values array with 168504 bytes.
detect_structure.cc:63 Dynamic row block size because the block size changed from 2 to 15
detect_structure.cc:74 Dynamic e block size because the block size changed from 1 to 9
detect_structure.cc:93 Dynamic f block size because the block size changed from 6 to 9
detect_structure.cc:114 Schur complement static structure <-1,-1,-1>.
detect_structure.cc:63 Dynamic row block size because the block size changed from 2 to 15
detect_structure.cc:74 Dynamic e block size because the block size changed from 1 to 9
detect_structure.cc:93 Dynamic f block size because the block size changed from 6 to 9
detect_structure.cc:114 Schur complement static structure <-1,-1,-1>.
schur_eliminator.cc:155 Template specializations not found for <-1,-1,-1>
block_sparse_matrix.cc:208 Allocating values array with 10680 bytes.
detect_structure.cc:63 Dynamic row block size because the block size changed from 2 to 15
detect_structure.cc:93 Dynamic f block size because the block size changed from 3 to 6
detect_structure.cc:114 Schur complement static structure <-1,6,-1>.
detect_structure.cc:63 Dynamic row block size because the block size changed from 2 to 15
detect_structure.cc:93 Dynamic f block size because the block size changed from 3 to 6
detect_structure.cc:114 Schur complement static structure <-1,6,-1>.
schur_eliminator.cc:155 Template specializations not found for <-1,6,-1>
[FeatureTracker] F-matrix: 145 → 97 (rejected 48, threshold=1)
block_sparse_matrix.cc:208 Allocating values array with 7488 bytes.
detect_structure.cc:63 Dynamic row block size because the block size changed from 2 to 15
detect_structure.cc:114 Schur complement static structure <-1,6,3>.
detect_structure.cc:63 Dynamic row block size because the block size changed from 2 to 15
detect_structure.cc:114 Schur complement static structure <-1,6,3>.
schur_eliminator.cc:155 Template specializations not found for <-1,6,3>
block_sparse_matrix.cc:208 Allocating values array with 9216 bytes.
detect_structure.cc:63 Dynamic row block size because the block size changed from 2 to 15
detect_structure.cc:114 Schur complement static structure <-1,6,3>.
detect_structure.cc:63 Dynamic row block size because the block size changed from 2 to 15
detect_structure.cc:114 Schur complement static structure <-1,6,3>.
schur_eliminator.cc:155 Template specializations not found for <-1,6,3>
block_sparse_matrix.cc:208 Allocating values array with 163720 bytes.
detect_structure.cc:63 Dynamic row block size because the block size changed from 2 to 15
detect_structure.cc:74 Dynamic e block size because the block size changed from 1 to 9
detect_structure.cc:93 Dynamic f block size because the block size changed from 6 to 9
detect_structure.cc:114 Schur complement static structure <-1,-1,-1>.
detect_structure.cc:63 Dynamic row block size because the block size changed from 2 to 15
detect_structure.cc:74 Dynamic e block size because the block size changed from 1 to 9
detect_structure.cc:93 Dynamic f block size because the block size changed from 6 to 9
detect_structure.cc:114 Schur complement static structure <-1,-1,-1>.
schur_eliminator.cc:155 Template specializations not found for <-1,-1,-1>
block_sparse_matrix.cc:208 Allocating values array with 10968 bytes.
detect_structure.cc:63 Dynamic row block size because the block size changed from 2 to 15
detect_structure.cc:93 Dynamic f block size because the block size changed from 3 to 6
detect_structure.cc:114 Schur complement static structure <-1,6,-1>.
detect_structure.cc:63 Dynamic row block size because the block size changed from 2 to 15
detect_structure.cc:93 Dynamic f block size because the block size changed from 3 to 6
detect_structure.cc:114 Schur complement static structure <-1,6,-1>.
schur_eliminator.cc:155 Template specializations not found for <-1,6,-1>
[VIO DIAG] f=140 tri: ok=122 wait=5 fail=0 default=1 depth: avg=1.9448 min=0.741695 max=17.5087 |vel|=0.424949 vel=(-0.0982037,-0.108375,0.398989) ba=(-0.0124609,-0.0905175,-0.0328454) bg=(0.000105646,-0.000204163,-0.000456154)
[FeatureTracker] F-matrix: 144 → 83 (rejected 61, threshold=1)
block_sparse_matrix.cc:208 Allocating values array with 7776 bytes.
detect_structure.cc:63 Dynamic row block size because the block size changed from 2 to 15
detect_structure.cc:114 Schur complement static structure <-1,6,3>.
detect_structure.cc:63 Dynamic row block size because the block size changed from 2 to 15
detect_structure.cc:114 Schur complement static structure <-1,6,3>.
schur_eliminator.cc:155 Template specializations not found for <-1,6,3>
block_sparse_matrix.cc:208 Allocating values array with 9792 bytes.
detect_structure.cc:63 Dynamic row block size because the block size changed from 2 to 15
detect_structure.cc:114 Schur complement static structure <-1,6,3>.
detect_structure.cc:63 Dynamic row block size because the block size changed from 2 to 15
detect_structure.cc:114 Schur complement static structure <-1,6,3>.
schur_eliminator.cc:155 Template specializations not found for <-1,6,3>
block_sparse_matrix.cc:208 Allocating values array with 155400 bytes.
detect_structure.cc:63 Dynamic row block size because the block size changed from 2 to 15
detect_structure.cc:74 Dynamic e block size because the block size changed from 1 to 9
detect_structure.cc:93 Dynamic f block size because the block size changed from 6 to 9
detect_structure.cc:114 Schur complement static structure <-1,-1,-1>.
detect_structure.cc:63 Dynamic row block size because the block size changed from 2 to 15
detect_structure.cc:74 Dynamic e block size because the block size changed from 1 to 9
detect_structure.cc:93 Dynamic f block size because the block size changed from 6 to 9
detect_structure.cc:114 Schur complement static structure <-1,-1,-1>.
schur_eliminator.cc:155 Template specializations not found for <-1,-1,-1>
block_sparse_matrix.cc:208 Allocating values array with 11448 bytes.
detect_structure.cc:63 Dynamic row block size because the block size changed from 2 to 15
detect_structure.cc:93 Dynamic f block size because the block size changed from 3 to 6
detect_structure.cc:114 Schur complement static structure <-1,6,-1>.
detect_structure.cc:63 Dynamic row block size because the block size changed from 2 to 15
detect_structure.cc:93 Dynamic f block size because the block size changed from 3 to 6
detect_structure.cc:114 Schur complement static structure <-1,6,-1>.
schur_eliminator.cc:155 Template specializations not found for <-1,6,-1>
[FeatureTracker] F-matrix: 146 → 99 (rejected 47, threshold=1)
block_sparse_matrix.cc:208 Allocating values array with 8064 bytes.
detect_structure.cc:63 Dynamic row block size because the block size changed from 2 to 15
detect_structure.cc:114 Schur complement static structure <-1,6,3>.
detect_structure.cc:63 Dynamic row block size because the block size changed from 2 to 15
detect_structure.cc:114 Schur complement static structure <-1,6,3>.
schur_eliminator.cc:155 Template specializations not found for <-1,6,3>
block_sparse_matrix.cc:208 Allocating values array with 10368 bytes.
detect_structure.cc:63 Dynamic row block size because the block size changed from 2 to 15
detect_structure.cc:114 Schur complement static structure <-1,6,3>.
detect_structure.cc:63 Dynamic row block size because the block size changed from 2 to 15
detect_structure.cc:114 Schur complement static structure <-1,6,3>.
schur_eliminator.cc:155 Template specializations not found for <-1,6,3>
block_sparse_matrix.cc:208 Allocating values array with 149992 bytes.
detect_structure.cc:63 Dynamic row block size because the block size changed from 2 to 15
detect_structure.cc:74 Dynamic e block size because the block size changed from 1 to 9
detect_structure.cc:93 Dynamic f block size because the block size changed from 6 to 9
detect_structure.cc:114 Schur complement static structure <-1,-1,-1>.
detect_structure.cc:63 Dynamic row block size because the block size changed from 2 to 15
detect_structure.cc:74 Dynamic e block size because the block size changed from 1 to 9
detect_structure.cc:93 Dynamic f block size because the block size changed from 6 to 9
detect_structure.cc:114 Schur complement static structure <-1,-1,-1>.
schur_eliminator.cc:155 Template specializations not found for <-1,-1,-1>
block_sparse_matrix.cc:208 Allocating values array with 12120 bytes.
detect_structure.cc:63 Dynamic row block size because the block size changed from 2 to 15
detect_structure.cc:93 Dynamic f block size because the block size changed from 3 to 6
detect_structure.cc:114 Schur complement static structure <-1,6,-1>.
detect_structure.cc:63 Dynamic row block size because the block size changed from 2 to 15
detect_structure.cc:93 Dynamic f block size because the block size changed from 3 to 6
detect_structure.cc:114 Schur complement static structure <-1,6,-1>.
schur_eliminator.cc:155 Template specializations not found for <-1,6,-1>
block_sparse_matrix.cc:208 Allocating values array with 8640 bytes.
detect_structure.cc:63 Dynamic row block size because the block size changed from 2 to 15
detect_structure.cc:114 Schur complement static structure <-1,6,3>.
detect_structure.cc:63 Dynamic row block size because the block size changed from 2 to 15
detect_structure.cc:114 Schur complement static structure <-1,6,3>.
schur_eliminator.cc:155 Template specializations not found for <-1,6,3>
block_sparse_matrix.cc:208 Allocating values array with 11040 bytes.
detect_structure.cc:63 Dynamic row block size because the block size changed from 2 to 15
detect_structure.cc:114 Schur complement static structure <-1,6,3>.
detect_structure.cc:63 Dynamic row block size because the block size changed from 2 to 15
detect_structure.cc:114 Schur complement static structure <-1,6,3>.
schur_eliminator.cc:155 Template specializations not found for <-1,6,3>
block_sparse_matrix.cc:208 Allocating values array with 157480 bytes.
detect_structure.cc:63 Dynamic row block size because the block size changed from 2 to 15
detect_structure.cc:74 Dynamic e block size because the block size changed from 1 to 9
detect_structure.cc:93 Dynamic f block size because the block size changed from 6 to 9
detect_structure.cc:114 Schur complement static structure <-1,-1,-1>.
detect_structure.cc:63 Dynamic row block size because the block size changed from 2 to 15
detect_structure.cc:74 Dynamic e block size because the block size changed from 1 to 9
detect_structure.cc:93 Dynamic f block size because the block size changed from 6 to 9
detect_structure.cc:114 Schur complement static structure <-1,-1,-1>.
schur_eliminator.cc:155 Template specializations not found for <-1,-1,-1>
block_sparse_matrix.cc:208 Allocating values array with 13560 bytes.
detect_structure.cc:63 Dynamic row block size because the block size changed from 2 to 15
detect_structure.cc:93 Dynamic f block size because the block size changed from 3 to 6
detect_structure.cc:114 Schur complement static structure <-1,6,-1>.
detect_structure.cc:63 Dynamic row block size because the block size changed from 2 to 15
detect_structure.cc:93 Dynamic f block size because the block size changed from 3 to 6
detect_structure.cc:114 Schur complement static structure <-1,6,-1>.
schur_eliminator.cc:155 Template specializations not found for <-1,6,-1>
block_sparse_matrix.cc:208 Allocating values array with 9024 bytes.
detect_structure.cc:63 Dynamic row block size because the block size changed from 2 to 15
detect_structure.cc:114 Schur complement static structure <-1,6,3>.
detect_structure.cc:63 Dynamic row block size because the block size changed from 2 to 15
detect_structure.cc:114 Schur complement static structure <-1,6,3>.
schur_eliminator.cc:155 Template specializations not found for <-1,6,3>
block_sparse_matrix.cc:208 Allocating values array with 12000 bytes.
detect_structure.cc:63 Dynamic row block size because the block size changed from 2 to 15
detect_structure.cc:114 Schur complement static structure <-1,6,3>.
detect_structure.cc:63 Dynamic row block size because the block size changed from 2 to 15
detect_structure.cc:114 Schur complement static structure <-1,6,3>.
schur_eliminator.cc:155 Template specializations not found for <-1,6,3>
block_sparse_matrix.cc:208 Allocating values array with 159560 bytes.
detect_structure.cc:63 Dynamic row block size because the block size changed from 2 to 15
detect_structure.cc:74 Dynamic e block size because the block size changed from 1 to 9
detect_structure.cc:93 Dynamic f block size because the block size changed from 6 to 9
detect_structure.cc:114 Schur complement static structure <-1,-1,-1>.
detect_structure.cc:63 Dynamic row block size because the block size changed from 2 to 15
detect_structure.cc:74 Dynamic e block size because the block size changed from 1 to 9
detect_structure.cc:93 Dynamic f block size because the block size changed from 6 to 9
detect_structure.cc:114 Schur complement static structure <-1,-1,-1>.
schur_eliminator.cc:155 Template specializations not found for <-1,-1,-1>
block_sparse_matrix.cc:208 Allocating values array with 13368 bytes.
detect_structure.cc:63 Dynamic row block size because the block size changed from 2 to 15
detect_structure.cc:93 Dynamic f block size because the block size changed from 3 to 6
detect_structure.cc:114 Schur complement static structure <-1,6,-1>.
detect_structure.cc:63 Dynamic row block size because the block size changed from 2 to 15
detect_structure.cc:93 Dynamic f block size because the block size changed from 3 to 6
detect_structure.cc:114 Schur complement static structure <-1,6,-1>.
schur_eliminator.cc:155 Template specializations not found for <-1,6,-1>
block_sparse_matrix.cc:208 Allocating values array with 9696 bytes.
detect_structure.cc:63 Dynamic row block size because the block size changed from 2 to 15
detect_structure.cc:114 Schur complement static structure <-1,6,3>.
detect_structure.cc:63 Dynamic row block size because the block size changed from 2 to 15
detect_structure.cc:114 Schur complement static structure <-1,6,3>.
schur_eliminator.cc:155 Template specializations not found for <-1,6,3>
block_sparse_matrix.cc:208 Allocating values array with 12000 bytes.
detect_structure.cc:63 Dynamic row block size because the block size changed from 2 to 15
detect_structure.cc:114 Schur complement static structure <-1,6,3>.
detect_structure.cc:63 Dynamic row block size because the block size changed from 2 to 15
detect_structure.cc:114 Schur complement static structure <-1,6,3>.
schur_eliminator.cc:155 Template specializations not found for <-1,6,3>
block_sparse_matrix.cc:208 Allocating values array with 164760 bytes.
detect_structure.cc:63 Dynamic row block size because the block size changed from 2 to 15
detect_structure.cc:74 Dynamic e block size because the block size changed from 1 to 9
detect_structure.cc:93 Dynamic f block size because the block size changed from 6 to 9
detect_structure.cc:114 Schur complement static structure <-1,-1,-1>.
detect_structure.cc:63 Dynamic row block size because the block size changed from 2 to 15
detect_structure.cc:74 Dynamic e block size because the block size changed from 1 to 9
detect_structure.cc:93 Dynamic f block size because the block size changed from 6 to 9
detect_structure.cc:114 Schur complement static structure <-1,-1,-1>.
schur_eliminator.cc:155 Template specializations not found for <-1,-1,-1>
block_sparse_matrix.cc:208 Allocating values array with 13560 bytes.
detect_structure.cc:63 Dynamic row block size because the block size changed from 2 to 15
detect_structure.cc:93 Dynamic f block size because the block size changed from 3 to 6
detect_structure.cc:114 Schur complement static structure <-1,6,-1>.
detect_structure.cc:63 Dynamic row block size because the block size changed from 2 to 15
detect_structure.cc:93 Dynamic f block size because the block size changed from 3 to 6
detect_structure.cc:114 Schur complement static structure <-1,6,-1>.
schur_eliminator.cc:155 Template specializations not found for <-1,6,-1>
[FeatureTracker] F-matrix: 150 → 100 (rejected 50, threshold=1)
block_sparse_matrix.cc:208 Allocating values array with 9600 bytes.
detect_structure.cc:63 Dynamic row block size because the block size changed from 2 to 15
detect_structure.cc:114 Schur complement static structure <-1,6,3>.
detect_structure.cc:63 Dynamic row block size because the block size changed from 2 to 15
detect_structure.cc:114 Schur complement static structure <-1,6,3>.
schur_eliminator.cc:155 Template specializations not found for <-1,6,3>
block_sparse_matrix.cc:208 Allocating values array with 11520 bytes.
detect_structure.cc:63 Dynamic row block size because the block size changed from 2 to 15
detect_structure.cc:114 Schur complement static structure <-1,6,3>.
detect_structure.cc:63 Dynamic row block size because the block size changed from 2 to 15
detect_structure.cc:114 Schur complement static structure <-1,6,3>.
schur_eliminator.cc:155 Template specializations not found for <-1,6,3>
block_sparse_matrix.cc:208 Allocating values array with 164136 bytes.
detect_structure.cc:63 Dynamic row block size because the block size changed from 2 to 15
detect_structure.cc:74 Dynamic e block size because the block size changed from 1 to 9
detect_structure.cc:93 Dynamic f block size because the block size changed from 6 to 9
detect_structure.cc:114 Schur complement static structure <-1,-1,-1>.
detect_structure.cc:63 Dynamic row block size because the block size changed from 2 to 15
detect_structure.cc:74 Dynamic e block size because the block size changed from 1 to 9
detect_structure.cc:93 Dynamic f block size because the block size changed from 6 to 9
detect_structure.cc:114 Schur complement static structure <-1,-1,-1>.
schur_eliminator.cc:155 Template specializations not found for <-1,-1,-1>
block_sparse_matrix.cc:208 Allocating values array with 11640 bytes.
detect_structure.cc:63 Dynamic row block size because the block size changed from 2 to 15
detect_structure.cc:93 Dynamic f block size because the block size changed from 3 to 6
detect_structure.cc:114 Schur complement static structure <-1,6,-1>.
detect_structure.cc:63 Dynamic row block size because the block size changed from 2 to 15
detect_structure.cc:93 Dynamic f block size because the block size changed from 3 to 6
detect_structure.cc:114 Schur complement static structure <-1,6,-1>.
schur_eliminator.cc:155 Template specializations not found for <-1,6,-1>
[FeatureTracker] F-matrix: 149 → 99 (rejected 50, threshold=1)
block_sparse_matrix.cc:208 Allocating values array with 8544 bytes.
detect_structure.cc:63 Dynamic row block size because the block size changed from 2 to 15
detect_structure.cc:114 Schur complement static structure <-1,6,3>.
detect_structure.cc:63 Dynamic row block size because the block size changed from 2 to 15
detect_structure.cc:114 Schur complement static structure <-1,6,3>.
schur_eliminator.cc:155 Template specializations not found for <-1,6,3>
block_sparse_matrix.cc:208 Allocating values array with 10464 bytes.
detect_structure.cc:63 Dynamic row block size because the block size changed from 2 to 15
detect_structure.cc:114 Schur complement static structure <-1,6,3>.
detect_structure.cc:63 Dynamic row block size because the block size changed from 2 to 15
detect_structure.cc:114 Schur complement static structure <-1,6,3>.
schur_eliminator.cc:155 Template specializations not found for <-1,6,3>
block_sparse_matrix.cc:208 Allocating values array with 163096 bytes.
detect_structure.cc:63 Dynamic row block size because the block size changed from 2 to 15
detect_structure.cc:74 Dynamic e block size because the block size changed from 1 to 9
detect_structure.cc:93 Dynamic f block size because the block size changed from 6 to 9
detect_structure.cc:114 Schur complement static structure <-1,-1,-1>.
detect_structure.cc:63 Dynamic row block size because the block size changed from 2 to 15
detect_structure.cc:74 Dynamic e block size because the block size changed from 1 to 9
detect_structure.cc:93 Dynamic f block size because the block size changed from 6 to 9
detect_structure.cc:114 Schur complement static structure <-1,-1,-1>.
schur_eliminator.cc:155 Template specializations not found for <-1,-1,-1>
block_sparse_matrix.cc:208 Allocating values array with 11256 bytes.
detect_structure.cc:63 Dynamic row block size because the block size changed from 2 to 15
detect_structure.cc:93 Dynamic f block size because the block size changed from 3 to 6
detect_structure.cc:114 Schur complement static structure <-1,6,-1>.
detect_structure.cc:63 Dynamic row block size because the block size changed from 2 to 15
detect_structure.cc:93 Dynamic f block size because the block size changed from 3 to 6
detect_structure.cc:114 Schur complement static structure <-1,6,-1>.
schur_eliminator.cc:155 Template specializations not found for <-1,6,-1>
[FeatureTracker] F-matrix: 145 → 95 (rejected 50, threshold=1)
block_sparse_matrix.cc:208 Allocating values array with 8160 bytes.
detect_structure.cc:63 Dynamic row block size because the block size changed from 2 to 15
detect_structure.cc:114 Schur complement static structure <-1,6,3>.
detect_structure.cc:63 Dynamic row block size because the block size changed from 2 to 15
detect_structure.cc:114 Schur complement static structure <-1,6,3>.
schur_eliminator.cc:155 Template specializations not found for <-1,6,3>
block_sparse_matrix.cc:208 Allocating values array with 9984 bytes.
detect_structure.cc:63 Dynamic row block size because the block size changed from 2 to 15
detect_structure.cc:114 Schur complement static structure <-1,6,3>.
detect_structure.cc:63 Dynamic row block size because the block size changed from 2 to 15
detect_structure.cc:114 Schur complement static structure <-1,6,3>.
schur_eliminator.cc:155 Template specializations not found for <-1,6,3>
block_sparse_matrix.cc:208 Allocating values array with 163304 bytes.
detect_structure.cc:63 Dynamic row block size because the block size changed from 2 to 15
detect_structure.cc:74 Dynamic e block size because the block size changed from 1 to 9
detect_structure.cc:93 Dynamic f block size because the block size changed from 6 to 9
detect_structure.cc:114 Schur complement static structure <-1,-1,-1>.
detect_structure.cc:63 Dynamic row block size because the block size changed from 2 to 15
detect_structure.cc:74 Dynamic e block size because the block size changed from 1 to 9
detect_structure.cc:93 Dynamic f block size because the block size changed from 6 to 9
detect_structure.cc:114 Schur complement static structure <-1,-1,-1>.
schur_eliminator.cc:155 Template specializations not found for <-1,-1,-1>
block_sparse_matrix.cc:208 Allocating values array with 11544 bytes.
detect_structure.cc:63 Dynamic row block size because the block size changed from 2 to 15
detect_structure.cc:93 Dynamic f block size because the block size changed from 3 to 6
detect_structure.cc:114 Schur complement static structure <-1,6,-1>.
detect_structure.cc:63 Dynamic row block size because the block size changed from 2 to 15
detect_structure.cc:93 Dynamic f block size because the block size changed from 3 to 6
detect_structure.cc:114 Schur complement static structure <-1,6,-1>.
schur_eliminator.cc:155 Template specializations not found for <-1,6,-1>
block_sparse_matrix.cc:208 Allocating values array with 8064 bytes.
detect_structure.cc:63 Dynamic row block size because the block size changed from 2 to 15
detect_structure.cc:114 Schur complement static structure <-1,6,3>.
detect_structure.cc:63 Dynamic row block size because the block size changed from 2 to 15
detect_structure.cc:114 Schur complement static structure <-1,6,3>.
schur_eliminator.cc:155 Template specializations not found for <-1,6,3>
block_sparse_matrix.cc:208 Allocating values array with 10272 bytes.
detect_structure.cc:63 Dynamic row block size because the block size changed from 2 to 15
detect_structure.cc:114 Schur complement static structure <-1,6,3>.
detect_structure.cc:63 Dynamic row block size because the block size changed from 2 to 15
detect_structure.cc:114 Schur complement static structure <-1,6,3>.
schur_eliminator.cc:155 Template specializations not found for <-1,6,3>
block_sparse_matrix.cc:208 Allocating values array with 164136 bytes.
detect_structure.cc:63 Dynamic row block size because the block size changed from 2 to 15
detect_structure.cc:74 Dynamic e block size because the block size changed from 1 to 9
detect_structure.cc:93 Dynamic f block size because the block size changed from 6 to 9
detect_structure.cc:114 Schur complement static structure <-1,-1,-1>.
detect_structure.cc:63 Dynamic row block size because the block size changed from 2 to 15
detect_structure.cc:74 Dynamic e block size because the block size changed from 1 to 9
detect_structure.cc:93 Dynamic f block size because the block size changed from 6 to 9
detect_structure.cc:114 Schur complement static structure <-1,-1,-1>.
schur_eliminator.cc:155 Template specializations not found for <-1,-1,-1>
block_sparse_matrix.cc:208 Allocating values array with 11832 bytes.
detect_structure.cc:63 Dynamic row block size because the block size changed from 2 to 15
detect_structure.cc:93 Dynamic f block size because the block size changed from 3 to 6
detect_structure.cc:114 Schur complement static structure <-1,6,-1>.
detect_structure.cc:63 Dynamic row block size because the block size changed from 2 to 15
detect_structure.cc:93 Dynamic f block size because the block size changed from 3 to 6
detect_structure.cc:114 Schur complement static structure <-1,6,-1>.
schur_eliminator.cc:155 Template specializations not found for <-1,6,-1>
block_sparse_matrix.cc:208 Allocating values array with 8352 bytes.
detect_structure.cc:63 Dynamic row block size because the block size changed from 2 to 15
detect_structure.cc:114 Schur complement static structure <-1,6,3>.
detect_structure.cc:63 Dynamic row block size because the block size changed from 2 to 15
detect_structure.cc:114 Schur complement static structure <-1,6,3>.
schur_eliminator.cc:155 Template specializations not found for <-1,6,3>
[FeatureTracker] F-matrix: 106 → 60 (rejected 46, threshold=1)
block_sparse_matrix.cc:208 Allocating values array with 10080 bytes.
detect_structure.cc:63 Dynamic row block size because the block size changed from 2 to 15
detect_structure.cc:114 Schur complement static structure <-1,6,3>.
detect_structure.cc:63 Dynamic row block size because the block size changed from 2 to 15
detect_structure.cc:114 Schur complement static structure <-1,6,3>.
schur_eliminator.cc:155 Template specializations not found for <-1,6,3>
block_sparse_matrix.cc:208 Allocating values array with 169544 bytes.
detect_structure.cc:63 Dynamic row block size because the block size changed from 2 to 15
detect_structure.cc:74 Dynamic e block size because the block size changed from 1 to 9
detect_structure.cc:93 Dynamic f block size because the block size changed from 6 to 9
detect_structure.cc:114 Schur complement static structure <-1,-1,-1>.
detect_structure.cc:63 Dynamic row block size because the block size changed from 2 to 15
detect_structure.cc:74 Dynamic e block size because the block size changed from 1 to 9
detect_structure.cc:93 Dynamic f block size because the block size changed from 6 to 9
detect_structure.cc:114 Schur complement static structure <-1,-1,-1>.
schur_eliminator.cc:155 Template specializations not found for <-1,-1,-1>
block_sparse_matrix.cc:208 Allocating values array with 11448 bytes.
detect_structure.cc:63 Dynamic row block size because the block size changed from 2 to 15
detect_structure.cc:93 Dynamic f block size because the block size changed from 3 to 6
detect_structure.cc:114 Schur complement static structure <-1,6,-1>.
detect_structure.cc:63 Dynamic row block size because the block size changed from 2 to 15
detect_structure.cc:93 Dynamic f block size because the block size changed from 3 to 6
detect_structure.cc:114 Schur complement static structure <-1,6,-1>.
schur_eliminator.cc:155 Template specializations not found for <-1,6,-1>
block_sparse_matrix.cc:208 Allocating values array with 8256 bytes.
detect_structure.cc:63 Dynamic row block size because the block size changed from 2 to 15
detect_structure.cc:114 Schur complement static structure <-1,6,3>.
detect_structure.cc:63 Dynamic row block size because the block size changed from 2 to 15
detect_structure.cc:114 Schur complement static structure <-1,6,3>.
schur_eliminator.cc:155 Template specializations not found for <-1,6,3>
block_sparse_matrix.cc:208 Allocating values array with 10272 bytes.
detect_structure.cc:63 Dynamic row block size because the block size changed from 2 to 15
detect_structure.cc:114 Schur complement static structure <-1,6,3>.
detect_structure.cc:63 Dynamic row block size because the block size changed from 2 to 15
detect_structure.cc:114 Schur complement static structure <-1,6,3>.
schur_eliminator.cc:155 Template specializations not found for <-1,6,3>
block_sparse_matrix.cc:208 Allocating values array with 171416 bytes.
detect_structure.cc:63 Dynamic row block size because the block size changed from 2 to 15
detect_structure.cc:74 Dynamic e block size because the block size changed from 1 to 9
detect_structure.cc:93 Dynamic f block size because the block size changed from 6 to 9
detect_structure.cc:114 Schur complement static structure <-1,-1,-1>.
detect_structure.cc:63 Dynamic row block size because the block size changed from 2 to 15
detect_structure.cc:74 Dynamic e block size because the block size changed from 1 to 9
detect_structure.cc:93 Dynamic f block size because the block size changed from 6 to 9
detect_structure.cc:114 Schur complement static structure <-1,-1,-1>.
schur_eliminator.cc:155 Template specializations not found for <-1,-1,-1>
block_sparse_matrix.cc:208 Allocating values array with 11928 bytes.
detect_structure.cc:63 Dynamic row block size because the block size changed from 2 to 15
detect_structure.cc:93 Dynamic f block size because the block size changed from 3 to 6
detect_structure.cc:114 Schur complement static structure <-1,6,-1>.
detect_structure.cc:63 Dynamic row block size because the block size changed from 2 to 15
detect_structure.cc:93 Dynamic f block size because the block size changed from 3 to 6
detect_structure.cc:114 Schur complement static structure <-1,6,-1>.
schur_eliminator.cc:155 Template specializations not found for <-1,6,-1>
block_sparse_matrix.cc:208 Allocating values array with 8064 bytes.
detect_structure.cc:63 Dynamic row block size because the block size changed from 2 to 15
detect_structure.cc:114 Schur complement static structure <-1,6,3>.
detect_structure.cc:63 Dynamic row block size because the block size changed from 2 to 15
detect_structure.cc:114 Schur complement static structure <-1,6,3>.
schur_eliminator.cc:155 Template specializations not found for <-1,6,3>
[Replay] 500/600 frames, 451 valid poses
block_sparse_matrix.cc:208 Allocating values array with 10080 bytes.
detect_structure.cc:63 Dynamic row block size because the block size changed from 2 to 15
detect_structure.cc:114 Schur complement static structure <-1,6,3>.
detect_structure.cc:63 Dynamic row block size because the block size changed from 2 to 15
detect_structure.cc:114 Schur complement static structure <-1,6,3>.
schur_eliminator.cc:155 Template specializations not found for <-1,6,3>
block_sparse_matrix.cc:208 Allocating values array with 171416 bytes.
detect_structure.cc:63 Dynamic row block size because the block size changed from 2 to 15
detect_structure.cc:74 Dynamic e block size because the block size changed from 1 to 9
detect_structure.cc:93 Dynamic f block size because the block size changed from 6 to 9
detect_structure.cc:114 Schur complement static structure <-1,-1,-1>.
detect_structure.cc:63 Dynamic row block size because the block size changed from 2 to 15
detect_structure.cc:74 Dynamic e block size because the block size changed from 1 to 9
detect_structure.cc:93 Dynamic f block size because the block size changed from 6 to 9
detect_structure.cc:114 Schur complement static structure <-1,-1,-1>.
schur_eliminator.cc:155 Template specializations not found for <-1,-1,-1>
block_sparse_matrix.cc:208 Allocating values array with 11832 bytes.
detect_structure.cc:63 Dynamic row block size because the block size changed from 2 to 15
detect_structure.cc:93 Dynamic f block size because the block size changed from 3 to 6
detect_structure.cc:114 Schur complement static structure <-1,6,-1>.
detect_structure.cc:63 Dynamic row block size because the block size changed from 2 to 15
detect_structure.cc:93 Dynamic f block size because the block size changed from 3 to 6
detect_structure.cc:114 Schur complement static structure <-1,6,-1>.
schur_eliminator.cc:155 Template specializations not found for <-1,6,-1>
[FeatureTracker] F-matrix: 93 → 45 (rejected 48, threshold=1)
block_sparse_matrix.cc:208 Allocating values array with 8352 bytes.
detect_structure.cc:63 Dynamic row block size because the block size changed from 2 to 15
detect_structure.cc:114 Schur complement static structure <-1,6,3>.
detect_structure.cc:63 Dynamic row block size because the block size changed from 2 to 15
detect_structure.cc:114 Schur complement static structure <-1,6,3>.
schur_eliminator.cc:155 Template specializations not found for <-1,6,3>
block_sparse_matrix.cc:208 Allocating values array with 10368 bytes.
detect_structure.cc:63 Dynamic row block size because the block size changed from 2 to 15
detect_structure.cc:114 Schur complement static structure <-1,6,3>.
detect_structure.cc:63 Dynamic row block size because the block size changed from 2 to 15
detect_structure.cc:114 Schur complement static structure <-1,6,3>.
schur_eliminator.cc:155 Template specializations not found for <-1,6,3>
block_sparse_matrix.cc:208 Allocating values array with 163720 bytes.
detect_structure.cc:63 Dynamic row block size because the block size changed from 2 to 15
detect_structure.cc:74 Dynamic e block size because the block size changed from 1 to 9
detect_structure.cc:93 Dynamic f block size because the block size changed from 6 to 9
detect_structure.cc:114 Schur complement static structure <-1,-1,-1>.
detect_structure.cc:63 Dynamic row block size because the block size changed from 2 to 15
detect_structure.cc:74 Dynamic e block size because the block size changed from 1 to 9
detect_structure.cc:93 Dynamic f block size because the block size changed from 6 to 9
detect_structure.cc:114 Schur complement static structure <-1,-1,-1>.
schur_eliminator.cc:155 Template specializations not found for <-1,-1,-1>
block_sparse_matrix.cc:208 Allocating values array with 11256 bytes.
detect_structure.cc:63 Dynamic row block size because the block size changed from 2 to 15
detect_structure.cc:93 Dynamic f block size because the block size changed from 3 to 6
detect_structure.cc:114 Schur complement static structure <-1,6,-1>.
detect_structure.cc:63 Dynamic row block size because the block size changed from 2 to 15
detect_structure.cc:93 Dynamic f block size because the block size changed from 3 to 6
detect_structure.cc:114 Schur complement static structure <-1,6,-1>.
schur_eliminator.cc:155 Template specializations not found for <-1,6,-1>
[FeatureTracker] F-matrix: 142 → 95 (rejected 47, threshold=1)
block_sparse_matrix.cc:208 Allocating values array with 8352 bytes.
detect_structure.cc:63 Dynamic row block size because the block size changed from 2 to 15
detect_structure.cc:114 Schur complement static structure <-1,6,3>.
detect_structure.cc:63 Dynamic row block size because the block size changed from 2 to 15
detect_structure.cc:114 Schur complement static structure <-1,6,3>.
schur_eliminator.cc:155 Template specializations not found for <-1,6,3>
block_sparse_matrix.cc:208 Allocating values array with 9888 bytes.
detect_structure.cc:63 Dynamic row block size because the block size changed from 2 to 15
detect_structure.cc:114 Schur complement static structure <-1,6,3>.
detect_structure.cc:63 Dynamic row block size because the block size changed from 2 to 15
detect_structure.cc:114 Schur complement static structure <-1,6,3>.
schur_eliminator.cc:155 Template specializations not found for <-1,6,3>
block_sparse_matrix.cc:208 Allocating values array with 161640 bytes.
detect_structure.cc:63 Dynamic row block size because the block size changed from 2 to 15
detect_structure.cc:74 Dynamic e block size because the block size changed from 1 to 9
detect_structure.cc:93 Dynamic f block size because the block size changed from 6 to 9
detect_structure.cc:114 Schur complement static structure <-1,-1,-1>.
detect_structure.cc:63 Dynamic row block size because the block size changed from 2 to 15
detect_structure.cc:74 Dynamic e block size because the block size changed from 1 to 9
detect_structure.cc:93 Dynamic f block size because the block size changed from 6 to 9
detect_structure.cc:114 Schur complement static structure <-1,-1,-1>.
schur_eliminator.cc:155 Template specializations not found for <-1,-1,-1>
block_sparse_matrix.cc:208 Allocating values array with 10680 bytes.
detect_structure.cc:63 Dynamic row block size because the block size changed from 2 to 15
detect_structure.cc:93 Dynamic f block size because the block size changed from 3 to 6
detect_structure.cc:114 Schur complement static structure <-1,6,-1>.
detect_structure.cc:63 Dynamic row block size because the block size changed from 2 to 15
detect_structure.cc:93 Dynamic f block size because the block size changed from 3 to 6
detect_structure.cc:114 Schur complement static structure <-1,6,-1>.
schur_eliminator.cc:155 Template specializations not found for <-1,6,-1>
block_sparse_matrix.cc:208 Allocating values array with 7872 bytes.
detect_structure.cc:63 Dynamic row block size because the block size changed from 2 to 15
detect_structure.cc:114 Schur complement static structure <-1,6,3>.
detect_structure.cc:63 Dynamic row block size because the block size changed from 2 to 15
detect_structure.cc:114 Schur complement static structure <-1,6,3>.
schur_eliminator.cc:155 Template specializations not found for <-1,6,3>
block_sparse_matrix.cc:208 Allocating values array with 9600 bytes.
detect_structure.cc:63 Dynamic row block size because the block size changed from 2 to 15
detect_structure.cc:114 Schur complement static structure <-1,6,3>.
detect_structure.cc:63 Dynamic row block size because the block size changed from 2 to 15
detect_structure.cc:114 Schur complement static structure <-1,6,3>.
schur_eliminator.cc:155 Template specializations not found for <-1,6,3>
block_sparse_matrix.cc:208 Allocating values array with 156440 bytes.
detect_structure.cc:63 Dynamic row block size because the block size changed from 2 to 15
detect_structure.cc:74 Dynamic e block size because the block size changed from 1 to 9
detect_structure.cc:93 Dynamic f block size because the block size changed from 6 to 9
detect_structure.cc:114 Schur complement static structure <-1,-1,-1>.
detect_structure.cc:63 Dynamic row block size because the block size changed from 2 to 15
detect_structure.cc:74 Dynamic e block size because the block size changed from 1 to 9
detect_structure.cc:93 Dynamic f block size because the block size changed from 6 to 9
detect_structure.cc:114 Schur complement static structure <-1,-1,-1>.
schur_eliminator.cc:155 Template specializations not found for <-1,-1,-1>
block_sparse_matrix.cc:208 Allocating values array with 10488 bytes.
detect_structure.cc:63 Dynamic row block size because the block size changed from 2 to 15
detect_structure.cc:93 Dynamic f block size because the block size changed from 3 to 6
detect_structure.cc:114 Schur complement static structure <-1,6,-1>.
detect_structure.cc:63 Dynamic row block size because the block size changed from 2 to 15
detect_structure.cc:93 Dynamic f block size because the block size changed from 3 to 6
detect_structure.cc:114 Schur complement static structure <-1,6,-1>.
schur_eliminator.cc:155 Template specializations not found for <-1,6,-1>
block_sparse_matrix.cc:208 Allocating values array with 7584 bytes.
detect_structure.cc:63 Dynamic row block size because the block size changed from 2 to 15
detect_structure.cc:114 Schur complement static structure <-1,6,3>.
detect_structure.cc:63 Dynamic row block size because the block size changed from 2 to 15
detect_structure.cc:114 Schur complement static structure <-1,6,3>.
schur_eliminator.cc:155 Template specializations not found for <-1,6,3>
block_sparse_matrix.cc:208 Allocating values array with 9408 bytes.
detect_structure.cc:63 Dynamic row block size because the block size changed from 2 to 15
detect_structure.cc:114 Schur complement static structure <-1,6,3>.
detect_structure.cc:63 Dynamic row block size because the block size changed from 2 to 15
detect_structure.cc:114 Schur complement static structure <-1,6,3>.
schur_eliminator.cc:155 Template specializations not found for <-1,6,3>
block_sparse_matrix.cc:208 Allocating values array with 155192 bytes.
detect_structure.cc:63 Dynamic row block size because the block size changed from 2 to 15
detect_structure.cc:74 Dynamic e block size because the block size changed from 1 to 9
detect_structure.cc:93 Dynamic f block size because the block size changed from 6 to 9
detect_structure.cc:114 Schur complement static structure <-1,-1,-1>.
detect_structure.cc:63 Dynamic row block size because the block size changed from 2 to 15
detect_structure.cc:74 Dynamic e block size because the block size changed from 1 to 9
detect_structure.cc:93 Dynamic f block size because the block size changed from 6 to 9
detect_structure.cc:114 Schur complement static structure <-1,-1,-1>.
schur_eliminator.cc:155 Template specializations not found for <-1,-1,-1>
block_sparse_matrix.cc:208 Allocating values array with 11064 bytes.
detect_structure.cc:63 Dynamic row block size because the block size changed from 2 to 15
detect_structure.cc:93 Dynamic f block size because the block size changed from 3 to 6
detect_structure.cc:114 Schur complement static structure <-1,6,-1>.
detect_structure.cc:63 Dynamic row block size because the block size changed from 2 to 15
detect_structure.cc:93 Dynamic f block size because the block size changed from 3 to 6
detect_structure.cc:114 Schur complement static structure <-1,6,-1>.
schur_eliminator.cc:155 Template specializations not found for <-1,6,-1>
[FeatureTracker] F-matrix: 146 → 90 (rejected 56, threshold=1)
block_sparse_matrix.cc:208 Allocating values array with 7872 bytes.
detect_structure.cc:63 Dynamic row block size because the block size changed from 2 to 15
detect_structure.cc:114 Schur complement static structure <-1,6,3>.
detect_structure.cc:63 Dynamic row block size because the block size changed from 2 to 15
detect_structure.cc:114 Schur complement static structure <-1,6,3>.
schur_eliminator.cc:155 Template specializations not found for <-1,6,3>
block_sparse_matrix.cc:208 Allocating values array with 9888 bytes.
detect_structure.cc:63 Dynamic row block size because the block size changed from 2 to 15
detect_structure.cc:114 Schur complement static structure <-1,6,3>.
detect_structure.cc:63 Dynamic row block size because the block size changed from 2 to 15
detect_structure.cc:114 Schur complement static structure <-1,6,3>.
schur_eliminator.cc:155 Template specializations not found for <-1,6,3>
block_sparse_matrix.cc:208 Allocating values array with 160392 bytes.
detect_structure.cc:63 Dynamic row block size because the block size changed from 2 to 15
detect_structure.cc:74 Dynamic e block size because the block size changed from 1 to 9
detect_structure.cc:93 Dynamic f block size because the block size changed from 6 to 9
detect_structure.cc:114 Schur complement static structure <-1,-1,-1>.
detect_structure.cc:63 Dynamic row block size because the block size changed from 2 to 15
detect_structure.cc:74 Dynamic e block size because the block size changed from 1 to 9
detect_structure.cc:93 Dynamic f block size because the block size changed from 6 to 9
detect_structure.cc:114 Schur complement static structure <-1,-1,-1>.
schur_eliminator.cc:155 Template specializations not found for <-1,-1,-1>
block_sparse_matrix.cc:208 Allocating values array with 11736 bytes.
detect_structure.cc:63 Dynamic row block size because the block size changed from 2 to 15
detect_structure.cc:93 Dynamic f block size because the block size changed from 3 to 6
detect_structure.cc:114 Schur complement static structure <-1,6,-1>.
detect_structure.cc:63 Dynamic row block size because the block size changed from 2 to 15
detect_structure.cc:93 Dynamic f block size because the block size changed from 3 to 6
detect_structure.cc:114 Schur complement static structure <-1,6,-1>.
schur_eliminator.cc:155 Template specializations not found for <-1,6,-1>
block_sparse_matrix.cc:208 Allocating values array with 8160 bytes.
detect_structure.cc:63 Dynamic row block size because the block size changed from 2 to 15
detect_structure.cc:114 Schur complement static structure <-1,6,3>.
detect_structure.cc:63 Dynamic row block size because the block size changed from 2 to 15
detect_structure.cc:114 Schur complement static structure <-1,6,3>.
schur_eliminator.cc:155 Template specializations not found for <-1,6,3>
[FeatureTracker] F-matrix: 106 → 66 (rejected 40, threshold=1)
block_sparse_matrix.cc:208 Allocating values array with 10272 bytes.
detect_structure.cc:63 Dynamic row block size because the block size changed from 2 to 15
detect_structure.cc:114 Schur complement static structure <-1,6,3>.
detect_structure.cc:63 Dynamic row block size because the block size changed from 2 to 15
detect_structure.cc:114 Schur complement static structure <-1,6,3>.
schur_eliminator.cc:155 Template specializations not found for <-1,6,3>
block_sparse_matrix.cc:208 Allocating values array with 160600 bytes.
detect_structure.cc:63 Dynamic row block size because the block size changed from 2 to 15
detect_structure.cc:74 Dynamic e block size because the block size changed from 1 to 9
detect_structure.cc:93 Dynamic f block size because the block size changed from 6 to 9
detect_structure.cc:114 Schur complement static structure <-1,-1,-1>.
detect_structure.cc:63 Dynamic row block size because the block size changed from 2 to 15
detect_structure.cc:74 Dynamic e block size because the block size changed from 1 to 9
detect_structure.cc:93 Dynamic f block size because the block size changed from 6 to 9
detect_structure.cc:114 Schur complement static structure <-1,-1,-1>.
schur_eliminator.cc:155 Template specializations not found for <-1,-1,-1>
block_sparse_matrix.cc:208 Allocating values array with 12120 bytes.
detect_structure.cc:63 Dynamic row block size because the block size changed from 2 to 15
detect_structure.cc:93 Dynamic f block size because the block size changed from 3 to 6
detect_structure.cc:114 Schur complement static structure <-1,6,-1>.
detect_structure.cc:63 Dynamic row block size because the block size changed from 2 to 15
detect_structure.cc:93 Dynamic f block size because the block size changed from 3 to 6
detect_structure.cc:114 Schur complement static structure <-1,6,-1>.
schur_eliminator.cc:155 Template specializations not found for <-1,6,-1>
block_sparse_matrix.cc:208 Allocating values array with 8448 bytes.
detect_structure.cc:63 Dynamic row block size because the block size changed from 2 to 15
detect_structure.cc:114 Schur complement static structure <-1,6,3>.
detect_structure.cc:63 Dynamic row block size because the block size changed from 2 to 15
detect_structure.cc:114 Schur complement static structure <-1,6,3>.
schur_eliminator.cc:155 Template specializations not found for <-1,6,3>
block_sparse_matrix.cc:208 Allocating values array with 11040 bytes.
detect_structure.cc:63 Dynamic row block size because the block size changed from 2 to 15
detect_structure.cc:114 Schur complement static structure <-1,6,3>.
detect_structure.cc:63 Dynamic row block size because the block size changed from 2 to 15
detect_structure.cc:114 Schur complement static structure <-1,6,3>.
schur_eliminator.cc:155 Template specializations not found for <-1,6,3>
block_sparse_matrix.cc:208 Allocating values array with 155608 bytes.
detect_structure.cc:63 Dynamic row block size because the block size changed from 2 to 15
detect_structure.cc:74 Dynamic e block size because the block size changed from 1 to 9
detect_structure.cc:93 Dynamic f block size because the block size changed from 6 to 9
detect_structure.cc:114 Schur complement static structure <-1,-1,-1>.
detect_structure.cc:63 Dynamic row block size because the block size changed from 2 to 15
detect_structure.cc:74 Dynamic e block size because the block size changed from 1 to 9
detect_structure.cc:93 Dynamic f block size because the block size changed from 6 to 9
detect_structure.cc:114 Schur complement static structure <-1,-1,-1>.
schur_eliminator.cc:155 Template specializations not found for <-1,-1,-1>
block_sparse_matrix.cc:208 Allocating values array with 12600 bytes.
detect_structure.cc:63 Dynamic row block size because the block size changed from 2 to 15
detect_structure.cc:93 Dynamic f block size because the block size changed from 3 to 6
detect_structure.cc:114 Schur complement static structure <-1,6,-1>.
detect_structure.cc:63 Dynamic row block size because the block size changed from 2 to 15
detect_structure.cc:93 Dynamic f block size because the block size changed from 3 to 6
detect_structure.cc:114 Schur complement static structure <-1,6,-1>.
schur_eliminator.cc:155 Template specializations not found for <-1,6,-1>
block_sparse_matrix.cc:208 Allocating values array with 9024 bytes.
detect_structure.cc:63 Dynamic row block size because the block size changed from 2 to 15
detect_structure.cc:114 Schur complement static structure <-1,6,3>.
detect_structure.cc:63 Dynamic row block size because the block size changed from 2 to 15
detect_structure.cc:114 Schur complement static structure <-1,6,3>.
schur_eliminator.cc:155 Template specializations not found for <-1,6,3>
block_sparse_matrix.cc:208 Allocating values array with 11328 bytes.
detect_structure.cc:63 Dynamic row block size because the block size changed from 2 to 15
detect_structure.cc:114 Schur complement static structure <-1,6,3>.
detect_structure.cc:63 Dynamic row block size because the block size changed from 2 to 15
detect_structure.cc:114 Schur complement static structure <-1,6,3>.
schur_eliminator.cc:155 Template specializations not found for <-1,6,3>
block_sparse_matrix.cc:208 Allocating values array with 157896 bytes.
detect_structure.cc:63 Dynamic row block size because the block size changed from 2 to 15
detect_structure.cc:74 Dynamic e block size because the block size changed from 1 to 9
detect_structure.cc:93 Dynamic f block size because the block size changed from 6 to 9
detect_structure.cc:114 Schur complement static structure <-1,-1,-1>.
detect_structure.cc:63 Dynamic row block size because the block size changed from 2 to 15
detect_structure.cc:74 Dynamic e block size because the block size changed from 1 to 9
detect_structure.cc:93 Dynamic f block size because the block size changed from 6 to 9
detect_structure.cc:114 Schur complement static structure <-1,-1,-1>.
schur_eliminator.cc:155 Template specializations not found for <-1,-1,-1>
block_sparse_matrix.cc:208 Allocating values array with 13560 bytes.
detect_structure.cc:63 Dynamic row block size because the block size changed from 2 to 15
detect_structure.cc:93 Dynamic f block size because the block size changed from 3 to 6
detect_structure.cc:114 Schur complement static structure <-1,6,-1>.
detect_structure.cc:63 Dynamic row block size because the block size changed from 2 to 15
detect_structure.cc:93 Dynamic f block size because the block size changed from 3 to 6
detect_structure.cc:114 Schur complement static structure <-1,6,-1>.
schur_eliminator.cc:155 Template specializations not found for <-1,6,-1>
[VIO DIAG] f=160 tri: ok=110 wait=19 fail=0 default=0 depth: avg=1.05342 min=0.409658 max=1.65363 |vel|=0.341107 vel=(0.0199108,-0.0652189,-0.334222) ba=(-0.0407349,-0.118827,-0.0313643) bg=(3.53281e-05,-0.000231553,-0.000446349)
block_sparse_matrix.cc:208 Allocating values array with 9216 bytes.
detect_structure.cc:63 Dynamic row block size because the block size changed from 2 to 15
detect_structure.cc:114 Schur complement static structure <-1,6,3>.
detect_structure.cc:63 Dynamic row block size because the block size changed from 2 to 15
detect_structure.cc:114 Schur complement static structure <-1,6,3>.
schur_eliminator.cc:155 Template specializations not found for <-1,6,3>
block_sparse_matrix.cc:208 Allocating values array with 12288 bytes.
detect_structure.cc:63 Dynamic row block size because the block size changed from 2 to 15
detect_structure.cc:114 Schur complement static structure <-1,6,3>.
detect_structure.cc:63 Dynamic row block size because the block size changed from 2 to 15
detect_structure.cc:114 Schur complement static structure <-1,6,3>.
schur_eliminator.cc:155 Template specializations not found for <-1,6,3>
block_sparse_matrix.cc:208 Allocating values array with 164760 bytes.
detect_structure.cc:63 Dynamic row block size because the block size changed from 2 to 15
detect_structure.cc:74 Dynamic e block size because the block size changed from 1 to 9
detect_structure.cc:93 Dynamic f block size because the block size changed from 6 to 9
detect_structure.cc:114 Schur complement static structure <-1,-1,-1>.
detect_structure.cc:63 Dynamic row block size because the block size changed from 2 to 15
detect_structure.cc:74 Dynamic e block size because the block size changed from 1 to 9
detect_structure.cc:93 Dynamic f block size because the block size changed from 6 to 9
detect_structure.cc:114 Schur complement static structure <-1,-1,-1>.
schur_eliminator.cc:155 Template specializations not found for <-1,-1,-1>
block_sparse_matrix.cc:208 Allocating values array with 14616 bytes.
detect_structure.cc:63 Dynamic row block size because the block size changed from 2 to 15
detect_structure.cc:93 Dynamic f block size because the block size changed from 3 to 6
detect_structure.cc:114 Schur complement static structure <-1,6,-1>.
detect_structure.cc:63 Dynamic row block size because the block size changed from 2 to 15
detect_structure.cc:93 Dynamic f block size because the block size changed from 3 to 6
detect_structure.cc:114 Schur complement static structure <-1,6,-1>.
schur_eliminator.cc:155 Template specializations not found for <-1,6,-1>
block_sparse_matrix.cc:208 Allocating values array with 9696 bytes.
detect_structure.cc:63 Dynamic row block size because the block size changed from 2 to 15
detect_structure.cc:114 Schur complement static structure <-1,6,3>.
detect_structure.cc:63 Dynamic row block size because the block size changed from 2 to 15
detect_structure.cc:114 Schur complement static structure <-1,6,3>.
schur_eliminator.cc:155 Template specializations not found for <-1,6,3>
block_sparse_matrix.cc:208 Allocating values array with 13056 bytes.
detect_structure.cc:63 Dynamic row block size because the block size changed from 2 to 15
detect_structure.cc:114 Schur complement static structure <-1,6,3>.
detect_structure.cc:63 Dynamic row block size because the block size changed from 2 to 15
detect_structure.cc:114 Schur complement static structure <-1,6,3>.
schur_eliminator.cc:155 Template specializations not found for <-1,6,3>
block_sparse_matrix.cc:208 Allocating values array with 169128 bytes.
detect_structure.cc:63 Dynamic row block size because the block size changed from 2 to 15
detect_structure.cc:74 Dynamic e block size because the block size changed from 1 to 9
detect_structure.cc:93 Dynamic f block size because the block size changed from 6 to 9
detect_structure.cc:114 Schur complement static structure <-1,-1,-1>.
detect_structure.cc:63 Dynamic row block size because the block size changed from 2 to 15
detect_structure.cc:74 Dynamic e block size because the block size changed from 1 to 9
detect_structure.cc:93 Dynamic f block size because the block size changed from 6 to 9
detect_structure.cc:114 Schur complement static structure <-1,-1,-1>.
schur_eliminator.cc:155 Template specializations not found for <-1,-1,-1>
block_sparse_matrix.cc:208 Allocating values array with 15576 bytes.
detect_structure.cc:63 Dynamic row block size because the block size changed from 2 to 15
detect_structure.cc:93 Dynamic f block size because the block size changed from 3 to 6
detect_structure.cc:114 Schur complement static structure <-1,6,-1>.
detect_structure.cc:63 Dynamic row block size because the block size changed from 2 to 15
detect_structure.cc:93 Dynamic f block size because the block size changed from 3 to 6
detect_structure.cc:114 Schur complement static structure <-1,6,-1>.
schur_eliminator.cc:155 Template specializations not found for <-1,6,-1>
block_sparse_matrix.cc:208 Allocating values array with 10752 bytes.
detect_structure.cc:63 Dynamic row block size because the block size changed from 2 to 15
detect_structure.cc:114 Schur complement static structure <-1,6,3>.
detect_structure.cc:63 Dynamic row block size because the block size changed from 2 to 15
detect_structure.cc:114 Schur complement static structure <-1,6,3>.
schur_eliminator.cc:155 Template specializations not found for <-1,6,3>
block_sparse_matrix.cc:208 Allocating values array with 14400 bytes.
detect_structure.cc:63 Dynamic row block size because the block size changed from 2 to 15
detect_structure.cc:114 Schur complement static structure <-1,6,3>.
detect_structure.cc:63 Dynamic row block size because the block size changed from 2 to 15
detect_structure.cc:114 Schur complement static structure <-1,6,3>.
schur_eliminator.cc:155 Template specializations not found for <-1,6,3>
block_sparse_matrix.cc:208 Allocating values array with 171832 bytes.
detect_structure.cc:63 Dynamic row block size because the block size changed from 2 to 15
detect_structure.cc:74 Dynamic e block size because the block size changed from 1 to 9
detect_structure.cc:93 Dynamic f block size because the block size changed from 6 to 9
detect_structure.cc:114 Schur complement static structure <-1,-1,-1>.
detect_structure.cc:63 Dynamic row block size because the block size changed from 2 to 15
detect_structure.cc:74 Dynamic e block size because the block size changed from 1 to 9
detect_structure.cc:93 Dynamic f block size because the block size changed from 6 to 9
detect_structure.cc:114 Schur complement static structure <-1,-1,-1>.
schur_eliminator.cc:155 Template specializations not found for <-1,-1,-1>
block_sparse_matrix.cc:208 Allocating values array with 15672 bytes.
detect_structure.cc:63 Dynamic row block size because the block size changed from 2 to 15
detect_structure.cc:93 Dynamic f block size because the block size changed from 3 to 6
detect_structure.cc:114 Schur complement static structure <-1,6,-1>.
detect_structure.cc:63 Dynamic row block size because the block size changed from 2 to 15
detect_structure.cc:93 Dynamic f block size because the block size changed from 3 to 6
detect_structure.cc:114 Schur complement static structure <-1,6,-1>.
schur_eliminator.cc:155 Template specializations not found for <-1,6,-1>
[FeatureTracker] F-matrix: 92 → 45 (rejected 47, threshold=1)
block_sparse_matrix.cc:208 Allocating values array with 11328 bytes.
detect_structure.cc:63 Dynamic row block size because the block size changed from 2 to 15
detect_structure.cc:114 Schur complement static structure <-1,6,3>.
detect_structure.cc:63 Dynamic row block size because the block size changed from 2 to 15
detect_structure.cc:114 Schur complement static structure <-1,6,3>.
schur_eliminator.cc:155 Template specializations not found for <-1,6,3>
block_sparse_matrix.cc:208 Allocating values array with 13536 bytes.
detect_structure.cc:63 Dynamic row block size because the block size changed from 2 to 15
detect_structure.cc:114 Schur complement static structure <-1,6,3>.
detect_structure.cc:63 Dynamic row block size because the block size changed from 2 to 15
detect_structure.cc:114 Schur complement static structure <-1,6,3>.
schur_eliminator.cc:155 Template specializations not found for <-1,6,3>
block_sparse_matrix.cc:208 Allocating values array with 174536 bytes.
detect_structure.cc:63 Dynamic row block size because the block size changed from 2 to 15
detect_structure.cc:74 Dynamic e block size because the block size changed from 1 to 9
detect_structure.cc:93 Dynamic f block size because the block size changed from 6 to 9
detect_structure.cc:114 Schur complement static structure <-1,-1,-1>.
detect_structure.cc:63 Dynamic row block size because the block size changed from 2 to 15
detect_structure.cc:74 Dynamic e block size because the block size changed from 1 to 9
detect_structure.cc:93 Dynamic f block size because the block size changed from 6 to 9
detect_structure.cc:114 Schur complement static structure <-1,-1,-1>.
schur_eliminator.cc:155 Template specializations not found for <-1,-1,-1>
block_sparse_matrix.cc:208 Allocating values array with 14136 bytes.
detect_structure.cc:63 Dynamic row block size because the block size changed from 2 to 15
detect_structure.cc:93 Dynamic f block size because the block size changed from 3 to 6
detect_structure.cc:114 Schur complement static structure <-1,6,-1>.
detect_structure.cc:63 Dynamic row block size because the block size changed from 2 to 15
detect_structure.cc:93 Dynamic f block size because the block size changed from 3 to 6
detect_structure.cc:114 Schur complement static structure <-1,6,-1>.
schur_eliminator.cc:155 Template specializations not found for <-1,6,-1>
block_sparse_matrix.cc:208 Allocating values array with 10176 bytes.
detect_structure.cc:63 Dynamic row block size because the block size changed from 2 to 15
detect_structure.cc:114 Schur complement static structure <-1,6,3>.
detect_structure.cc:63 Dynamic row block size because the block size changed from 2 to 15
detect_structure.cc:114 Schur complement static structure <-1,6,3>.
schur_eliminator.cc:155 Template specializations not found for <-1,6,3>
block_sparse_matrix.cc:208 Allocating values array with 12960 bytes.
detect_structure.cc:63 Dynamic row block size because the block size changed from 2 to 15
detect_structure.cc:114 Schur complement static structure <-1,6,3>.
detect_structure.cc:63 Dynamic row block size because the block size changed from 2 to 15
detect_structure.cc:114 Schur complement static structure <-1,6,3>.
schur_eliminator.cc:155 Template specializations not found for <-1,6,3>
block_sparse_matrix.cc:208 Allocating values array with 171208 bytes.
detect_structure.cc:63 Dynamic row block size because the block size changed from 2 to 15
detect_structure.cc:74 Dynamic e block size because the block size changed from 1 to 9
detect_structure.cc:93 Dynamic f block size because the block size changed from 6 to 9
detect_structure.cc:114 Schur complement static structure <-1,-1,-1>.
detect_structure.cc:63 Dynamic row block size because the block size changed from 2 to 15
detect_structure.cc:74 Dynamic e block size because the block size changed from 1 to 9
detect_structure.cc:93 Dynamic f block size because the block size changed from 6 to 9
detect_structure.cc:114 Schur complement static structure <-1,-1,-1>.
schur_eliminator.cc:155 Template specializations not found for <-1,-1,-1>
block_sparse_matrix.cc:208 Allocating values array with 12792 bytes.
detect_structure.cc:63 Dynamic row block size because the block size changed from 2 to 15
detect_structure.cc:93 Dynamic f block size because the block size changed from 3 to 6
detect_structure.cc:114 Schur complement static structure <-1,6,-1>.
detect_structure.cc:63 Dynamic row block size because the block size changed from 2 to 15
detect_structure.cc:93 Dynamic f block size because the block size changed from 3 to 6
detect_structure.cc:114 Schur complement static structure <-1,6,-1>.
schur_eliminator.cc:155 Template specializations not found for <-1,6,-1>
block_sparse_matrix.cc:208 Allocating values array with 9312 bytes.
detect_structure.cc:63 Dynamic row block size because the block size changed from 2 to 15
detect_structure.cc:114 Schur complement static structure <-1,6,3>.
detect_structure.cc:63 Dynamic row block size because the block size changed from 2 to 15
detect_structure.cc:114 Schur complement static structure <-1,6,3>.
schur_eliminator.cc:155 Template specializations not found for <-1,6,3>
block_sparse_matrix.cc:208 Allocating values array with 11424 bytes.
detect_structure.cc:63 Dynamic row block size because the block size changed from 2 to 15
detect_structure.cc:114 Schur complement static structure <-1,6,3>.
detect_structure.cc:63 Dynamic row block size because the block size changed from 2 to 15
detect_structure.cc:114 Schur complement static structure <-1,6,3>.
schur_eliminator.cc:155 Template specializations not found for <-1,6,3>
block_sparse_matrix.cc:208 Allocating values array with 167048 bytes.
detect_structure.cc:63 Dynamic row block size because the block size changed from 2 to 15
detect_structure.cc:74 Dynamic e block size because the block size changed from 1 to 9
detect_structure.cc:93 Dynamic f block size because the block size changed from 6 to 9
detect_structure.cc:114 Schur complement static structure <-1,-1,-1>.
detect_structure.cc:63 Dynamic row block size because the block size changed from 2 to 15
detect_structure.cc:74 Dynamic e block size because the block size changed from 1 to 9
detect_structure.cc:93 Dynamic f block size because the block size changed from 6 to 9
detect_structure.cc:114 Schur complement static structure <-1,-1,-1>.
schur_eliminator.cc:155 Template specializations not found for <-1,-1,-1>
block_sparse_matrix.cc:208 Allocating values array with 12312 bytes.
detect_structure.cc:63 Dynamic row block size because the block size changed from 2 to 15
detect_structure.cc:93 Dynamic f block size because the block size changed from 3 to 6
detect_structure.cc:114 Schur complement static structure <-1,6,-1>.
detect_structure.cc:63 Dynamic row block size because the block size changed from 2 to 15
detect_structure.cc:93 Dynamic f block size because the block size changed from 3 to 6
detect_structure.cc:114 Schur complement static structure <-1,6,-1>.
schur_eliminator.cc:155 Template specializations not found for <-1,6,-1>
block_sparse_matrix.cc:208 Allocating values array with 9216 bytes.
detect_structure.cc:63 Dynamic row block size because the block size changed from 2 to 15
detect_structure.cc:114 Schur complement static structure <-1,6,3>.
detect_structure.cc:63 Dynamic row block size because the block size changed from 2 to 15
detect_structure.cc:114 Schur complement static structure <-1,6,3>.
schur_eliminator.cc:155 Template specializations not found for <-1,6,3>
block_sparse_matrix.cc:208 Allocating values array with 11136 bytes.
detect_structure.cc:63 Dynamic row block size because the block size changed from 2 to 15
detect_structure.cc:114 Schur complement static structure <-1,6,3>.
detect_structure.cc:63 Dynamic row block size because the block size changed from 2 to 15
detect_structure.cc:114 Schur complement static structure <-1,6,3>.
schur_eliminator.cc:155 Template specializations not found for <-1,6,3>
block_sparse_matrix.cc:208 Allocating values array with 164760 bytes.
detect_structure.cc:63 Dynamic row block size because the block size changed from 2 to 15
detect_structure.cc:74 Dynamic e block size because the block size changed from 1 to 9
detect_structure.cc:93 Dynamic f block size because the block size changed from 6 to 9
detect_structure.cc:114 Schur complement static structure <-1,-1,-1>.
detect_structure.cc:63 Dynamic row block size because the block size changed from 2 to 15
detect_structure.cc:74 Dynamic e block size because the block size changed from 1 to 9
detect_structure.cc:93 Dynamic f block size because the block size changed from 6 to 9
detect_structure.cc:114 Schur complement static structure <-1,-1,-1>.
schur_eliminator.cc:155 Template specializations not found for <-1,-1,-1>
block_sparse_matrix.cc:208 Allocating values array with 11544 bytes.
detect_structure.cc:63 Dynamic row block size because the block size changed from 2 to 15
detect_structure.cc:93 Dynamic f block size because the block size changed from 3 to 6
detect_structure.cc:114 Schur complement static structure <-1,6,-1>.
detect_structure.cc:63 Dynamic row block size because the block size changed from 2 to 15
detect_structure.cc:93 Dynamic f block size because the block size changed from 3 to 6
detect_structure.cc:114 Schur complement static structure <-1,6,-1>.
schur_eliminator.cc:155 Template specializations not found for <-1,6,-1>
block_sparse_matrix.cc:208 Allocating values array with 8352 bytes.
detect_structure.cc:63 Dynamic row block size because the block size changed from 2 to 15
detect_structure.cc:114 Schur complement static structure <-1,6,3>.
detect_structure.cc:63 Dynamic row block size because the block size changed from 2 to 15
detect_structure.cc:114 Schur complement static structure <-1,6,3>.
schur_eliminator.cc:155 Template specializations not found for <-1,6,3>
block_sparse_matrix.cc:208 Allocating values array with 10464 bytes.
detect_structure.cc:63 Dynamic row block size because the block size changed from 2 to 15
detect_structure.cc:114 Schur complement static structure <-1,6,3>.
detect_structure.cc:63 Dynamic row block size because the block size changed from 2 to 15
detect_structure.cc:114 Schur complement static structure <-1,6,3>.
schur_eliminator.cc:155 Template specializations not found for <-1,6,3>
block_sparse_matrix.cc:208 Allocating values array with 175576 bytes.
detect_structure.cc:63 Dynamic row block size because the block size changed from 2 to 15
detect_structure.cc:74 Dynamic e block size because the block size changed from 1 to 9
detect_structure.cc:93 Dynamic f block size because the block size changed from 6 to 9
detect_structure.cc:114 Schur complement static structure <-1,-1,-1>.
detect_structure.cc:63 Dynamic row block size because the block size changed from 2 to 15
detect_structure.cc:74 Dynamic e block size because the block size changed from 1 to 9
detect_structure.cc:93 Dynamic f block size because the block size changed from 6 to 9
detect_structure.cc:114 Schur complement static structure <-1,-1,-1>.
schur_eliminator.cc:155 Template specializations not found for <-1,-1,-1>
block_sparse_matrix.cc:208 Allocating values array with 13368 bytes.
detect_structure.cc:63 Dynamic row block size because the block size changed from 2 to 15
detect_structure.cc:93 Dynamic f block size because the block size changed from 3 to 6
detect_structure.cc:114 Schur complement static structure <-1,6,-1>.
detect_structure.cc:63 Dynamic row block size because the block size changed from 2 to 15
detect_structure.cc:93 Dynamic f block size because the block size changed from 3 to 6
detect_structure.cc:114 Schur complement static structure <-1,6,-1>.
schur_eliminator.cc:155 Template specializations not found for <-1,6,-1>
block_sparse_matrix.cc:208 Allocating values array with 8352 bytes.
detect_structure.cc:63 Dynamic row block size because the block size changed from 2 to 15
detect_structure.cc:114 Schur complement static structure <-1,6,3>.
detect_structure.cc:63 Dynamic row block size because the block size changed from 2 to 15
detect_structure.cc:114 Schur complement static structure <-1,6,3>.
schur_eliminator.cc:155 Template specializations not found for <-1,6,3>
[FeatureTracker] F-matrix: 111 → 41 (rejected 70, threshold=1)
block_sparse_matrix.cc:208 Allocating values array with 10272 bytes.
detect_structure.cc:63 Dynamic row block size because the block size changed from 2 to 15
detect_structure.cc:114 Schur complement static structure <-1,6,3>.
detect_structure.cc:63 Dynamic row block size because the block size changed from 2 to 15
detect_structure.cc:114 Schur complement static structure <-1,6,3>.
schur_eliminator.cc:155 Template specializations not found for <-1,6,3>
block_sparse_matrix.cc:208 Allocating values array with 172040 bytes.
detect_structure.cc:63 Dynamic row block size because the block size changed from 2 to 15
detect_structure.cc:74 Dynamic e block size because the block size changed from 1 to 9
detect_structure.cc:93 Dynamic f block size because the block size changed from 6 to 9
detect_structure.cc:114 Schur complement static structure <-1,-1,-1>.
detect_structure.cc:63 Dynamic row block size because the block size changed from 2 to 15
detect_structure.cc:74 Dynamic e block size because the block size changed from 1 to 9
detect_structure.cc:93 Dynamic f block size because the block size changed from 6 to 9
detect_structure.cc:114 Schur complement static structure <-1,-1,-1>.
schur_eliminator.cc:155 Template specializations not found for <-1,-1,-1>
block_sparse_matrix.cc:208 Allocating values array with 11352 bytes.
detect_structure.cc:63 Dynamic row block size because the block size changed from 2 to 15
detect_structure.cc:93 Dynamic f block size because the block size changed from 3 to 6
detect_structure.cc:114 Schur complement static structure <-1,6,-1>.
detect_structure.cc:63 Dynamic row block size because the block size changed from 2 to 15
detect_structure.cc:93 Dynamic f block size because the block size changed from 3 to 6
detect_structure.cc:114 Schur complement static structure <-1,6,-1>.
schur_eliminator.cc:155 Template specializations not found for <-1,6,-1>
block_sparse_matrix.cc:208 Allocating values array with 8352 bytes.
detect_structure.cc:63 Dynamic row block size because the block size changed from 2 to 15
detect_structure.cc:114 Schur complement static structure <-1,6,3>.
detect_structure.cc:63 Dynamic row block size because the block size changed from 2 to 15
detect_structure.cc:114 Schur complement static structure <-1,6,3>.
schur_eliminator.cc:155 Template specializations not found for <-1,6,3>
block_sparse_matrix.cc:208 Allocating values array with 10272 bytes.
detect_structure.cc:63 Dynamic row block size because the block size changed from 2 to 15
detect_structure.cc:114 Schur complement static structure <-1,6,3>.
detect_structure.cc:63 Dynamic row block size because the block size changed from 2 to 15
detect_structure.cc:114 Schur complement static structure <-1,6,3>.
schur_eliminator.cc:155 Template specializations not found for <-1,6,3>
block_sparse_matrix.cc:208 Allocating values array with 173080 bytes.
detect_structure.cc:63 Dynamic row block size because the block size changed from 2 to 15
detect_structure.cc:74 Dynamic e block size because the block size changed from 1 to 9
detect_structure.cc:93 Dynamic f block size because the block size changed from 6 to 9
detect_structure.cc:114 Schur complement static structure <-1,-1,-1>.
detect_structure.cc:63 Dynamic row block size because the block size changed from 2 to 15
detect_structure.cc:74 Dynamic e block size because the block size changed from 1 to 9
detect_structure.cc:93 Dynamic f block size because the block size changed from 6 to 9
detect_structure.cc:114 Schur complement static structure <-1,-1,-1>.
schur_eliminator.cc:155 Template specializations not found for <-1,-1,-1>
block_sparse_matrix.cc:208 Allocating values array with 12120 bytes.
detect_structure.cc:63 Dynamic row block size because the block size changed from 2 to 15
detect_structure.cc:93 Dynamic f block size because the block size changed from 3 to 6
detect_structure.cc:114 Schur complement static structure <-1,6,-1>.
detect_structure.cc:63 Dynamic row block size because the block size changed from 2 to 15
detect_structure.cc:93 Dynamic f block size because the block size changed from 3 to 6
detect_structure.cc:114 Schur complement static structure <-1,6,-1>.
schur_eliminator.cc:155 Template specializations not found for <-1,6,-1>
block_sparse_matrix.cc:208 Allocating values array with 8160 bytes.
detect_structure.cc:63 Dynamic row block size because the block size changed from 2 to 15
detect_structure.cc:114 Schur complement static structure <-1,6,3>.
detect_structure.cc:63 Dynamic row block size because the block size changed from 2 to 15
detect_structure.cc:114 Schur complement static structure <-1,6,3>.
schur_eliminator.cc:155 Template specializations not found for <-1,6,3>
block_sparse_matrix.cc:208 Allocating values array with 11040 bytes.
detect_structure.cc:63 Dynamic row block size because the block size changed from 2 to 15
detect_structure.cc:114 Schur complement static structure <-1,6,3>.
detect_structure.cc:63 Dynamic row block size because the block size changed from 2 to 15
detect_structure.cc:114 Schur complement static structure <-1,6,3>.
schur_eliminator.cc:155 Template specializations not found for <-1,6,3>
block_sparse_matrix.cc:208 Allocating values array with 169752 bytes.
detect_structure.cc:63 Dynamic row block size because the block size changed from 2 to 15
detect_structure.cc:74 Dynamic e block size because the block size changed from 1 to 9
detect_structure.cc:93 Dynamic f block size because the block size changed from 6 to 9
detect_structure.cc:114 Schur complement static structure <-1,-1,-1>.
detect_structure.cc:63 Dynamic row block size because the block size changed from 2 to 15
detect_structure.cc:74 Dynamic e block size because the block size changed from 1 to 9
detect_structure.cc:93 Dynamic f block size because the block size changed from 6 to 9
detect_structure.cc:114 Schur complement static structure <-1,-1,-1>.
schur_eliminator.cc:155 Template specializations not found for <-1,-1,-1>
block_sparse_matrix.cc:208 Allocating values array with 13080 bytes.
detect_structure.cc:63 Dynamic row block size because the block size changed from 2 to 15
detect_structure.cc:93 Dynamic f block size because the block size changed from 3 to 6
detect_structure.cc:114 Schur complement static structure <-1,6,-1>.
detect_structure.cc:63 Dynamic row block size because the block size changed from 2 to 15
detect_structure.cc:93 Dynamic f block size because the block size changed from 3 to 6
detect_structure.cc:114 Schur complement static structure <-1,6,-1>.
schur_eliminator.cc:155 Template specializations not found for <-1,6,-1>
block_sparse_matrix.cc:208 Allocating values array with 9120 bytes.
detect_structure.cc:63 Dynamic row block size because the block size changed from 2 to 15
detect_structure.cc:114 Schur complement static structure <-1,6,3>.
detect_structure.cc:63 Dynamic row block size because the block size changed from 2 to 15
detect_structure.cc:114 Schur complement static structure <-1,6,3>.
schur_eliminator.cc:155 Template specializations not found for <-1,6,3>
block_sparse_matrix.cc:208 Allocating values array with 11904 bytes.
detect_structure.cc:63 Dynamic row block size because the block size changed from 2 to 15
detect_structure.cc:114 Schur complement static structure <-1,6,3>.
detect_structure.cc:63 Dynamic row block size because the block size changed from 2 to 15
detect_structure.cc:114 Schur complement static structure <-1,6,3>.
schur_eliminator.cc:155 Template specializations not found for <-1,6,3>
block_sparse_matrix.cc:208 Allocating values array with 166632 bytes.
detect_structure.cc:63 Dynamic row block size because the block size changed from 2 to 15
detect_structure.cc:74 Dynamic e block size because the block size changed from 1 to 9
detect_structure.cc:93 Dynamic f block size because the block size changed from 6 to 9
detect_structure.cc:114 Schur complement static structure <-1,-1,-1>.
detect_structure.cc:63 Dynamic row block size because the block size changed from 2 to 15
detect_structure.cc:74 Dynamic e block size because the block size changed from 1 to 9
detect_structure.cc:93 Dynamic f block size because the block size changed from 6 to 9
detect_structure.cc:114 Schur complement static structure <-1,-1,-1>.
schur_eliminator.cc:155 Template specializations not found for <-1,-1,-1>
block_sparse_matrix.cc:208 Allocating values array with 13944 bytes.
detect_structure.cc:63 Dynamic row block size because the block size changed from 2 to 15
detect_structure.cc:93 Dynamic f block size because the block size changed from 3 to 6
detect_structure.cc:114 Schur complement static structure <-1,6,-1>.
detect_structure.cc:63 Dynamic row block size because the block size changed from 2 to 15
detect_structure.cc:93 Dynamic f block size because the block size changed from 3 to 6
detect_structure.cc:114 Schur complement static structure <-1,6,-1>.
schur_eliminator.cc:155 Template specializations not found for <-1,6,-1>
block_sparse_matrix.cc:208 Allocating values array with 9984 bytes.
detect_structure.cc:63 Dynamic row block size because the block size changed from 2 to 15
detect_structure.cc:114 Schur complement static structure <-1,6,3>.
detect_structure.cc:63 Dynamic row block size because the block size changed from 2 to 15
detect_structure.cc:114 Schur complement static structure <-1,6,3>.
schur_eliminator.cc:155 Template specializations not found for <-1,6,3>
block_sparse_matrix.cc:208 Allocating values array with 12864 bytes.
detect_structure.cc:63 Dynamic row block size because the block size changed from 2 to 15
detect_structure.cc:114 Schur complement static structure <-1,6,3>.
detect_structure.cc:63 Dynamic row block size because the block size changed from 2 to 15
detect_structure.cc:114 Schur complement static structure <-1,6,3>.
schur_eliminator.cc:155 Template specializations not found for <-1,6,3>
block_sparse_matrix.cc:208 Allocating values array with 174744 bytes.
detect_structure.cc:63 Dynamic row block size because the block size changed from 2 to 15
detect_structure.cc:74 Dynamic e block size because the block size changed from 1 to 9
detect_structure.cc:93 Dynamic f block size because the block size changed from 6 to 9
detect_structure.cc:114 Schur complement static structure <-1,-1,-1>.
detect_structure.cc:63 Dynamic row block size because the block size changed from 2 to 15
detect_structure.cc:74 Dynamic e block size because the block size changed from 1 to 9
detect_structure.cc:93 Dynamic f block size because the block size changed from 6 to 9
detect_structure.cc:114 Schur complement static structure <-1,-1,-1>.
schur_eliminator.cc:155 Template specializations not found for <-1,-1,-1>
block_sparse_matrix.cc:208 Allocating values array with 15192 bytes.
detect_structure.cc:63 Dynamic row block size because the block size changed from 2 to 15
detect_structure.cc:93 Dynamic f block size because the block size changed from 3 to 6
detect_structure.cc:114 Schur complement static structure <-1,6,-1>.
detect_structure.cc:63 Dynamic row block size because the block size changed from 2 to 15
detect_structure.cc:93 Dynamic f block size because the block size changed from 3 to 6
detect_structure.cc:114 Schur complement static structure <-1,6,-1>.
schur_eliminator.cc:155 Template specializations not found for <-1,6,-1>
block_sparse_matrix.cc:208 Allocating values array with 9984 bytes.
detect_structure.cc:63 Dynamic row block size because the block size changed from 2 to 15
detect_structure.cc:114 Schur complement static structure <-1,6,3>.
detect_structure.cc:63 Dynamic row block size because the block size changed from 2 to 15
detect_structure.cc:114 Schur complement static structure <-1,6,3>.
schur_eliminator.cc:155 Template specializations not found for <-1,6,3>
block_sparse_matrix.cc:208 Allocating values array with 13440 bytes.
detect_structure.cc:63 Dynamic row block size because the block size changed from 2 to 15
detect_structure.cc:114 Schur complement static structure <-1,6,3>.
detect_structure.cc:63 Dynamic row block size because the block size changed from 2 to 15
detect_structure.cc:114 Schur complement static structure <-1,6,3>.
schur_eliminator.cc:155 Template specializations not found for <-1,6,3>
block_sparse_matrix.cc:208 Allocating values array with 177864 bytes.
detect_structure.cc:63 Dynamic row block size because the block size changed from 2 to 15
detect_structure.cc:74 Dynamic e block size because the block size changed from 1 to 9
detect_structure.cc:93 Dynamic f block size because the block size changed from 6 to 9
detect_structure.cc:114 Schur complement static structure <-1,-1,-1>.
detect_structure.cc:63 Dynamic row block size because the block size changed from 2 to 15
detect_structure.cc:74 Dynamic e block size because the block size changed from 1 to 9
detect_structure.cc:93 Dynamic f block size because the block size changed from 6 to 9
detect_structure.cc:114 Schur complement static structure <-1,-1,-1>.
schur_eliminator.cc:155 Template specializations not found for <-1,-1,-1>
block_sparse_matrix.cc:208 Allocating values array with 15192 bytes.
detect_structure.cc:63 Dynamic row block size because the block size changed from 2 to 15
detect_structure.cc:93 Dynamic f block size because the block size changed from 3 to 6
detect_structure.cc:114 Schur complement static structure <-1,6,-1>.
detect_structure.cc:63 Dynamic row block size because the block size changed from 2 to 15
detect_structure.cc:93 Dynamic f block size because the block size changed from 3 to 6
detect_structure.cc:114 Schur complement static structure <-1,6,-1>.
schur_eliminator.cc:155 Template specializations not found for <-1,6,-1>
block_sparse_matrix.cc:208 Allocating values array with 10656 bytes.
detect_structure.cc:63 Dynamic row block size because the block size changed from 2 to 15
detect_structure.cc:114 Schur complement static structure <-1,6,3>.
detect_structure.cc:63 Dynamic row block size because the block size changed from 2 to 15
detect_structure.cc:114 Schur complement static structure <-1,6,3>.
schur_eliminator.cc:155 Template specializations not found for <-1,6,3>
block_sparse_matrix.cc:208 Allocating values array with 14016 bytes.
detect_structure.cc:63 Dynamic row block size because the block size changed from 2 to 15
detect_structure.cc:114 Schur complement static structure <-1,6,3>.
detect_structure.cc:63 Dynamic row block size because the block size changed from 2 to 15
detect_structure.cc:114 Schur complement static structure <-1,6,3>.
schur_eliminator.cc:155 Template specializations not found for <-1,6,3>
block_sparse_matrix.cc:208 Allocating values array with 180568 bytes.
detect_structure.cc:63 Dynamic row block size because the block size changed from 2 to 15
detect_structure.cc:74 Dynamic e block size because the block size changed from 1 to 9
detect_structure.cc:93 Dynamic f block size because the block size changed from 6 to 9
detect_structure.cc:114 Schur complement static structure <-1,-1,-1>.
detect_structure.cc:63 Dynamic row block size because the block size changed from 2 to 15
detect_structure.cc:74 Dynamic e block size because the block size changed from 1 to 9
detect_structure.cc:93 Dynamic f block size because the block size changed from 6 to 9
detect_structure.cc:114 Schur complement static structure <-1,-1,-1>.
schur_eliminator.cc:155 Template specializations not found for <-1,-1,-1>
block_sparse_matrix.cc:208 Allocating values array with 15672 bytes.
detect_structure.cc:63 Dynamic row block size because the block size changed from 2 to 15
detect_structure.cc:93 Dynamic f block size because the block size changed from 3 to 6
detect_structure.cc:114 Schur complement static structure <-1,6,-1>.
detect_structure.cc:63 Dynamic row block size because the block size changed from 2 to 15
detect_structure.cc:93 Dynamic f block size because the block size changed from 3 to 6
detect_structure.cc:114 Schur complement static structure <-1,6,-1>.
schur_eliminator.cc:155 Template specializations not found for <-1,6,-1>
block_sparse_matrix.cc:208 Allocating values array with 11136 bytes.
detect_structure.cc:63 Dynamic row block size because the block size changed from 2 to 15
detect_structure.cc:114 Schur complement static structure <-1,6,3>.
detect_structure.cc:63 Dynamic row block size because the block size changed from 2 to 15
detect_structure.cc:114 Schur complement static structure <-1,6,3>.
schur_eliminator.cc:155 Template specializations not found for <-1,6,3>
block_sparse_matrix.cc:208 Allocating values array with 14592 bytes.
detect_structure.cc:63 Dynamic row block size because the block size changed from 2 to 15
detect_structure.cc:114 Schur complement static structure <-1,6,3>.
detect_structure.cc:63 Dynamic row block size because the block size changed from 2 to 15
detect_structure.cc:114 Schur complement static structure <-1,6,3>.
schur_eliminator.cc:155 Template specializations not found for <-1,6,3>
block_sparse_matrix.cc:208 Allocating values array with 177864 bytes.
detect_structure.cc:63 Dynamic row block size because the block size changed from 2 to 15
detect_structure.cc:74 Dynamic e block size because the block size changed from 1 to 9
detect_structure.cc:93 Dynamic f block size because the block size changed from 6 to 9
detect_structure.cc:114 Schur complement static structure <-1,-1,-1>.
detect_structure.cc:63 Dynamic row block size because the block size changed from 2 to 15
detect_structure.cc:74 Dynamic e block size because the block size changed from 1 to 9
detect_structure.cc:93 Dynamic f block size because the block size changed from 6 to 9
detect_structure.cc:114 Schur complement static structure <-1,-1,-1>.
schur_eliminator.cc:155 Template specializations not found for <-1,-1,-1>
block_sparse_matrix.cc:208 Allocating values array with 15672 bytes.
detect_structure.cc:63 Dynamic row block size because the block size changed from 2 to 15
detect_structure.cc:93 Dynamic f block size because the block size changed from 3 to 6
detect_structure.cc:114 Schur complement static structure <-1,6,-1>.
detect_structure.cc:63 Dynamic row block size because the block size changed from 2 to 15
detect_structure.cc:93 Dynamic f block size because the block size changed from 3 to 6
detect_structure.cc:114 Schur complement static structure <-1,6,-1>.
schur_eliminator.cc:155 Template specializations not found for <-1,6,-1>
block_sparse_matrix.cc:208 Allocating values array with 11136 bytes.
detect_structure.cc:63 Dynamic row block size because the block size changed from 2 to 15
detect_structure.cc:114 Schur complement static structure <-1,6,3>.
detect_structure.cc:63 Dynamic row block size because the block size changed from 2 to 15
detect_structure.cc:114 Schur complement static structure <-1,6,3>.
schur_eliminator.cc:155 Template specializations not found for <-1,6,3>
block_sparse_matrix.cc:208 Allocating values array with 14496 bytes.
detect_structure.cc:63 Dynamic row block size because the block size changed from 2 to 15
detect_structure.cc:114 Schur complement static structure <-1,6,3>.
detect_structure.cc:63 Dynamic row block size because the block size changed from 2 to 15
detect_structure.cc:114 Schur complement static structure <-1,6,3>.
schur_eliminator.cc:155 Template specializations not found for <-1,6,3>
[FeatureTracker] F-matrix: 103 → 61 (rejected 42, threshold=1)
block_sparse_matrix.cc:208 Allocating values array with 174744 bytes.
detect_structure.cc:63 Dynamic row block size because the block size changed from 2 to 15
detect_structure.cc:74 Dynamic e block size because the block size changed from 1 to 9
detect_structure.cc:93 Dynamic f block size because the block size changed from 6 to 9
detect_structure.cc:114 Schur complement static structure <-1,-1,-1>.
detect_structure.cc:63 Dynamic row block size because the block size changed from 2 to 15
detect_structure.cc:74 Dynamic e block size because the block size changed from 1 to 9
detect_structure.cc:93 Dynamic f block size because the block size changed from 6 to 9
detect_structure.cc:114 Schur complement static structure <-1,-1,-1>.
schur_eliminator.cc:155 Template specializations not found for <-1,-1,-1>
block_sparse_matrix.cc:208 Allocating values array with 15480 bytes.
detect_structure.cc:63 Dynamic row block size because the block size changed from 2 to 15
detect_structure.cc:93 Dynamic f block size because the block size changed from 3 to 6
detect_structure.cc:114 Schur complement static structure <-1,6,-1>.
detect_structure.cc:63 Dynamic row block size because the block size changed from 2 to 15
detect_structure.cc:93 Dynamic f block size because the block size changed from 3 to 6
detect_structure.cc:114 Schur complement static structure <-1,6,-1>.
schur_eliminator.cc:155 Template specializations not found for <-1,6,-1>
block_sparse_matrix.cc:208 Allocating values array with 11136 bytes.
detect_structure.cc:63 Dynamic row block size because the block size changed from 2 to 15
detect_structure.cc:114 Schur complement static structure <-1,6,3>.
detect_structure.cc:63 Dynamic row block size because the block size changed from 2 to 15
detect_structure.cc:114 Schur complement static structure <-1,6,3>.
schur_eliminator.cc:155 Template specializations not found for <-1,6,3>
block_sparse_matrix.cc:208 Allocating values array with 14400 bytes.
detect_structure.cc:63 Dynamic row block size because the block size changed from 2 to 15
detect_structure.cc:114 Schur complement static structure <-1,6,3>.
detect_structure.cc:63 Dynamic row block size because the block size changed from 2 to 15
detect_structure.cc:114 Schur complement static structure <-1,6,3>.
schur_eliminator.cc:155 Template specializations not found for <-1,6,3>
block_sparse_matrix.cc:208 Allocating values array with 175784 bytes.
detect_structure.cc:63 Dynamic row block size because the block size changed from 2 to 15
detect_structure.cc:74 Dynamic e block size because the block size changed from 1 to 9
detect_structure.cc:93 Dynamic f block size because the block size changed from 6 to 9
detect_structure.cc:114 Schur complement static structure <-1,-1,-1>.
detect_structure.cc:63 Dynamic row block size because the block size changed from 2 to 15
detect_structure.cc:74 Dynamic e block size because the block size changed from 1 to 9
detect_structure.cc:93 Dynamic f block size because the block size changed from 6 to 9
detect_structure.cc:114 Schur complement static structure <-1,-1,-1>.
schur_eliminator.cc:155 Template specializations not found for <-1,-1,-1>
block_sparse_matrix.cc:208 Allocating values array with 15864 bytes.
detect_structure.cc:63 Dynamic row block size because the block size changed from 2 to 15
detect_structure.cc:93 Dynamic f block size because the block size changed from 3 to 6
detect_structure.cc:114 Schur complement static structure <-1,6,-1>.
detect_structure.cc:63 Dynamic row block size because the block size changed from 2 to 15
detect_structure.cc:93 Dynamic f block size because the block size changed from 3 to 6
detect_structure.cc:114 Schur complement static structure <-1,6,-1>.
schur_eliminator.cc:155 Template specializations not found for <-1,6,-1>
block_sparse_matrix.cc:208 Allocating values array with 10944 bytes.
detect_structure.cc:63 Dynamic row block size because the block size changed from 2 to 15
detect_structure.cc:114 Schur complement static structure <-1,6,3>.
detect_structure.cc:63 Dynamic row block size because the block size changed from 2 to 15
detect_structure.cc:114 Schur complement static structure <-1,6,3>.
schur_eliminator.cc:155 Template specializations not found for <-1,6,3>
block_sparse_matrix.cc:208 Allocating values array with 14784 bytes.
detect_structure.cc:63 Dynamic row block size because the block size changed from 2 to 15
detect_structure.cc:114 Schur complement static structure <-1,6,3>.
detect_structure.cc:63 Dynamic row block size because the block size changed from 2 to 15
detect_structure.cc:114 Schur complement static structure <-1,6,3>.
schur_eliminator.cc:155 Template specializations not found for <-1,6,3>
block_sparse_matrix.cc:208 Allocating values array with 181816 bytes.
detect_structure.cc:63 Dynamic row block size because the block size changed from 2 to 15
detect_structure.cc:74 Dynamic e block size because the block size changed from 1 to 9
detect_structure.cc:93 Dynamic f block size because the block size changed from 6 to 9
detect_structure.cc:114 Schur complement static structure <-1,-1,-1>.
detect_structure.cc:63 Dynamic row block size because the block size changed from 2 to 15
detect_structure.cc:74 Dynamic e block size because the block size changed from 1 to 9
detect_structure.cc:93 Dynamic f block size because the block size changed from 6 to 9
detect_structure.cc:114 Schur complement static structure <-1,-1,-1>.
schur_eliminator.cc:155 Template specializations not found for <-1,-1,-1>
block_sparse_matrix.cc:208 Allocating values array with 16440 bytes.
detect_structure.cc:63 Dynamic row block size because the block size changed from 2 to 15
detect_structure.cc:93 Dynamic f block size because the block size changed from 3 to 6
detect_structure.cc:114 Schur complement static structure <-1,6,-1>.
detect_structure.cc:63 Dynamic row block size because the block size changed from 2 to 15
detect_structure.cc:93 Dynamic f block size because the block size changed from 3 to 6
detect_structure.cc:114 Schur complement static structure <-1,6,-1>.
schur_eliminator.cc:155 Template specializations not found for <-1,6,-1>
block_sparse_matrix.cc:208 Allocating values array with 11424 bytes.
detect_structure.cc:63 Dynamic row block size because the block size changed from 2 to 15
detect_structure.cc:114 Schur complement static structure <-1,6,3>.
detect_structure.cc:63 Dynamic row block size because the block size changed from 2 to 15
detect_structure.cc:114 Schur complement static structure <-1,6,3>.
schur_eliminator.cc:155 Template specializations not found for <-1,6,3>
block_sparse_matrix.cc:208 Allocating values array with 15072 bytes.
detect_structure.cc:63 Dynamic row block size because the block size changed from 2 to 15
detect_structure.cc:114 Schur complement static structure <-1,6,3>.
detect_structure.cc:63 Dynamic row block size because the block size changed from 2 to 15
detect_structure.cc:114 Schur complement static structure <-1,6,3>.
schur_eliminator.cc:155 Template specializations not found for <-1,6,3>
block_sparse_matrix.cc:208 Allocating values array with 184520 bytes.
detect_structure.cc:63 Dynamic row block size because the block size changed from 2 to 15
detect_structure.cc:74 Dynamic e block size because the block size changed from 1 to 9
detect_structure.cc:93 Dynamic f block size because the block size changed from 6 to 9
detect_structure.cc:114 Schur complement static structure <-1,-1,-1>.
detect_structure.cc:63 Dynamic row block size because the block size changed from 2 to 15
detect_structure.cc:74 Dynamic e block size because the block size changed from 1 to 9
detect_structure.cc:93 Dynamic f block size because the block size changed from 6 to 9
detect_structure.cc:114 Schur complement static structure <-1,-1,-1>.
schur_eliminator.cc:155 Template specializations not found for <-1,-1,-1>
block_sparse_matrix.cc:208 Allocating values array with 16536 bytes.
detect_structure.cc:63 Dynamic row block size because the block size changed from 2 to 15
detect_structure.cc:93 Dynamic f block size because the block size changed from 3 to 6
detect_structure.cc:114 Schur complement static structure <-1,6,-1>.
detect_structure.cc:63 Dynamic row block size because the block size changed from 2 to 15
detect_structure.cc:93 Dynamic f block size because the block size changed from 3 to 6
detect_structure.cc:114 Schur complement static structure <-1,6,-1>.
schur_eliminator.cc:155 Template specializations not found for <-1,6,-1>
[VIO DIAG] f=180 tri: ok=116 wait=9 fail=0 default=0 depth: avg=1.45654 min=0.676005 max=3.54408 |vel|=1.3837 vel=(-0.990276,0.803121,-0.537573) ba=(-0.0400275,-0.12774,-0.0309131) bg=(0.00012581,-0.000154393,-0.000407284)
block_sparse_matrix.cc:208 Allocating values array with 11808 bytes.
detect_structure.cc:63 Dynamic row block size because the block size changed from 2 to 15
detect_structure.cc:114 Schur complement static structure <-1,6,3>.
detect_structure.cc:63 Dynamic row block size because the block size changed from 2 to 15
detect_structure.cc:114 Schur complement static structure <-1,6,3>.
schur_eliminator.cc:155 Template specializations not found for <-1,6,3>
block_sparse_matrix.cc:208 Allocating values array with 14688 bytes.
detect_structure.cc:63 Dynamic row block size because the block size changed from 2 to 15
detect_structure.cc:114 Schur complement static structure <-1,6,3>.
detect_structure.cc:63 Dynamic row block size because the block size changed from 2 to 15
detect_structure.cc:114 Schur complement static structure <-1,6,3>.
schur_eliminator.cc:155 Template specializations not found for <-1,6,3>
block_sparse_matrix.cc:208 Allocating values array with 181816 bytes.
detect_structure.cc:63 Dynamic row block size because the block size changed from 2 to 15
detect_structure.cc:74 Dynamic e block size because the block size changed from 1 to 9
detect_structure.cc:93 Dynamic f block size because the block size changed from 6 to 9
detect_structure.cc:114 Schur complement static structure <-1,-1,-1>.
detect_structure.cc:63 Dynamic row block size because the block size changed from 2 to 15
detect_structure.cc:74 Dynamic e block size because the block size changed from 1 to 9
detect_structure.cc:93 Dynamic f block size because the block size changed from 6 to 9
detect_structure.cc:114 Schur complement static structure <-1,-1,-1>.
schur_eliminator.cc:155 Template specializations not found for <-1,-1,-1>
block_sparse_matrix.cc:208 Allocating values array with 14808 bytes.
detect_structure.cc:63 Dynamic row block size because the block size changed from 2 to 15
detect_structure.cc:93 Dynamic f block size because the block size changed from 3 to 6
detect_structure.cc:114 Schur complement static structure <-1,6,-1>.
detect_structure.cc:63 Dynamic row block size because the block size changed from 2 to 15
detect_structure.cc:93 Dynamic f block size because the block size changed from 3 to 6
detect_structure.cc:114 Schur complement static structure <-1,6,-1>.
schur_eliminator.cc:155 Template specializations not found for <-1,6,-1>
block_sparse_matrix.cc:208 Allocating values array with 10848 bytes.
detect_structure.cc:63 Dynamic row block size because the block size changed from 2 to 15
detect_structure.cc:114 Schur complement static structure <-1,6,3>.
detect_structure.cc:63 Dynamic row block size because the block size changed from 2 to 15
detect_structure.cc:114 Schur complement static structure <-1,6,3>.
schur_eliminator.cc:155 Template specializations not found for <-1,6,3>
block_sparse_matrix.cc:208 Allocating values array with 13248 bytes.
detect_structure.cc:63 Dynamic row block size because the block size changed from 2 to 15
detect_structure.cc:114 Schur complement static structure <-1,6,3>.
detect_structure.cc:63 Dynamic row block size because the block size changed from 2 to 15
detect_structure.cc:114 Schur complement static structure <-1,6,3>.
schur_eliminator.cc:155 Template specializations not found for <-1,6,3>
block_sparse_matrix.cc:208 Allocating values array with 174744 bytes.
detect_structure.cc:63 Dynamic row block size because the block size changed from 2 to 15
detect_structure.cc:74 Dynamic e block size because the block size changed from 1 to 9
detect_structure.cc:93 Dynamic f block size because the block size changed from 6 to 9
detect_structure.cc:114 Schur complement static structure <-1,-1,-1>.
detect_structure.cc:63 Dynamic row block size because the block size changed from 2 to 15
detect_structure.cc:74 Dynamic e block size because the block size changed from 1 to 9
detect_structure.cc:93 Dynamic f block size because the block size changed from 6 to 9
detect_structure.cc:114 Schur complement static structure <-1,-1,-1>.
schur_eliminator.cc:155 Template specializations not found for <-1,-1,-1>
block_sparse_matrix.cc:208 Allocating values array with 12792 bytes.
detect_structure.cc:63 Dynamic row block size because the block size changed from 2 to 15
detect_structure.cc:93 Dynamic f block size because the block size changed from 3 to 6
detect_structure.cc:114 Schur complement static structure <-1,6,-1>.
detect_structure.cc:63 Dynamic row block size because the block size changed from 2 to 15
detect_structure.cc:93 Dynamic f block size because the block size changed from 3 to 6
detect_structure.cc:114 Schur complement static structure <-1,6,-1>.
schur_eliminator.cc:155 Template specializations not found for <-1,6,-1>
[FeatureTracker] F-matrix: 113 → 56 (rejected 57, threshold=1)
block_sparse_matrix.cc:208 Allocating values array with 9600 bytes.
detect_structure.cc:63 Dynamic row block size because the block size changed from 2 to 15
detect_structure.cc:114 Schur complement static structure <-1,6,3>.
detect_structure.cc:63 Dynamic row block size because the block size changed from 2 to 15
detect_structure.cc:114 Schur complement static structure <-1,6,3>.
schur_eliminator.cc:155 Template specializations not found for <-1,6,3>
block_sparse_matrix.cc:208 Allocating values array with 11136 bytes.
detect_structure.cc:63 Dynamic row block size because the block size changed from 2 to 15
detect_structure.cc:114 Schur complement static structure <-1,6,3>.
detect_structure.cc:63 Dynamic row block size because the block size changed from 2 to 15
detect_structure.cc:114 Schur complement static structure <-1,6,3>.
schur_eliminator.cc:155 Template specializations not found for <-1,6,3>
block_sparse_matrix.cc:208 Allocating values array with 173496 bytes.
detect_structure.cc:63 Dynamic row block size because the block size changed from 2 to 15
detect_structure.cc:74 Dynamic e block size because the block size changed from 1 to 9
detect_structure.cc:93 Dynamic f block size because the block size changed from 6 to 9
detect_structure.cc:114 Schur complement static structure <-1,-1,-1>.
detect_structure.cc:63 Dynamic row block size because the block size changed from 2 to 15
detect_structure.cc:74 Dynamic e block size because the block size changed from 1 to 9
detect_structure.cc:93 Dynamic f block size because the block size changed from 6 to 9
detect_structure.cc:114 Schur complement static structure <-1,-1,-1>.
schur_eliminator.cc:155 Template specializations not found for <-1,-1,-1>
block_sparse_matrix.cc:208 Allocating values array with 11448 bytes.
detect_structure.cc:63 Dynamic row block size because the block size changed from 2 to 15
detect_structure.cc:93 Dynamic f block size because the block size changed from 3 to 6
detect_structure.cc:114 Schur complement static structure <-1,6,-1>.
detect_structure.cc:63 Dynamic row block size because the block size changed from 2 to 15
detect_structure.cc:93 Dynamic f block size because the block size changed from 3 to 6
detect_structure.cc:114 Schur complement static structure <-1,6,-1>.
schur_eliminator.cc:155 Template specializations not found for <-1,6,-1>
block_sparse_matrix.cc:208 Allocating values array with 8256 bytes.
detect_structure.cc:63 Dynamic row block size because the block size changed from 2 to 15
detect_structure.cc:114 Schur complement static structure <-1,6,3>.
detect_structure.cc:63 Dynamic row block size because the block size changed from 2 to 15
detect_structure.cc:114 Schur complement static structure <-1,6,3>.
schur_eliminator.cc:155 Template specializations not found for <-1,6,3>
block_sparse_matrix.cc:208 Allocating values array with 10368 bytes.
detect_structure.cc:63 Dynamic row block size because the block size changed from 2 to 15
detect_structure.cc:114 Schur complement static structure <-1,6,3>.
detect_structure.cc:63 Dynamic row block size because the block size changed from 2 to 15
detect_structure.cc:114 Schur complement static structure <-1,6,3>.
schur_eliminator.cc:155 Template specializations not found for <-1,6,3>
block_sparse_matrix.cc:208 Allocating values array with 177864 bytes.
detect_structure.cc:63 Dynamic row block size because the block size changed from 2 to 15
detect_structure.cc:74 Dynamic e block size because the block size changed from 1 to 9
detect_structure.cc:93 Dynamic f block size because the block size changed from 6 to 9
detect_structure.cc:114 Schur complement static structure <-1,-1,-1>.
detect_structure.cc:63 Dynamic row block size because the block size changed from 2 to 15
detect_structure.cc:74 Dynamic e block size because the block size changed from 1 to 9
detect_structure.cc:93 Dynamic f block size because the block size changed from 6 to 9
detect_structure.cc:114 Schur complement static structure <-1,-1,-1>.
schur_eliminator.cc:155 Template specializations not found for <-1,-1,-1>
block_sparse_matrix.cc:208 Allocating values array with 12024 bytes.
detect_structure.cc:63 Dynamic row block size because the block size changed from 2 to 15
detect_structure.cc:93 Dynamic f block size because the block size changed from 3 to 6
detect_structure.cc:114 Schur complement static structure <-1,6,-1>.
detect_structure.cc:63 Dynamic row block size because the block size changed from 2 to 15
detect_structure.cc:93 Dynamic f block size because the block size changed from 3 to 6
detect_structure.cc:114 Schur complement static structure <-1,6,-1>.
schur_eliminator.cc:155 Template specializations not found for <-1,6,-1>
block_sparse_matrix.cc:208 Allocating values array with 7968 bytes.
detect_structure.cc:63 Dynamic row block size because the block size changed from 2 to 15
detect_structure.cc:114 Schur complement static structure <-1,6,3>.
detect_structure.cc:63 Dynamic row block size because the block size changed from 2 to 15
detect_structure.cc:114 Schur complement static structure <-1,6,3>.
schur_eliminator.cc:155 Template specializations not found for <-1,6,3>
block_sparse_matrix.cc:208 Allocating values array with 10848 bytes.
detect_structure.cc:63 Dynamic row block size because the block size changed from 2 to 15
detect_structure.cc:114 Schur complement static structure <-1,6,3>.
detect_structure.cc:63 Dynamic row block size because the block size changed from 2 to 15
detect_structure.cc:114 Schur complement static structure <-1,6,3>.
schur_eliminator.cc:155 Template specializations not found for <-1,6,3>
[Replay] 600/600 frames, 551 valid poses
[Replay] complete: 551/600 valid poses; 0 invalid; 7929.05 ms wall
	Command being timed: "timeout 120 build/audit-baseline/native-replay/native-replay assets/datasets/tum/dataset-room1_512_16 config/tum_vi_room1.yaml build/audit-baseline/native-replay/room1-pnp-bracket-600 600 bracket 1 1"
	User time (seconds): 8.71
	System time (seconds): 2.17
	Percent of CPU this job got: 134%
	Elapsed (wall clock) time (h:mm:ss or m:ss): 0:08.07
	Average shared text size (kbytes): 0
	Average unshared data size (kbytes): 0
	Average stack size (kbytes): 0
	Average total size (kbytes): 0
	Maximum resident set size (kbytes): 358236
	Average resident set size (kbytes): 0
	Major (requiring I/O) page faults: 0
	Minor (reclaiming a frame) page faults: 353985
	Voluntary context switches: 318
	Involuntary context switches: 615
	Swaps: 0
	File system inputs: 0
	File system outputs: 1080
	Socket messages sent: 0
	Socket messages received: 0
	Signals delivered: 0
	Page size (bytes): 4096
	Exit status: 0
