Loading configuration from: /home/park-ubuntu/park/SOLUTION/Mobile-SLAM/config/tum_vi_room1.yaml
Configuration loaded successfully from: /home/park-ubuntu/park/SOLUTION/Mobile-SLAM/config/tum_vi_room1.yaml
[VIOEngine] PnP params: enable=0 freq=3
block_sparse_matrix.cc:208 Allocating values array with 212064 bytes.
detect_structure.cc:114 Schur complement static structure <2,3,3>.
detect_structure.cc:114 Schur complement static structure <2,3,3>.
schur_eliminator.cc:155 Template specializations not found for <2,3,3>
[VIO] Initialization SUCCESS
[VIO]   gravity: 1.38778e-17 2.22912e-16     9.81007 (norm=9.81007)
[VIO]   V[0]: -0.0133497  0.0027893  0.0150443 (norm=0.0203059)
[VIO]   Ba[0]: 0 0 0
[VIO]   Bg[0]:  0.000384333 -9.93043e-05   -0.0011117
block_sparse_matrix.cc:208 Allocating values array with 333024 bytes.
detect_structure.cc:63 Dynamic row block size because the block size changed from 2 to 15
detect_structure.cc:74 Dynamic e block size because the block size changed from 1 to 9
detect_structure.cc:93 Dynamic f block size because the block size changed from 6 to 9
detect_structure.cc:114 Schur complement static structure <-1,-1,-1>.
detect_structure.cc:63 Dynamic row block size because the block size changed from 2 to 15
detect_structure.cc:74 Dynamic e block size because the block size changed from 1 to 9
detect_structure.cc:93 Dynamic f block size because the block size changed from 6 to 9
detect_structure.cc:114 Schur complement static structure <-1,-1,-1>.
schur_eliminator.cc:155 Template specializations not found for <-1,-1,-1>
[VIO DIAG] f=0 tri: ok=162 wait=0 fail=0 default=2 depth: avg=1.57581 min=0.452249 max=3.56878 |vel|=0.01018 vel=(0.0084334,-0.00567628,-0.000537837) ba=(-0.078025,-0.0627944,-0.0247674) bg=(2.57013e-05,-0.000180291,-3.2206e-05)
block_sparse_matrix.cc:208 Allocating values array with 328656 bytes.
detect_structure.cc:63 Dynamic row block size because the block size changed from 2 to 15
detect_structure.cc:74 Dynamic e block size because the block size changed from 1 to 9
detect_structure.cc:93 Dynamic f block size because the block size changed from 6 to 9
detect_structure.cc:114 Schur complement static structure <-1,-1,-1>.
detect_structure.cc:63 Dynamic row block size because the block size changed from 2 to 15
detect_structure.cc:74 Dynamic e block size because the block size changed from 1 to 9
detect_structure.cc:93 Dynamic f block size because the block size changed from 6 to 9
detect_structure.cc:114 Schur complement static structure <-1,-1,-1>.
schur_eliminator.cc:155 Template specializations not found for <-1,-1,-1>
block_sparse_matrix.cc:208 Allocating values array with 328448 bytes.
detect_structure.cc:63 Dynamic row block size because the block size changed from 2 to 15
detect_structure.cc:74 Dynamic e block size because the block size changed from 1 to 9
detect_structure.cc:93 Dynamic f block size because the block size changed from 6 to 9
detect_structure.cc:114 Schur complement static structure <-1,-1,-1>.
detect_structure.cc:63 Dynamic row block size because the block size changed from 2 to 15
detect_structure.cc:74 Dynamic e block size because the block size changed from 1 to 9
detect_structure.cc:93 Dynamic f block size because the block size changed from 6 to 9
detect_structure.cc:114 Schur complement static structure <-1,-1,-1>.
schur_eliminator.cc:155 Template specializations not found for <-1,-1,-1>
block_sparse_matrix.cc:208 Allocating values array with 328448 bytes.
detect_structure.cc:63 Dynamic row block size because the block size changed from 2 to 15
detect_structure.cc:74 Dynamic e block size because the block size changed from 1 to 9
detect_structure.cc:93 Dynamic f block size because the block size changed from 6 to 9
detect_structure.cc:114 Schur complement static structure <-1,-1,-1>.
detect_structure.cc:63 Dynamic row block size because the block size changed from 2 to 15
detect_structure.cc:74 Dynamic e block size because the block size changed from 1 to 9
detect_structure.cc:93 Dynamic f block size because the block size changed from 6 to 9
detect_structure.cc:114 Schur complement static structure <-1,-1,-1>.
schur_eliminator.cc:155 Template specializations not found for <-1,-1,-1>
block_sparse_matrix.cc:208 Allocating values array with 328240 bytes.
detect_structure.cc:63 Dynamic row block size because the block size changed from 2 to 15
detect_structure.cc:74 Dynamic e block size because the block size changed from 1 to 9
detect_structure.cc:93 Dynamic f block size because the block size changed from 6 to 9
detect_structure.cc:114 Schur complement static structure <-1,-1,-1>.
detect_structure.cc:63 Dynamic row block size because the block size changed from 2 to 15
detect_structure.cc:74 Dynamic e block size because the block size changed from 1 to 9
detect_structure.cc:93 Dynamic f block size because the block size changed from 6 to 9
detect_structure.cc:114 Schur complement static structure <-1,-1,-1>.
schur_eliminator.cc:155 Template specializations not found for <-1,-1,-1>
block_sparse_matrix.cc:208 Allocating values array with 328032 bytes.
detect_structure.cc:63 Dynamic row block size because the block size changed from 2 to 15
detect_structure.cc:74 Dynamic e block size because the block size changed from 1 to 9
detect_structure.cc:93 Dynamic f block size because the block size changed from 6 to 9
detect_structure.cc:114 Schur complement static structure <-1,-1,-1>.
detect_structure.cc:63 Dynamic row block size because the block size changed from 2 to 15
detect_structure.cc:74 Dynamic e block size because the block size changed from 1 to 9
detect_structure.cc:93 Dynamic f block size because the block size changed from 6 to 9
detect_structure.cc:114 Schur complement static structure <-1,-1,-1>.
schur_eliminator.cc:155 Template specializations not found for <-1,-1,-1>
block_sparse_matrix.cc:208 Allocating values array with 328032 bytes.
detect_structure.cc:63 Dynamic row block size because the block size changed from 2 to 15
detect_structure.cc:74 Dynamic e block size because the block size changed from 1 to 9
detect_structure.cc:93 Dynamic f block size because the block size changed from 6 to 9
detect_structure.cc:114 Schur complement static structure <-1,-1,-1>.
detect_structure.cc:63 Dynamic row block size because the block size changed from 2 to 15
detect_structure.cc:74 Dynamic e block size because the block size changed from 1 to 9
detect_structure.cc:93 Dynamic f block size because the block size changed from 6 to 9
detect_structure.cc:114 Schur complement static structure <-1,-1,-1>.
schur_eliminator.cc:155 Template specializations not found for <-1,-1,-1>
block_sparse_matrix.cc:208 Allocating values array with 328032 bytes.
detect_structure.cc:63 Dynamic row block size because the block size changed from 2 to 15
detect_structure.cc:74 Dynamic e block size because the block size changed from 1 to 9
detect_structure.cc:93 Dynamic f block size because the block size changed from 6 to 9
detect_structure.cc:114 Schur complement static structure <-1,-1,-1>.
detect_structure.cc:63 Dynamic row block size because the block size changed from 2 to 15
detect_structure.cc:74 Dynamic e block size because the block size changed from 1 to 9
detect_structure.cc:93 Dynamic f block size because the block size changed from 6 to 9
detect_structure.cc:114 Schur complement static structure <-1,-1,-1>.
schur_eliminator.cc:155 Template specializations not found for <-1,-1,-1>
block_sparse_matrix.cc:208 Allocating values array with 327824 bytes.
detect_structure.cc:63 Dynamic row block size because the block size changed from 2 to 15
detect_structure.cc:74 Dynamic e block size because the block size changed from 1 to 9
detect_structure.cc:93 Dynamic f block size because the block size changed from 6 to 9
detect_structure.cc:114 Schur complement static structure <-1,-1,-1>.
detect_structure.cc:63 Dynamic row block size because the block size changed from 2 to 15
detect_structure.cc:74 Dynamic e block size because the block size changed from 1 to 9
detect_structure.cc:93 Dynamic f block size because the block size changed from 6 to 9
detect_structure.cc:114 Schur complement static structure <-1,-1,-1>.
schur_eliminator.cc:155 Template specializations not found for <-1,-1,-1>
block_sparse_matrix.cc:208 Allocating values array with 327616 bytes.
detect_structure.cc:63 Dynamic row block size because the block size changed from 2 to 15
detect_structure.cc:74 Dynamic e block size because the block size changed from 1 to 9
detect_structure.cc:93 Dynamic f block size because the block size changed from 6 to 9
detect_structure.cc:114 Schur complement static structure <-1,-1,-1>.
detect_structure.cc:63 Dynamic row block size because the block size changed from 2 to 15
detect_structure.cc:74 Dynamic e block size because the block size changed from 1 to 9
detect_structure.cc:93 Dynamic f block size because the block size changed from 6 to 9
detect_structure.cc:114 Schur complement static structure <-1,-1,-1>.
schur_eliminator.cc:155 Template specializations not found for <-1,-1,-1>
block_sparse_matrix.cc:208 Allocating values array with 327616 bytes.
detect_structure.cc:63 Dynamic row block size because the block size changed from 2 to 15
detect_structure.cc:74 Dynamic e block size because the block size changed from 1 to 9
detect_structure.cc:93 Dynamic f block size because the block size changed from 6 to 9
detect_structure.cc:114 Schur complement static structure <-1,-1,-1>.
detect_structure.cc:63 Dynamic row block size because the block size changed from 2 to 15
detect_structure.cc:74 Dynamic e block size because the block size changed from 1 to 9
detect_structure.cc:93 Dynamic f block size because the block size changed from 6 to 9
detect_structure.cc:114 Schur complement static structure <-1,-1,-1>.
schur_eliminator.cc:155 Template specializations not found for <-1,-1,-1>
block_sparse_matrix.cc:208 Allocating values array with 327616 bytes.
detect_structure.cc:63 Dynamic row block size because the block size changed from 2 to 15
detect_structure.cc:74 Dynamic e block size because the block size changed from 1 to 9
detect_structure.cc:93 Dynamic f block size because the block size changed from 6 to 9
detect_structure.cc:114 Schur complement static structure <-1,-1,-1>.
detect_structure.cc:63 Dynamic row block size because the block size changed from 2 to 15
detect_structure.cc:74 Dynamic e block size because the block size changed from 1 to 9
detect_structure.cc:93 Dynamic f block size because the block size changed from 6 to 9
detect_structure.cc:114 Schur complement static structure <-1,-1,-1>.
schur_eliminator.cc:155 Template specializations not found for <-1,-1,-1>
block_sparse_matrix.cc:208 Allocating values array with 327616 bytes.
detect_structure.cc:63 Dynamic row block size because the block size changed from 2 to 15
detect_structure.cc:74 Dynamic e block size because the block size changed from 1 to 9
detect_structure.cc:93 Dynamic f block size because the block size changed from 6 to 9
detect_structure.cc:114 Schur complement static structure <-1,-1,-1>.
detect_structure.cc:63 Dynamic row block size because the block size changed from 2 to 15
detect_structure.cc:74 Dynamic e block size because the block size changed from 1 to 9
detect_structure.cc:93 Dynamic f block size because the block size changed from 6 to 9
detect_structure.cc:114 Schur complement static structure <-1,-1,-1>.
schur_eliminator.cc:155 Template specializations not found for <-1,-1,-1>
block_sparse_matrix.cc:208 Allocating values array with 327616 bytes.
detect_structure.cc:63 Dynamic row block size because the block size changed from 2 to 15
detect_structure.cc:74 Dynamic e block size because the block size changed from 1 to 9
detect_structure.cc:93 Dynamic f block size because the block size changed from 6 to 9
detect_structure.cc:114 Schur complement static structure <-1,-1,-1>.
detect_structure.cc:63 Dynamic row block size because the block size changed from 2 to 15
detect_structure.cc:74 Dynamic e block size because the block size changed from 1 to 9
detect_structure.cc:93 Dynamic f block size because the block size changed from 6 to 9
detect_structure.cc:114 Schur complement static structure <-1,-1,-1>.
schur_eliminator.cc:155 Template specializations not found for <-1,-1,-1>
block_sparse_matrix.cc:208 Allocating values array with 327616 bytes.
detect_structure.cc:63 Dynamic row block size because the block size changed from 2 to 15
detect_structure.cc:74 Dynamic e block size because the block size changed from 1 to 9
detect_structure.cc:93 Dynamic f block size because the block size changed from 6 to 9
detect_structure.cc:114 Schur complement static structure <-1,-1,-1>.
detect_structure.cc:63 Dynamic row block size because the block size changed from 2 to 15
detect_structure.cc:74 Dynamic e block size because the block size changed from 1 to 9
detect_structure.cc:93 Dynamic f block size because the block size changed from 6 to 9
detect_structure.cc:114 Schur complement static structure <-1,-1,-1>.
schur_eliminator.cc:155 Template specializations not found for <-1,-1,-1>
block_sparse_matrix.cc:208 Allocating values array with 327408 bytes.
detect_structure.cc:63 Dynamic row block size because the block size changed from 2 to 15
detect_structure.cc:74 Dynamic e block size because the block size changed from 1 to 9
detect_structure.cc:93 Dynamic f block size because the block size changed from 6 to 9
detect_structure.cc:114 Schur complement static structure <-1,-1,-1>.
detect_structure.cc:63 Dynamic row block size because the block size changed from 2 to 15
detect_structure.cc:74 Dynamic e block size because the block size changed from 1 to 9
detect_structure.cc:93 Dynamic f block size because the block size changed from 6 to 9
detect_structure.cc:114 Schur complement static structure <-1,-1,-1>.
schur_eliminator.cc:155 Template specializations not found for <-1,-1,-1>
block_sparse_matrix.cc:208 Allocating values array with 327200 bytes.
detect_structure.cc:63 Dynamic row block size because the block size changed from 2 to 15
detect_structure.cc:74 Dynamic e block size because the block size changed from 1 to 9
detect_structure.cc:93 Dynamic f block size because the block size changed from 6 to 9
detect_structure.cc:114 Schur complement static structure <-1,-1,-1>.
detect_structure.cc:63 Dynamic row block size because the block size changed from 2 to 15
detect_structure.cc:74 Dynamic e block size because the block size changed from 1 to 9
detect_structure.cc:93 Dynamic f block size because the block size changed from 6 to 9
detect_structure.cc:114 Schur complement static structure <-1,-1,-1>.
schur_eliminator.cc:155 Template specializations not found for <-1,-1,-1>
block_sparse_matrix.cc:208 Allocating values array with 368600 bytes.
detect_structure.cc:63 Dynamic row block size because the block size changed from 2 to 15
detect_structure.cc:74 Dynamic e block size because the block size changed from 1 to 9
detect_structure.cc:93 Dynamic f block size because the block size changed from 6 to 9
detect_structure.cc:114 Schur complement static structure <-1,-1,-1>.
detect_structure.cc:63 Dynamic row block size because the block size changed from 2 to 15
detect_structure.cc:74 Dynamic e block size because the block size changed from 1 to 9
detect_structure.cc:93 Dynamic f block size because the block size changed from 6 to 9
detect_structure.cc:114 Schur complement static structure <-1,-1,-1>.
schur_eliminator.cc:155 Template specializations not found for <-1,-1,-1>
block_sparse_matrix.cc:208 Allocating values array with 361560 bytes.
detect_structure.cc:63 Dynamic row block size because the block size changed from 2 to 15
detect_structure.cc:74 Dynamic e block size because the block size changed from 1 to 9
detect_structure.cc:93 Dynamic f block size because the block size changed from 6 to 9
detect_structure.cc:114 Schur complement static structure <-1,-1,-1>.
detect_structure.cc:63 Dynamic row block size because the block size changed from 2 to 15
detect_structure.cc:74 Dynamic e block size because the block size changed from 1 to 9
detect_structure.cc:93 Dynamic f block size because the block size changed from 6 to 9
detect_structure.cc:114 Schur complement static structure <-1,-1,-1>.
schur_eliminator.cc:155 Template specializations not found for <-1,-1,-1>
block_sparse_matrix.cc:208 Allocating values array with 361560 bytes.
detect_structure.cc:63 Dynamic row block size because the block size changed from 2 to 15
detect_structure.cc:74 Dynamic e block size because the block size changed from 1 to 9
detect_structure.cc:93 Dynamic f block size because the block size changed from 6 to 9
detect_structure.cc:114 Schur complement static structure <-1,-1,-1>.
detect_structure.cc:63 Dynamic row block size because the block size changed from 2 to 15
detect_structure.cc:74 Dynamic e block size because the block size changed from 1 to 9
detect_structure.cc:93 Dynamic f block size because the block size changed from 6 to 9
detect_structure.cc:114 Schur complement static structure <-1,-1,-1>.
schur_eliminator.cc:155 Template specializations not found for <-1,-1,-1>
block_sparse_matrix.cc:208 Allocating values array with 361352 bytes.
detect_structure.cc:63 Dynamic row block size because the block size changed from 2 to 15
detect_structure.cc:74 Dynamic e block size because the block size changed from 1 to 9
detect_structure.cc:93 Dynamic f block size because the block size changed from 6 to 9
detect_structure.cc:114 Schur complement static structure <-1,-1,-1>.
detect_structure.cc:63 Dynamic row block size because the block size changed from 2 to 15
detect_structure.cc:74 Dynamic e block size because the block size changed from 1 to 9
detect_structure.cc:93 Dynamic f block size because the block size changed from 6 to 9
detect_structure.cc:114 Schur complement static structure <-1,-1,-1>.
schur_eliminator.cc:155 Template specializations not found for <-1,-1,-1>
[VIO DIAG] f=20 tri: ok=165 wait=0 fail=0 default=2 depth: avg=1.61924 min=0.40325 max=6.02747 |vel|=0.0281424 vel=(-0.00945393,-0.00677187,0.0256273) ba=(-0.267304,-0.685691,0.0264956) bg=(-1.04772e-07,-0.000214681,-8.41271e-05)
block_sparse_matrix.cc:208 Allocating values array with 361144 bytes.
detect_structure.cc:63 Dynamic row block size because the block size changed from 2 to 15
detect_structure.cc:74 Dynamic e block size because the block size changed from 1 to 9
detect_structure.cc:93 Dynamic f block size because the block size changed from 6 to 9
detect_structure.cc:114 Schur complement static structure <-1,-1,-1>.
detect_structure.cc:63 Dynamic row block size because the block size changed from 2 to 15
detect_structure.cc:74 Dynamic e block size because the block size changed from 1 to 9
detect_structure.cc:93 Dynamic f block size because the block size changed from 6 to 9
detect_structure.cc:114 Schur complement static structure <-1,-1,-1>.
schur_eliminator.cc:155 Template specializations not found for <-1,-1,-1>
block_sparse_matrix.cc:208 Allocating values array with 361144 bytes.
detect_structure.cc:63 Dynamic row block size because the block size changed from 2 to 15
detect_structure.cc:74 Dynamic e block size because the block size changed from 1 to 9
detect_structure.cc:93 Dynamic f block size because the block size changed from 6 to 9
detect_structure.cc:114 Schur complement static structure <-1,-1,-1>.
detect_structure.cc:63 Dynamic row block size because the block size changed from 2 to 15
detect_structure.cc:74 Dynamic e block size because the block size changed from 1 to 9
detect_structure.cc:93 Dynamic f block size because the block size changed from 6 to 9
detect_structure.cc:114 Schur complement static structure <-1,-1,-1>.
schur_eliminator.cc:155 Template specializations not found for <-1,-1,-1>
block_sparse_matrix.cc:208 Allocating values array with 361144 bytes.
detect_structure.cc:63 Dynamic row block size because the block size changed from 2 to 15
detect_structure.cc:74 Dynamic e block size because the block size changed from 1 to 9
detect_structure.cc:93 Dynamic f block size because the block size changed from 6 to 9
detect_structure.cc:114 Schur complement static structure <-1,-1,-1>.
detect_structure.cc:63 Dynamic row block size because the block size changed from 2 to 15
detect_structure.cc:74 Dynamic e block size because the block size changed from 1 to 9
detect_structure.cc:93 Dynamic f block size because the block size changed from 6 to 9
detect_structure.cc:114 Schur complement static structure <-1,-1,-1>.
schur_eliminator.cc:155 Template specializations not found for <-1,-1,-1>
block_sparse_matrix.cc:208 Allocating values array with 361144 bytes.
detect_structure.cc:63 Dynamic row block size because the block size changed from 2 to 15
detect_structure.cc:74 Dynamic e block size because the block size changed from 1 to 9
detect_structure.cc:93 Dynamic f block size because the block size changed from 6 to 9
detect_structure.cc:114 Schur complement static structure <-1,-1,-1>.
detect_structure.cc:63 Dynamic row block size because the block size changed from 2 to 15
detect_structure.cc:74 Dynamic e block size because the block size changed from 1 to 9
detect_structure.cc:93 Dynamic f block size because the block size changed from 6 to 9
detect_structure.cc:114 Schur complement static structure <-1,-1,-1>.
schur_eliminator.cc:155 Template specializations not found for <-1,-1,-1>
block_sparse_matrix.cc:208 Allocating values array with 361144 bytes.
detect_structure.cc:63 Dynamic row block size because the block size changed from 2 to 15
detect_structure.cc:74 Dynamic e block size because the block size changed from 1 to 9
detect_structure.cc:93 Dynamic f block size because the block size changed from 6 to 9
detect_structure.cc:114 Schur complement static structure <-1,-1,-1>.
detect_structure.cc:63 Dynamic row block size because the block size changed from 2 to 15
detect_structure.cc:74 Dynamic e block size because the block size changed from 1 to 9
detect_structure.cc:93 Dynamic f block size because the block size changed from 6 to 9
detect_structure.cc:114 Schur complement static structure <-1,-1,-1>.
schur_eliminator.cc:155 Template specializations not found for <-1,-1,-1>
block_sparse_matrix.cc:208 Allocating values array with 361144 bytes.
detect_structure.cc:63 Dynamic row block size because the block size changed from 2 to 15
detect_structure.cc:74 Dynamic e block size because the block size changed from 1 to 9
detect_structure.cc:93 Dynamic f block size because the block size changed from 6 to 9
detect_structure.cc:114 Schur complement static structure <-1,-1,-1>.
detect_structure.cc:63 Dynamic row block size because the block size changed from 2 to 15
detect_structure.cc:74 Dynamic e block size because the block size changed from 1 to 9
detect_structure.cc:93 Dynamic f block size because the block size changed from 6 to 9
detect_structure.cc:114 Schur complement static structure <-1,-1,-1>.
schur_eliminator.cc:155 Template specializations not found for <-1,-1,-1>
block_sparse_matrix.cc:208 Allocating values array with 361144 bytes.
detect_structure.cc:63 Dynamic row block size because the block size changed from 2 to 15
detect_structure.cc:74 Dynamic e block size because the block size changed from 1 to 9
detect_structure.cc:93 Dynamic f block size because the block size changed from 6 to 9
detect_structure.cc:114 Schur complement static structure <-1,-1,-1>.
detect_structure.cc:63 Dynamic row block size because the block size changed from 2 to 15
detect_structure.cc:74 Dynamic e block size because the block size changed from 1 to 9
detect_structure.cc:93 Dynamic f block size because the block size changed from 6 to 9
detect_structure.cc:114 Schur complement static structure <-1,-1,-1>.
schur_eliminator.cc:155 Template specializations not found for <-1,-1,-1>
block_sparse_matrix.cc:208 Allocating values array with 360312 bytes.
detect_structure.cc:63 Dynamic row block size because the block size changed from 2 to 15
detect_structure.cc:74 Dynamic e block size because the block size changed from 1 to 9
detect_structure.cc:93 Dynamic f block size because the block size changed from 6 to 9
detect_structure.cc:114 Schur complement static structure <-1,-1,-1>.
detect_structure.cc:63 Dynamic row block size because the block size changed from 2 to 15
detect_structure.cc:74 Dynamic e block size because the block size changed from 1 to 9
detect_structure.cc:93 Dynamic f block size because the block size changed from 6 to 9
detect_structure.cc:114 Schur complement static structure <-1,-1,-1>.
schur_eliminator.cc:155 Template specializations not found for <-1,-1,-1>
block_sparse_matrix.cc:208 Allocating values array with 360312 bytes.
detect_structure.cc:63 Dynamic row block size because the block size changed from 2 to 15
detect_structure.cc:74 Dynamic e block size because the block size changed from 1 to 9
detect_structure.cc:93 Dynamic f block size because the block size changed from 6 to 9
detect_structure.cc:114 Schur complement static structure <-1,-1,-1>.
detect_structure.cc:63 Dynamic row block size because the block size changed from 2 to 15
detect_structure.cc:74 Dynamic e block size because the block size changed from 1 to 9
detect_structure.cc:93 Dynamic f block size because the block size changed from 6 to 9
detect_structure.cc:114 Schur complement static structure <-1,-1,-1>.
schur_eliminator.cc:155 Template specializations not found for <-1,-1,-1>
block_sparse_matrix.cc:208 Allocating values array with 360312 bytes.
detect_structure.cc:63 Dynamic row block size because the block size changed from 2 to 15
detect_structure.cc:74 Dynamic e block size because the block size changed from 1 to 9
detect_structure.cc:93 Dynamic f block size because the block size changed from 6 to 9
detect_structure.cc:114 Schur complement static structure <-1,-1,-1>.
detect_structure.cc:63 Dynamic row block size because the block size changed from 2 to 15
detect_structure.cc:74 Dynamic e block size because the block size changed from 1 to 9
detect_structure.cc:93 Dynamic f block size because the block size changed from 6 to 9
detect_structure.cc:114 Schur complement static structure <-1,-1,-1>.
schur_eliminator.cc:155 Template specializations not found for <-1,-1,-1>
block_sparse_matrix.cc:208 Allocating values array with 360312 bytes.
detect_structure.cc:63 Dynamic row block size because the block size changed from 2 to 15
detect_structure.cc:74 Dynamic e block size because the block size changed from 1 to 9
detect_structure.cc:93 Dynamic f block size because the block size changed from 6 to 9
detect_structure.cc:114 Schur complement static structure <-1,-1,-1>.
detect_structure.cc:63 Dynamic row block size because the block size changed from 2 to 15
detect_structure.cc:74 Dynamic e block size because the block size changed from 1 to 9
detect_structure.cc:93 Dynamic f block size because the block size changed from 6 to 9
detect_structure.cc:114 Schur complement static structure <-1,-1,-1>.
schur_eliminator.cc:155 Template specializations not found for <-1,-1,-1>
block_sparse_matrix.cc:208 Allocating values array with 359688 bytes.
detect_structure.cc:63 Dynamic row block size because the block size changed from 2 to 15
detect_structure.cc:74 Dynamic e block size because the block size changed from 1 to 9
detect_structure.cc:93 Dynamic f block size because the block size changed from 6 to 9
detect_structure.cc:114 Schur complement static structure <-1,-1,-1>.
detect_structure.cc:63 Dynamic row block size because the block size changed from 2 to 15
detect_structure.cc:74 Dynamic e block size because the block size changed from 1 to 9
detect_structure.cc:93 Dynamic f block size because the block size changed from 6 to 9
detect_structure.cc:114 Schur complement static structure <-1,-1,-1>.
schur_eliminator.cc:155 Template specializations not found for <-1,-1,-1>
block_sparse_matrix.cc:208 Allocating values array with 359688 bytes.
detect_structure.cc:63 Dynamic row block size because the block size changed from 2 to 15
detect_structure.cc:74 Dynamic e block size because the block size changed from 1 to 9
detect_structure.cc:93 Dynamic f block size because the block size changed from 6 to 9
detect_structure.cc:114 Schur complement static structure <-1,-1,-1>.
detect_structure.cc:63 Dynamic row block size because the block size changed from 2 to 15
detect_structure.cc:74 Dynamic e block size because the block size changed from 1 to 9
detect_structure.cc:93 Dynamic f block size because the block size changed from 6 to 9
detect_structure.cc:114 Schur complement static structure <-1,-1,-1>.
schur_eliminator.cc:155 Template specializations not found for <-1,-1,-1>
block_sparse_matrix.cc:208 Allocating values array with 359688 bytes.
detect_structure.cc:63 Dynamic row block size because the block size changed from 2 to 15
detect_structure.cc:74 Dynamic e block size because the block size changed from 1 to 9
detect_structure.cc:93 Dynamic f block size because the block size changed from 6 to 9
detect_structure.cc:114 Schur complement static structure <-1,-1,-1>.
detect_structure.cc:63 Dynamic row block size because the block size changed from 2 to 15
detect_structure.cc:74 Dynamic e block size because the block size changed from 1 to 9
detect_structure.cc:93 Dynamic f block size because the block size changed from 6 to 9
detect_structure.cc:114 Schur complement static structure <-1,-1,-1>.
schur_eliminator.cc:155 Template specializations not found for <-1,-1,-1>
block_sparse_matrix.cc:208 Allocating values array with 359688 bytes.
detect_structure.cc:63 Dynamic row block size because the block size changed from 2 to 15
detect_structure.cc:74 Dynamic e block size because the block size changed from 1 to 9
detect_structure.cc:93 Dynamic f block size because the block size changed from 6 to 9
detect_structure.cc:114 Schur complement static structure <-1,-1,-1>.
detect_structure.cc:63 Dynamic row block size because the block size changed from 2 to 15
detect_structure.cc:74 Dynamic e block size because the block size changed from 1 to 9
detect_structure.cc:93 Dynamic f block size because the block size changed from 6 to 9
detect_structure.cc:114 Schur complement static structure <-1,-1,-1>.
schur_eliminator.cc:155 Template specializations not found for <-1,-1,-1>
block_sparse_matrix.cc:208 Allocating values array with 359688 bytes.
detect_structure.cc:63 Dynamic row block size because the block size changed from 2 to 15
detect_structure.cc:74 Dynamic e block size because the block size changed from 1 to 9
detect_structure.cc:93 Dynamic f block size because the block size changed from 6 to 9
detect_structure.cc:114 Schur complement static structure <-1,-1,-1>.
detect_structure.cc:63 Dynamic row block size because the block size changed from 2 to 15
detect_structure.cc:74 Dynamic e block size because the block size changed from 1 to 9
detect_structure.cc:93 Dynamic f block size because the block size changed from 6 to 9
detect_structure.cc:114 Schur complement static structure <-1,-1,-1>.
schur_eliminator.cc:155 Template specializations not found for <-1,-1,-1>
block_sparse_matrix.cc:208 Allocating values array with 359688 bytes.
detect_structure.cc:63 Dynamic row block size because the block size changed from 2 to 15
detect_structure.cc:74 Dynamic e block size because the block size changed from 1 to 9
detect_structure.cc:93 Dynamic f block size because the block size changed from 6 to 9
detect_structure.cc:114 Schur complement static structure <-1,-1,-1>.
detect_structure.cc:63 Dynamic row block size because the block size changed from 2 to 15
detect_structure.cc:74 Dynamic e block size because the block size changed from 1 to 9
detect_structure.cc:93 Dynamic f block size because the block size changed from 6 to 9
detect_structure.cc:114 Schur complement static structure <-1,-1,-1>.
schur_eliminator.cc:155 Template specializations not found for <-1,-1,-1>
block_sparse_matrix.cc:208 Allocating values array with 359688 bytes.
detect_structure.cc:63 Dynamic row block size because the block size changed from 2 to 15
detect_structure.cc:74 Dynamic e block size because the block size changed from 1 to 9
detect_structure.cc:93 Dynamic f block size because the block size changed from 6 to 9
detect_structure.cc:114 Schur complement static structure <-1,-1,-1>.
detect_structure.cc:63 Dynamic row block size because the block size changed from 2 to 15
detect_structure.cc:74 Dynamic e block size because the block size changed from 1 to 9
detect_structure.cc:93 Dynamic f block size because the block size changed from 6 to 9
detect_structure.cc:114 Schur complement static structure <-1,-1,-1>.
schur_eliminator.cc:155 Template specializations not found for <-1,-1,-1>
block_sparse_matrix.cc:208 Allocating values array with 359688 bytes.
detect_structure.cc:63 Dynamic row block size because the block size changed from 2 to 15
detect_structure.cc:74 Dynamic e block size because the block size changed from 1 to 9
detect_structure.cc:93 Dynamic f block size because the block size changed from 6 to 9
detect_structure.cc:114 Schur complement static structure <-1,-1,-1>.
detect_structure.cc:63 Dynamic row block size because the block size changed from 2 to 15
detect_structure.cc:74 Dynamic e block size because the block size changed from 1 to 9
detect_structure.cc:93 Dynamic f block size because the block size changed from 6 to 9
detect_structure.cc:114 Schur complement static structure <-1,-1,-1>.
schur_eliminator.cc:155 Template specializations not found for <-1,-1,-1>
block_sparse_matrix.cc:208 Allocating values array with 359688 bytes.
detect_structure.cc:63 Dynamic row block size because the block size changed from 2 to 15
detect_structure.cc:74 Dynamic e block size because the block size changed from 1 to 9
detect_structure.cc:93 Dynamic f block size because the block size changed from 6 to 9
detect_structure.cc:114 Schur complement static structure <-1,-1,-1>.
detect_structure.cc:63 Dynamic row block size because the block size changed from 2 to 15
detect_structure.cc:74 Dynamic e block size because the block size changed from 1 to 9
detect_structure.cc:93 Dynamic f block size because the block size changed from 6 to 9
detect_structure.cc:114 Schur complement static structure <-1,-1,-1>.
schur_eliminator.cc:155 Template specializations not found for <-1,-1,-1>
[VIO DIAG] f=40 tri: ok=163 wait=0 fail=0 default=2 depth: avg=1.57803 min=0.365411 max=4.17276 |vel|=0.00425048 vel=(-0.00399616,0.00136942,0.000471214) ba=(-0.205241,-0.418199,-0.000251577) bg=(3.86196e-05,-0.000225535,-0.000180159)
block_sparse_matrix.cc:208 Allocating values array with 359688 bytes.
detect_structure.cc:63 Dynamic row block size because the block size changed from 2 to 15
detect_structure.cc:74 Dynamic e block size because the block size changed from 1 to 9
detect_structure.cc:93 Dynamic f block size because the block size changed from 6 to 9
detect_structure.cc:114 Schur complement static structure <-1,-1,-1>.
detect_structure.cc:63 Dynamic row block size because the block size changed from 2 to 15
detect_structure.cc:74 Dynamic e block size because the block size changed from 1 to 9
detect_structure.cc:93 Dynamic f block size because the block size changed from 6 to 9
detect_structure.cc:114 Schur complement static structure <-1,-1,-1>.
schur_eliminator.cc:155 Template specializations not found for <-1,-1,-1>
block_sparse_matrix.cc:208 Allocating values array with 359688 bytes.
detect_structure.cc:63 Dynamic row block size because the block size changed from 2 to 15
detect_structure.cc:74 Dynamic e block size because the block size changed from 1 to 9
detect_structure.cc:93 Dynamic f block size because the block size changed from 6 to 9
detect_structure.cc:114 Schur complement static structure <-1,-1,-1>.
detect_structure.cc:63 Dynamic row block size because the block size changed from 2 to 15
detect_structure.cc:74 Dynamic e block size because the block size changed from 1 to 9
detect_structure.cc:93 Dynamic f block size because the block size changed from 6 to 9
detect_structure.cc:114 Schur complement static structure <-1,-1,-1>.
schur_eliminator.cc:155 Template specializations not found for <-1,-1,-1>
block_sparse_matrix.cc:208 Allocating values array with 359480 bytes.
detect_structure.cc:63 Dynamic row block size because the block size changed from 2 to 15
detect_structure.cc:74 Dynamic e block size because the block size changed from 1 to 9
detect_structure.cc:93 Dynamic f block size because the block size changed from 6 to 9
detect_structure.cc:114 Schur complement static structure <-1,-1,-1>.
detect_structure.cc:63 Dynamic row block size because the block size changed from 2 to 15
detect_structure.cc:74 Dynamic e block size because the block size changed from 1 to 9
detect_structure.cc:93 Dynamic f block size because the block size changed from 6 to 9
detect_structure.cc:114 Schur complement static structure <-1,-1,-1>.
schur_eliminator.cc:155 Template specializations not found for <-1,-1,-1>
block_sparse_matrix.cc:208 Allocating values array with 359272 bytes.
detect_structure.cc:63 Dynamic row block size because the block size changed from 2 to 15
detect_structure.cc:74 Dynamic e block size because the block size changed from 1 to 9
detect_structure.cc:93 Dynamic f block size because the block size changed from 6 to 9
detect_structure.cc:114 Schur complement static structure <-1,-1,-1>.
detect_structure.cc:63 Dynamic row block size because the block size changed from 2 to 15
detect_structure.cc:74 Dynamic e block size because the block size changed from 1 to 9
detect_structure.cc:93 Dynamic f block size because the block size changed from 6 to 9
detect_structure.cc:114 Schur complement static structure <-1,-1,-1>.
schur_eliminator.cc:155 Template specializations not found for <-1,-1,-1>
block_sparse_matrix.cc:208 Allocating values array with 359272 bytes.
detect_structure.cc:63 Dynamic row block size because the block size changed from 2 to 15
detect_structure.cc:74 Dynamic e block size because the block size changed from 1 to 9
detect_structure.cc:93 Dynamic f block size because the block size changed from 6 to 9
detect_structure.cc:114 Schur complement static structure <-1,-1,-1>.
detect_structure.cc:63 Dynamic row block size because the block size changed from 2 to 15
detect_structure.cc:74 Dynamic e block size because the block size changed from 1 to 9
detect_structure.cc:93 Dynamic f block size because the block size changed from 6 to 9
detect_structure.cc:114 Schur complement static structure <-1,-1,-1>.
schur_eliminator.cc:155 Template specializations not found for <-1,-1,-1>
block_sparse_matrix.cc:208 Allocating values array with 359272 bytes.
detect_structure.cc:63 Dynamic row block size because the block size changed from 2 to 15
detect_structure.cc:74 Dynamic e block size because the block size changed from 1 to 9
detect_structure.cc:93 Dynamic f block size because the block size changed from 6 to 9
detect_structure.cc:114 Schur complement static structure <-1,-1,-1>.
detect_structure.cc:63 Dynamic row block size because the block size changed from 2 to 15
detect_structure.cc:74 Dynamic e block size because the block size changed from 1 to 9
detect_structure.cc:93 Dynamic f block size because the block size changed from 6 to 9
detect_structure.cc:114 Schur complement static structure <-1,-1,-1>.
schur_eliminator.cc:155 Template specializations not found for <-1,-1,-1>
block_sparse_matrix.cc:208 Allocating values array with 359272 bytes.
detect_structure.cc:63 Dynamic row block size because the block size changed from 2 to 15
detect_structure.cc:74 Dynamic e block size because the block size changed from 1 to 9
detect_structure.cc:93 Dynamic f block size because the block size changed from 6 to 9
detect_structure.cc:114 Schur complement static structure <-1,-1,-1>.
detect_structure.cc:63 Dynamic row block size because the block size changed from 2 to 15
detect_structure.cc:74 Dynamic e block size because the block size changed from 1 to 9
detect_structure.cc:93 Dynamic f block size because the block size changed from 6 to 9
detect_structure.cc:114 Schur complement static structure <-1,-1,-1>.
schur_eliminator.cc:155 Template specializations not found for <-1,-1,-1>
block_sparse_matrix.cc:208 Allocating values array with 359272 bytes.
detect_structure.cc:63 Dynamic row block size because the block size changed from 2 to 15
detect_structure.cc:74 Dynamic e block size because the block size changed from 1 to 9
detect_structure.cc:93 Dynamic f block size because the block size changed from 6 to 9
detect_structure.cc:114 Schur complement static structure <-1,-1,-1>.
detect_structure.cc:63 Dynamic row block size because the block size changed from 2 to 15
detect_structure.cc:74 Dynamic e block size because the block size changed from 1 to 9
detect_structure.cc:93 Dynamic f block size because the block size changed from 6 to 9
detect_structure.cc:114 Schur complement static structure <-1,-1,-1>.
schur_eliminator.cc:155 Template specializations not found for <-1,-1,-1>
block_sparse_matrix.cc:208 Allocating values array with 359272 bytes.
detect_structure.cc:63 Dynamic row block size because the block size changed from 2 to 15
detect_structure.cc:74 Dynamic e block size because the block size changed from 1 to 9
detect_structure.cc:93 Dynamic f block size because the block size changed from 6 to 9
detect_structure.cc:114 Schur complement static structure <-1,-1,-1>.
detect_structure.cc:63 Dynamic row block size because the block size changed from 2 to 15
detect_structure.cc:74 Dynamic e block size because the block size changed from 1 to 9
detect_structure.cc:93 Dynamic f block size because the block size changed from 6 to 9
detect_structure.cc:114 Schur complement static structure <-1,-1,-1>.
schur_eliminator.cc:155 Template specializations not found for <-1,-1,-1>
block_sparse_matrix.cc:208 Allocating values array with 359272 bytes.
detect_structure.cc:63 Dynamic row block size because the block size changed from 2 to 15
detect_structure.cc:74 Dynamic e block size because the block size changed from 1 to 9
detect_structure.cc:93 Dynamic f block size because the block size changed from 6 to 9
detect_structure.cc:114 Schur complement static structure <-1,-1,-1>.
detect_structure.cc:63 Dynamic row block size because the block size changed from 2 to 15
detect_structure.cc:74 Dynamic e block size because the block size changed from 1 to 9
detect_structure.cc:93 Dynamic f block size because the block size changed from 6 to 9
detect_structure.cc:114 Schur complement static structure <-1,-1,-1>.
schur_eliminator.cc:155 Template specializations not found for <-1,-1,-1>
block_sparse_matrix.cc:208 Allocating values array with 359272 bytes.
detect_structure.cc:63 Dynamic row block size because the block size changed from 2 to 15
detect_structure.cc:74 Dynamic e block size because the block size changed from 1 to 9
detect_structure.cc:93 Dynamic f block size because the block size changed from 6 to 9
detect_structure.cc:114 Schur complement static structure <-1,-1,-1>.
detect_structure.cc:63 Dynamic row block size because the block size changed from 2 to 15
detect_structure.cc:74 Dynamic e block size because the block size changed from 1 to 9
detect_structure.cc:93 Dynamic f block size because the block size changed from 6 to 9
detect_structure.cc:114 Schur complement static structure <-1,-1,-1>.
schur_eliminator.cc:155 Template specializations not found for <-1,-1,-1>
block_sparse_matrix.cc:208 Allocating values array with 359272 bytes.
detect_structure.cc:63 Dynamic row block size because the block size changed from 2 to 15
detect_structure.cc:74 Dynamic e block size because the block size changed from 1 to 9
detect_structure.cc:93 Dynamic f block size because the block size changed from 6 to 9
detect_structure.cc:114 Schur complement static structure <-1,-1,-1>.
detect_structure.cc:63 Dynamic row block size because the block size changed from 2 to 15
detect_structure.cc:74 Dynamic e block size because the block size changed from 1 to 9
detect_structure.cc:93 Dynamic f block size because the block size changed from 6 to 9
detect_structure.cc:114 Schur complement static structure <-1,-1,-1>.
schur_eliminator.cc:155 Template specializations not found for <-1,-1,-1>
block_sparse_matrix.cc:208 Allocating values array with 359272 bytes.
detect_structure.cc:63 Dynamic row block size because the block size changed from 2 to 15
detect_structure.cc:74 Dynamic e block size because the block size changed from 1 to 9
detect_structure.cc:93 Dynamic f block size because the block size changed from 6 to 9
detect_structure.cc:114 Schur complement static structure <-1,-1,-1>.
detect_structure.cc:63 Dynamic row block size because the block size changed from 2 to 15
detect_structure.cc:74 Dynamic e block size because the block size changed from 1 to 9
detect_structure.cc:93 Dynamic f block size because the block size changed from 6 to 9
detect_structure.cc:114 Schur complement static structure <-1,-1,-1>.
schur_eliminator.cc:155 Template specializations not found for <-1,-1,-1>
block_sparse_matrix.cc:208 Allocating values array with 359272 bytes.
detect_structure.cc:63 Dynamic row block size because the block size changed from 2 to 15
detect_structure.cc:74 Dynamic e block size because the block size changed from 1 to 9
detect_structure.cc:93 Dynamic f block size because the block size changed from 6 to 9
detect_structure.cc:114 Schur complement static structure <-1,-1,-1>.
detect_structure.cc:63 Dynamic row block size because the block size changed from 2 to 15
detect_structure.cc:74 Dynamic e block size because the block size changed from 1 to 9
detect_structure.cc:93 Dynamic f block size because the block size changed from 6 to 9
detect_structure.cc:114 Schur complement static structure <-1,-1,-1>.
schur_eliminator.cc:155 Template specializations not found for <-1,-1,-1>
[Replay] 100/600 frames, 55 valid poses
block_sparse_matrix.cc:208 Allocating values array with 359272 bytes.
detect_structure.cc:63 Dynamic row block size because the block size changed from 2 to 15
detect_structure.cc:74 Dynamic e block size because the block size changed from 1 to 9
detect_structure.cc:93 Dynamic f block size because the block size changed from 6 to 9
detect_structure.cc:114 Schur complement static structure <-1,-1,-1>.
detect_structure.cc:63 Dynamic row block size because the block size changed from 2 to 15
detect_structure.cc:74 Dynamic e block size because the block size changed from 1 to 9
detect_structure.cc:93 Dynamic f block size because the block size changed from 6 to 9
detect_structure.cc:114 Schur complement static structure <-1,-1,-1>.
schur_eliminator.cc:155 Template specializations not found for <-1,-1,-1>
block_sparse_matrix.cc:208 Allocating values array with 359064 bytes.
detect_structure.cc:63 Dynamic row block size because the block size changed from 2 to 15
detect_structure.cc:74 Dynamic e block size because the block size changed from 1 to 9
detect_structure.cc:93 Dynamic f block size because the block size changed from 6 to 9
detect_structure.cc:114 Schur complement static structure <-1,-1,-1>.
detect_structure.cc:63 Dynamic row block size because the block size changed from 2 to 15
detect_structure.cc:74 Dynamic e block size because the block size changed from 1 to 9
detect_structure.cc:93 Dynamic f block size because the block size changed from 6 to 9
detect_structure.cc:114 Schur complement static structure <-1,-1,-1>.
schur_eliminator.cc:155 Template specializations not found for <-1,-1,-1>
block_sparse_matrix.cc:208 Allocating values array with 358856 bytes.
detect_structure.cc:63 Dynamic row block size because the block size changed from 2 to 15
detect_structure.cc:74 Dynamic e block size because the block size changed from 1 to 9
detect_structure.cc:93 Dynamic f block size because the block size changed from 6 to 9
detect_structure.cc:114 Schur complement static structure <-1,-1,-1>.
detect_structure.cc:63 Dynamic row block size because the block size changed from 2 to 15
detect_structure.cc:74 Dynamic e block size because the block size changed from 1 to 9
detect_structure.cc:93 Dynamic f block size because the block size changed from 6 to 9
detect_structure.cc:114 Schur complement static structure <-1,-1,-1>.
schur_eliminator.cc:155 Template specializations not found for <-1,-1,-1>
block_sparse_matrix.cc:208 Allocating values array with 358856 bytes.
detect_structure.cc:63 Dynamic row block size because the block size changed from 2 to 15
detect_structure.cc:74 Dynamic e block size because the block size changed from 1 to 9
detect_structure.cc:93 Dynamic f block size because the block size changed from 6 to 9
detect_structure.cc:114 Schur complement static structure <-1,-1,-1>.
detect_structure.cc:63 Dynamic row block size because the block size changed from 2 to 15
detect_structure.cc:74 Dynamic e block size because the block size changed from 1 to 9
detect_structure.cc:93 Dynamic f block size because the block size changed from 6 to 9
detect_structure.cc:114 Schur complement static structure <-1,-1,-1>.
schur_eliminator.cc:155 Template specializations not found for <-1,-1,-1>
block_sparse_matrix.cc:208 Allocating values array with 358856 bytes.
detect_structure.cc:63 Dynamic row block size because the block size changed from 2 to 15
detect_structure.cc:74 Dynamic e block size because the block size changed from 1 to 9
detect_structure.cc:93 Dynamic f block size because the block size changed from 6 to 9
detect_structure.cc:114 Schur complement static structure <-1,-1,-1>.
detect_structure.cc:63 Dynamic row block size because the block size changed from 2 to 15
detect_structure.cc:74 Dynamic e block size because the block size changed from 1 to 9
detect_structure.cc:93 Dynamic f block size because the block size changed from 6 to 9
detect_structure.cc:114 Schur complement static structure <-1,-1,-1>.
schur_eliminator.cc:155 Template specializations not found for <-1,-1,-1>
block_sparse_matrix.cc:208 Allocating values array with 358856 bytes.
detect_structure.cc:63 Dynamic row block size because the block size changed from 2 to 15
detect_structure.cc:74 Dynamic e block size because the block size changed from 1 to 9
detect_structure.cc:93 Dynamic f block size because the block size changed from 6 to 9
detect_structure.cc:114 Schur complement static structure <-1,-1,-1>.
detect_structure.cc:63 Dynamic row block size because the block size changed from 2 to 15
detect_structure.cc:74 Dynamic e block size because the block size changed from 1 to 9
detect_structure.cc:93 Dynamic f block size because the block size changed from 6 to 9
detect_structure.cc:114 Schur complement static structure <-1,-1,-1>.
schur_eliminator.cc:155 Template specializations not found for <-1,-1,-1>
[VIO DIAG] f=60 tri: ok=163 wait=0 fail=0 default=2 depth: avg=1.48746 min=0.476509 max=2.96124 |vel|=0.0373165 vel=(0.0362425,-0.00868267,-0.00190159) ba=(-0.28931,-0.362102,-0.000774846) bg=(-3.90701e-05,-0.00016144,-0.000190096)
block_sparse_matrix.cc:208 Allocating values array with 358856 bytes.
detect_structure.cc:63 Dynamic row block size because the block size changed from 2 to 15
detect_structure.cc:74 Dynamic e block size because the block size changed from 1 to 9
detect_structure.cc:93 Dynamic f block size because the block size changed from 6 to 9
detect_structure.cc:114 Schur complement static structure <-1,-1,-1>.
detect_structure.cc:63 Dynamic row block size because the block size changed from 2 to 15
detect_structure.cc:74 Dynamic e block size because the block size changed from 1 to 9
detect_structure.cc:93 Dynamic f block size because the block size changed from 6 to 9
detect_structure.cc:114 Schur complement static structure <-1,-1,-1>.
schur_eliminator.cc:155 Template specializations not found for <-1,-1,-1>
block_sparse_matrix.cc:208 Allocating values array with 358856 bytes.
detect_structure.cc:63 Dynamic row block size because the block size changed from 2 to 15
detect_structure.cc:74 Dynamic e block size because the block size changed from 1 to 9
detect_structure.cc:93 Dynamic f block size because the block size changed from 6 to 9
detect_structure.cc:114 Schur complement static structure <-1,-1,-1>.
detect_structure.cc:63 Dynamic row block size because the block size changed from 2 to 15
detect_structure.cc:74 Dynamic e block size because the block size changed from 1 to 9
detect_structure.cc:93 Dynamic f block size because the block size changed from 6 to 9
detect_structure.cc:114 Schur complement static structure <-1,-1,-1>.
schur_eliminator.cc:155 Template specializations not found for <-1,-1,-1>
block_sparse_matrix.cc:208 Allocating values array with 358856 bytes.
detect_structure.cc:63 Dynamic row block size because the block size changed from 2 to 15
detect_structure.cc:74 Dynamic e block size because the block size changed from 1 to 9
detect_structure.cc:93 Dynamic f block size because the block size changed from 6 to 9
detect_structure.cc:114 Schur complement static structure <-1,-1,-1>.
detect_structure.cc:63 Dynamic row block size because the block size changed from 2 to 15
detect_structure.cc:74 Dynamic e block size because the block size changed from 1 to 9
detect_structure.cc:93 Dynamic f block size because the block size changed from 6 to 9
detect_structure.cc:114 Schur complement static structure <-1,-1,-1>.
schur_eliminator.cc:155 Template specializations not found for <-1,-1,-1>
block_sparse_matrix.cc:208 Allocating values array with 358856 bytes.
detect_structure.cc:63 Dynamic row block size because the block size changed from 2 to 15
detect_structure.cc:74 Dynamic e block size because the block size changed from 1 to 9
detect_structure.cc:93 Dynamic f block size because the block size changed from 6 to 9
detect_structure.cc:114 Schur complement static structure <-1,-1,-1>.
detect_structure.cc:63 Dynamic row block size because the block size changed from 2 to 15
detect_structure.cc:74 Dynamic e block size because the block size changed from 1 to 9
detect_structure.cc:93 Dynamic f block size because the block size changed from 6 to 9
detect_structure.cc:114 Schur complement static structure <-1,-1,-1>.
schur_eliminator.cc:155 Template specializations not found for <-1,-1,-1>
block_sparse_matrix.cc:208 Allocating values array with 358856 bytes.
detect_structure.cc:63 Dynamic row block size because the block size changed from 2 to 15
detect_structure.cc:74 Dynamic e block size because the block size changed from 1 to 9
detect_structure.cc:93 Dynamic f block size because the block size changed from 6 to 9
detect_structure.cc:114 Schur complement static structure <-1,-1,-1>.
detect_structure.cc:63 Dynamic row block size because the block size changed from 2 to 15
detect_structure.cc:74 Dynamic e block size because the block size changed from 1 to 9
detect_structure.cc:93 Dynamic f block size because the block size changed from 6 to 9
detect_structure.cc:114 Schur complement static structure <-1,-1,-1>.
schur_eliminator.cc:155 Template specializations not found for <-1,-1,-1>
block_sparse_matrix.cc:208 Allocating values array with 358856 bytes.
detect_structure.cc:63 Dynamic row block size because the block size changed from 2 to 15
detect_structure.cc:74 Dynamic e block size because the block size changed from 1 to 9
detect_structure.cc:93 Dynamic f block size because the block size changed from 6 to 9
detect_structure.cc:114 Schur complement static structure <-1,-1,-1>.
detect_structure.cc:63 Dynamic row block size because the block size changed from 2 to 15
detect_structure.cc:74 Dynamic e block size because the block size changed from 1 to 9
detect_structure.cc:93 Dynamic f block size because the block size changed from 6 to 9
detect_structure.cc:114 Schur complement static structure <-1,-1,-1>.
schur_eliminator.cc:155 Template specializations not found for <-1,-1,-1>
block_sparse_matrix.cc:208 Allocating values array with 365480 bytes.
detect_structure.cc:63 Dynamic row block size because the block size changed from 2 to 15
detect_structure.cc:74 Dynamic e block size because the block size changed from 1 to 9
detect_structure.cc:93 Dynamic f block size because the block size changed from 6 to 9
detect_structure.cc:114 Schur complement static structure <-1,-1,-1>.
detect_structure.cc:63 Dynamic row block size because the block size changed from 2 to 15
detect_structure.cc:74 Dynamic e block size because the block size changed from 1 to 9
detect_structure.cc:93 Dynamic f block size because the block size changed from 6 to 9
detect_structure.cc:114 Schur complement static structure <-1,-1,-1>.
schur_eliminator.cc:155 Template specializations not found for <-1,-1,-1>
block_sparse_matrix.cc:208 Allocating values array with 358648 bytes.
detect_structure.cc:63 Dynamic row block size because the block size changed from 2 to 15
detect_structure.cc:74 Dynamic e block size because the block size changed from 1 to 9
detect_structure.cc:93 Dynamic f block size because the block size changed from 6 to 9
detect_structure.cc:114 Schur complement static structure <-1,-1,-1>.
detect_structure.cc:63 Dynamic row block size because the block size changed from 2 to 15
detect_structure.cc:74 Dynamic e block size because the block size changed from 1 to 9
detect_structure.cc:93 Dynamic f block size because the block size changed from 6 to 9
detect_structure.cc:114 Schur complement static structure <-1,-1,-1>.
schur_eliminator.cc:155 Template specializations not found for <-1,-1,-1>
block_sparse_matrix.cc:208 Allocating values array with 358440 bytes.
detect_structure.cc:63 Dynamic row block size because the block size changed from 2 to 15
detect_structure.cc:74 Dynamic e block size because the block size changed from 1 to 9
detect_structure.cc:93 Dynamic f block size because the block size changed from 6 to 9
detect_structure.cc:114 Schur complement static structure <-1,-1,-1>.
detect_structure.cc:63 Dynamic row block size because the block size changed from 2 to 15
detect_structure.cc:74 Dynamic e block size because the block size changed from 1 to 9
detect_structure.cc:93 Dynamic f block size because the block size changed from 6 to 9
detect_structure.cc:114 Schur complement static structure <-1,-1,-1>.
schur_eliminator.cc:155 Template specializations not found for <-1,-1,-1>
block_sparse_matrix.cc:208 Allocating values array with 358440 bytes.
detect_structure.cc:63 Dynamic row block size because the block size changed from 2 to 15
detect_structure.cc:74 Dynamic e block size because the block size changed from 1 to 9
detect_structure.cc:93 Dynamic f block size because the block size changed from 6 to 9
detect_structure.cc:114 Schur complement static structure <-1,-1,-1>.
detect_structure.cc:63 Dynamic row block size because the block size changed from 2 to 15
detect_structure.cc:74 Dynamic e block size because the block size changed from 1 to 9
detect_structure.cc:93 Dynamic f block size because the block size changed from 6 to 9
detect_structure.cc:114 Schur complement static structure <-1,-1,-1>.
schur_eliminator.cc:155 Template specializations not found for <-1,-1,-1>
block_sparse_matrix.cc:208 Allocating values array with 358440 bytes.
detect_structure.cc:63 Dynamic row block size because the block size changed from 2 to 15
detect_structure.cc:74 Dynamic e block size because the block size changed from 1 to 9
detect_structure.cc:93 Dynamic f block size because the block size changed from 6 to 9
detect_structure.cc:114 Schur complement static structure <-1,-1,-1>.
detect_structure.cc:63 Dynamic row block size because the block size changed from 2 to 15
detect_structure.cc:74 Dynamic e block size because the block size changed from 1 to 9
detect_structure.cc:93 Dynamic f block size because the block size changed from 6 to 9
detect_structure.cc:114 Schur complement static structure <-1,-1,-1>.
schur_eliminator.cc:155 Template specializations not found for <-1,-1,-1>
block_sparse_matrix.cc:208 Allocating values array with 358440 bytes.
detect_structure.cc:63 Dynamic row block size because the block size changed from 2 to 15
detect_structure.cc:74 Dynamic e block size because the block size changed from 1 to 9
detect_structure.cc:93 Dynamic f block size because the block size changed from 6 to 9
detect_structure.cc:114 Schur complement static structure <-1,-1,-1>.
detect_structure.cc:63 Dynamic row block size because the block size changed from 2 to 15
detect_structure.cc:74 Dynamic e block size because the block size changed from 1 to 9
detect_structure.cc:93 Dynamic f block size because the block size changed from 6 to 9
detect_structure.cc:114 Schur complement static structure <-1,-1,-1>.
schur_eliminator.cc:155 Template specializations not found for <-1,-1,-1>
block_sparse_matrix.cc:208 Allocating values array with 358232 bytes.
detect_structure.cc:63 Dynamic row block size because the block size changed from 2 to 15
detect_structure.cc:74 Dynamic e block size because the block size changed from 1 to 9
detect_structure.cc:93 Dynamic f block size because the block size changed from 6 to 9
detect_structure.cc:114 Schur complement static structure <-1,-1,-1>.
detect_structure.cc:63 Dynamic row block size because the block size changed from 2 to 15
detect_structure.cc:74 Dynamic e block size because the block size changed from 1 to 9
detect_structure.cc:93 Dynamic f block size because the block size changed from 6 to 9
detect_structure.cc:114 Schur complement static structure <-1,-1,-1>.
schur_eliminator.cc:155 Template specializations not found for <-1,-1,-1>
block_sparse_matrix.cc:208 Allocating values array with 358024 bytes.
detect_structure.cc:63 Dynamic row block size because the block size changed from 2 to 15
detect_structure.cc:74 Dynamic e block size because the block size changed from 1 to 9
detect_structure.cc:93 Dynamic f block size because the block size changed from 6 to 9
detect_structure.cc:114 Schur complement static structure <-1,-1,-1>.
detect_structure.cc:63 Dynamic row block size because the block size changed from 2 to 15
detect_structure.cc:74 Dynamic e block size because the block size changed from 1 to 9
detect_structure.cc:93 Dynamic f block size because the block size changed from 6 to 9
detect_structure.cc:114 Schur complement static structure <-1,-1,-1>.
schur_eliminator.cc:155 Template specializations not found for <-1,-1,-1>
block_sparse_matrix.cc:208 Allocating values array with 357400 bytes.
detect_structure.cc:63 Dynamic row block size because the block size changed from 2 to 15
detect_structure.cc:74 Dynamic e block size because the block size changed from 1 to 9
detect_structure.cc:93 Dynamic f block size because the block size changed from 6 to 9
detect_structure.cc:114 Schur complement static structure <-1,-1,-1>.
detect_structure.cc:63 Dynamic row block size because the block size changed from 2 to 15
detect_structure.cc:74 Dynamic e block size because the block size changed from 1 to 9
detect_structure.cc:93 Dynamic f block size because the block size changed from 6 to 9
detect_structure.cc:114 Schur complement static structure <-1,-1,-1>.
schur_eliminator.cc:155 Template specializations not found for <-1,-1,-1>
block_sparse_matrix.cc:208 Allocating values array with 367352 bytes.
detect_structure.cc:63 Dynamic row block size because the block size changed from 2 to 15
detect_structure.cc:74 Dynamic e block size because the block size changed from 1 to 9
detect_structure.cc:93 Dynamic f block size because the block size changed from 6 to 9
detect_structure.cc:114 Schur complement static structure <-1,-1,-1>.
detect_structure.cc:63 Dynamic row block size because the block size changed from 2 to 15
detect_structure.cc:74 Dynamic e block size because the block size changed from 1 to 9
detect_structure.cc:93 Dynamic f block size because the block size changed from 6 to 9
detect_structure.cc:114 Schur complement static structure <-1,-1,-1>.
schur_eliminator.cc:155 Template specializations not found for <-1,-1,-1>
block_sparse_matrix.cc:208 Allocating values array with 359064 bytes.
detect_structure.cc:63 Dynamic row block size because the block size changed from 2 to 15
detect_structure.cc:74 Dynamic e block size because the block size changed from 1 to 9
detect_structure.cc:93 Dynamic f block size because the block size changed from 6 to 9
detect_structure.cc:114 Schur complement static structure <-1,-1,-1>.
detect_structure.cc:63 Dynamic row block size because the block size changed from 2 to 15
detect_structure.cc:74 Dynamic e block size because the block size changed from 1 to 9
detect_structure.cc:93 Dynamic f block size because the block size changed from 6 to 9
detect_structure.cc:114 Schur complement static structure <-1,-1,-1>.
schur_eliminator.cc:155 Template specializations not found for <-1,-1,-1>
block_sparse_matrix.cc:208 Allocating values array with 356984 bytes.
detect_structure.cc:63 Dynamic row block size because the block size changed from 2 to 15
detect_structure.cc:74 Dynamic e block size because the block size changed from 1 to 9
detect_structure.cc:93 Dynamic f block size because the block size changed from 6 to 9
detect_structure.cc:114 Schur complement static structure <-1,-1,-1>.
detect_structure.cc:63 Dynamic row block size because the block size changed from 2 to 15
detect_structure.cc:74 Dynamic e block size because the block size changed from 1 to 9
detect_structure.cc:93 Dynamic f block size because the block size changed from 6 to 9
detect_structure.cc:114 Schur complement static structure <-1,-1,-1>.
schur_eliminator.cc:155 Template specializations not found for <-1,-1,-1>
block_sparse_matrix.cc:208 Allocating values array with 362984 bytes.
detect_structure.cc:63 Dynamic row block size because the block size changed from 2 to 15
detect_structure.cc:74 Dynamic e block size because the block size changed from 1 to 9
detect_structure.cc:93 Dynamic f block size because the block size changed from 6 to 9
detect_structure.cc:114 Schur complement static structure <-1,-1,-1>.
detect_structure.cc:63 Dynamic row block size because the block size changed from 2 to 15
detect_structure.cc:74 Dynamic e block size because the block size changed from 1 to 9
detect_structure.cc:93 Dynamic f block size because the block size changed from 6 to 9
detect_structure.cc:114 Schur complement static structure <-1,-1,-1>.
schur_eliminator.cc:155 Template specializations not found for <-1,-1,-1>
block_sparse_matrix.cc:208 Allocating values array with 355736 bytes.
detect_structure.cc:63 Dynamic row block size because the block size changed from 2 to 15
detect_structure.cc:74 Dynamic e block size because the block size changed from 1 to 9
detect_structure.cc:93 Dynamic f block size because the block size changed from 6 to 9
detect_structure.cc:114 Schur complement static structure <-1,-1,-1>.
detect_structure.cc:63 Dynamic row block size because the block size changed from 2 to 15
detect_structure.cc:74 Dynamic e block size because the block size changed from 1 to 9
detect_structure.cc:93 Dynamic f block size because the block size changed from 6 to 9
detect_structure.cc:114 Schur complement static structure <-1,-1,-1>.
schur_eliminator.cc:155 Template specializations not found for <-1,-1,-1>
[VIO DIAG] f=80 tri: ok=174 wait=0 fail=0 default=3 depth: avg=1.57551 min=0.507963 max=10.773 |vel|=0.397673 vel=(0.387159,-0.0710004,0.0566647) ba=(-0.250902,-0.354002,-0.00311918) bg=(6.78153e-05,-3.51737e-05,-0.000227455)
block_sparse_matrix.cc:208 Allocating values array with 355112 bytes.
detect_structure.cc:63 Dynamic row block size because the block size changed from 2 to 15
detect_structure.cc:74 Dynamic e block size because the block size changed from 1 to 9
detect_structure.cc:93 Dynamic f block size because the block size changed from 6 to 9
detect_structure.cc:114 Schur complement static structure <-1,-1,-1>.
detect_structure.cc:63 Dynamic row block size because the block size changed from 2 to 15
detect_structure.cc:74 Dynamic e block size because the block size changed from 1 to 9
detect_structure.cc:93 Dynamic f block size because the block size changed from 6 to 9
detect_structure.cc:114 Schur complement static structure <-1,-1,-1>.
schur_eliminator.cc:155 Template specializations not found for <-1,-1,-1>
block_sparse_matrix.cc:208 Allocating values array with 359032 bytes.
detect_structure.cc:63 Dynamic row block size because the block size changed from 2 to 15
detect_structure.cc:74 Dynamic e block size because the block size changed from 1 to 9
detect_structure.cc:93 Dynamic f block size because the block size changed from 6 to 9
detect_structure.cc:114 Schur complement static structure <-1,-1,-1>.
detect_structure.cc:63 Dynamic row block size because the block size changed from 2 to 15
detect_structure.cc:74 Dynamic e block size because the block size changed from 1 to 9
detect_structure.cc:93 Dynamic f block size because the block size changed from 6 to 9
detect_structure.cc:114 Schur complement static structure <-1,-1,-1>.
schur_eliminator.cc:155 Template specializations not found for <-1,-1,-1>
block_sparse_matrix.cc:208 Allocating values array with 350952 bytes.
detect_structure.cc:63 Dynamic row block size because the block size changed from 2 to 15
detect_structure.cc:74 Dynamic e block size because the block size changed from 1 to 9
detect_structure.cc:93 Dynamic f block size because the block size changed from 6 to 9
detect_structure.cc:114 Schur complement static structure <-1,-1,-1>.
detect_structure.cc:63 Dynamic row block size because the block size changed from 2 to 15
detect_structure.cc:74 Dynamic e block size because the block size changed from 1 to 9
detect_structure.cc:93 Dynamic f block size because the block size changed from 6 to 9
detect_structure.cc:114 Schur complement static structure <-1,-1,-1>.
schur_eliminator.cc:155 Template specializations not found for <-1,-1,-1>
block_sparse_matrix.cc:208 Allocating values array with 358200 bytes.
detect_structure.cc:63 Dynamic row block size because the block size changed from 2 to 15
detect_structure.cc:74 Dynamic e block size because the block size changed from 1 to 9
detect_structure.cc:93 Dynamic f block size because the block size changed from 6 to 9
detect_structure.cc:114 Schur complement static structure <-1,-1,-1>.
detect_structure.cc:63 Dynamic row block size because the block size changed from 2 to 15
detect_structure.cc:74 Dynamic e block size because the block size changed from 1 to 9
detect_structure.cc:93 Dynamic f block size because the block size changed from 6 to 9
detect_structure.cc:114 Schur complement static structure <-1,-1,-1>.
schur_eliminator.cc:155 Template specializations not found for <-1,-1,-1>
block_sparse_matrix.cc:208 Allocating values array with 350536 bytes.
detect_structure.cc:63 Dynamic row block size because the block size changed from 2 to 15
detect_structure.cc:74 Dynamic e block size because the block size changed from 1 to 9
detect_structure.cc:93 Dynamic f block size because the block size changed from 6 to 9
detect_structure.cc:114 Schur complement static structure <-1,-1,-1>.
detect_structure.cc:63 Dynamic row block size because the block size changed from 2 to 15
detect_structure.cc:74 Dynamic e block size because the block size changed from 1 to 9
detect_structure.cc:93 Dynamic f block size because the block size changed from 6 to 9
detect_structure.cc:114 Schur complement static structure <-1,-1,-1>.
schur_eliminator.cc:155 Template specializations not found for <-1,-1,-1>
block_sparse_matrix.cc:208 Allocating values array with 355080 bytes.
detect_structure.cc:63 Dynamic row block size because the block size changed from 2 to 15
detect_structure.cc:74 Dynamic e block size because the block size changed from 1 to 9
detect_structure.cc:93 Dynamic f block size because the block size changed from 6 to 9
detect_structure.cc:114 Schur complement static structure <-1,-1,-1>.
detect_structure.cc:63 Dynamic row block size because the block size changed from 2 to 15
detect_structure.cc:74 Dynamic e block size because the block size changed from 1 to 9
detect_structure.cc:93 Dynamic f block size because the block size changed from 6 to 9
detect_structure.cc:114 Schur complement static structure <-1,-1,-1>.
schur_eliminator.cc:155 Template specializations not found for <-1,-1,-1>
block_sparse_matrix.cc:208 Allocating values array with 351336 bytes.
detect_structure.cc:63 Dynamic row block size because the block size changed from 2 to 15
detect_structure.cc:74 Dynamic e block size because the block size changed from 1 to 9
detect_structure.cc:93 Dynamic f block size because the block size changed from 6 to 9
detect_structure.cc:114 Schur complement static structure <-1,-1,-1>.
detect_structure.cc:63 Dynamic row block size because the block size changed from 2 to 15
detect_structure.cc:74 Dynamic e block size because the block size changed from 1 to 9
detect_structure.cc:93 Dynamic f block size because the block size changed from 6 to 9
detect_structure.cc:114 Schur complement static structure <-1,-1,-1>.
schur_eliminator.cc:155 Template specializations not found for <-1,-1,-1>
block_sparse_matrix.cc:208 Allocating values array with 348424 bytes.
detect_structure.cc:63 Dynamic row block size because the block size changed from 2 to 15
detect_structure.cc:74 Dynamic e block size because the block size changed from 1 to 9
detect_structure.cc:93 Dynamic f block size because the block size changed from 6 to 9
detect_structure.cc:114 Schur complement static structure <-1,-1,-1>.
detect_structure.cc:63 Dynamic row block size because the block size changed from 2 to 15
detect_structure.cc:74 Dynamic e block size because the block size changed from 1 to 9
detect_structure.cc:93 Dynamic f block size because the block size changed from 6 to 9
detect_structure.cc:114 Schur complement static structure <-1,-1,-1>.
schur_eliminator.cc:155 Template specializations not found for <-1,-1,-1>
block_sparse_matrix.cc:208 Allocating values array with 344056 bytes.
detect_structure.cc:63 Dynamic row block size because the block size changed from 2 to 15
detect_structure.cc:74 Dynamic e block size because the block size changed from 1 to 9
detect_structure.cc:93 Dynamic f block size because the block size changed from 6 to 9
detect_structure.cc:114 Schur complement static structure <-1,-1,-1>.
detect_structure.cc:63 Dynamic row block size because the block size changed from 2 to 15
detect_structure.cc:74 Dynamic e block size because the block size changed from 1 to 9
detect_structure.cc:93 Dynamic f block size because the block size changed from 6 to 9
detect_structure.cc:114 Schur complement static structure <-1,-1,-1>.
schur_eliminator.cc:155 Template specializations not found for <-1,-1,-1>
block_sparse_matrix.cc:208 Allocating values array with 340312 bytes.
detect_structure.cc:63 Dynamic row block size because the block size changed from 2 to 15
detect_structure.cc:74 Dynamic e block size because the block size changed from 1 to 9
detect_structure.cc:93 Dynamic f block size because the block size changed from 6 to 9
detect_structure.cc:114 Schur complement static structure <-1,-1,-1>.
detect_structure.cc:63 Dynamic row block size because the block size changed from 2 to 15
detect_structure.cc:74 Dynamic e block size because the block size changed from 1 to 9
detect_structure.cc:93 Dynamic f block size because the block size changed from 6 to 9
detect_structure.cc:114 Schur complement static structure <-1,-1,-1>.
schur_eliminator.cc:155 Template specializations not found for <-1,-1,-1>
block_sparse_matrix.cc:208 Allocating values array with 337816 bytes.
detect_structure.cc:63 Dynamic row block size because the block size changed from 2 to 15
detect_structure.cc:74 Dynamic e block size because the block size changed from 1 to 9
detect_structure.cc:93 Dynamic f block size because the block size changed from 6 to 9
detect_structure.cc:114 Schur complement static structure <-1,-1,-1>.
detect_structure.cc:63 Dynamic row block size because the block size changed from 2 to 15
detect_structure.cc:74 Dynamic e block size because the block size changed from 1 to 9
detect_structure.cc:93 Dynamic f block size because the block size changed from 6 to 9
detect_structure.cc:114 Schur complement static structure <-1,-1,-1>.
schur_eliminator.cc:155 Template specializations not found for <-1,-1,-1>
block_sparse_matrix.cc:208 Allocating values array with 334280 bytes.
detect_structure.cc:63 Dynamic row block size because the block size changed from 2 to 15
detect_structure.cc:74 Dynamic e block size because the block size changed from 1 to 9
detect_structure.cc:93 Dynamic f block size because the block size changed from 6 to 9
detect_structure.cc:114 Schur complement static structure <-1,-1,-1>.
detect_structure.cc:63 Dynamic row block size because the block size changed from 2 to 15
detect_structure.cc:74 Dynamic e block size because the block size changed from 1 to 9
detect_structure.cc:93 Dynamic f block size because the block size changed from 6 to 9
detect_structure.cc:114 Schur complement static structure <-1,-1,-1>.
schur_eliminator.cc:155 Template specializations not found for <-1,-1,-1>
block_sparse_matrix.cc:208 Allocating values array with 331160 bytes.
detect_structure.cc:63 Dynamic row block size because the block size changed from 2 to 15
detect_structure.cc:74 Dynamic e block size because the block size changed from 1 to 9
detect_structure.cc:93 Dynamic f block size because the block size changed from 6 to 9
detect_structure.cc:114 Schur complement static structure <-1,-1,-1>.
detect_structure.cc:63 Dynamic row block size because the block size changed from 2 to 15
detect_structure.cc:74 Dynamic e block size because the block size changed from 1 to 9
detect_structure.cc:93 Dynamic f block size because the block size changed from 6 to 9
detect_structure.cc:114 Schur complement static structure <-1,-1,-1>.
schur_eliminator.cc:155 Template specializations not found for <-1,-1,-1>
block_sparse_matrix.cc:208 Allocating values array with 329704 bytes.
detect_structure.cc:63 Dynamic row block size because the block size changed from 2 to 15
detect_structure.cc:74 Dynamic e block size because the block size changed from 1 to 9
detect_structure.cc:93 Dynamic f block size because the block size changed from 6 to 9
detect_structure.cc:114 Schur complement static structure <-1,-1,-1>.
detect_structure.cc:63 Dynamic row block size because the block size changed from 2 to 15
detect_structure.cc:74 Dynamic e block size because the block size changed from 1 to 9
detect_structure.cc:93 Dynamic f block size because the block size changed from 6 to 9
detect_structure.cc:114 Schur complement static structure <-1,-1,-1>.
schur_eliminator.cc:155 Template specializations not found for <-1,-1,-1>
block_sparse_matrix.cc:208 Allocating values array with 322664 bytes.
detect_structure.cc:63 Dynamic row block size because the block size changed from 2 to 15
detect_structure.cc:74 Dynamic e block size because the block size changed from 1 to 9
detect_structure.cc:93 Dynamic f block size because the block size changed from 6 to 9
detect_structure.cc:114 Schur complement static structure <-1,-1,-1>.
detect_structure.cc:63 Dynamic row block size because the block size changed from 2 to 15
detect_structure.cc:74 Dynamic e block size because the block size changed from 1 to 9
detect_structure.cc:93 Dynamic f block size because the block size changed from 6 to 9
detect_structure.cc:114 Schur complement static structure <-1,-1,-1>.
schur_eliminator.cc:155 Template specializations not found for <-1,-1,-1>
block_sparse_matrix.cc:208 Allocating values array with 329288 bytes.
detect_structure.cc:63 Dynamic row block size because the block size changed from 2 to 15
detect_structure.cc:74 Dynamic e block size because the block size changed from 1 to 9
detect_structure.cc:93 Dynamic f block size because the block size changed from 6 to 9
detect_structure.cc:114 Schur complement static structure <-1,-1,-1>.
detect_structure.cc:63 Dynamic row block size because the block size changed from 2 to 15
detect_structure.cc:74 Dynamic e block size because the block size changed from 1 to 9
detect_structure.cc:93 Dynamic f block size because the block size changed from 6 to 9
detect_structure.cc:114 Schur complement static structure <-1,-1,-1>.
schur_eliminator.cc:155 Template specializations not found for <-1,-1,-1>
[FeatureTracker] F-matrix: 145 → 97 (rejected 48, threshold=1)
block_sparse_matrix.cc:208 Allocating values array with 315176 bytes.
detect_structure.cc:63 Dynamic row block size because the block size changed from 2 to 15
detect_structure.cc:74 Dynamic e block size because the block size changed from 1 to 9
detect_structure.cc:93 Dynamic f block size because the block size changed from 6 to 9
detect_structure.cc:114 Schur complement static structure <-1,-1,-1>.
detect_structure.cc:63 Dynamic row block size because the block size changed from 2 to 15
detect_structure.cc:74 Dynamic e block size because the block size changed from 1 to 9
detect_structure.cc:93 Dynamic f block size because the block size changed from 6 to 9
detect_structure.cc:114 Schur complement static structure <-1,-1,-1>.
schur_eliminator.cc:155 Template specializations not found for <-1,-1,-1>
block_sparse_matrix.cc:208 Allocating values array with 307480 bytes.
detect_structure.cc:63 Dynamic row block size because the block size changed from 2 to 15
detect_structure.cc:74 Dynamic e block size because the block size changed from 1 to 9
detect_structure.cc:93 Dynamic f block size because the block size changed from 6 to 9
detect_structure.cc:114 Schur complement static structure <-1,-1,-1>.
detect_structure.cc:63 Dynamic row block size because the block size changed from 2 to 15
detect_structure.cc:74 Dynamic e block size because the block size changed from 1 to 9
detect_structure.cc:93 Dynamic f block size because the block size changed from 6 to 9
detect_structure.cc:114 Schur complement static structure <-1,-1,-1>.
schur_eliminator.cc:155 Template specializations not found for <-1,-1,-1>
block_sparse_matrix.cc:208 Allocating values array with 307064 bytes.
detect_structure.cc:63 Dynamic row block size because the block size changed from 2 to 15
detect_structure.cc:74 Dynamic e block size because the block size changed from 1 to 9
detect_structure.cc:93 Dynamic f block size because the block size changed from 6 to 9
detect_structure.cc:114 Schur complement static structure <-1,-1,-1>.
detect_structure.cc:63 Dynamic row block size because the block size changed from 2 to 15
detect_structure.cc:74 Dynamic e block size because the block size changed from 1 to 9
detect_structure.cc:93 Dynamic f block size because the block size changed from 6 to 9
detect_structure.cc:114 Schur complement static structure <-1,-1,-1>.
schur_eliminator.cc:155 Template specializations not found for <-1,-1,-1>
block_sparse_matrix.cc:208 Allocating values array with 306440 bytes.
detect_structure.cc:63 Dynamic row block size because the block size changed from 2 to 15
detect_structure.cc:74 Dynamic e block size because the block size changed from 1 to 9
detect_structure.cc:93 Dynamic f block size because the block size changed from 6 to 9
detect_structure.cc:114 Schur complement static structure <-1,-1,-1>.
detect_structure.cc:63 Dynamic row block size because the block size changed from 2 to 15
detect_structure.cc:74 Dynamic e block size because the block size changed from 1 to 9
detect_structure.cc:93 Dynamic f block size because the block size changed from 6 to 9
detect_structure.cc:114 Schur complement static structure <-1,-1,-1>.
schur_eliminator.cc:155 Template specializations not found for <-1,-1,-1>
[VIO DIAG] f=100 tri: ok=172 wait=0 fail=0 default=0 depth: avg=1.36154 min=0.49995 max=2.5118 |vel|=0.655558 vel=(-0.18926,0.044174,-0.626088) ba=(-0.157569,-0.0572997,-0.0305383) bg=(1.0073e-05,-3.49304e-05,-0.00023645)
block_sparse_matrix.cc:208 Allocating values array with 305400 bytes.
detect_structure.cc:63 Dynamic row block size because the block size changed from 2 to 15
detect_structure.cc:74 Dynamic e block size because the block size changed from 1 to 9
detect_structure.cc:93 Dynamic f block size because the block size changed from 6 to 9
detect_structure.cc:114 Schur complement static structure <-1,-1,-1>.
detect_structure.cc:63 Dynamic row block size because the block size changed from 2 to 15
detect_structure.cc:74 Dynamic e block size because the block size changed from 1 to 9
detect_structure.cc:93 Dynamic f block size because the block size changed from 6 to 9
detect_structure.cc:114 Schur complement static structure <-1,-1,-1>.
schur_eliminator.cc:155 Template specializations not found for <-1,-1,-1>
block_sparse_matrix.cc:208 Allocating values array with 302664 bytes.
detect_structure.cc:63 Dynamic row block size because the block size changed from 2 to 15
detect_structure.cc:74 Dynamic e block size because the block size changed from 1 to 9
detect_structure.cc:93 Dynamic f block size because the block size changed from 6 to 9
detect_structure.cc:114 Schur complement static structure <-1,-1,-1>.
detect_structure.cc:63 Dynamic row block size because the block size changed from 2 to 15
detect_structure.cc:74 Dynamic e block size because the block size changed from 1 to 9
detect_structure.cc:93 Dynamic f block size because the block size changed from 6 to 9
detect_structure.cc:114 Schur complement static structure <-1,-1,-1>.
schur_eliminator.cc:155 Template specializations not found for <-1,-1,-1>
block_sparse_matrix.cc:208 Allocating values array with 311608 bytes.
detect_structure.cc:63 Dynamic row block size because the block size changed from 2 to 15
detect_structure.cc:74 Dynamic e block size because the block size changed from 1 to 9
detect_structure.cc:93 Dynamic f block size because the block size changed from 6 to 9
detect_structure.cc:114 Schur complement static structure <-1,-1,-1>.
detect_structure.cc:63 Dynamic row block size because the block size changed from 2 to 15
detect_structure.cc:74 Dynamic e block size because the block size changed from 1 to 9
detect_structure.cc:93 Dynamic f block size because the block size changed from 6 to 9
detect_structure.cc:114 Schur complement static structure <-1,-1,-1>.
schur_eliminator.cc:155 Template specializations not found for <-1,-1,-1>
block_sparse_matrix.cc:208 Allocating values array with 306616 bytes.
detect_structure.cc:63 Dynamic row block size because the block size changed from 2 to 15
detect_structure.cc:74 Dynamic e block size because the block size changed from 1 to 9
detect_structure.cc:93 Dynamic f block size because the block size changed from 6 to 9
detect_structure.cc:114 Schur complement static structure <-1,-1,-1>.
detect_structure.cc:63 Dynamic row block size because the block size changed from 2 to 15
detect_structure.cc:74 Dynamic e block size because the block size changed from 1 to 9
detect_structure.cc:93 Dynamic f block size because the block size changed from 6 to 9
detect_structure.cc:114 Schur complement static structure <-1,-1,-1>.
schur_eliminator.cc:155 Template specializations not found for <-1,-1,-1>
block_sparse_matrix.cc:208 Allocating values array with 301208 bytes.
detect_structure.cc:63 Dynamic row block size because the block size changed from 2 to 15
detect_structure.cc:74 Dynamic e block size because the block size changed from 1 to 9
detect_structure.cc:93 Dynamic f block size because the block size changed from 6 to 9
detect_structure.cc:114 Schur complement static structure <-1,-1,-1>.
detect_structure.cc:63 Dynamic row block size because the block size changed from 2 to 15
detect_structure.cc:74 Dynamic e block size because the block size changed from 1 to 9
detect_structure.cc:93 Dynamic f block size because the block size changed from 6 to 9
detect_structure.cc:114 Schur complement static structure <-1,-1,-1>.
schur_eliminator.cc:155 Template specializations not found for <-1,-1,-1>
block_sparse_matrix.cc:208 Allocating values array with 297672 bytes.
detect_structure.cc:63 Dynamic row block size because the block size changed from 2 to 15
detect_structure.cc:74 Dynamic e block size because the block size changed from 1 to 9
detect_structure.cc:93 Dynamic f block size because the block size changed from 6 to 9
detect_structure.cc:114 Schur complement static structure <-1,-1,-1>.
detect_structure.cc:63 Dynamic row block size because the block size changed from 2 to 15
detect_structure.cc:74 Dynamic e block size because the block size changed from 1 to 9
detect_structure.cc:93 Dynamic f block size because the block size changed from 6 to 9
detect_structure.cc:114 Schur complement static structure <-1,-1,-1>.
schur_eliminator.cc:155 Template specializations not found for <-1,-1,-1>
block_sparse_matrix.cc:208 Allocating values array with 293512 bytes.
detect_structure.cc:63 Dynamic row block size because the block size changed from 2 to 15
detect_structure.cc:74 Dynamic e block size because the block size changed from 1 to 9
detect_structure.cc:93 Dynamic f block size because the block size changed from 6 to 9
detect_structure.cc:114 Schur complement static structure <-1,-1,-1>.
detect_structure.cc:63 Dynamic row block size because the block size changed from 2 to 15
detect_structure.cc:74 Dynamic e block size because the block size changed from 1 to 9
detect_structure.cc:93 Dynamic f block size because the block size changed from 6 to 9
detect_structure.cc:114 Schur complement static structure <-1,-1,-1>.
schur_eliminator.cc:155 Template specializations not found for <-1,-1,-1>
block_sparse_matrix.cc:208 Allocating values array with 286856 bytes.
detect_structure.cc:63 Dynamic row block size because the block size changed from 2 to 15
detect_structure.cc:74 Dynamic e block size because the block size changed from 1 to 9
detect_structure.cc:93 Dynamic f block size because the block size changed from 6 to 9
detect_structure.cc:114 Schur complement static structure <-1,-1,-1>.
detect_structure.cc:63 Dynamic row block size because the block size changed from 2 to 15
detect_structure.cc:74 Dynamic e block size because the block size changed from 1 to 9
detect_structure.cc:93 Dynamic f block size because the block size changed from 6 to 9
detect_structure.cc:114 Schur complement static structure <-1,-1,-1>.
schur_eliminator.cc:155 Template specializations not found for <-1,-1,-1>
block_sparse_matrix.cc:208 Allocating values array with 284152 bytes.
detect_structure.cc:63 Dynamic row block size because the block size changed from 2 to 15
detect_structure.cc:74 Dynamic e block size because the block size changed from 1 to 9
detect_structure.cc:93 Dynamic f block size because the block size changed from 6 to 9
detect_structure.cc:114 Schur complement static structure <-1,-1,-1>.
detect_structure.cc:63 Dynamic row block size because the block size changed from 2 to 15
detect_structure.cc:74 Dynamic e block size because the block size changed from 1 to 9
detect_structure.cc:93 Dynamic f block size because the block size changed from 6 to 9
detect_structure.cc:114 Schur complement static structure <-1,-1,-1>.
schur_eliminator.cc:155 Template specializations not found for <-1,-1,-1>
block_sparse_matrix.cc:208 Allocating values array with 289768 bytes.
detect_structure.cc:63 Dynamic row block size because the block size changed from 2 to 15
detect_structure.cc:74 Dynamic e block size because the block size changed from 1 to 9
detect_structure.cc:93 Dynamic f block size because the block size changed from 6 to 9
detect_structure.cc:114 Schur complement static structure <-1,-1,-1>.
detect_structure.cc:63 Dynamic row block size because the block size changed from 2 to 15
detect_structure.cc:74 Dynamic e block size because the block size changed from 1 to 9
detect_structure.cc:93 Dynamic f block size because the block size changed from 6 to 9
detect_structure.cc:114 Schur complement static structure <-1,-1,-1>.
schur_eliminator.cc:155 Template specializations not found for <-1,-1,-1>
block_sparse_matrix.cc:208 Allocating values array with 291640 bytes.
detect_structure.cc:63 Dynamic row block size because the block size changed from 2 to 15
detect_structure.cc:74 Dynamic e block size because the block size changed from 1 to 9
detect_structure.cc:93 Dynamic f block size because the block size changed from 6 to 9
detect_structure.cc:114 Schur complement static structure <-1,-1,-1>.
detect_structure.cc:63 Dynamic row block size because the block size changed from 2 to 15
detect_structure.cc:74 Dynamic e block size because the block size changed from 1 to 9
detect_structure.cc:93 Dynamic f block size because the block size changed from 6 to 9
detect_structure.cc:114 Schur complement static structure <-1,-1,-1>.
schur_eliminator.cc:155 Template specializations not found for <-1,-1,-1>
block_sparse_matrix.cc:208 Allocating values array with 288520 bytes.
detect_structure.cc:63 Dynamic row block size because the block size changed from 2 to 15
detect_structure.cc:74 Dynamic e block size because the block size changed from 1 to 9
detect_structure.cc:93 Dynamic f block size because the block size changed from 6 to 9
detect_structure.cc:114 Schur complement static structure <-1,-1,-1>.
detect_structure.cc:63 Dynamic row block size because the block size changed from 2 to 15
detect_structure.cc:74 Dynamic e block size because the block size changed from 1 to 9
detect_structure.cc:93 Dynamic f block size because the block size changed from 6 to 9
detect_structure.cc:114 Schur complement static structure <-1,-1,-1>.
schur_eliminator.cc:155 Template specializations not found for <-1,-1,-1>
[FeatureTracker] F-matrix: 117 → 59 (rejected 58, threshold=1)
block_sparse_matrix.cc:208 Allocating values array with 279784 bytes.
detect_structure.cc:63 Dynamic row block size because the block size changed from 2 to 15
detect_structure.cc:74 Dynamic e block size because the block size changed from 1 to 9
detect_structure.cc:93 Dynamic f block size because the block size changed from 6 to 9
detect_structure.cc:114 Schur complement static structure <-1,-1,-1>.
detect_structure.cc:63 Dynamic row block size because the block size changed from 2 to 15
detect_structure.cc:74 Dynamic e block size because the block size changed from 1 to 9
detect_structure.cc:93 Dynamic f block size because the block size changed from 6 to 9
detect_structure.cc:114 Schur complement static structure <-1,-1,-1>.
schur_eliminator.cc:155 Template specializations not found for <-1,-1,-1>
block_sparse_matrix.cc:208 Allocating values array with 262760 bytes.
detect_structure.cc:63 Dynamic row block size because the block size changed from 2 to 15
detect_structure.cc:74 Dynamic e block size because the block size changed from 1 to 9
detect_structure.cc:93 Dynamic f block size because the block size changed from 6 to 9
detect_structure.cc:114 Schur complement static structure <-1,-1,-1>.
detect_structure.cc:63 Dynamic row block size because the block size changed from 2 to 15
detect_structure.cc:74 Dynamic e block size because the block size changed from 1 to 9
detect_structure.cc:93 Dynamic f block size because the block size changed from 6 to 9
detect_structure.cc:114 Schur complement static structure <-1,-1,-1>.
schur_eliminator.cc:155 Template specializations not found for <-1,-1,-1>
block_sparse_matrix.cc:208 Allocating values array with 259816 bytes.
detect_structure.cc:63 Dynamic row block size because the block size changed from 2 to 15
detect_structure.cc:74 Dynamic e block size because the block size changed from 1 to 9
detect_structure.cc:93 Dynamic f block size because the block size changed from 6 to 9
detect_structure.cc:114 Schur complement static structure <-1,-1,-1>.
detect_structure.cc:63 Dynamic row block size because the block size changed from 2 to 15
detect_structure.cc:74 Dynamic e block size because the block size changed from 1 to 9
detect_structure.cc:93 Dynamic f block size because the block size changed from 6 to 9
detect_structure.cc:114 Schur complement static structure <-1,-1,-1>.
schur_eliminator.cc:155 Template specializations not found for <-1,-1,-1>
block_sparse_matrix.cc:208 Allocating values array with 253192 bytes.
detect_structure.cc:63 Dynamic row block size because the block size changed from 2 to 15
detect_structure.cc:74 Dynamic e block size because the block size changed from 1 to 9
detect_structure.cc:93 Dynamic f block size because the block size changed from 6 to 9
detect_structure.cc:114 Schur complement static structure <-1,-1,-1>.
detect_structure.cc:63 Dynamic row block size because the block size changed from 2 to 15
detect_structure.cc:74 Dynamic e block size because the block size changed from 1 to 9
detect_structure.cc:93 Dynamic f block size because the block size changed from 6 to 9
detect_structure.cc:114 Schur complement static structure <-1,-1,-1>.
schur_eliminator.cc:155 Template specializations not found for <-1,-1,-1>
block_sparse_matrix.cc:208 Allocating values array with 251288 bytes.
detect_structure.cc:63 Dynamic row block size because the block size changed from 2 to 15
detect_structure.cc:74 Dynamic e block size because the block size changed from 1 to 9
detect_structure.cc:93 Dynamic f block size because the block size changed from 6 to 9
detect_structure.cc:114 Schur complement static structure <-1,-1,-1>.
detect_structure.cc:63 Dynamic row block size because the block size changed from 2 to 15
detect_structure.cc:74 Dynamic e block size because the block size changed from 1 to 9
detect_structure.cc:93 Dynamic f block size because the block size changed from 6 to 9
detect_structure.cc:114 Schur complement static structure <-1,-1,-1>.
schur_eliminator.cc:155 Template specializations not found for <-1,-1,-1>
block_sparse_matrix.cc:208 Allocating values array with 280408 bytes.
detect_structure.cc:63 Dynamic row block size because the block size changed from 2 to 15
detect_structure.cc:74 Dynamic e block size because the block size changed from 1 to 9
detect_structure.cc:93 Dynamic f block size because the block size changed from 6 to 9
detect_structure.cc:114 Schur complement static structure <-1,-1,-1>.
detect_structure.cc:63 Dynamic row block size because the block size changed from 2 to 15
detect_structure.cc:74 Dynamic e block size because the block size changed from 1 to 9
detect_structure.cc:93 Dynamic f block size because the block size changed from 6 to 9
detect_structure.cc:114 Schur complement static structure <-1,-1,-1>.
schur_eliminator.cc:155 Template specializations not found for <-1,-1,-1>
block_sparse_matrix.cc:208 Allocating values array with 283320 bytes.
detect_structure.cc:63 Dynamic row block size because the block size changed from 2 to 15
detect_structure.cc:74 Dynamic e block size because the block size changed from 1 to 9
detect_structure.cc:93 Dynamic f block size because the block size changed from 6 to 9
detect_structure.cc:114 Schur complement static structure <-1,-1,-1>.
detect_structure.cc:63 Dynamic row block size because the block size changed from 2 to 15
detect_structure.cc:74 Dynamic e block size because the block size changed from 1 to 9
detect_structure.cc:93 Dynamic f block size because the block size changed from 6 to 9
detect_structure.cc:114 Schur complement static structure <-1,-1,-1>.
schur_eliminator.cc:155 Template specializations not found for <-1,-1,-1>
block_sparse_matrix.cc:208 Allocating values array with 284776 bytes.
detect_structure.cc:63 Dynamic row block size because the block size changed from 2 to 15
detect_structure.cc:74 Dynamic e block size because the block size changed from 1 to 9
detect_structure.cc:93 Dynamic f block size because the block size changed from 6 to 9
detect_structure.cc:114 Schur complement static structure <-1,-1,-1>.
detect_structure.cc:63 Dynamic row block size because the block size changed from 2 to 15
detect_structure.cc:74 Dynamic e block size because the block size changed from 1 to 9
detect_structure.cc:93 Dynamic f block size because the block size changed from 6 to 9
detect_structure.cc:114 Schur complement static structure <-1,-1,-1>.
schur_eliminator.cc:155 Template specializations not found for <-1,-1,-1>
[VIO DIAG] f=120 tri: ok=186 wait=2 fail=0 default=0 depth: avg=1.35693 min=0.550843 max=2.20351 |vel|=0.9491 vel=(-0.611799,-0.190112,0.70025) ba=(0.0670646,0.127775,-0.0469046) bg=(-1.62517e-05,-0.00018453,-0.000149964)
block_sparse_matrix.cc:208 Allocating values array with 282904 bytes.
detect_structure.cc:63 Dynamic row block size because the block size changed from 2 to 15
detect_structure.cc:74 Dynamic e block size because the block size changed from 1 to 9
detect_structure.cc:93 Dynamic f block size because the block size changed from 6 to 9
detect_structure.cc:114 Schur complement static structure <-1,-1,-1>.
detect_structure.cc:63 Dynamic row block size because the block size changed from 2 to 15
detect_structure.cc:74 Dynamic e block size because the block size changed from 1 to 9
detect_structure.cc:93 Dynamic f block size because the block size changed from 6 to 9
detect_structure.cc:114 Schur complement static structure <-1,-1,-1>.
schur_eliminator.cc:155 Template specializations not found for <-1,-1,-1>
block_sparse_matrix.cc:208 Allocating values array with 288728 bytes.
detect_structure.cc:63 Dynamic row block size because the block size changed from 2 to 15
detect_structure.cc:74 Dynamic e block size because the block size changed from 1 to 9
detect_structure.cc:93 Dynamic f block size because the block size changed from 6 to 9
detect_structure.cc:114 Schur complement static structure <-1,-1,-1>.
detect_structure.cc:63 Dynamic row block size because the block size changed from 2 to 15
detect_structure.cc:74 Dynamic e block size because the block size changed from 1 to 9
detect_structure.cc:93 Dynamic f block size because the block size changed from 6 to 9
detect_structure.cc:114 Schur complement static structure <-1,-1,-1>.
schur_eliminator.cc:155 Template specializations not found for <-1,-1,-1>
block_sparse_matrix.cc:208 Allocating values array with 296216 bytes.
detect_structure.cc:63 Dynamic row block size because the block size changed from 2 to 15
detect_structure.cc:74 Dynamic e block size because the block size changed from 1 to 9
detect_structure.cc:93 Dynamic f block size because the block size changed from 6 to 9
detect_structure.cc:114 Schur complement static structure <-1,-1,-1>.
detect_structure.cc:63 Dynamic row block size because the block size changed from 2 to 15
detect_structure.cc:74 Dynamic e block size because the block size changed from 1 to 9
detect_structure.cc:93 Dynamic f block size because the block size changed from 6 to 9
detect_structure.cc:114 Schur complement static structure <-1,-1,-1>.
schur_eliminator.cc:155 Template specializations not found for <-1,-1,-1>
block_sparse_matrix.cc:208 Allocating values array with 309944 bytes.
detect_structure.cc:63 Dynamic row block size because the block size changed from 2 to 15
detect_structure.cc:74 Dynamic e block size because the block size changed from 1 to 9
detect_structure.cc:93 Dynamic f block size because the block size changed from 6 to 9
detect_structure.cc:114 Schur complement static structure <-1,-1,-1>.
detect_structure.cc:63 Dynamic row block size because the block size changed from 2 to 15
detect_structure.cc:74 Dynamic e block size because the block size changed from 1 to 9
detect_structure.cc:93 Dynamic f block size because the block size changed from 6 to 9
detect_structure.cc:114 Schur complement static structure <-1,-1,-1>.
schur_eliminator.cc:155 Template specializations not found for <-1,-1,-1>
block_sparse_matrix.cc:208 Allocating values array with 322632 bytes.
detect_structure.cc:63 Dynamic row block size because the block size changed from 2 to 15
detect_structure.cc:74 Dynamic e block size because the block size changed from 1 to 9
detect_structure.cc:93 Dynamic f block size because the block size changed from 6 to 9
detect_structure.cc:114 Schur complement static structure <-1,-1,-1>.
detect_structure.cc:63 Dynamic row block size because the block size changed from 2 to 15
detect_structure.cc:74 Dynamic e block size because the block size changed from 1 to 9
detect_structure.cc:93 Dynamic f block size because the block size changed from 6 to 9
detect_structure.cc:114 Schur complement static structure <-1,-1,-1>.
schur_eliminator.cc:155 Template specializations not found for <-1,-1,-1>
block_sparse_matrix.cc:208 Allocating values array with 314552 bytes.
detect_structure.cc:63 Dynamic row block size because the block size changed from 2 to 15
detect_structure.cc:74 Dynamic e block size because the block size changed from 1 to 9
detect_structure.cc:93 Dynamic f block size because the block size changed from 6 to 9
detect_structure.cc:114 Schur complement static structure <-1,-1,-1>.
detect_structure.cc:63 Dynamic row block size because the block size changed from 2 to 15
detect_structure.cc:74 Dynamic e block size because the block size changed from 1 to 9
detect_structure.cc:93 Dynamic f block size because the block size changed from 6 to 9
detect_structure.cc:114 Schur complement static structure <-1,-1,-1>.
schur_eliminator.cc:155 Template specializations not found for <-1,-1,-1>
block_sparse_matrix.cc:208 Allocating values array with 324088 bytes.
detect_structure.cc:63 Dynamic row block size because the block size changed from 2 to 15
detect_structure.cc:74 Dynamic e block size because the block size changed from 1 to 9
detect_structure.cc:93 Dynamic f block size because the block size changed from 6 to 9
detect_structure.cc:114 Schur complement static structure <-1,-1,-1>.
detect_structure.cc:63 Dynamic row block size because the block size changed from 2 to 15
detect_structure.cc:74 Dynamic e block size because the block size changed from 1 to 9
detect_structure.cc:93 Dynamic f block size because the block size changed from 6 to 9
detect_structure.cc:114 Schur complement static structure <-1,-1,-1>.
schur_eliminator.cc:155 Template specializations not found for <-1,-1,-1>
block_sparse_matrix.cc:208 Allocating values array with 326792 bytes.
detect_structure.cc:63 Dynamic row block size because the block size changed from 2 to 15
detect_structure.cc:74 Dynamic e block size because the block size changed from 1 to 9
detect_structure.cc:93 Dynamic f block size because the block size changed from 6 to 9
detect_structure.cc:114 Schur complement static structure <-1,-1,-1>.
detect_structure.cc:63 Dynamic row block size because the block size changed from 2 to 15
detect_structure.cc:74 Dynamic e block size because the block size changed from 1 to 9
detect_structure.cc:93 Dynamic f block size because the block size changed from 6 to 9
detect_structure.cc:114 Schur complement static structure <-1,-1,-1>.
schur_eliminator.cc:155 Template specializations not found for <-1,-1,-1>
block_sparse_matrix.cc:208 Allocating values array with 328040 bytes.
detect_structure.cc:63 Dynamic row block size because the block size changed from 2 to 15
detect_structure.cc:74 Dynamic e block size because the block size changed from 1 to 9
detect_structure.cc:93 Dynamic f block size because the block size changed from 6 to 9
detect_structure.cc:114 Schur complement static structure <-1,-1,-1>.
detect_structure.cc:63 Dynamic row block size because the block size changed from 2 to 15
detect_structure.cc:74 Dynamic e block size because the block size changed from 1 to 9
detect_structure.cc:93 Dynamic f block size because the block size changed from 6 to 9
detect_structure.cc:114 Schur complement static structure <-1,-1,-1>.
schur_eliminator.cc:155 Template specializations not found for <-1,-1,-1>
[FeatureTracker] F-matrix: 130 → 74 (rejected 56, threshold=1)
block_sparse_matrix.cc:208 Allocating values array with 308936 bytes.
detect_structure.cc:63 Dynamic row block size because the block size changed from 2 to 15
detect_structure.cc:74 Dynamic e block size because the block size changed from 1 to 9
detect_structure.cc:93 Dynamic f block size because the block size changed from 6 to 9
detect_structure.cc:114 Schur complement static structure <-1,-1,-1>.
detect_structure.cc:63 Dynamic row block size because the block size changed from 2 to 15
detect_structure.cc:74 Dynamic e block size because the block size changed from 1 to 9
detect_structure.cc:93 Dynamic f block size because the block size changed from 6 to 9
detect_structure.cc:114 Schur complement static structure <-1,-1,-1>.
schur_eliminator.cc:155 Template specializations not found for <-1,-1,-1>
block_sparse_matrix.cc:208 Allocating values array with 306200 bytes.
detect_structure.cc:63 Dynamic row block size because the block size changed from 2 to 15
detect_structure.cc:74 Dynamic e block size because the block size changed from 1 to 9
detect_structure.cc:93 Dynamic f block size because the block size changed from 6 to 9
detect_structure.cc:114 Schur complement static structure <-1,-1,-1>.
detect_structure.cc:63 Dynamic row block size because the block size changed from 2 to 15
detect_structure.cc:74 Dynamic e block size because the block size changed from 1 to 9
detect_structure.cc:93 Dynamic f block size because the block size changed from 6 to 9
detect_structure.cc:114 Schur complement static structure <-1,-1,-1>.
schur_eliminator.cc:155 Template specializations not found for <-1,-1,-1>
block_sparse_matrix.cc:208 Allocating values array with 298504 bytes.
detect_structure.cc:63 Dynamic row block size because the block size changed from 2 to 15
detect_structure.cc:74 Dynamic e block size because the block size changed from 1 to 9
detect_structure.cc:93 Dynamic f block size because the block size changed from 6 to 9
detect_structure.cc:114 Schur complement static structure <-1,-1,-1>.
detect_structure.cc:63 Dynamic row block size because the block size changed from 2 to 15
detect_structure.cc:74 Dynamic e block size because the block size changed from 1 to 9
detect_structure.cc:93 Dynamic f block size because the block size changed from 6 to 9
detect_structure.cc:114 Schur complement static structure <-1,-1,-1>.
schur_eliminator.cc:155 Template specializations not found for <-1,-1,-1>
block_sparse_matrix.cc:208 Allocating values array with 290632 bytes.
detect_structure.cc:63 Dynamic row block size because the block size changed from 2 to 15
detect_structure.cc:74 Dynamic e block size because the block size changed from 1 to 9
detect_structure.cc:93 Dynamic f block size because the block size changed from 6 to 9
detect_structure.cc:114 Schur complement static structure <-1,-1,-1>.
detect_structure.cc:63 Dynamic row block size because the block size changed from 2 to 15
detect_structure.cc:74 Dynamic e block size because the block size changed from 1 to 9
detect_structure.cc:93 Dynamic f block size because the block size changed from 6 to 9
detect_structure.cc:114 Schur complement static structure <-1,-1,-1>.
schur_eliminator.cc:155 Template specializations not found for <-1,-1,-1>
block_sparse_matrix.cc:208 Allocating values array with 283528 bytes.
detect_structure.cc:63 Dynamic row block size because the block size changed from 2 to 15
detect_structure.cc:74 Dynamic e block size because the block size changed from 1 to 9
detect_structure.cc:93 Dynamic f block size because the block size changed from 6 to 9
detect_structure.cc:114 Schur complement static structure <-1,-1,-1>.
detect_structure.cc:63 Dynamic row block size because the block size changed from 2 to 15
detect_structure.cc:74 Dynamic e block size because the block size changed from 1 to 9
detect_structure.cc:93 Dynamic f block size because the block size changed from 6 to 9
detect_structure.cc:114 Schur complement static structure <-1,-1,-1>.
schur_eliminator.cc:155 Template specializations not found for <-1,-1,-1>
block_sparse_matrix.cc:208 Allocating values array with 276280 bytes.
detect_structure.cc:63 Dynamic row block size because the block size changed from 2 to 15
detect_structure.cc:74 Dynamic e block size because the block size changed from 1 to 9
detect_structure.cc:93 Dynamic f block size because the block size changed from 6 to 9
detect_structure.cc:114 Schur complement static structure <-1,-1,-1>.
detect_structure.cc:63 Dynamic row block size because the block size changed from 2 to 15
detect_structure.cc:74 Dynamic e block size because the block size changed from 1 to 9
detect_structure.cc:93 Dynamic f block size because the block size changed from 6 to 9
detect_structure.cc:114 Schur complement static structure <-1,-1,-1>.
schur_eliminator.cc:155 Template specializations not found for <-1,-1,-1>
block_sparse_matrix.cc:208 Allocating values array with 299752 bytes.
detect_structure.cc:63 Dynamic row block size because the block size changed from 2 to 15
detect_structure.cc:74 Dynamic e block size because the block size changed from 1 to 9
detect_structure.cc:93 Dynamic f block size because the block size changed from 6 to 9
detect_structure.cc:114 Schur complement static structure <-1,-1,-1>.
detect_structure.cc:63 Dynamic row block size because the block size changed from 2 to 15
detect_structure.cc:74 Dynamic e block size because the block size changed from 1 to 9
detect_structure.cc:93 Dynamic f block size because the block size changed from 6 to 9
detect_structure.cc:114 Schur complement static structure <-1,-1,-1>.
schur_eliminator.cc:155 Template specializations not found for <-1,-1,-1>
block_sparse_matrix.cc:208 Allocating values array with 291256 bytes.
detect_structure.cc:63 Dynamic row block size because the block size changed from 2 to 15
detect_structure.cc:74 Dynamic e block size because the block size changed from 1 to 9
detect_structure.cc:93 Dynamic f block size because the block size changed from 6 to 9
detect_structure.cc:114 Schur complement static structure <-1,-1,-1>.
detect_structure.cc:63 Dynamic row block size because the block size changed from 2 to 15
detect_structure.cc:74 Dynamic e block size because the block size changed from 1 to 9
detect_structure.cc:93 Dynamic f block size because the block size changed from 6 to 9
detect_structure.cc:114 Schur complement static structure <-1,-1,-1>.
schur_eliminator.cc:155 Template specializations not found for <-1,-1,-1>
block_sparse_matrix.cc:208 Allocating values array with 302040 bytes.
detect_structure.cc:63 Dynamic row block size because the block size changed from 2 to 15
detect_structure.cc:74 Dynamic e block size because the block size changed from 1 to 9
detect_structure.cc:93 Dynamic f block size because the block size changed from 6 to 9
detect_structure.cc:114 Schur complement static structure <-1,-1,-1>.
detect_structure.cc:63 Dynamic row block size because the block size changed from 2 to 15
detect_structure.cc:74 Dynamic e block size because the block size changed from 1 to 9
detect_structure.cc:93 Dynamic f block size because the block size changed from 6 to 9
detect_structure.cc:114 Schur complement static structure <-1,-1,-1>.
schur_eliminator.cc:155 Template specializations not found for <-1,-1,-1>
block_sparse_matrix.cc:208 Allocating values array with 302040 bytes.
detect_structure.cc:63 Dynamic row block size because the block size changed from 2 to 15
detect_structure.cc:74 Dynamic e block size because the block size changed from 1 to 9
detect_structure.cc:93 Dynamic f block size because the block size changed from 6 to 9
detect_structure.cc:114 Schur complement static structure <-1,-1,-1>.
detect_structure.cc:63 Dynamic row block size because the block size changed from 2 to 15
detect_structure.cc:74 Dynamic e block size because the block size changed from 1 to 9
detect_structure.cc:93 Dynamic f block size because the block size changed from 6 to 9
detect_structure.cc:114 Schur complement static structure <-1,-1,-1>.
schur_eliminator.cc:155 Template specializations not found for <-1,-1,-1>
block_sparse_matrix.cc:208 Allocating values array with 300792 bytes.
detect_structure.cc:63 Dynamic row block size because the block size changed from 2 to 15
detect_structure.cc:74 Dynamic e block size because the block size changed from 1 to 9
detect_structure.cc:93 Dynamic f block size because the block size changed from 6 to 9
detect_structure.cc:114 Schur complement static structure <-1,-1,-1>.
detect_structure.cc:63 Dynamic row block size because the block size changed from 2 to 15
detect_structure.cc:74 Dynamic e block size because the block size changed from 1 to 9
detect_structure.cc:93 Dynamic f block size because the block size changed from 6 to 9
detect_structure.cc:114 Schur complement static structure <-1,-1,-1>.
schur_eliminator.cc:155 Template specializations not found for <-1,-1,-1>
[VIO DIAG] f=140 tri: ok=234 wait=0 fail=0 default=1 depth: avg=1.39866 min=0.257569 max=9.8111 |vel|=0.924051 vel=(-0.683593,0.060268,-0.61882) ba=(0.189511,-0.0192928,-0.0496398) bg=(0.000385243,-0.000231823,-0.000219076)
block_sparse_matrix.cc:208 Allocating values array with 290008 bytes.
detect_structure.cc:63 Dynamic row block size because the block size changed from 2 to 15
detect_structure.cc:74 Dynamic e block size because the block size changed from 1 to 9
detect_structure.cc:93 Dynamic f block size because the block size changed from 6 to 9
detect_structure.cc:114 Schur complement static structure <-1,-1,-1>.
detect_structure.cc:63 Dynamic row block size because the block size changed from 2 to 15
detect_structure.cc:74 Dynamic e block size because the block size changed from 1 to 9
detect_structure.cc:93 Dynamic f block size because the block size changed from 6 to 9
detect_structure.cc:114 Schur complement static structure <-1,-1,-1>.
schur_eliminator.cc:155 Template specializations not found for <-1,-1,-1>
block_sparse_matrix.cc:208 Allocating values array with 289976 bytes.
detect_structure.cc:63 Dynamic row block size because the block size changed from 2 to 15
detect_structure.cc:74 Dynamic e block size because the block size changed from 1 to 9
detect_structure.cc:93 Dynamic f block size because the block size changed from 6 to 9
detect_structure.cc:114 Schur complement static structure <-1,-1,-1>.
detect_structure.cc:63 Dynamic row block size because the block size changed from 2 to 15
detect_structure.cc:74 Dynamic e block size because the block size changed from 1 to 9
detect_structure.cc:93 Dynamic f block size because the block size changed from 6 to 9
detect_structure.cc:114 Schur complement static structure <-1,-1,-1>.
schur_eliminator.cc:155 Template specializations not found for <-1,-1,-1>
block_sparse_matrix.cc:208 Allocating values array with 281896 bytes.
detect_structure.cc:63 Dynamic row block size because the block size changed from 2 to 15
detect_structure.cc:74 Dynamic e block size because the block size changed from 1 to 9
detect_structure.cc:93 Dynamic f block size because the block size changed from 6 to 9
detect_structure.cc:114 Schur complement static structure <-1,-1,-1>.
detect_structure.cc:63 Dynamic row block size because the block size changed from 2 to 15
detect_structure.cc:74 Dynamic e block size because the block size changed from 1 to 9
detect_structure.cc:93 Dynamic f block size because the block size changed from 6 to 9
detect_structure.cc:114 Schur complement static structure <-1,-1,-1>.
schur_eliminator.cc:155 Template specializations not found for <-1,-1,-1>
block_sparse_matrix.cc:208 Allocating values array with 289352 bytes.
detect_structure.cc:63 Dynamic row block size because the block size changed from 2 to 15
detect_structure.cc:74 Dynamic e block size because the block size changed from 1 to 9
detect_structure.cc:93 Dynamic f block size because the block size changed from 6 to 9
detect_structure.cc:114 Schur complement static structure <-1,-1,-1>.
detect_structure.cc:63 Dynamic row block size because the block size changed from 2 to 15
detect_structure.cc:74 Dynamic e block size because the block size changed from 1 to 9
detect_structure.cc:93 Dynamic f block size because the block size changed from 6 to 9
detect_structure.cc:114 Schur complement static structure <-1,-1,-1>.
schur_eliminator.cc:155 Template specializations not found for <-1,-1,-1>
block_sparse_matrix.cc:208 Allocating values array with 303496 bytes.
detect_structure.cc:63 Dynamic row block size because the block size changed from 2 to 15
detect_structure.cc:74 Dynamic e block size because the block size changed from 1 to 9
detect_structure.cc:93 Dynamic f block size because the block size changed from 6 to 9
detect_structure.cc:114 Schur complement static structure <-1,-1,-1>.
detect_structure.cc:63 Dynamic row block size because the block size changed from 2 to 15
detect_structure.cc:74 Dynamic e block size because the block size changed from 1 to 9
detect_structure.cc:93 Dynamic f block size because the block size changed from 6 to 9
detect_structure.cc:114 Schur complement static structure <-1,-1,-1>.
schur_eliminator.cc:155 Template specializations not found for <-1,-1,-1>
[FeatureTracker] F-matrix: 144 → 75 (rejected 69, threshold=1)
block_sparse_matrix.cc:208 Allocating values array with 306616 bytes.
detect_structure.cc:63 Dynamic row block size because the block size changed from 2 to 15
detect_structure.cc:74 Dynamic e block size because the block size changed from 1 to 9
detect_structure.cc:93 Dynamic f block size because the block size changed from 6 to 9
detect_structure.cc:114 Schur complement static structure <-1,-1,-1>.
detect_structure.cc:63 Dynamic row block size because the block size changed from 2 to 15
detect_structure.cc:74 Dynamic e block size because the block size changed from 1 to 9
detect_structure.cc:93 Dynamic f block size because the block size changed from 6 to 9
detect_structure.cc:114 Schur complement static structure <-1,-1,-1>.
schur_eliminator.cc:155 Template specializations not found for <-1,-1,-1>
block_sparse_matrix.cc:208 Allocating values array with 297464 bytes.
detect_structure.cc:63 Dynamic row block size because the block size changed from 2 to 15
detect_structure.cc:74 Dynamic e block size because the block size changed from 1 to 9
detect_structure.cc:93 Dynamic f block size because the block size changed from 6 to 9
detect_structure.cc:114 Schur complement static structure <-1,-1,-1>.
detect_structure.cc:63 Dynamic row block size because the block size changed from 2 to 15
detect_structure.cc:74 Dynamic e block size because the block size changed from 1 to 9
detect_structure.cc:93 Dynamic f block size because the block size changed from 6 to 9
detect_structure.cc:114 Schur complement static structure <-1,-1,-1>.
schur_eliminator.cc:155 Template specializations not found for <-1,-1,-1>
block_sparse_matrix.cc:208 Allocating values array with 284776 bytes.
detect_structure.cc:63 Dynamic row block size because the block size changed from 2 to 15
detect_structure.cc:74 Dynamic e block size because the block size changed from 1 to 9
detect_structure.cc:93 Dynamic f block size because the block size changed from 6 to 9
detect_structure.cc:114 Schur complement static structure <-1,-1,-1>.
detect_structure.cc:63 Dynamic row block size because the block size changed from 2 to 15
detect_structure.cc:74 Dynamic e block size because the block size changed from 1 to 9
detect_structure.cc:93 Dynamic f block size because the block size changed from 6 to 9
detect_structure.cc:114 Schur complement static structure <-1,-1,-1>.
schur_eliminator.cc:155 Template specializations not found for <-1,-1,-1>
block_sparse_matrix.cc:208 Allocating values array with 271048 bytes.
detect_structure.cc:63 Dynamic row block size because the block size changed from 2 to 15
detect_structure.cc:74 Dynamic e block size because the block size changed from 1 to 9
detect_structure.cc:93 Dynamic f block size because the block size changed from 6 to 9
detect_structure.cc:114 Schur complement static structure <-1,-1,-1>.
detect_structure.cc:63 Dynamic row block size because the block size changed from 2 to 15
detect_structure.cc:74 Dynamic e block size because the block size changed from 1 to 9
detect_structure.cc:93 Dynamic f block size because the block size changed from 6 to 9
detect_structure.cc:114 Schur complement static structure <-1,-1,-1>.
schur_eliminator.cc:155 Template specializations not found for <-1,-1,-1>
block_sparse_matrix.cc:208 Allocating values array with 282488 bytes.
detect_structure.cc:63 Dynamic row block size because the block size changed from 2 to 15
detect_structure.cc:74 Dynamic e block size because the block size changed from 1 to 9
detect_structure.cc:93 Dynamic f block size because the block size changed from 6 to 9
detect_structure.cc:114 Schur complement static structure <-1,-1,-1>.
detect_structure.cc:63 Dynamic row block size because the block size changed from 2 to 15
detect_structure.cc:74 Dynamic e block size because the block size changed from 1 to 9
detect_structure.cc:93 Dynamic f block size because the block size changed from 6 to 9
detect_structure.cc:114 Schur complement static structure <-1,-1,-1>.
schur_eliminator.cc:155 Template specializations not found for <-1,-1,-1>
block_sparse_matrix.cc:208 Allocating values array with 284984 bytes.
detect_structure.cc:63 Dynamic row block size because the block size changed from 2 to 15
detect_structure.cc:74 Dynamic e block size because the block size changed from 1 to 9
detect_structure.cc:93 Dynamic f block size because the block size changed from 6 to 9
detect_structure.cc:114 Schur complement static structure <-1,-1,-1>.
detect_structure.cc:63 Dynamic row block size because the block size changed from 2 to 15
detect_structure.cc:74 Dynamic e block size because the block size changed from 1 to 9
detect_structure.cc:93 Dynamic f block size because the block size changed from 6 to 9
detect_structure.cc:114 Schur complement static structure <-1,-1,-1>.
schur_eliminator.cc:155 Template specializations not found for <-1,-1,-1>
block_sparse_matrix.cc:208 Allocating values array with 289144 bytes.
detect_structure.cc:63 Dynamic row block size because the block size changed from 2 to 15
detect_structure.cc:74 Dynamic e block size because the block size changed from 1 to 9
detect_structure.cc:93 Dynamic f block size because the block size changed from 6 to 9
detect_structure.cc:114 Schur complement static structure <-1,-1,-1>.
detect_structure.cc:63 Dynamic row block size because the block size changed from 2 to 15
detect_structure.cc:74 Dynamic e block size because the block size changed from 1 to 9
detect_structure.cc:93 Dynamic f block size because the block size changed from 6 to 9
detect_structure.cc:114 Schur complement static structure <-1,-1,-1>.
schur_eliminator.cc:155 Template specializations not found for <-1,-1,-1>
block_sparse_matrix.cc:208 Allocating values array with 283944 bytes.
detect_structure.cc:63 Dynamic row block size because the block size changed from 2 to 15
detect_structure.cc:74 Dynamic e block size because the block size changed from 1 to 9
detect_structure.cc:93 Dynamic f block size because the block size changed from 6 to 9
detect_structure.cc:114 Schur complement static structure <-1,-1,-1>.
detect_structure.cc:63 Dynamic row block size because the block size changed from 2 to 15
detect_structure.cc:74 Dynamic e block size because the block size changed from 1 to 9
detect_structure.cc:93 Dynamic f block size because the block size changed from 6 to 9
detect_structure.cc:114 Schur complement static structure <-1,-1,-1>.
schur_eliminator.cc:155 Template specializations not found for <-1,-1,-1>
[FeatureTracker] F-matrix: 149 → 89 (rejected 60, threshold=1)
block_sparse_matrix.cc:208 Allocating values array with 278744 bytes.
detect_structure.cc:63 Dynamic row block size because the block size changed from 2 to 15
detect_structure.cc:74 Dynamic e block size because the block size changed from 1 to 9
detect_structure.cc:93 Dynamic f block size because the block size changed from 6 to 9
detect_structure.cc:114 Schur complement static structure <-1,-1,-1>.
detect_structure.cc:63 Dynamic row block size because the block size changed from 2 to 15
detect_structure.cc:74 Dynamic e block size because the block size changed from 1 to 9
detect_structure.cc:93 Dynamic f block size because the block size changed from 6 to 9
detect_structure.cc:114 Schur complement static structure <-1,-1,-1>.
schur_eliminator.cc:155 Template specializations not found for <-1,-1,-1>
[Replay] 200/600 frames, 155 valid poses
block_sparse_matrix.cc:208 Allocating values array with 272712 bytes.
detect_structure.cc:63 Dynamic row block size because the block size changed from 2 to 15
detect_structure.cc:74 Dynamic e block size because the block size changed from 1 to 9
detect_structure.cc:93 Dynamic f block size because the block size changed from 6 to 9
detect_structure.cc:114 Schur complement static structure <-1,-1,-1>.
detect_structure.cc:63 Dynamic row block size because the block size changed from 2 to 15
detect_structure.cc:74 Dynamic e block size because the block size changed from 1 to 9
detect_structure.cc:93 Dynamic f block size because the block size changed from 6 to 9
detect_structure.cc:114 Schur complement static structure <-1,-1,-1>.
schur_eliminator.cc:155 Template specializations not found for <-1,-1,-1>
block_sparse_matrix.cc:208 Allocating values array with 274376 bytes.
detect_structure.cc:63 Dynamic row block size because the block size changed from 2 to 15
detect_structure.cc:74 Dynamic e block size because the block size changed from 1 to 9
detect_structure.cc:93 Dynamic f block size because the block size changed from 6 to 9
detect_structure.cc:114 Schur complement static structure <-1,-1,-1>.
detect_structure.cc:63 Dynamic row block size because the block size changed from 2 to 15
detect_structure.cc:74 Dynamic e block size because the block size changed from 1 to 9
detect_structure.cc:93 Dynamic f block size because the block size changed from 6 to 9
detect_structure.cc:114 Schur complement static structure <-1,-1,-1>.
schur_eliminator.cc:155 Template specializations not found for <-1,-1,-1>
block_sparse_matrix.cc:208 Allocating values array with 275624 bytes.
detect_structure.cc:63 Dynamic row block size because the block size changed from 2 to 15
detect_structure.cc:74 Dynamic e block size because the block size changed from 1 to 9
detect_structure.cc:93 Dynamic f block size because the block size changed from 6 to 9
detect_structure.cc:114 Schur complement static structure <-1,-1,-1>.
detect_structure.cc:63 Dynamic row block size because the block size changed from 2 to 15
detect_structure.cc:74 Dynamic e block size because the block size changed from 1 to 9
detect_structure.cc:93 Dynamic f block size because the block size changed from 6 to 9
detect_structure.cc:114 Schur complement static structure <-1,-1,-1>.
schur_eliminator.cc:155 Template specializations not found for <-1,-1,-1>
block_sparse_matrix.cc:208 Allocating values array with 290808 bytes.
detect_structure.cc:63 Dynamic row block size because the block size changed from 2 to 15
detect_structure.cc:74 Dynamic e block size because the block size changed from 1 to 9
detect_structure.cc:93 Dynamic f block size because the block size changed from 6 to 9
detect_structure.cc:114 Schur complement static structure <-1,-1,-1>.
detect_structure.cc:63 Dynamic row block size because the block size changed from 2 to 15
detect_structure.cc:74 Dynamic e block size because the block size changed from 1 to 9
detect_structure.cc:93 Dynamic f block size because the block size changed from 6 to 9
detect_structure.cc:114 Schur complement static structure <-1,-1,-1>.
schur_eliminator.cc:155 Template specializations not found for <-1,-1,-1>
block_sparse_matrix.cc:208 Allocating values array with 290808 bytes.
detect_structure.cc:63 Dynamic row block size because the block size changed from 2 to 15
detect_structure.cc:74 Dynamic e block size because the block size changed from 1 to 9
detect_structure.cc:93 Dynamic f block size because the block size changed from 6 to 9
detect_structure.cc:114 Schur complement static structure <-1,-1,-1>.
detect_structure.cc:63 Dynamic row block size because the block size changed from 2 to 15
detect_structure.cc:74 Dynamic e block size because the block size changed from 1 to 9
detect_structure.cc:93 Dynamic f block size because the block size changed from 6 to 9
detect_structure.cc:114 Schur complement static structure <-1,-1,-1>.
schur_eliminator.cc:155 Template specializations not found for <-1,-1,-1>
block_sparse_matrix.cc:208 Allocating values array with 292888 bytes.
detect_structure.cc:63 Dynamic row block size because the block size changed from 2 to 15
detect_structure.cc:74 Dynamic e block size because the block size changed from 1 to 9
detect_structure.cc:93 Dynamic f block size because the block size changed from 6 to 9
detect_structure.cc:114 Schur complement static structure <-1,-1,-1>.
detect_structure.cc:63 Dynamic row block size because the block size changed from 2 to 15
detect_structure.cc:74 Dynamic e block size because the block size changed from 1 to 9
detect_structure.cc:93 Dynamic f block size because the block size changed from 6 to 9
detect_structure.cc:114 Schur complement static structure <-1,-1,-1>.
schur_eliminator.cc:155 Template specializations not found for <-1,-1,-1>
[VIO DIAG] f=160 tri: ok=192 wait=17 fail=0 default=0 depth: avg=1.2882 min=0.420105 max=3.72657 |vel|=0.713539 vel=(0.0476228,-0.130423,0.6999) ba=(0.0836981,0.0220857,-0.0451661) bg=(1.61225e-05,-3.60068e-05,-0.000207512)
block_sparse_matrix.cc:208 Allocating values array with 301624 bytes.
detect_structure.cc:63 Dynamic row block size because the block size changed from 2 to 15
detect_structure.cc:74 Dynamic e block size because the block size changed from 1 to 9
detect_structure.cc:93 Dynamic f block size because the block size changed from 6 to 9
detect_structure.cc:114 Schur complement static structure <-1,-1,-1>.
detect_structure.cc:63 Dynamic row block size because the block size changed from 2 to 15
detect_structure.cc:74 Dynamic e block size because the block size changed from 1 to 9
detect_structure.cc:93 Dynamic f block size because the block size changed from 6 to 9
detect_structure.cc:114 Schur complement static structure <-1,-1,-1>.
schur_eliminator.cc:155 Template specializations not found for <-1,-1,-1>
block_sparse_matrix.cc:208 Allocating values array with 303912 bytes.
detect_structure.cc:63 Dynamic row block size because the block size changed from 2 to 15
detect_structure.cc:74 Dynamic e block size because the block size changed from 1 to 9
detect_structure.cc:93 Dynamic f block size because the block size changed from 6 to 9
detect_structure.cc:114 Schur complement static structure <-1,-1,-1>.
detect_structure.cc:63 Dynamic row block size because the block size changed from 2 to 15
detect_structure.cc:74 Dynamic e block size because the block size changed from 1 to 9
detect_structure.cc:93 Dynamic f block size because the block size changed from 6 to 9
detect_structure.cc:114 Schur complement static structure <-1,-1,-1>.
schur_eliminator.cc:155 Template specializations not found for <-1,-1,-1>
block_sparse_matrix.cc:208 Allocating values array with 302872 bytes.
detect_structure.cc:63 Dynamic row block size because the block size changed from 2 to 15
detect_structure.cc:74 Dynamic e block size because the block size changed from 1 to 9
detect_structure.cc:93 Dynamic f block size because the block size changed from 6 to 9
detect_structure.cc:114 Schur complement static structure <-1,-1,-1>.
detect_structure.cc:63 Dynamic row block size because the block size changed from 2 to 15
detect_structure.cc:74 Dynamic e block size because the block size changed from 1 to 9
detect_structure.cc:93 Dynamic f block size because the block size changed from 6 to 9
detect_structure.cc:114 Schur complement static structure <-1,-1,-1>.
schur_eliminator.cc:155 Template specializations not found for <-1,-1,-1>
block_sparse_matrix.cc:208 Allocating values array with 310360 bytes.
detect_structure.cc:63 Dynamic row block size because the block size changed from 2 to 15
detect_structure.cc:74 Dynamic e block size because the block size changed from 1 to 9
detect_structure.cc:93 Dynamic f block size because the block size changed from 6 to 9
detect_structure.cc:114 Schur complement static structure <-1,-1,-1>.
detect_structure.cc:63 Dynamic row block size because the block size changed from 2 to 15
detect_structure.cc:74 Dynamic e block size because the block size changed from 1 to 9
detect_structure.cc:93 Dynamic f block size because the block size changed from 6 to 9
detect_structure.cc:114 Schur complement static structure <-1,-1,-1>.
schur_eliminator.cc:155 Template specializations not found for <-1,-1,-1>
block_sparse_matrix.cc:208 Allocating values array with 314728 bytes.
detect_structure.cc:63 Dynamic row block size because the block size changed from 2 to 15
detect_structure.cc:74 Dynamic e block size because the block size changed from 1 to 9
detect_structure.cc:93 Dynamic f block size because the block size changed from 6 to 9
detect_structure.cc:114 Schur complement static structure <-1,-1,-1>.
detect_structure.cc:63 Dynamic row block size because the block size changed from 2 to 15
detect_structure.cc:74 Dynamic e block size because the block size changed from 1 to 9
detect_structure.cc:93 Dynamic f block size because the block size changed from 6 to 9
detect_structure.cc:114 Schur complement static structure <-1,-1,-1>.
schur_eliminator.cc:155 Template specializations not found for <-1,-1,-1>
block_sparse_matrix.cc:208 Allocating values array with 312856 bytes.
detect_structure.cc:63 Dynamic row block size because the block size changed from 2 to 15
detect_structure.cc:74 Dynamic e block size because the block size changed from 1 to 9
detect_structure.cc:93 Dynamic f block size because the block size changed from 6 to 9
detect_structure.cc:114 Schur complement static structure <-1,-1,-1>.
detect_structure.cc:63 Dynamic row block size because the block size changed from 2 to 15
detect_structure.cc:74 Dynamic e block size because the block size changed from 1 to 9
detect_structure.cc:93 Dynamic f block size because the block size changed from 6 to 9
detect_structure.cc:114 Schur complement static structure <-1,-1,-1>.
schur_eliminator.cc:155 Template specializations not found for <-1,-1,-1>
block_sparse_matrix.cc:208 Allocating values array with 320136 bytes.
detect_structure.cc:63 Dynamic row block size because the block size changed from 2 to 15
detect_structure.cc:74 Dynamic e block size because the block size changed from 1 to 9
detect_structure.cc:93 Dynamic f block size because the block size changed from 6 to 9
detect_structure.cc:114 Schur complement static structure <-1,-1,-1>.
detect_structure.cc:63 Dynamic row block size because the block size changed from 2 to 15
detect_structure.cc:74 Dynamic e block size because the block size changed from 1 to 9
detect_structure.cc:93 Dynamic f block size because the block size changed from 6 to 9
detect_structure.cc:114 Schur complement static structure <-1,-1,-1>.
schur_eliminator.cc:155 Template specializations not found for <-1,-1,-1>
block_sparse_matrix.cc:208 Allocating values array with 324504 bytes.
detect_structure.cc:63 Dynamic row block size because the block size changed from 2 to 15
detect_structure.cc:74 Dynamic e block size because the block size changed from 1 to 9
detect_structure.cc:93 Dynamic f block size because the block size changed from 6 to 9
detect_structure.cc:114 Schur complement static structure <-1,-1,-1>.
detect_structure.cc:63 Dynamic row block size because the block size changed from 2 to 15
detect_structure.cc:74 Dynamic e block size because the block size changed from 1 to 9
detect_structure.cc:93 Dynamic f block size because the block size changed from 6 to 9
detect_structure.cc:114 Schur complement static structure <-1,-1,-1>.
schur_eliminator.cc:155 Template specializations not found for <-1,-1,-1>
block_sparse_matrix.cc:208 Allocating values array with 324088 bytes.
detect_structure.cc:63 Dynamic row block size because the block size changed from 2 to 15
detect_structure.cc:74 Dynamic e block size because the block size changed from 1 to 9
detect_structure.cc:93 Dynamic f block size because the block size changed from 6 to 9
detect_structure.cc:114 Schur complement static structure <-1,-1,-1>.
detect_structure.cc:63 Dynamic row block size because the block size changed from 2 to 15
detect_structure.cc:74 Dynamic e block size because the block size changed from 1 to 9
detect_structure.cc:93 Dynamic f block size because the block size changed from 6 to 9
detect_structure.cc:114 Schur complement static structure <-1,-1,-1>.
schur_eliminator.cc:155 Template specializations not found for <-1,-1,-1>
block_sparse_matrix.cc:208 Allocating values array with 326376 bytes.
detect_structure.cc:63 Dynamic row block size because the block size changed from 2 to 15
detect_structure.cc:74 Dynamic e block size because the block size changed from 1 to 9
detect_structure.cc:93 Dynamic f block size because the block size changed from 6 to 9
detect_structure.cc:114 Schur complement static structure <-1,-1,-1>.
detect_structure.cc:63 Dynamic row block size because the block size changed from 2 to 15
detect_structure.cc:74 Dynamic e block size because the block size changed from 1 to 9
detect_structure.cc:93 Dynamic f block size because the block size changed from 6 to 9
detect_structure.cc:114 Schur complement static structure <-1,-1,-1>.
schur_eliminator.cc:155 Template specializations not found for <-1,-1,-1>
[FeatureTracker] F-matrix: 128 → 76 (rejected 52, threshold=1)
block_sparse_matrix.cc:208 Allocating values array with 317640 bytes.
detect_structure.cc:63 Dynamic row block size because the block size changed from 2 to 15
detect_structure.cc:74 Dynamic e block size because the block size changed from 1 to 9
detect_structure.cc:93 Dynamic f block size because the block size changed from 6 to 9
detect_structure.cc:114 Schur complement static structure <-1,-1,-1>.
detect_structure.cc:63 Dynamic row block size because the block size changed from 2 to 15
detect_structure.cc:74 Dynamic e block size because the block size changed from 1 to 9
detect_structure.cc:93 Dynamic f block size because the block size changed from 6 to 9
detect_structure.cc:114 Schur complement static structure <-1,-1,-1>.
schur_eliminator.cc:155 Template specializations not found for <-1,-1,-1>
block_sparse_matrix.cc:208 Allocating values array with 305576 bytes.
detect_structure.cc:63 Dynamic row block size because the block size changed from 2 to 15
detect_structure.cc:74 Dynamic e block size because the block size changed from 1 to 9
detect_structure.cc:93 Dynamic f block size because the block size changed from 6 to 9
detect_structure.cc:114 Schur complement static structure <-1,-1,-1>.
detect_structure.cc:63 Dynamic row block size because the block size changed from 2 to 15
detect_structure.cc:74 Dynamic e block size because the block size changed from 1 to 9
detect_structure.cc:93 Dynamic f block size because the block size changed from 6 to 9
detect_structure.cc:114 Schur complement static structure <-1,-1,-1>.
schur_eliminator.cc:155 Template specializations not found for <-1,-1,-1>
block_sparse_matrix.cc:208 Allocating values array with 298088 bytes.
detect_structure.cc:63 Dynamic row block size because the block size changed from 2 to 15
detect_structure.cc:74 Dynamic e block size because the block size changed from 1 to 9
detect_structure.cc:93 Dynamic f block size because the block size changed from 6 to 9
detect_structure.cc:114 Schur complement static structure <-1,-1,-1>.
detect_structure.cc:63 Dynamic row block size because the block size changed from 2 to 15
detect_structure.cc:74 Dynamic e block size because the block size changed from 1 to 9
detect_structure.cc:93 Dynamic f block size because the block size changed from 6 to 9
detect_structure.cc:114 Schur complement static structure <-1,-1,-1>.
schur_eliminator.cc:155 Template specializations not found for <-1,-1,-1>
block_sparse_matrix.cc:208 Allocating values array with 291432 bytes.
detect_structure.cc:63 Dynamic row block size because the block size changed from 2 to 15
detect_structure.cc:74 Dynamic e block size because the block size changed from 1 to 9
detect_structure.cc:93 Dynamic f block size because the block size changed from 6 to 9
detect_structure.cc:114 Schur complement static structure <-1,-1,-1>.
detect_structure.cc:63 Dynamic row block size because the block size changed from 2 to 15
detect_structure.cc:74 Dynamic e block size because the block size changed from 1 to 9
detect_structure.cc:93 Dynamic f block size because the block size changed from 6 to 9
detect_structure.cc:114 Schur complement static structure <-1,-1,-1>.
schur_eliminator.cc:155 Template specializations not found for <-1,-1,-1>
block_sparse_matrix.cc:208 Allocating values array with 301416 bytes.
detect_structure.cc:63 Dynamic row block size because the block size changed from 2 to 15
detect_structure.cc:74 Dynamic e block size because the block size changed from 1 to 9
detect_structure.cc:93 Dynamic f block size because the block size changed from 6 to 9
detect_structure.cc:114 Schur complement static structure <-1,-1,-1>.
detect_structure.cc:63 Dynamic row block size because the block size changed from 2 to 15
detect_structure.cc:74 Dynamic e block size because the block size changed from 1 to 9
detect_structure.cc:93 Dynamic f block size because the block size changed from 6 to 9
detect_structure.cc:114 Schur complement static structure <-1,-1,-1>.
schur_eliminator.cc:155 Template specializations not found for <-1,-1,-1>
block_sparse_matrix.cc:208 Allocating values array with 298504 bytes.
detect_structure.cc:63 Dynamic row block size because the block size changed from 2 to 15
detect_structure.cc:74 Dynamic e block size because the block size changed from 1 to 9
detect_structure.cc:93 Dynamic f block size because the block size changed from 6 to 9
detect_structure.cc:114 Schur complement static structure <-1,-1,-1>.
detect_structure.cc:63 Dynamic row block size because the block size changed from 2 to 15
detect_structure.cc:74 Dynamic e block size because the block size changed from 1 to 9
detect_structure.cc:93 Dynamic f block size because the block size changed from 6 to 9
detect_structure.cc:114 Schur complement static structure <-1,-1,-1>.
schur_eliminator.cc:155 Template specializations not found for <-1,-1,-1>
block_sparse_matrix.cc:208 Allocating values array with 294760 bytes.
detect_structure.cc:63 Dynamic row block size because the block size changed from 2 to 15
detect_structure.cc:74 Dynamic e block size because the block size changed from 1 to 9
detect_structure.cc:93 Dynamic f block size because the block size changed from 6 to 9
detect_structure.cc:114 Schur complement static structure <-1,-1,-1>.
detect_structure.cc:63 Dynamic row block size because the block size changed from 2 to 15
detect_structure.cc:74 Dynamic e block size because the block size changed from 1 to 9
detect_structure.cc:93 Dynamic f block size because the block size changed from 6 to 9
detect_structure.cc:114 Schur complement static structure <-1,-1,-1>.
schur_eliminator.cc:155 Template specializations not found for <-1,-1,-1>
block_sparse_matrix.cc:208 Allocating values array with 291432 bytes.
detect_structure.cc:63 Dynamic row block size because the block size changed from 2 to 15
detect_structure.cc:74 Dynamic e block size because the block size changed from 1 to 9
detect_structure.cc:93 Dynamic f block size because the block size changed from 6 to 9
detect_structure.cc:114 Schur complement static structure <-1,-1,-1>.
detect_structure.cc:63 Dynamic row block size because the block size changed from 2 to 15
detect_structure.cc:74 Dynamic e block size because the block size changed from 1 to 9
detect_structure.cc:93 Dynamic f block size because the block size changed from 6 to 9
detect_structure.cc:114 Schur complement static structure <-1,-1,-1>.
schur_eliminator.cc:155 Template specializations not found for <-1,-1,-1>
block_sparse_matrix.cc:208 Allocating values array with 282280 bytes.
detect_structure.cc:63 Dynamic row block size because the block size changed from 2 to 15
detect_structure.cc:74 Dynamic e block size because the block size changed from 1 to 9
detect_structure.cc:93 Dynamic f block size because the block size changed from 6 to 9
detect_structure.cc:114 Schur complement static structure <-1,-1,-1>.
detect_structure.cc:63 Dynamic row block size because the block size changed from 2 to 15
detect_structure.cc:74 Dynamic e block size because the block size changed from 1 to 9
detect_structure.cc:93 Dynamic f block size because the block size changed from 6 to 9
detect_structure.cc:114 Schur complement static structure <-1,-1,-1>.
schur_eliminator.cc:155 Template specializations not found for <-1,-1,-1>
block_sparse_matrix.cc:208 Allocating values array with 274168 bytes.
detect_structure.cc:63 Dynamic row block size because the block size changed from 2 to 15
detect_structure.cc:74 Dynamic e block size because the block size changed from 1 to 9
detect_structure.cc:93 Dynamic f block size because the block size changed from 6 to 9
detect_structure.cc:114 Schur complement static structure <-1,-1,-1>.
detect_structure.cc:63 Dynamic row block size because the block size changed from 2 to 15
detect_structure.cc:74 Dynamic e block size because the block size changed from 1 to 9
detect_structure.cc:93 Dynamic f block size because the block size changed from 6 to 9
detect_structure.cc:114 Schur complement static structure <-1,-1,-1>.
schur_eliminator.cc:155 Template specializations not found for <-1,-1,-1>
[VIO DIAG] f=180 tri: ok=166 wait=7 fail=0 default=1 depth: avg=1.41466 min=0.489484 max=7.98389 |vel|=1.16148 vel=(0.864673,0.268924,-0.727363) ba=(0.0384234,0.0419003,-0.0455231) bg=(-0.000165596,0.000161405,-0.000231011)
block_sparse_matrix.cc:208 Allocating values array with 276664 bytes.
detect_structure.cc:63 Dynamic row block size because the block size changed from 2 to 15
detect_structure.cc:74 Dynamic e block size because the block size changed from 1 to 9
detect_structure.cc:93 Dynamic f block size because the block size changed from 6 to 9
detect_structure.cc:114 Schur complement static structure <-1,-1,-1>.
detect_structure.cc:63 Dynamic row block size because the block size changed from 2 to 15
detect_structure.cc:74 Dynamic e block size because the block size changed from 1 to 9
detect_structure.cc:93 Dynamic f block size because the block size changed from 6 to 9
detect_structure.cc:114 Schur complement static structure <-1,-1,-1>.
schur_eliminator.cc:155 Template specializations not found for <-1,-1,-1>
block_sparse_matrix.cc:208 Allocating values array with 279576 bytes.
detect_structure.cc:63 Dynamic row block size because the block size changed from 2 to 15
detect_structure.cc:74 Dynamic e block size because the block size changed from 1 to 9
detect_structure.cc:93 Dynamic f block size because the block size changed from 6 to 9
detect_structure.cc:114 Schur complement static structure <-1,-1,-1>.
detect_structure.cc:63 Dynamic row block size because the block size changed from 2 to 15
detect_structure.cc:74 Dynamic e block size because the block size changed from 1 to 9
detect_structure.cc:93 Dynamic f block size because the block size changed from 6 to 9
detect_structure.cc:114 Schur complement static structure <-1,-1,-1>.
schur_eliminator.cc:155 Template specializations not found for <-1,-1,-1>
block_sparse_matrix.cc:208 Allocating values array with 277912 bytes.
detect_structure.cc:63 Dynamic row block size because the block size changed from 2 to 15
detect_structure.cc:74 Dynamic e block size because the block size changed from 1 to 9
detect_structure.cc:93 Dynamic f block size because the block size changed from 6 to 9
detect_structure.cc:114 Schur complement static structure <-1,-1,-1>.
detect_structure.cc:63 Dynamic row block size because the block size changed from 2 to 15
detect_structure.cc:74 Dynamic e block size because the block size changed from 1 to 9
detect_structure.cc:93 Dynamic f block size because the block size changed from 6 to 9
detect_structure.cc:114 Schur complement static structure <-1,-1,-1>.
schur_eliminator.cc:155 Template specializations not found for <-1,-1,-1>
block_sparse_matrix.cc:208 Allocating values array with 273336 bytes.
detect_structure.cc:63 Dynamic row block size because the block size changed from 2 to 15
detect_structure.cc:74 Dynamic e block size because the block size changed from 1 to 9
detect_structure.cc:93 Dynamic f block size because the block size changed from 6 to 9
detect_structure.cc:114 Schur complement static structure <-1,-1,-1>.
detect_structure.cc:63 Dynamic row block size because the block size changed from 2 to 15
detect_structure.cc:74 Dynamic e block size because the block size changed from 1 to 9
detect_structure.cc:93 Dynamic f block size because the block size changed from 6 to 9
detect_structure.cc:114 Schur complement static structure <-1,-1,-1>.
schur_eliminator.cc:155 Template specializations not found for <-1,-1,-1>
block_sparse_matrix.cc:208 Allocating values array with 270008 bytes.
detect_structure.cc:63 Dynamic row block size because the block size changed from 2 to 15
detect_structure.cc:74 Dynamic e block size because the block size changed from 1 to 9
detect_structure.cc:93 Dynamic f block size because the block size changed from 6 to 9
detect_structure.cc:114 Schur complement static structure <-1,-1,-1>.
detect_structure.cc:63 Dynamic row block size because the block size changed from 2 to 15
detect_structure.cc:74 Dynamic e block size because the block size changed from 1 to 9
detect_structure.cc:93 Dynamic f block size because the block size changed from 6 to 9
detect_structure.cc:114 Schur complement static structure <-1,-1,-1>.
schur_eliminator.cc:155 Template specializations not found for <-1,-1,-1>
block_sparse_matrix.cc:208 Allocating values array with 270216 bytes.
detect_structure.cc:63 Dynamic row block size because the block size changed from 2 to 15
detect_structure.cc:74 Dynamic e block size because the block size changed from 1 to 9
detect_structure.cc:93 Dynamic f block size because the block size changed from 6 to 9
detect_structure.cc:114 Schur complement static structure <-1,-1,-1>.
detect_structure.cc:63 Dynamic row block size because the block size changed from 2 to 15
detect_structure.cc:74 Dynamic e block size because the block size changed from 1 to 9
detect_structure.cc:93 Dynamic f block size because the block size changed from 6 to 9
detect_structure.cc:114 Schur complement static structure <-1,-1,-1>.
schur_eliminator.cc:155 Template specializations not found for <-1,-1,-1>
[FeatureTracker] F-matrix: 134 → 76 (rejected 58, threshold=1)
block_sparse_matrix.cc:208 Allocating values array with 262728 bytes.
detect_structure.cc:63 Dynamic row block size because the block size changed from 2 to 15
detect_structure.cc:74 Dynamic e block size because the block size changed from 1 to 9
detect_structure.cc:93 Dynamic f block size because the block size changed from 6 to 9
detect_structure.cc:114 Schur complement static structure <-1,-1,-1>.
detect_structure.cc:63 Dynamic row block size because the block size changed from 2 to 15
detect_structure.cc:74 Dynamic e block size because the block size changed from 1 to 9
detect_structure.cc:93 Dynamic f block size because the block size changed from 6 to 9
detect_structure.cc:114 Schur complement static structure <-1,-1,-1>.
schur_eliminator.cc:155 Template specializations not found for <-1,-1,-1>
block_sparse_matrix.cc:208 Allocating values array with 255864 bytes.
detect_structure.cc:63 Dynamic row block size because the block size changed from 2 to 15
detect_structure.cc:74 Dynamic e block size because the block size changed from 1 to 9
detect_structure.cc:93 Dynamic f block size because the block size changed from 6 to 9
detect_structure.cc:114 Schur complement static structure <-1,-1,-1>.
detect_structure.cc:63 Dynamic row block size because the block size changed from 2 to 15
detect_structure.cc:74 Dynamic e block size because the block size changed from 1 to 9
detect_structure.cc:93 Dynamic f block size because the block size changed from 6 to 9
detect_structure.cc:114 Schur complement static structure <-1,-1,-1>.
schur_eliminator.cc:155 Template specializations not found for <-1,-1,-1>
block_sparse_matrix.cc:208 Allocating values array with 250664 bytes.
detect_structure.cc:63 Dynamic row block size because the block size changed from 2 to 15
detect_structure.cc:74 Dynamic e block size because the block size changed from 1 to 9
detect_structure.cc:93 Dynamic f block size because the block size changed from 6 to 9
detect_structure.cc:114 Schur complement static structure <-1,-1,-1>.
detect_structure.cc:63 Dynamic row block size because the block size changed from 2 to 15
detect_structure.cc:74 Dynamic e block size because the block size changed from 1 to 9
detect_structure.cc:93 Dynamic f block size because the block size changed from 6 to 9
detect_structure.cc:114 Schur complement static structure <-1,-1,-1>.
schur_eliminator.cc:155 Template specializations not found for <-1,-1,-1>
block_sparse_matrix.cc:208 Allocating values array with 244632 bytes.
detect_structure.cc:63 Dynamic row block size because the block size changed from 2 to 15
detect_structure.cc:74 Dynamic e block size because the block size changed from 1 to 9
detect_structure.cc:93 Dynamic f block size because the block size changed from 6 to 9
detect_structure.cc:114 Schur complement static structure <-1,-1,-1>.
detect_structure.cc:63 Dynamic row block size because the block size changed from 2 to 15
detect_structure.cc:74 Dynamic e block size because the block size changed from 1 to 9
detect_structure.cc:93 Dynamic f block size because the block size changed from 6 to 9
detect_structure.cc:114 Schur complement static structure <-1,-1,-1>.
schur_eliminator.cc:155 Template specializations not found for <-1,-1,-1>
block_sparse_matrix.cc:208 Allocating values array with 261272 bytes.
detect_structure.cc:63 Dynamic row block size because the block size changed from 2 to 15
detect_structure.cc:74 Dynamic e block size because the block size changed from 1 to 9
detect_structure.cc:93 Dynamic f block size because the block size changed from 6 to 9
detect_structure.cc:114 Schur complement static structure <-1,-1,-1>.
detect_structure.cc:63 Dynamic row block size because the block size changed from 2 to 15
detect_structure.cc:74 Dynamic e block size because the block size changed from 1 to 9
detect_structure.cc:93 Dynamic f block size because the block size changed from 6 to 9
detect_structure.cc:114 Schur complement static structure <-1,-1,-1>.
schur_eliminator.cc:155 Template specializations not found for <-1,-1,-1>
block_sparse_matrix.cc:208 Allocating values array with 260648 bytes.
detect_structure.cc:63 Dynamic row block size because the block size changed from 2 to 15
detect_structure.cc:74 Dynamic e block size because the block size changed from 1 to 9
detect_structure.cc:93 Dynamic f block size because the block size changed from 6 to 9
detect_structure.cc:114 Schur complement static structure <-1,-1,-1>.
detect_structure.cc:63 Dynamic row block size because the block size changed from 2 to 15
detect_structure.cc:74 Dynamic e block size because the block size changed from 1 to 9
detect_structure.cc:93 Dynamic f block size because the block size changed from 6 to 9
detect_structure.cc:114 Schur complement static structure <-1,-1,-1>.
schur_eliminator.cc:155 Template specializations not found for <-1,-1,-1>
block_sparse_matrix.cc:208 Allocating values array with 263560 bytes.
detect_structure.cc:63 Dynamic row block size because the block size changed from 2 to 15
detect_structure.cc:74 Dynamic e block size because the block size changed from 1 to 9
detect_structure.cc:93 Dynamic f block size because the block size changed from 6 to 9
detect_structure.cc:114 Schur complement static structure <-1,-1,-1>.
detect_structure.cc:63 Dynamic row block size because the block size changed from 2 to 15
detect_structure.cc:74 Dynamic e block size because the block size changed from 1 to 9
detect_structure.cc:93 Dynamic f block size because the block size changed from 6 to 9
detect_structure.cc:114 Schur complement static structure <-1,-1,-1>.
schur_eliminator.cc:155 Template specializations not found for <-1,-1,-1>
block_sparse_matrix.cc:208 Allocating values array with 263144 bytes.
detect_structure.cc:63 Dynamic row block size because the block size changed from 2 to 15
detect_structure.cc:74 Dynamic e block size because the block size changed from 1 to 9
detect_structure.cc:93 Dynamic f block size because the block size changed from 6 to 9
detect_structure.cc:114 Schur complement static structure <-1,-1,-1>.
detect_structure.cc:63 Dynamic row block size because the block size changed from 2 to 15
detect_structure.cc:74 Dynamic e block size because the block size changed from 1 to 9
detect_structure.cc:93 Dynamic f block size because the block size changed from 6 to 9
detect_structure.cc:114 Schur complement static structure <-1,-1,-1>.
schur_eliminator.cc:155 Template specializations not found for <-1,-1,-1>
block_sparse_matrix.cc:208 Allocating values array with 262104 bytes.
detect_structure.cc:63 Dynamic row block size because the block size changed from 2 to 15
detect_structure.cc:74 Dynamic e block size because the block size changed from 1 to 9
detect_structure.cc:93 Dynamic f block size because the block size changed from 6 to 9
detect_structure.cc:114 Schur complement static structure <-1,-1,-1>.
detect_structure.cc:63 Dynamic row block size because the block size changed from 2 to 15
detect_structure.cc:74 Dynamic e block size because the block size changed from 1 to 9
detect_structure.cc:93 Dynamic f block size because the block size changed from 6 to 9
detect_structure.cc:114 Schur complement static structure <-1,-1,-1>.
schur_eliminator.cc:155 Template specializations not found for <-1,-1,-1>
block_sparse_matrix.cc:208 Allocating values array with 267096 bytes.
detect_structure.cc:63 Dynamic row block size because the block size changed from 2 to 15
detect_structure.cc:74 Dynamic e block size because the block size changed from 1 to 9
detect_structure.cc:93 Dynamic f block size because the block size changed from 6 to 9
detect_structure.cc:114 Schur complement static structure <-1,-1,-1>.
detect_structure.cc:63 Dynamic row block size because the block size changed from 2 to 15
detect_structure.cc:74 Dynamic e block size because the block size changed from 1 to 9
detect_structure.cc:93 Dynamic f block size because the block size changed from 6 to 9
detect_structure.cc:114 Schur complement static structure <-1,-1,-1>.
schur_eliminator.cc:155 Template specializations not found for <-1,-1,-1>
block_sparse_matrix.cc:208 Allocating values array with 276040 bytes.
detect_structure.cc:63 Dynamic row block size because the block size changed from 2 to 15
detect_structure.cc:74 Dynamic e block size because the block size changed from 1 to 9
detect_structure.cc:93 Dynamic f block size because the block size changed from 6 to 9
detect_structure.cc:114 Schur complement static structure <-1,-1,-1>.
detect_structure.cc:63 Dynamic row block size because the block size changed from 2 to 15
detect_structure.cc:74 Dynamic e block size because the block size changed from 1 to 9
detect_structure.cc:93 Dynamic f block size because the block size changed from 6 to 9
detect_structure.cc:114 Schur complement static structure <-1,-1,-1>.
schur_eliminator.cc:155 Template specializations not found for <-1,-1,-1>
block_sparse_matrix.cc:208 Allocating values array with 285608 bytes.
detect_structure.cc:63 Dynamic row block size because the block size changed from 2 to 15
detect_structure.cc:74 Dynamic e block size because the block size changed from 1 to 9
detect_structure.cc:93 Dynamic f block size because the block size changed from 6 to 9
detect_structure.cc:114 Schur complement static structure <-1,-1,-1>.
detect_structure.cc:63 Dynamic row block size because the block size changed from 2 to 15
detect_structure.cc:74 Dynamic e block size because the block size changed from 1 to 9
detect_structure.cc:93 Dynamic f block size because the block size changed from 6 to 9
detect_structure.cc:114 Schur complement static structure <-1,-1,-1>.
schur_eliminator.cc:155 Template specializations not found for <-1,-1,-1>
block_sparse_matrix.cc:208 Allocating values array with 287896 bytes.
detect_structure.cc:63 Dynamic row block size because the block size changed from 2 to 15
detect_structure.cc:74 Dynamic e block size because the block size changed from 1 to 9
detect_structure.cc:93 Dynamic f block size because the block size changed from 6 to 9
detect_structure.cc:114 Schur complement static structure <-1,-1,-1>.
detect_structure.cc:63 Dynamic row block size because the block size changed from 2 to 15
detect_structure.cc:74 Dynamic e block size because the block size changed from 1 to 9
detect_structure.cc:93 Dynamic f block size because the block size changed from 6 to 9
detect_structure.cc:114 Schur complement static structure <-1,-1,-1>.
schur_eliminator.cc:155 Template specializations not found for <-1,-1,-1>
block_sparse_matrix.cc:208 Allocating values array with 292888 bytes.
detect_structure.cc:63 Dynamic row block size because the block size changed from 2 to 15
detect_structure.cc:74 Dynamic e block size because the block size changed from 1 to 9
detect_structure.cc:93 Dynamic f block size because the block size changed from 6 to 9
detect_structure.cc:114 Schur complement static structure <-1,-1,-1>.
detect_structure.cc:63 Dynamic row block size because the block size changed from 2 to 15
detect_structure.cc:74 Dynamic e block size because the block size changed from 1 to 9
detect_structure.cc:93 Dynamic f block size because the block size changed from 6 to 9
detect_structure.cc:114 Schur complement static structure <-1,-1,-1>.
schur_eliminator.cc:155 Template specializations not found for <-1,-1,-1>
[VIO DIAG] f=200 tri: ok=183 wait=0 fail=0 default=0 depth: avg=1.35743 min=0.516215 max=2.15654 |vel|=0.918952 vel=(0.651014,0.0831048,0.643231) ba=(-0.0311176,-0.00314318,-0.0405557) bg=(0.000289559,0.000111536,-0.000117189)
block_sparse_matrix.cc:208 Allocating values array with 283352 bytes.
detect_structure.cc:63 Dynamic row block size because the block size changed from 2 to 15
detect_structure.cc:74 Dynamic e block size because the block size changed from 1 to 9
detect_structure.cc:93 Dynamic f block size because the block size changed from 6 to 9
detect_structure.cc:114 Schur complement static structure <-1,-1,-1>.
detect_structure.cc:63 Dynamic row block size because the block size changed from 2 to 15
detect_structure.cc:74 Dynamic e block size because the block size changed from 1 to 9
detect_structure.cc:93 Dynamic f block size because the block size changed from 6 to 9
detect_structure.cc:114 Schur complement static structure <-1,-1,-1>.
schur_eliminator.cc:155 Template specializations not found for <-1,-1,-1>
block_sparse_matrix.cc:208 Allocating values array with 294344 bytes.
detect_structure.cc:63 Dynamic row block size because the block size changed from 2 to 15
detect_structure.cc:74 Dynamic e block size because the block size changed from 1 to 9
detect_structure.cc:93 Dynamic f block size because the block size changed from 6 to 9
detect_structure.cc:114 Schur complement static structure <-1,-1,-1>.
detect_structure.cc:63 Dynamic row block size because the block size changed from 2 to 15
detect_structure.cc:74 Dynamic e block size because the block size changed from 1 to 9
detect_structure.cc:93 Dynamic f block size because the block size changed from 6 to 9
detect_structure.cc:114 Schur complement static structure <-1,-1,-1>.
schur_eliminator.cc:155 Template specializations not found for <-1,-1,-1>
[FeatureTracker] F-matrix: 121 → 69 (rejected 52, threshold=1)
block_sparse_matrix.cc:208 Allocating values array with 292888 bytes.
detect_structure.cc:63 Dynamic row block size because the block size changed from 2 to 15
detect_structure.cc:74 Dynamic e block size because the block size changed from 1 to 9
detect_structure.cc:93 Dynamic f block size because the block size changed from 6 to 9
detect_structure.cc:114 Schur complement static structure <-1,-1,-1>.
detect_structure.cc:63 Dynamic row block size because the block size changed from 2 to 15
detect_structure.cc:74 Dynamic e block size because the block size changed from 1 to 9
detect_structure.cc:93 Dynamic f block size because the block size changed from 6 to 9
detect_structure.cc:114 Schur complement static structure <-1,-1,-1>.
schur_eliminator.cc:155 Template specializations not found for <-1,-1,-1>
block_sparse_matrix.cc:208 Allocating values array with 287480 bytes.
detect_structure.cc:63 Dynamic row block size because the block size changed from 2 to 15
detect_structure.cc:74 Dynamic e block size because the block size changed from 1 to 9
detect_structure.cc:93 Dynamic f block size because the block size changed from 6 to 9
detect_structure.cc:114 Schur complement static structure <-1,-1,-1>.
detect_structure.cc:63 Dynamic row block size because the block size changed from 2 to 15
detect_structure.cc:74 Dynamic e block size because the block size changed from 1 to 9
detect_structure.cc:93 Dynamic f block size because the block size changed from 6 to 9
detect_structure.cc:114 Schur complement static structure <-1,-1,-1>.
schur_eliminator.cc:155 Template specializations not found for <-1,-1,-1>
block_sparse_matrix.cc:208 Allocating values array with 278120 bytes.
detect_structure.cc:63 Dynamic row block size because the block size changed from 2 to 15
detect_structure.cc:74 Dynamic e block size because the block size changed from 1 to 9
detect_structure.cc:93 Dynamic f block size because the block size changed from 6 to 9
detect_structure.cc:114 Schur complement static structure <-1,-1,-1>.
detect_structure.cc:63 Dynamic row block size because the block size changed from 2 to 15
detect_structure.cc:74 Dynamic e block size because the block size changed from 1 to 9
detect_structure.cc:93 Dynamic f block size because the block size changed from 6 to 9
detect_structure.cc:114 Schur complement static structure <-1,-1,-1>.
schur_eliminator.cc:155 Template specializations not found for <-1,-1,-1>
block_sparse_matrix.cc:208 Allocating values array with 271288 bytes.
detect_structure.cc:63 Dynamic row block size because the block size changed from 2 to 15
detect_structure.cc:74 Dynamic e block size because the block size changed from 1 to 9
detect_structure.cc:93 Dynamic f block size because the block size changed from 6 to 9
detect_structure.cc:114 Schur complement static structure <-1,-1,-1>.
detect_structure.cc:63 Dynamic row block size because the block size changed from 2 to 15
detect_structure.cc:74 Dynamic e block size because the block size changed from 1 to 9
detect_structure.cc:93 Dynamic f block size because the block size changed from 6 to 9
detect_structure.cc:114 Schur complement static structure <-1,-1,-1>.
schur_eliminator.cc:155 Template specializations not found for <-1,-1,-1>
block_sparse_matrix.cc:208 Allocating values array with 270664 bytes.
detect_structure.cc:63 Dynamic row block size because the block size changed from 2 to 15
detect_structure.cc:74 Dynamic e block size because the block size changed from 1 to 9
detect_structure.cc:93 Dynamic f block size because the block size changed from 6 to 9
detect_structure.cc:114 Schur complement static structure <-1,-1,-1>.
detect_structure.cc:63 Dynamic row block size because the block size changed from 2 to 15
detect_structure.cc:74 Dynamic e block size because the block size changed from 1 to 9
detect_structure.cc:93 Dynamic f block size because the block size changed from 6 to 9
detect_structure.cc:114 Schur complement static structure <-1,-1,-1>.
schur_eliminator.cc:155 Template specializations not found for <-1,-1,-1>
block_sparse_matrix.cc:208 Allocating values array with 269624 bytes.
detect_structure.cc:63 Dynamic row block size because the block size changed from 2 to 15
detect_structure.cc:74 Dynamic e block size because the block size changed from 1 to 9
detect_structure.cc:93 Dynamic f block size because the block size changed from 6 to 9
detect_structure.cc:114 Schur complement static structure <-1,-1,-1>.
detect_structure.cc:63 Dynamic row block size because the block size changed from 2 to 15
detect_structure.cc:74 Dynamic e block size because the block size changed from 1 to 9
detect_structure.cc:93 Dynamic f block size because the block size changed from 6 to 9
detect_structure.cc:114 Schur complement static structure <-1,-1,-1>.
schur_eliminator.cc:155 Template specializations not found for <-1,-1,-1>
block_sparse_matrix.cc:208 Allocating values array with 264808 bytes.
detect_structure.cc:63 Dynamic row block size because the block size changed from 2 to 15
detect_structure.cc:74 Dynamic e block size because the block size changed from 1 to 9
detect_structure.cc:93 Dynamic f block size because the block size changed from 6 to 9
detect_structure.cc:114 Schur complement static structure <-1,-1,-1>.
detect_structure.cc:63 Dynamic row block size because the block size changed from 2 to 15
detect_structure.cc:74 Dynamic e block size because the block size changed from 1 to 9
detect_structure.cc:93 Dynamic f block size because the block size changed from 6 to 9
detect_structure.cc:114 Schur complement static structure <-1,-1,-1>.
schur_eliminator.cc:155 Template specializations not found for <-1,-1,-1>
block_sparse_matrix.cc:208 Allocating values array with 257144 bytes.
detect_structure.cc:63 Dynamic row block size because the block size changed from 2 to 15
detect_structure.cc:74 Dynamic e block size because the block size changed from 1 to 9
detect_structure.cc:93 Dynamic f block size because the block size changed from 6 to 9
detect_structure.cc:114 Schur complement static structure <-1,-1,-1>.
detect_structure.cc:63 Dynamic row block size because the block size changed from 2 to 15
detect_structure.cc:74 Dynamic e block size because the block size changed from 1 to 9
detect_structure.cc:93 Dynamic f block size because the block size changed from 6 to 9
detect_structure.cc:114 Schur complement static structure <-1,-1,-1>.
schur_eliminator.cc:155 Template specializations not found for <-1,-1,-1>
block_sparse_matrix.cc:208 Allocating values array with 282904 bytes.
detect_structure.cc:63 Dynamic row block size because the block size changed from 2 to 15
detect_structure.cc:74 Dynamic e block size because the block size changed from 1 to 9
detect_structure.cc:93 Dynamic f block size because the block size changed from 6 to 9
detect_structure.cc:114 Schur complement static structure <-1,-1,-1>.
detect_structure.cc:63 Dynamic row block size because the block size changed from 2 to 15
detect_structure.cc:74 Dynamic e block size because the block size changed from 1 to 9
detect_structure.cc:93 Dynamic f block size because the block size changed from 6 to 9
detect_structure.cc:114 Schur complement static structure <-1,-1,-1>.
schur_eliminator.cc:155 Template specializations not found for <-1,-1,-1>
[FeatureTracker] F-matrix: 147 → 91 (rejected 56, threshold=1)
block_sparse_matrix.cc:208 Allocating values array with 269832 bytes.
detect_structure.cc:63 Dynamic row block size because the block size changed from 2 to 15
detect_structure.cc:74 Dynamic e block size because the block size changed from 1 to 9
detect_structure.cc:93 Dynamic f block size because the block size changed from 6 to 9
detect_structure.cc:114 Schur complement static structure <-1,-1,-1>.
detect_structure.cc:63 Dynamic row block size because the block size changed from 2 to 15
detect_structure.cc:74 Dynamic e block size because the block size changed from 1 to 9
detect_structure.cc:93 Dynamic f block size because the block size changed from 6 to 9
detect_structure.cc:114 Schur complement static structure <-1,-1,-1>.
schur_eliminator.cc:155 Template specializations not found for <-1,-1,-1>
block_sparse_matrix.cc:208 Allocating values array with 271048 bytes.
detect_structure.cc:63 Dynamic row block size because the block size changed from 2 to 15
detect_structure.cc:74 Dynamic e block size because the block size changed from 1 to 9
detect_structure.cc:93 Dynamic f block size because the block size changed from 6 to 9
detect_structure.cc:114 Schur complement static structure <-1,-1,-1>.
detect_structure.cc:63 Dynamic row block size because the block size changed from 2 to 15
detect_structure.cc:74 Dynamic e block size because the block size changed from 1 to 9
detect_structure.cc:93 Dynamic f block size because the block size changed from 6 to 9
detect_structure.cc:114 Schur complement static structure <-1,-1,-1>.
schur_eliminator.cc:155 Template specializations not found for <-1,-1,-1>
block_sparse_matrix.cc:208 Allocating values array with 263592 bytes.
detect_structure.cc:63 Dynamic row block size because the block size changed from 2 to 15
detect_structure.cc:74 Dynamic e block size because the block size changed from 1 to 9
detect_structure.cc:93 Dynamic f block size because the block size changed from 6 to 9
detect_structure.cc:114 Schur complement static structure <-1,-1,-1>.
detect_structure.cc:63 Dynamic row block size because the block size changed from 2 to 15
detect_structure.cc:74 Dynamic e block size because the block size changed from 1 to 9
detect_structure.cc:93 Dynamic f block size because the block size changed from 6 to 9
detect_structure.cc:114 Schur complement static structure <-1,-1,-1>.
schur_eliminator.cc:155 Template specializations not found for <-1,-1,-1>
block_sparse_matrix.cc:208 Allocating values array with 262968 bytes.
detect_structure.cc:63 Dynamic row block size because the block size changed from 2 to 15
detect_structure.cc:74 Dynamic e block size because the block size changed from 1 to 9
detect_structure.cc:93 Dynamic f block size because the block size changed from 6 to 9
detect_structure.cc:114 Schur complement static structure <-1,-1,-1>.
detect_structure.cc:63 Dynamic row block size because the block size changed from 2 to 15
detect_structure.cc:74 Dynamic e block size because the block size changed from 1 to 9
detect_structure.cc:93 Dynamic f block size because the block size changed from 6 to 9
detect_structure.cc:114 Schur complement static structure <-1,-1,-1>.
schur_eliminator.cc:155 Template specializations not found for <-1,-1,-1>
block_sparse_matrix.cc:208 Allocating values array with 261480 bytes.
detect_structure.cc:63 Dynamic row block size because the block size changed from 2 to 15
detect_structure.cc:74 Dynamic e block size because the block size changed from 1 to 9
detect_structure.cc:93 Dynamic f block size because the block size changed from 6 to 9
detect_structure.cc:114 Schur complement static structure <-1,-1,-1>.
detect_structure.cc:63 Dynamic row block size because the block size changed from 2 to 15
detect_structure.cc:74 Dynamic e block size because the block size changed from 1 to 9
detect_structure.cc:93 Dynamic f block size because the block size changed from 6 to 9
detect_structure.cc:114 Schur complement static structure <-1,-1,-1>.
schur_eliminator.cc:155 Template specializations not found for <-1,-1,-1>
block_sparse_matrix.cc:208 Allocating values array with 254232 bytes.
detect_structure.cc:63 Dynamic row block size because the block size changed from 2 to 15
detect_structure.cc:74 Dynamic e block size because the block size changed from 1 to 9
detect_structure.cc:93 Dynamic f block size because the block size changed from 6 to 9
detect_structure.cc:114 Schur complement static structure <-1,-1,-1>.
detect_structure.cc:63 Dynamic row block size because the block size changed from 2 to 15
detect_structure.cc:74 Dynamic e block size because the block size changed from 1 to 9
detect_structure.cc:93 Dynamic f block size because the block size changed from 6 to 9
detect_structure.cc:114 Schur complement static structure <-1,-1,-1>.
schur_eliminator.cc:155 Template specializations not found for <-1,-1,-1>
block_sparse_matrix.cc:208 Allocating values array with 266472 bytes.
detect_structure.cc:63 Dynamic row block size because the block size changed from 2 to 15
detect_structure.cc:74 Dynamic e block size because the block size changed from 1 to 9
detect_structure.cc:93 Dynamic f block size because the block size changed from 6 to 9
detect_structure.cc:114 Schur complement static structure <-1,-1,-1>.
detect_structure.cc:63 Dynamic row block size because the block size changed from 2 to 15
detect_structure.cc:74 Dynamic e block size because the block size changed from 1 to 9
detect_structure.cc:93 Dynamic f block size because the block size changed from 6 to 9
detect_structure.cc:114 Schur complement static structure <-1,-1,-1>.
schur_eliminator.cc:155 Template specializations not found for <-1,-1,-1>
block_sparse_matrix.cc:208 Allocating values array with 257976 bytes.
detect_structure.cc:63 Dynamic row block size because the block size changed from 2 to 15
detect_structure.cc:74 Dynamic e block size because the block size changed from 1 to 9
detect_structure.cc:93 Dynamic f block size because the block size changed from 6 to 9
detect_structure.cc:114 Schur complement static structure <-1,-1,-1>.
detect_structure.cc:63 Dynamic row block size because the block size changed from 2 to 15
detect_structure.cc:74 Dynamic e block size because the block size changed from 1 to 9
detect_structure.cc:93 Dynamic f block size because the block size changed from 6 to 9
detect_structure.cc:114 Schur complement static structure <-1,-1,-1>.
schur_eliminator.cc:155 Template specializations not found for <-1,-1,-1>
block_sparse_matrix.cc:208 Allocating values array with 261896 bytes.
detect_structure.cc:63 Dynamic row block size because the block size changed from 2 to 15
detect_structure.cc:74 Dynamic e block size because the block size changed from 1 to 9
detect_structure.cc:93 Dynamic f block size because the block size changed from 6 to 9
detect_structure.cc:114 Schur complement static structure <-1,-1,-1>.
detect_structure.cc:63 Dynamic row block size because the block size changed from 2 to 15
detect_structure.cc:74 Dynamic e block size because the block size changed from 1 to 9
detect_structure.cc:93 Dynamic f block size because the block size changed from 6 to 9
detect_structure.cc:114 Schur complement static structure <-1,-1,-1>.
schur_eliminator.cc:155 Template specializations not found for <-1,-1,-1>
[VIO DIAG] f=220 tri: ok=240 wait=0 fail=0 default=1 depth: avg=1.36409 min=0.64157 max=3.89724 |vel|=0.859767 vel=(-0.00463937,0.735955,-0.444465) ba=(0.00552576,-0.0111101,-0.0413702) bg=(8.82785e-05,5.43747e-05,-0.000123441)
block_sparse_matrix.cc:208 Allocating values array with 249032 bytes.
detect_structure.cc:63 Dynamic row block size because the block size changed from 2 to 15
detect_structure.cc:74 Dynamic e block size because the block size changed from 1 to 9
detect_structure.cc:93 Dynamic f block size because the block size changed from 6 to 9
detect_structure.cc:114 Schur complement static structure <-1,-1,-1>.
detect_structure.cc:63 Dynamic row block size because the block size changed from 2 to 15
detect_structure.cc:74 Dynamic e block size because the block size changed from 1 to 9
detect_structure.cc:93 Dynamic f block size because the block size changed from 6 to 9
detect_structure.cc:114 Schur complement static structure <-1,-1,-1>.
schur_eliminator.cc:155 Template specializations not found for <-1,-1,-1>
block_sparse_matrix.cc:208 Allocating values array with 244216 bytes.
detect_structure.cc:63 Dynamic row block size because the block size changed from 2 to 15
detect_structure.cc:74 Dynamic e block size because the block size changed from 1 to 9
detect_structure.cc:93 Dynamic f block size because the block size changed from 6 to 9
detect_structure.cc:114 Schur complement static structure <-1,-1,-1>.
detect_structure.cc:63 Dynamic row block size because the block size changed from 2 to 15
detect_structure.cc:74 Dynamic e block size because the block size changed from 1 to 9
detect_structure.cc:93 Dynamic f block size because the block size changed from 6 to 9
detect_structure.cc:114 Schur complement static structure <-1,-1,-1>.
schur_eliminator.cc:155 Template specializations not found for <-1,-1,-1>
block_sparse_matrix.cc:208 Allocating values array with 236552 bytes.
detect_structure.cc:63 Dynamic row block size because the block size changed from 2 to 15
detect_structure.cc:74 Dynamic e block size because the block size changed from 1 to 9
detect_structure.cc:93 Dynamic f block size because the block size changed from 6 to 9
detect_structure.cc:114 Schur complement static structure <-1,-1,-1>.
detect_structure.cc:63 Dynamic row block size because the block size changed from 2 to 15
detect_structure.cc:74 Dynamic e block size because the block size changed from 1 to 9
detect_structure.cc:93 Dynamic f block size because the block size changed from 6 to 9
detect_structure.cc:114 Schur complement static structure <-1,-1,-1>.
schur_eliminator.cc:155 Template specializations not found for <-1,-1,-1>
block_sparse_matrix.cc:208 Allocating values array with 247960 bytes.
detect_structure.cc:63 Dynamic row block size because the block size changed from 2 to 15
detect_structure.cc:74 Dynamic e block size because the block size changed from 1 to 9
detect_structure.cc:93 Dynamic f block size because the block size changed from 6 to 9
detect_structure.cc:114 Schur complement static structure <-1,-1,-1>.
detect_structure.cc:63 Dynamic row block size because the block size changed from 2 to 15
detect_structure.cc:74 Dynamic e block size because the block size changed from 1 to 9
detect_structure.cc:93 Dynamic f block size because the block size changed from 6 to 9
detect_structure.cc:114 Schur complement static structure <-1,-1,-1>.
schur_eliminator.cc:155 Template specializations not found for <-1,-1,-1>
block_sparse_matrix.cc:208 Allocating values array with 269176 bytes.
detect_structure.cc:63 Dynamic row block size because the block size changed from 2 to 15
detect_structure.cc:74 Dynamic e block size because the block size changed from 1 to 9
detect_structure.cc:93 Dynamic f block size because the block size changed from 6 to 9
detect_structure.cc:114 Schur complement static structure <-1,-1,-1>.
detect_structure.cc:63 Dynamic row block size because the block size changed from 2 to 15
detect_structure.cc:74 Dynamic e block size because the block size changed from 1 to 9
detect_structure.cc:93 Dynamic f block size because the block size changed from 6 to 9
detect_structure.cc:114 Schur complement static structure <-1,-1,-1>.
schur_eliminator.cc:155 Template specializations not found for <-1,-1,-1>
block_sparse_matrix.cc:208 Allocating values array with 267096 bytes.
detect_structure.cc:63 Dynamic row block size because the block size changed from 2 to 15
detect_structure.cc:74 Dynamic e block size because the block size changed from 1 to 9
detect_structure.cc:93 Dynamic f block size because the block size changed from 6 to 9
detect_structure.cc:114 Schur complement static structure <-1,-1,-1>.
detect_structure.cc:63 Dynamic row block size because the block size changed from 2 to 15
detect_structure.cc:74 Dynamic e block size because the block size changed from 1 to 9
detect_structure.cc:93 Dynamic f block size because the block size changed from 6 to 9
detect_structure.cc:114 Schur complement static structure <-1,-1,-1>.
schur_eliminator.cc:155 Template specializations not found for <-1,-1,-1>
block_sparse_matrix.cc:208 Allocating values array with 263768 bytes.
detect_structure.cc:63 Dynamic row block size because the block size changed from 2 to 15
detect_structure.cc:74 Dynamic e block size because the block size changed from 1 to 9
detect_structure.cc:93 Dynamic f block size because the block size changed from 6 to 9
detect_structure.cc:114 Schur complement static structure <-1,-1,-1>.
detect_structure.cc:63 Dynamic row block size because the block size changed from 2 to 15
detect_structure.cc:74 Dynamic e block size because the block size changed from 1 to 9
detect_structure.cc:93 Dynamic f block size because the block size changed from 6 to 9
detect_structure.cc:114 Schur complement static structure <-1,-1,-1>.
schur_eliminator.cc:155 Template specializations not found for <-1,-1,-1>
[FeatureTracker] F-matrix: 140 → 71 (rejected 69, threshold=1)
block_sparse_matrix.cc:208 Allocating values array with 264808 bytes.
detect_structure.cc:63 Dynamic row block size because the block size changed from 2 to 15
detect_structure.cc:74 Dynamic e block size because the block size changed from 1 to 9
detect_structure.cc:93 Dynamic f block size because the block size changed from 6 to 9
detect_structure.cc:114 Schur complement static structure <-1,-1,-1>.
detect_structure.cc:63 Dynamic row block size because the block size changed from 2 to 15
detect_structure.cc:74 Dynamic e block size because the block size changed from 1 to 9
detect_structure.cc:93 Dynamic f block size because the block size changed from 6 to 9
detect_structure.cc:114 Schur complement static structure <-1,-1,-1>.
schur_eliminator.cc:155 Template specializations not found for <-1,-1,-1>
block_sparse_matrix.cc:208 Allocating values array with 249240 bytes.
detect_structure.cc:63 Dynamic row block size because the block size changed from 2 to 15
detect_structure.cc:74 Dynamic e block size because the block size changed from 1 to 9
detect_structure.cc:93 Dynamic f block size because the block size changed from 6 to 9
detect_structure.cc:114 Schur complement static structure <-1,-1,-1>.
detect_structure.cc:63 Dynamic row block size because the block size changed from 2 to 15
detect_structure.cc:74 Dynamic e block size because the block size changed from 1 to 9
detect_structure.cc:93 Dynamic f block size because the block size changed from 6 to 9
detect_structure.cc:114 Schur complement static structure <-1,-1,-1>.
schur_eliminator.cc:155 Template specializations not found for <-1,-1,-1>
block_sparse_matrix.cc:208 Allocating values array with 248408 bytes.
detect_structure.cc:63 Dynamic row block size because the block size changed from 2 to 15
detect_structure.cc:74 Dynamic e block size because the block size changed from 1 to 9
detect_structure.cc:93 Dynamic f block size because the block size changed from 6 to 9
detect_structure.cc:114 Schur complement static structure <-1,-1,-1>.
detect_structure.cc:63 Dynamic row block size because the block size changed from 2 to 15
detect_structure.cc:74 Dynamic e block size because the block size changed from 1 to 9
detect_structure.cc:93 Dynamic f block size because the block size changed from 6 to 9
detect_structure.cc:114 Schur complement static structure <-1,-1,-1>.
schur_eliminator.cc:155 Template specializations not found for <-1,-1,-1>
block_sparse_matrix.cc:208 Allocating values array with 247992 bytes.
detect_structure.cc:63 Dynamic row block size because the block size changed from 2 to 15
detect_structure.cc:74 Dynamic e block size because the block size changed from 1 to 9
detect_structure.cc:93 Dynamic f block size because the block size changed from 6 to 9
detect_structure.cc:114 Schur complement static structure <-1,-1,-1>.
detect_structure.cc:63 Dynamic row block size because the block size changed from 2 to 15
detect_structure.cc:74 Dynamic e block size because the block size changed from 1 to 9
detect_structure.cc:93 Dynamic f block size because the block size changed from 6 to 9
detect_structure.cc:114 Schur complement static structure <-1,-1,-1>.
schur_eliminator.cc:155 Template specializations not found for <-1,-1,-1>
block_sparse_matrix.cc:208 Allocating values array with 246296 bytes.
detect_structure.cc:63 Dynamic row block size because the block size changed from 2 to 15
detect_structure.cc:74 Dynamic e block size because the block size changed from 1 to 9
detect_structure.cc:93 Dynamic f block size because the block size changed from 6 to 9
detect_structure.cc:114 Schur complement static structure <-1,-1,-1>.
detect_structure.cc:63 Dynamic row block size because the block size changed from 2 to 15
detect_structure.cc:74 Dynamic e block size because the block size changed from 1 to 9
detect_structure.cc:93 Dynamic f block size because the block size changed from 6 to 9
detect_structure.cc:114 Schur complement static structure <-1,-1,-1>.
schur_eliminator.cc:155 Template specializations not found for <-1,-1,-1>
block_sparse_matrix.cc:208 Allocating values array with 263352 bytes.
detect_structure.cc:63 Dynamic row block size because the block size changed from 2 to 15
detect_structure.cc:74 Dynamic e block size because the block size changed from 1 to 9
detect_structure.cc:93 Dynamic f block size because the block size changed from 6 to 9
detect_structure.cc:114 Schur complement static structure <-1,-1,-1>.
detect_structure.cc:63 Dynamic row block size because the block size changed from 2 to 15
detect_structure.cc:74 Dynamic e block size because the block size changed from 1 to 9
detect_structure.cc:93 Dynamic f block size because the block size changed from 6 to 9
detect_structure.cc:114 Schur complement static structure <-1,-1,-1>.
schur_eliminator.cc:155 Template specializations not found for <-1,-1,-1>
block_sparse_matrix.cc:208 Allocating values array with 270840 bytes.
detect_structure.cc:63 Dynamic row block size because the block size changed from 2 to 15
detect_structure.cc:74 Dynamic e block size because the block size changed from 1 to 9
detect_structure.cc:93 Dynamic f block size because the block size changed from 6 to 9
detect_structure.cc:114 Schur complement static structure <-1,-1,-1>.
detect_structure.cc:63 Dynamic row block size because the block size changed from 2 to 15
detect_structure.cc:74 Dynamic e block size because the block size changed from 1 to 9
detect_structure.cc:93 Dynamic f block size because the block size changed from 6 to 9
detect_structure.cc:114 Schur complement static structure <-1,-1,-1>.
schur_eliminator.cc:155 Template specializations not found for <-1,-1,-1>
block_sparse_matrix.cc:208 Allocating values array with 278328 bytes.
detect_structure.cc:63 Dynamic row block size because the block size changed from 2 to 15
detect_structure.cc:74 Dynamic e block size because the block size changed from 1 to 9
detect_structure.cc:93 Dynamic f block size because the block size changed from 6 to 9
detect_structure.cc:114 Schur complement static structure <-1,-1,-1>.
detect_structure.cc:63 Dynamic row block size because the block size changed from 2 to 15
detect_structure.cc:74 Dynamic e block size because the block size changed from 1 to 9
detect_structure.cc:93 Dynamic f block size because the block size changed from 6 to 9
detect_structure.cc:114 Schur complement static structure <-1,-1,-1>.
schur_eliminator.cc:155 Template specializations not found for <-1,-1,-1>
block_sparse_matrix.cc:208 Allocating values array with 278744 bytes.
detect_structure.cc:63 Dynamic row block size because the block size changed from 2 to 15
detect_structure.cc:74 Dynamic e block size because the block size changed from 1 to 9
detect_structure.cc:93 Dynamic f block size because the block size changed from 6 to 9
detect_structure.cc:114 Schur complement static structure <-1,-1,-1>.
detect_structure.cc:63 Dynamic row block size because the block size changed from 2 to 15
detect_structure.cc:74 Dynamic e block size because the block size changed from 1 to 9
detect_structure.cc:93 Dynamic f block size because the block size changed from 6 to 9
detect_structure.cc:114 Schur complement static structure <-1,-1,-1>.
schur_eliminator.cc:155 Template specializations not found for <-1,-1,-1>
block_sparse_matrix.cc:208 Allocating values array with 279160 bytes.
detect_structure.cc:63 Dynamic row block size because the block size changed from 2 to 15
detect_structure.cc:74 Dynamic e block size because the block size changed from 1 to 9
detect_structure.cc:93 Dynamic f block size because the block size changed from 6 to 9
detect_structure.cc:114 Schur complement static structure <-1,-1,-1>.
detect_structure.cc:63 Dynamic row block size because the block size changed from 2 to 15
detect_structure.cc:74 Dynamic e block size because the block size changed from 1 to 9
detect_structure.cc:93 Dynamic f block size because the block size changed from 6 to 9
detect_structure.cc:114 Schur complement static structure <-1,-1,-1>.
schur_eliminator.cc:155 Template specializations not found for <-1,-1,-1>
block_sparse_matrix.cc:208 Allocating values array with 270248 bytes.
detect_structure.cc:63 Dynamic row block size because the block size changed from 2 to 15
detect_structure.cc:74 Dynamic e block size because the block size changed from 1 to 9
detect_structure.cc:93 Dynamic f block size because the block size changed from 6 to 9
detect_structure.cc:114 Schur complement static structure <-1,-1,-1>.
detect_structure.cc:63 Dynamic row block size because the block size changed from 2 to 15
detect_structure.cc:74 Dynamic e block size because the block size changed from 1 to 9
detect_structure.cc:93 Dynamic f block size because the block size changed from 6 to 9
detect_structure.cc:114 Schur complement static structure <-1,-1,-1>.
schur_eliminator.cc:155 Template specializations not found for <-1,-1,-1>
block_sparse_matrix.cc:208 Allocating values array with 279992 bytes.
detect_structure.cc:63 Dynamic row block size because the block size changed from 2 to 15
detect_structure.cc:74 Dynamic e block size because the block size changed from 1 to 9
detect_structure.cc:93 Dynamic f block size because the block size changed from 6 to 9
detect_structure.cc:114 Schur complement static structure <-1,-1,-1>.
detect_structure.cc:63 Dynamic row block size because the block size changed from 2 to 15
detect_structure.cc:74 Dynamic e block size because the block size changed from 1 to 9
detect_structure.cc:93 Dynamic f block size because the block size changed from 6 to 9
detect_structure.cc:114 Schur complement static structure <-1,-1,-1>.
schur_eliminator.cc:155 Template specializations not found for <-1,-1,-1>
block_sparse_matrix.cc:208 Allocating values array with 271704 bytes.
detect_structure.cc:63 Dynamic row block size because the block size changed from 2 to 15
detect_structure.cc:74 Dynamic e block size because the block size changed from 1 to 9
detect_structure.cc:93 Dynamic f block size because the block size changed from 6 to 9
detect_structure.cc:114 Schur complement static structure <-1,-1,-1>.
detect_structure.cc:63 Dynamic row block size because the block size changed from 2 to 15
detect_structure.cc:74 Dynamic e block size because the block size changed from 1 to 9
detect_structure.cc:93 Dynamic f block size because the block size changed from 6 to 9
detect_structure.cc:114 Schur complement static structure <-1,-1,-1>.
schur_eliminator.cc:155 Template specializations not found for <-1,-1,-1>
[VIO DIAG] f=240 tri: ok=158 wait=28 fail=0 default=1 depth: avg=1.38797 min=0.340555 max=2.41577 |vel|=0.526831 vel=(-0.480926,0.096302,-0.192318) ba=(0.021483,-0.0146387,-0.0390994) bg=(-0.000233159,-0.000158426,-0.000100907)
block_sparse_matrix.cc:208 Allocating values array with 288104 bytes.
detect_structure.cc:63 Dynamic row block size because the block size changed from 2 to 15
detect_structure.cc:74 Dynamic e block size because the block size changed from 1 to 9
detect_structure.cc:93 Dynamic f block size because the block size changed from 6 to 9
detect_structure.cc:114 Schur complement static structure <-1,-1,-1>.
detect_structure.cc:63 Dynamic row block size because the block size changed from 2 to 15
detect_structure.cc:74 Dynamic e block size because the block size changed from 1 to 9
detect_structure.cc:93 Dynamic f block size because the block size changed from 6 to 9
detect_structure.cc:114 Schur complement static structure <-1,-1,-1>.
schur_eliminator.cc:155 Template specializations not found for <-1,-1,-1>
block_sparse_matrix.cc:208 Allocating values array with 278568 bytes.
detect_structure.cc:63 Dynamic row block size because the block size changed from 2 to 15
detect_structure.cc:74 Dynamic e block size because the block size changed from 1 to 9
detect_structure.cc:93 Dynamic f block size because the block size changed from 6 to 9
detect_structure.cc:114 Schur complement static structure <-1,-1,-1>.
detect_structure.cc:63 Dynamic row block size because the block size changed from 2 to 15
detect_structure.cc:74 Dynamic e block size because the block size changed from 1 to 9
detect_structure.cc:93 Dynamic f block size because the block size changed from 6 to 9
detect_structure.cc:114 Schur complement static structure <-1,-1,-1>.
schur_eliminator.cc:155 Template specializations not found for <-1,-1,-1>
block_sparse_matrix.cc:208 Allocating values array with 300792 bytes.
detect_structure.cc:63 Dynamic row block size because the block size changed from 2 to 15
detect_structure.cc:74 Dynamic e block size because the block size changed from 1 to 9
detect_structure.cc:93 Dynamic f block size because the block size changed from 6 to 9
detect_structure.cc:114 Schur complement static structure <-1,-1,-1>.
detect_structure.cc:63 Dynamic row block size because the block size changed from 2 to 15
detect_structure.cc:74 Dynamic e block size because the block size changed from 1 to 9
detect_structure.cc:93 Dynamic f block size because the block size changed from 6 to 9
detect_structure.cc:114 Schur complement static structure <-1,-1,-1>.
schur_eliminator.cc:155 Template specializations not found for <-1,-1,-1>
[FeatureTracker] F-matrix: 144 → 93 (rejected 51, threshold=1)
block_sparse_matrix.cc:208 Allocating values array with 287304 bytes.
detect_structure.cc:63 Dynamic row block size because the block size changed from 2 to 15
detect_structure.cc:74 Dynamic e block size because the block size changed from 1 to 9
detect_structure.cc:93 Dynamic f block size because the block size changed from 6 to 9
detect_structure.cc:114 Schur complement static structure <-1,-1,-1>.
detect_structure.cc:63 Dynamic row block size because the block size changed from 2 to 15
detect_structure.cc:74 Dynamic e block size because the block size changed from 1 to 9
detect_structure.cc:93 Dynamic f block size because the block size changed from 6 to 9
detect_structure.cc:114 Schur complement static structure <-1,-1,-1>.
schur_eliminator.cc:155 Template specializations not found for <-1,-1,-1>
block_sparse_matrix.cc:208 Allocating values array with 292056 bytes.
detect_structure.cc:63 Dynamic row block size because the block size changed from 2 to 15
detect_structure.cc:74 Dynamic e block size because the block size changed from 1 to 9
detect_structure.cc:93 Dynamic f block size because the block size changed from 6 to 9
detect_structure.cc:114 Schur complement static structure <-1,-1,-1>.
detect_structure.cc:63 Dynamic row block size because the block size changed from 2 to 15
detect_structure.cc:74 Dynamic e block size because the block size changed from 1 to 9
detect_structure.cc:93 Dynamic f block size because the block size changed from 6 to 9
detect_structure.cc:114 Schur complement static structure <-1,-1,-1>.
schur_eliminator.cc:155 Template specializations not found for <-1,-1,-1>
block_sparse_matrix.cc:208 Allocating values array with 285016 bytes.
detect_structure.cc:63 Dynamic row block size because the block size changed from 2 to 15
detect_structure.cc:74 Dynamic e block size because the block size changed from 1 to 9
detect_structure.cc:93 Dynamic f block size because the block size changed from 6 to 9
detect_structure.cc:114 Schur complement static structure <-1,-1,-1>.
detect_structure.cc:63 Dynamic row block size because the block size changed from 2 to 15
detect_structure.cc:74 Dynamic e block size because the block size changed from 1 to 9
detect_structure.cc:93 Dynamic f block size because the block size changed from 6 to 9
detect_structure.cc:114 Schur complement static structure <-1,-1,-1>.
schur_eliminator.cc:155 Template specializations not found for <-1,-1,-1>
block_sparse_matrix.cc:208 Allocating values array with 289560 bytes.
detect_structure.cc:63 Dynamic row block size because the block size changed from 2 to 15
detect_structure.cc:74 Dynamic e block size because the block size changed from 1 to 9
detect_structure.cc:93 Dynamic f block size because the block size changed from 6 to 9
detect_structure.cc:114 Schur complement static structure <-1,-1,-1>.
detect_structure.cc:63 Dynamic row block size because the block size changed from 2 to 15
detect_structure.cc:74 Dynamic e block size because the block size changed from 1 to 9
detect_structure.cc:93 Dynamic f block size because the block size changed from 6 to 9
detect_structure.cc:114 Schur complement static structure <-1,-1,-1>.
schur_eliminator.cc:155 Template specializations not found for <-1,-1,-1>
block_sparse_matrix.cc:208 Allocating values array with 302248 bytes.
detect_structure.cc:63 Dynamic row block size because the block size changed from 2 to 15
detect_structure.cc:74 Dynamic e block size because the block size changed from 1 to 9
detect_structure.cc:93 Dynamic f block size because the block size changed from 6 to 9
detect_structure.cc:114 Schur complement static structure <-1,-1,-1>.
detect_structure.cc:63 Dynamic row block size because the block size changed from 2 to 15
detect_structure.cc:74 Dynamic e block size because the block size changed from 1 to 9
detect_structure.cc:93 Dynamic f block size because the block size changed from 6 to 9
detect_structure.cc:114 Schur complement static structure <-1,-1,-1>.
schur_eliminator.cc:155 Template specializations not found for <-1,-1,-1>
block_sparse_matrix.cc:208 Allocating values array with 304328 bytes.
detect_structure.cc:63 Dynamic row block size because the block size changed from 2 to 15
detect_structure.cc:74 Dynamic e block size because the block size changed from 1 to 9
detect_structure.cc:93 Dynamic f block size because the block size changed from 6 to 9
detect_structure.cc:114 Schur complement static structure <-1,-1,-1>.
detect_structure.cc:63 Dynamic row block size because the block size changed from 2 to 15
detect_structure.cc:74 Dynamic e block size because the block size changed from 1 to 9
detect_structure.cc:93 Dynamic f block size because the block size changed from 6 to 9
detect_structure.cc:114 Schur complement static structure <-1,-1,-1>.
schur_eliminator.cc:155 Template specializations not found for <-1,-1,-1>
block_sparse_matrix.cc:208 Allocating values array with 304328 bytes.
detect_structure.cc:63 Dynamic row block size because the block size changed from 2 to 15
detect_structure.cc:74 Dynamic e block size because the block size changed from 1 to 9
detect_structure.cc:93 Dynamic f block size because the block size changed from 6 to 9
detect_structure.cc:114 Schur complement static structure <-1,-1,-1>.
detect_structure.cc:63 Dynamic row block size because the block size changed from 2 to 15
detect_structure.cc:74 Dynamic e block size because the block size changed from 1 to 9
detect_structure.cc:93 Dynamic f block size because the block size changed from 6 to 9
detect_structure.cc:114 Schur complement static structure <-1,-1,-1>.
schur_eliminator.cc:155 Template specializations not found for <-1,-1,-1>
block_sparse_matrix.cc:208 Allocating values array with 306616 bytes.
detect_structure.cc:63 Dynamic row block size because the block size changed from 2 to 15
detect_structure.cc:74 Dynamic e block size because the block size changed from 1 to 9
detect_structure.cc:93 Dynamic f block size because the block size changed from 6 to 9
detect_structure.cc:114 Schur complement static structure <-1,-1,-1>.
detect_structure.cc:63 Dynamic row block size because the block size changed from 2 to 15
detect_structure.cc:74 Dynamic e block size because the block size changed from 1 to 9
detect_structure.cc:93 Dynamic f block size because the block size changed from 6 to 9
detect_structure.cc:114 Schur complement static structure <-1,-1,-1>.
schur_eliminator.cc:155 Template specializations not found for <-1,-1,-1>
block_sparse_matrix.cc:208 Allocating values array with 304328 bytes.
detect_structure.cc:63 Dynamic row block size because the block size changed from 2 to 15
detect_structure.cc:74 Dynamic e block size because the block size changed from 1 to 9
detect_structure.cc:93 Dynamic f block size because the block size changed from 6 to 9
detect_structure.cc:114 Schur complement static structure <-1,-1,-1>.
detect_structure.cc:63 Dynamic row block size because the block size changed from 2 to 15
detect_structure.cc:74 Dynamic e block size because the block size changed from 1 to 9
detect_structure.cc:93 Dynamic f block size because the block size changed from 6 to 9
detect_structure.cc:114 Schur complement static structure <-1,-1,-1>.
schur_eliminator.cc:155 Template specializations not found for <-1,-1,-1>
block_sparse_matrix.cc:208 Allocating values array with 299960 bytes.
detect_structure.cc:63 Dynamic row block size because the block size changed from 2 to 15
detect_structure.cc:74 Dynamic e block size because the block size changed from 1 to 9
detect_structure.cc:93 Dynamic f block size because the block size changed from 6 to 9
detect_structure.cc:114 Schur complement static structure <-1,-1,-1>.
detect_structure.cc:63 Dynamic row block size because the block size changed from 2 to 15
detect_structure.cc:74 Dynamic e block size because the block size changed from 1 to 9
detect_structure.cc:93 Dynamic f block size because the block size changed from 6 to 9
detect_structure.cc:114 Schur complement static structure <-1,-1,-1>.
schur_eliminator.cc:155 Template specializations not found for <-1,-1,-1>
block_sparse_matrix.cc:208 Allocating values array with 293512 bytes.
detect_structure.cc:63 Dynamic row block size because the block size changed from 2 to 15
detect_structure.cc:74 Dynamic e block size because the block size changed from 1 to 9
detect_structure.cc:93 Dynamic f block size because the block size changed from 6 to 9
detect_structure.cc:114 Schur complement static structure <-1,-1,-1>.
detect_structure.cc:63 Dynamic row block size because the block size changed from 2 to 15
detect_structure.cc:74 Dynamic e block size because the block size changed from 1 to 9
detect_structure.cc:93 Dynamic f block size because the block size changed from 6 to 9
detect_structure.cc:114 Schur complement static structure <-1,-1,-1>.
schur_eliminator.cc:155 Template specializations not found for <-1,-1,-1>
[Replay] 300/600 frames, 255 valid poses
block_sparse_matrix.cc:208 Allocating values array with 293928 bytes.
detect_structure.cc:63 Dynamic row block size because the block size changed from 2 to 15
detect_structure.cc:74 Dynamic e block size because the block size changed from 1 to 9
detect_structure.cc:93 Dynamic f block size because the block size changed from 6 to 9
detect_structure.cc:114 Schur complement static structure <-1,-1,-1>.
detect_structure.cc:63 Dynamic row block size because the block size changed from 2 to 15
detect_structure.cc:74 Dynamic e block size because the block size changed from 1 to 9
detect_structure.cc:93 Dynamic f block size because the block size changed from 6 to 9
detect_structure.cc:114 Schur complement static structure <-1,-1,-1>.
schur_eliminator.cc:155 Template specializations not found for <-1,-1,-1>
block_sparse_matrix.cc:208 Allocating values array with 291432 bytes.
detect_structure.cc:63 Dynamic row block size because the block size changed from 2 to 15
detect_structure.cc:74 Dynamic e block size because the block size changed from 1 to 9
detect_structure.cc:93 Dynamic f block size because the block size changed from 6 to 9
detect_structure.cc:114 Schur complement static structure <-1,-1,-1>.
detect_structure.cc:63 Dynamic row block size because the block size changed from 2 to 15
detect_structure.cc:74 Dynamic e block size because the block size changed from 1 to 9
detect_structure.cc:93 Dynamic f block size because the block size changed from 6 to 9
detect_structure.cc:114 Schur complement static structure <-1,-1,-1>.
schur_eliminator.cc:155 Template specializations not found for <-1,-1,-1>
block_sparse_matrix.cc:208 Allocating values array with 291848 bytes.
detect_structure.cc:63 Dynamic row block size because the block size changed from 2 to 15
detect_structure.cc:74 Dynamic e block size because the block size changed from 1 to 9
detect_structure.cc:93 Dynamic f block size because the block size changed from 6 to 9
detect_structure.cc:114 Schur complement static structure <-1,-1,-1>.
detect_structure.cc:63 Dynamic row block size because the block size changed from 2 to 15
detect_structure.cc:74 Dynamic e block size because the block size changed from 1 to 9
detect_structure.cc:93 Dynamic f block size because the block size changed from 6 to 9
detect_structure.cc:114 Schur complement static structure <-1,-1,-1>.
schur_eliminator.cc:155 Template specializations not found for <-1,-1,-1>
block_sparse_matrix.cc:208 Allocating values array with 300376 bytes.
detect_structure.cc:63 Dynamic row block size because the block size changed from 2 to 15
detect_structure.cc:74 Dynamic e block size because the block size changed from 1 to 9
detect_structure.cc:93 Dynamic f block size because the block size changed from 6 to 9
detect_structure.cc:114 Schur complement static structure <-1,-1,-1>.
detect_structure.cc:63 Dynamic row block size because the block size changed from 2 to 15
detect_structure.cc:74 Dynamic e block size because the block size changed from 1 to 9
detect_structure.cc:93 Dynamic f block size because the block size changed from 6 to 9
detect_structure.cc:114 Schur complement static structure <-1,-1,-1>.
schur_eliminator.cc:155 Template specializations not found for <-1,-1,-1>
block_sparse_matrix.cc:208 Allocating values array with 306616 bytes.
detect_structure.cc:63 Dynamic row block size because the block size changed from 2 to 15
detect_structure.cc:74 Dynamic e block size because the block size changed from 1 to 9
detect_structure.cc:93 Dynamic f block size because the block size changed from 6 to 9
detect_structure.cc:114 Schur complement static structure <-1,-1,-1>.
detect_structure.cc:63 Dynamic row block size because the block size changed from 2 to 15
detect_structure.cc:74 Dynamic e block size because the block size changed from 1 to 9
detect_structure.cc:93 Dynamic f block size because the block size changed from 6 to 9
detect_structure.cc:114 Schur complement static structure <-1,-1,-1>.
schur_eliminator.cc:155 Template specializations not found for <-1,-1,-1>
block_sparse_matrix.cc:208 Allocating values array with 310984 bytes.
detect_structure.cc:63 Dynamic row block size because the block size changed from 2 to 15
detect_structure.cc:74 Dynamic e block size because the block size changed from 1 to 9
detect_structure.cc:93 Dynamic f block size because the block size changed from 6 to 9
detect_structure.cc:114 Schur complement static structure <-1,-1,-1>.
detect_structure.cc:63 Dynamic row block size because the block size changed from 2 to 15
detect_structure.cc:74 Dynamic e block size because the block size changed from 1 to 9
detect_structure.cc:93 Dynamic f block size because the block size changed from 6 to 9
detect_structure.cc:114 Schur complement static structure <-1,-1,-1>.
schur_eliminator.cc:155 Template specializations not found for <-1,-1,-1>
[VIO DIAG] f=260 tri: ok=188 wait=5 fail=0 default=3 depth: avg=1.61377 min=0.430997 max=3.36096 |vel|=1.11971 vel=(-0.545453,-0.740812,0.638302) ba=(0.0240181,-0.0480785,-0.0369001) bg=(0.000266177,-0.000404677,-0.000112582)
[FeatureTracker] F-matrix: 147 → 91 (rejected 56, threshold=1)
block_sparse_matrix.cc:208 Allocating values array with 304536 bytes.
detect_structure.cc:63 Dynamic row block size because the block size changed from 2 to 15
detect_structure.cc:74 Dynamic e block size because the block size changed from 1 to 9
detect_structure.cc:93 Dynamic f block size because the block size changed from 6 to 9
detect_structure.cc:114 Schur complement static structure <-1,-1,-1>.
detect_structure.cc:63 Dynamic row block size because the block size changed from 2 to 15
detect_structure.cc:74 Dynamic e block size because the block size changed from 1 to 9
detect_structure.cc:93 Dynamic f block size because the block size changed from 6 to 9
detect_structure.cc:114 Schur complement static structure <-1,-1,-1>.
schur_eliminator.cc:155 Template specializations not found for <-1,-1,-1>
block_sparse_matrix.cc:208 Allocating values array with 299128 bytes.
detect_structure.cc:63 Dynamic row block size because the block size changed from 2 to 15
detect_structure.cc:74 Dynamic e block size because the block size changed from 1 to 9
detect_structure.cc:93 Dynamic f block size because the block size changed from 6 to 9
detect_structure.cc:114 Schur complement static structure <-1,-1,-1>.
detect_structure.cc:63 Dynamic row block size because the block size changed from 2 to 15
detect_structure.cc:74 Dynamic e block size because the block size changed from 1 to 9
detect_structure.cc:93 Dynamic f block size because the block size changed from 6 to 9
detect_structure.cc:114 Schur complement static structure <-1,-1,-1>.
schur_eliminator.cc:155 Template specializations not found for <-1,-1,-1>
block_sparse_matrix.cc:208 Allocating values array with 296424 bytes.
detect_structure.cc:63 Dynamic row block size because the block size changed from 2 to 15
detect_structure.cc:74 Dynamic e block size because the block size changed from 1 to 9
detect_structure.cc:93 Dynamic f block size because the block size changed from 6 to 9
detect_structure.cc:114 Schur complement static structure <-1,-1,-1>.
detect_structure.cc:63 Dynamic row block size because the block size changed from 2 to 15
detect_structure.cc:74 Dynamic e block size because the block size changed from 1 to 9
detect_structure.cc:93 Dynamic f block size because the block size changed from 6 to 9
detect_structure.cc:114 Schur complement static structure <-1,-1,-1>.
schur_eliminator.cc:155 Template specializations not found for <-1,-1,-1>
block_sparse_matrix.cc:208 Allocating values array with 294968 bytes.
detect_structure.cc:63 Dynamic row block size because the block size changed from 2 to 15
detect_structure.cc:74 Dynamic e block size because the block size changed from 1 to 9
detect_structure.cc:93 Dynamic f block size because the block size changed from 6 to 9
detect_structure.cc:114 Schur complement static structure <-1,-1,-1>.
detect_structure.cc:63 Dynamic row block size because the block size changed from 2 to 15
detect_structure.cc:74 Dynamic e block size because the block size changed from 1 to 9
detect_structure.cc:93 Dynamic f block size because the block size changed from 6 to 9
detect_structure.cc:114 Schur complement static structure <-1,-1,-1>.
schur_eliminator.cc:155 Template specializations not found for <-1,-1,-1>
block_sparse_matrix.cc:208 Allocating values array with 306616 bytes.
detect_structure.cc:63 Dynamic row block size because the block size changed from 2 to 15
detect_structure.cc:74 Dynamic e block size because the block size changed from 1 to 9
detect_structure.cc:93 Dynamic f block size because the block size changed from 6 to 9
detect_structure.cc:114 Schur complement static structure <-1,-1,-1>.
detect_structure.cc:63 Dynamic row block size because the block size changed from 2 to 15
detect_structure.cc:74 Dynamic e block size because the block size changed from 1 to 9
detect_structure.cc:93 Dynamic f block size because the block size changed from 6 to 9
detect_structure.cc:114 Schur complement static structure <-1,-1,-1>.
schur_eliminator.cc:155 Template specializations not found for <-1,-1,-1>
block_sparse_matrix.cc:208 Allocating values array with 309944 bytes.
detect_structure.cc:63 Dynamic row block size because the block size changed from 2 to 15
detect_structure.cc:74 Dynamic e block size because the block size changed from 1 to 9
detect_structure.cc:93 Dynamic f block size because the block size changed from 6 to 9
detect_structure.cc:114 Schur complement static structure <-1,-1,-1>.
detect_structure.cc:63 Dynamic row block size because the block size changed from 2 to 15
detect_structure.cc:74 Dynamic e block size because the block size changed from 1 to 9
detect_structure.cc:93 Dynamic f block size because the block size changed from 6 to 9
detect_structure.cc:114 Schur complement static structure <-1,-1,-1>.
schur_eliminator.cc:155 Template specializations not found for <-1,-1,-1>
block_sparse_matrix.cc:208 Allocating values array with 307448 bytes.
detect_structure.cc:63 Dynamic row block size because the block size changed from 2 to 15
detect_structure.cc:74 Dynamic e block size because the block size changed from 1 to 9
detect_structure.cc:93 Dynamic f block size because the block size changed from 6 to 9
detect_structure.cc:114 Schur complement static structure <-1,-1,-1>.
detect_structure.cc:63 Dynamic row block size because the block size changed from 2 to 15
detect_structure.cc:74 Dynamic e block size because the block size changed from 1 to 9
detect_structure.cc:93 Dynamic f block size because the block size changed from 6 to 9
detect_structure.cc:114 Schur complement static structure <-1,-1,-1>.
schur_eliminator.cc:155 Template specializations not found for <-1,-1,-1>
block_sparse_matrix.cc:208 Allocating values array with 301624 bytes.
detect_structure.cc:63 Dynamic row block size because the block size changed from 2 to 15
detect_structure.cc:74 Dynamic e block size because the block size changed from 1 to 9
detect_structure.cc:93 Dynamic f block size because the block size changed from 6 to 9
detect_structure.cc:114 Schur complement static structure <-1,-1,-1>.
detect_structure.cc:63 Dynamic row block size because the block size changed from 2 to 15
detect_structure.cc:74 Dynamic e block size because the block size changed from 1 to 9
detect_structure.cc:93 Dynamic f block size because the block size changed from 6 to 9
detect_structure.cc:114 Schur complement static structure <-1,-1,-1>.
schur_eliminator.cc:155 Template specializations not found for <-1,-1,-1>
[FeatureTracker] F-matrix: 147 → 97 (rejected 50, threshold=1)
block_sparse_matrix.cc:208 Allocating values array with 294968 bytes.
detect_structure.cc:63 Dynamic row block size because the block size changed from 2 to 15
detect_structure.cc:74 Dynamic e block size because the block size changed from 1 to 9
detect_structure.cc:93 Dynamic f block size because the block size changed from 6 to 9
detect_structure.cc:114 Schur complement static structure <-1,-1,-1>.
detect_structure.cc:63 Dynamic row block size because the block size changed from 2 to 15
detect_structure.cc:74 Dynamic e block size because the block size changed from 1 to 9
detect_structure.cc:93 Dynamic f block size because the block size changed from 6 to 9
detect_structure.cc:114 Schur complement static structure <-1,-1,-1>.
schur_eliminator.cc:155 Template specializations not found for <-1,-1,-1>
block_sparse_matrix.cc:208 Allocating values array with 292888 bytes.
detect_structure.cc:63 Dynamic row block size because the block size changed from 2 to 15
detect_structure.cc:74 Dynamic e block size because the block size changed from 1 to 9
detect_structure.cc:93 Dynamic f block size because the block size changed from 6 to 9
detect_structure.cc:114 Schur complement static structure <-1,-1,-1>.
detect_structure.cc:63 Dynamic row block size because the block size changed from 2 to 15
detect_structure.cc:74 Dynamic e block size because the block size changed from 1 to 9
detect_structure.cc:93 Dynamic f block size because the block size changed from 6 to 9
detect_structure.cc:114 Schur complement static structure <-1,-1,-1>.
schur_eliminator.cc:155 Template specializations not found for <-1,-1,-1>
block_sparse_matrix.cc:208 Allocating values array with 285640 bytes.
detect_structure.cc:63 Dynamic row block size because the block size changed from 2 to 15
detect_structure.cc:74 Dynamic e block size because the block size changed from 1 to 9
detect_structure.cc:93 Dynamic f block size because the block size changed from 6 to 9
detect_structure.cc:114 Schur complement static structure <-1,-1,-1>.
detect_structure.cc:63 Dynamic row block size because the block size changed from 2 to 15
detect_structure.cc:74 Dynamic e block size because the block size changed from 1 to 9
detect_structure.cc:93 Dynamic f block size because the block size changed from 6 to 9
detect_structure.cc:114 Schur complement static structure <-1,-1,-1>.
schur_eliminator.cc:155 Template specializations not found for <-1,-1,-1>
block_sparse_matrix.cc:208 Allocating values array with 295176 bytes.
detect_structure.cc:63 Dynamic row block size because the block size changed from 2 to 15
detect_structure.cc:74 Dynamic e block size because the block size changed from 1 to 9
detect_structure.cc:93 Dynamic f block size because the block size changed from 6 to 9
detect_structure.cc:114 Schur complement static structure <-1,-1,-1>.
detect_structure.cc:63 Dynamic row block size because the block size changed from 2 to 15
detect_structure.cc:74 Dynamic e block size because the block size changed from 1 to 9
detect_structure.cc:93 Dynamic f block size because the block size changed from 6 to 9
detect_structure.cc:114 Schur complement static structure <-1,-1,-1>.
schur_eliminator.cc:155 Template specializations not found for <-1,-1,-1>
block_sparse_matrix.cc:208 Allocating values array with 288344 bytes.
detect_structure.cc:63 Dynamic row block size because the block size changed from 2 to 15
detect_structure.cc:74 Dynamic e block size because the block size changed from 1 to 9
detect_structure.cc:93 Dynamic f block size because the block size changed from 6 to 9
detect_structure.cc:114 Schur complement static structure <-1,-1,-1>.
detect_structure.cc:63 Dynamic row block size because the block size changed from 2 to 15
detect_structure.cc:74 Dynamic e block size because the block size changed from 1 to 9
detect_structure.cc:93 Dynamic f block size because the block size changed from 6 to 9
detect_structure.cc:114 Schur complement static structure <-1,-1,-1>.
schur_eliminator.cc:155 Template specializations not found for <-1,-1,-1>
block_sparse_matrix.cc:208 Allocating values array with 313272 bytes.
detect_structure.cc:63 Dynamic row block size because the block size changed from 2 to 15
detect_structure.cc:74 Dynamic e block size because the block size changed from 1 to 9
detect_structure.cc:93 Dynamic f block size because the block size changed from 6 to 9
detect_structure.cc:114 Schur complement static structure <-1,-1,-1>.
detect_structure.cc:63 Dynamic row block size because the block size changed from 2 to 15
detect_structure.cc:74 Dynamic e block size because the block size changed from 1 to 9
detect_structure.cc:93 Dynamic f block size because the block size changed from 6 to 9
detect_structure.cc:114 Schur complement static structure <-1,-1,-1>.
schur_eliminator.cc:155 Template specializations not found for <-1,-1,-1>
block_sparse_matrix.cc:208 Allocating values array with 305400 bytes.
detect_structure.cc:63 Dynamic row block size because the block size changed from 2 to 15
detect_structure.cc:74 Dynamic e block size because the block size changed from 1 to 9
detect_structure.cc:93 Dynamic f block size because the block size changed from 6 to 9
detect_structure.cc:114 Schur complement static structure <-1,-1,-1>.
detect_structure.cc:63 Dynamic row block size because the block size changed from 2 to 15
detect_structure.cc:74 Dynamic e block size because the block size changed from 1 to 9
detect_structure.cc:93 Dynamic f block size because the block size changed from 6 to 9
detect_structure.cc:114 Schur complement static structure <-1,-1,-1>.
schur_eliminator.cc:155 Template specializations not found for <-1,-1,-1>
block_sparse_matrix.cc:208 Allocating values array with 319096 bytes.
detect_structure.cc:63 Dynamic row block size because the block size changed from 2 to 15
detect_structure.cc:74 Dynamic e block size because the block size changed from 1 to 9
detect_structure.cc:93 Dynamic f block size because the block size changed from 6 to 9
detect_structure.cc:114 Schur complement static structure <-1,-1,-1>.
detect_structure.cc:63 Dynamic row block size because the block size changed from 2 to 15
detect_structure.cc:74 Dynamic e block size because the block size changed from 1 to 9
detect_structure.cc:93 Dynamic f block size because the block size changed from 6 to 9
detect_structure.cc:114 Schur complement static structure <-1,-1,-1>.
schur_eliminator.cc:155 Template specializations not found for <-1,-1,-1>
[FeatureTracker] F-matrix: 135 → 82 (rejected 53, threshold=1)
block_sparse_matrix.cc:208 Allocating values array with 301032 bytes.
detect_structure.cc:63 Dynamic row block size because the block size changed from 2 to 15
detect_structure.cc:74 Dynamic e block size because the block size changed from 1 to 9
detect_structure.cc:93 Dynamic f block size because the block size changed from 6 to 9
detect_structure.cc:114 Schur complement static structure <-1,-1,-1>.
detect_structure.cc:63 Dynamic row block size because the block size changed from 2 to 15
detect_structure.cc:74 Dynamic e block size because the block size changed from 1 to 9
detect_structure.cc:93 Dynamic f block size because the block size changed from 6 to 9
detect_structure.cc:114 Schur complement static structure <-1,-1,-1>.
schur_eliminator.cc:155 Template specializations not found for <-1,-1,-1>
block_sparse_matrix.cc:208 Allocating values array with 298296 bytes.
detect_structure.cc:63 Dynamic row block size because the block size changed from 2 to 15
detect_structure.cc:74 Dynamic e block size because the block size changed from 1 to 9
detect_structure.cc:93 Dynamic f block size because the block size changed from 6 to 9
detect_structure.cc:114 Schur complement static structure <-1,-1,-1>.
detect_structure.cc:63 Dynamic row block size because the block size changed from 2 to 15
detect_structure.cc:74 Dynamic e block size because the block size changed from 1 to 9
detect_structure.cc:93 Dynamic f block size because the block size changed from 6 to 9
detect_structure.cc:114 Schur complement static structure <-1,-1,-1>.
schur_eliminator.cc:155 Template specializations not found for <-1,-1,-1>
block_sparse_matrix.cc:208 Allocating values array with 291672 bytes.
detect_structure.cc:63 Dynamic row block size because the block size changed from 2 to 15
detect_structure.cc:74 Dynamic e block size because the block size changed from 1 to 9
detect_structure.cc:93 Dynamic f block size because the block size changed from 6 to 9
detect_structure.cc:114 Schur complement static structure <-1,-1,-1>.
detect_structure.cc:63 Dynamic row block size because the block size changed from 2 to 15
detect_structure.cc:74 Dynamic e block size because the block size changed from 1 to 9
detect_structure.cc:93 Dynamic f block size because the block size changed from 6 to 9
detect_structure.cc:114 Schur complement static structure <-1,-1,-1>.
schur_eliminator.cc:155 Template specializations not found for <-1,-1,-1>
block_sparse_matrix.cc:208 Allocating values array with 287272 bytes.
detect_structure.cc:63 Dynamic row block size because the block size changed from 2 to 15
detect_structure.cc:74 Dynamic e block size because the block size changed from 1 to 9
detect_structure.cc:93 Dynamic f block size because the block size changed from 6 to 9
detect_structure.cc:114 Schur complement static structure <-1,-1,-1>.
detect_structure.cc:63 Dynamic row block size because the block size changed from 2 to 15
detect_structure.cc:74 Dynamic e block size because the block size changed from 1 to 9
detect_structure.cc:93 Dynamic f block size because the block size changed from 6 to 9
detect_structure.cc:114 Schur complement static structure <-1,-1,-1>.
schur_eliminator.cc:155 Template specializations not found for <-1,-1,-1>
[VIO DIAG] f=280 tri: ok=182 wait=45 fail=0 default=10 depth: avg=1.59487 min=0.50479 max=3.93055 |vel|=0.964263 vel=(-0.511418,-0.576801,-0.579272) ba=(0.0376876,-0.0553533,-0.0372803) bg=(0.000427105,-0.000419283,-0.000213701)
block_sparse_matrix.cc:208 Allocating values array with 301416 bytes.
detect_structure.cc:63 Dynamic row block size because the block size changed from 2 to 15
detect_structure.cc:74 Dynamic e block size because the block size changed from 1 to 9
detect_structure.cc:93 Dynamic f block size because the block size changed from 6 to 9
detect_structure.cc:114 Schur complement static structure <-1,-1,-1>.
detect_structure.cc:63 Dynamic row block size because the block size changed from 2 to 15
detect_structure.cc:74 Dynamic e block size because the block size changed from 1 to 9
detect_structure.cc:93 Dynamic f block size because the block size changed from 6 to 9
detect_structure.cc:114 Schur complement static structure <-1,-1,-1>.
schur_eliminator.cc:155 Template specializations not found for <-1,-1,-1>
block_sparse_matrix.cc:208 Allocating values array with 299128 bytes.
detect_structure.cc:63 Dynamic row block size because the block size changed from 2 to 15
detect_structure.cc:74 Dynamic e block size because the block size changed from 1 to 9
detect_structure.cc:93 Dynamic f block size because the block size changed from 6 to 9
detect_structure.cc:114 Schur complement static structure <-1,-1,-1>.
detect_structure.cc:63 Dynamic row block size because the block size changed from 2 to 15
detect_structure.cc:74 Dynamic e block size because the block size changed from 1 to 9
detect_structure.cc:93 Dynamic f block size because the block size changed from 6 to 9
detect_structure.cc:114 Schur complement static structure <-1,-1,-1>.
schur_eliminator.cc:155 Template specializations not found for <-1,-1,-1>
block_sparse_matrix.cc:208 Allocating values array with 295800 bytes.
detect_structure.cc:63 Dynamic row block size because the block size changed from 2 to 15
detect_structure.cc:74 Dynamic e block size because the block size changed from 1 to 9
detect_structure.cc:93 Dynamic f block size because the block size changed from 6 to 9
detect_structure.cc:114 Schur complement static structure <-1,-1,-1>.
detect_structure.cc:63 Dynamic row block size because the block size changed from 2 to 15
detect_structure.cc:74 Dynamic e block size because the block size changed from 1 to 9
detect_structure.cc:93 Dynamic f block size because the block size changed from 6 to 9
detect_structure.cc:114 Schur complement static structure <-1,-1,-1>.
schur_eliminator.cc:155 Template specializations not found for <-1,-1,-1>
block_sparse_matrix.cc:208 Allocating values array with 304536 bytes.
detect_structure.cc:63 Dynamic row block size because the block size changed from 2 to 15
detect_structure.cc:74 Dynamic e block size because the block size changed from 1 to 9
detect_structure.cc:93 Dynamic f block size because the block size changed from 6 to 9
detect_structure.cc:114 Schur complement static structure <-1,-1,-1>.
detect_structure.cc:63 Dynamic row block size because the block size changed from 2 to 15
detect_structure.cc:74 Dynamic e block size because the block size changed from 1 to 9
detect_structure.cc:93 Dynamic f block size because the block size changed from 6 to 9
detect_structure.cc:114 Schur complement static structure <-1,-1,-1>.
schur_eliminator.cc:155 Template specializations not found for <-1,-1,-1>
block_sparse_matrix.cc:208 Allocating values array with 303288 bytes.
detect_structure.cc:63 Dynamic row block size because the block size changed from 2 to 15
detect_structure.cc:74 Dynamic e block size because the block size changed from 1 to 9
detect_structure.cc:93 Dynamic f block size because the block size changed from 6 to 9
detect_structure.cc:114 Schur complement static structure <-1,-1,-1>.
detect_structure.cc:63 Dynamic row block size because the block size changed from 2 to 15
detect_structure.cc:74 Dynamic e block size because the block size changed from 1 to 9
detect_structure.cc:93 Dynamic f block size because the block size changed from 6 to 9
detect_structure.cc:114 Schur complement static structure <-1,-1,-1>.
schur_eliminator.cc:155 Template specializations not found for <-1,-1,-1>
block_sparse_matrix.cc:208 Allocating values array with 299752 bytes.
detect_structure.cc:63 Dynamic row block size because the block size changed from 2 to 15
detect_structure.cc:74 Dynamic e block size because the block size changed from 1 to 9
detect_structure.cc:93 Dynamic f block size because the block size changed from 6 to 9
detect_structure.cc:114 Schur complement static structure <-1,-1,-1>.
detect_structure.cc:63 Dynamic row block size because the block size changed from 2 to 15
detect_structure.cc:74 Dynamic e block size because the block size changed from 1 to 9
detect_structure.cc:93 Dynamic f block size because the block size changed from 6 to 9
detect_structure.cc:114 Schur complement static structure <-1,-1,-1>.
schur_eliminator.cc:155 Template specializations not found for <-1,-1,-1>
block_sparse_matrix.cc:208 Allocating values array with 295384 bytes.
detect_structure.cc:63 Dynamic row block size because the block size changed from 2 to 15
detect_structure.cc:74 Dynamic e block size because the block size changed from 1 to 9
detect_structure.cc:93 Dynamic f block size because the block size changed from 6 to 9
detect_structure.cc:114 Schur complement static structure <-1,-1,-1>.
detect_structure.cc:63 Dynamic row block size because the block size changed from 2 to 15
detect_structure.cc:74 Dynamic e block size because the block size changed from 1 to 9
detect_structure.cc:93 Dynamic f block size because the block size changed from 6 to 9
detect_structure.cc:114 Schur complement static structure <-1,-1,-1>.
schur_eliminator.cc:155 Template specializations not found for <-1,-1,-1>
block_sparse_matrix.cc:208 Allocating values array with 286472 bytes.
detect_structure.cc:63 Dynamic row block size because the block size changed from 2 to 15
detect_structure.cc:74 Dynamic e block size because the block size changed from 1 to 9
detect_structure.cc:93 Dynamic f block size because the block size changed from 6 to 9
detect_structure.cc:114 Schur complement static structure <-1,-1,-1>.
detect_structure.cc:63 Dynamic row block size because the block size changed from 2 to 15
detect_structure.cc:74 Dynamic e block size because the block size changed from 1 to 9
detect_structure.cc:93 Dynamic f block size because the block size changed from 6 to 9
detect_structure.cc:114 Schur complement static structure <-1,-1,-1>.
schur_eliminator.cc:155 Template specializations not found for <-1,-1,-1>
block_sparse_matrix.cc:208 Allocating values array with 301624 bytes.
detect_structure.cc:63 Dynamic row block size because the block size changed from 2 to 15
detect_structure.cc:74 Dynamic e block size because the block size changed from 1 to 9
detect_structure.cc:93 Dynamic f block size because the block size changed from 6 to 9
detect_structure.cc:114 Schur complement static structure <-1,-1,-1>.
detect_structure.cc:63 Dynamic row block size because the block size changed from 2 to 15
detect_structure.cc:74 Dynamic e block size because the block size changed from 1 to 9
detect_structure.cc:93 Dynamic f block size because the block size changed from 6 to 9
detect_structure.cc:114 Schur complement static structure <-1,-1,-1>.
schur_eliminator.cc:155 Template specializations not found for <-1,-1,-1>
block_sparse_matrix.cc:208 Allocating values array with 315352 bytes.
detect_structure.cc:63 Dynamic row block size because the block size changed from 2 to 15
detect_structure.cc:74 Dynamic e block size because the block size changed from 1 to 9
detect_structure.cc:93 Dynamic f block size because the block size changed from 6 to 9
detect_structure.cc:114 Schur complement static structure <-1,-1,-1>.
detect_structure.cc:63 Dynamic row block size because the block size changed from 2 to 15
detect_structure.cc:74 Dynamic e block size because the block size changed from 1 to 9
detect_structure.cc:93 Dynamic f block size because the block size changed from 6 to 9
detect_structure.cc:114 Schur complement static structure <-1,-1,-1>.
schur_eliminator.cc:155 Template specializations not found for <-1,-1,-1>
block_sparse_matrix.cc:208 Allocating values array with 320552 bytes.
detect_structure.cc:63 Dynamic row block size because the block size changed from 2 to 15
detect_structure.cc:74 Dynamic e block size because the block size changed from 1 to 9
detect_structure.cc:93 Dynamic f block size because the block size changed from 6 to 9
detect_structure.cc:114 Schur complement static structure <-1,-1,-1>.
detect_structure.cc:63 Dynamic row block size because the block size changed from 2 to 15
detect_structure.cc:74 Dynamic e block size because the block size changed from 1 to 9
detect_structure.cc:93 Dynamic f block size because the block size changed from 6 to 9
detect_structure.cc:114 Schur complement static structure <-1,-1,-1>.
schur_eliminator.cc:155 Template specializations not found for <-1,-1,-1>
block_sparse_matrix.cc:208 Allocating values array with 326792 bytes.
detect_structure.cc:63 Dynamic row block size because the block size changed from 2 to 15
detect_structure.cc:74 Dynamic e block size because the block size changed from 1 to 9
detect_structure.cc:93 Dynamic f block size because the block size changed from 6 to 9
detect_structure.cc:114 Schur complement static structure <-1,-1,-1>.
detect_structure.cc:63 Dynamic row block size because the block size changed from 2 to 15
detect_structure.cc:74 Dynamic e block size because the block size changed from 1 to 9
detect_structure.cc:93 Dynamic f block size because the block size changed from 6 to 9
detect_structure.cc:114 Schur complement static structure <-1,-1,-1>.
schur_eliminator.cc:155 Template specializations not found for <-1,-1,-1>
[FeatureTracker] F-matrix: 140 → 67 (rejected 73, threshold=1)
block_sparse_matrix.cc:208 Allocating values array with 305400 bytes.
detect_structure.cc:63 Dynamic row block size because the block size changed from 2 to 15
detect_structure.cc:74 Dynamic e block size because the block size changed from 1 to 9
detect_structure.cc:93 Dynamic f block size because the block size changed from 6 to 9
detect_structure.cc:114 Schur complement static structure <-1,-1,-1>.
detect_structure.cc:63 Dynamic row block size because the block size changed from 2 to 15
detect_structure.cc:74 Dynamic e block size because the block size changed from 1 to 9
detect_structure.cc:93 Dynamic f block size because the block size changed from 6 to 9
detect_structure.cc:114 Schur complement static structure <-1,-1,-1>.
schur_eliminator.cc:155 Template specializations not found for <-1,-1,-1>
block_sparse_matrix.cc:208 Allocating values array with 302872 bytes.
detect_structure.cc:63 Dynamic row block size because the block size changed from 2 to 15
detect_structure.cc:74 Dynamic e block size because the block size changed from 1 to 9
detect_structure.cc:93 Dynamic f block size because the block size changed from 6 to 9
detect_structure.cc:114 Schur complement static structure <-1,-1,-1>.
detect_structure.cc:63 Dynamic row block size because the block size changed from 2 to 15
detect_structure.cc:74 Dynamic e block size because the block size changed from 1 to 9
detect_structure.cc:93 Dynamic f block size because the block size changed from 6 to 9
detect_structure.cc:114 Schur complement static structure <-1,-1,-1>.
schur_eliminator.cc:155 Template specializations not found for <-1,-1,-1>
block_sparse_matrix.cc:208 Allocating values array with 295624 bytes.
detect_structure.cc:63 Dynamic row block size because the block size changed from 2 to 15
detect_structure.cc:74 Dynamic e block size because the block size changed from 1 to 9
detect_structure.cc:93 Dynamic f block size because the block size changed from 6 to 9
detect_structure.cc:114 Schur complement static structure <-1,-1,-1>.
detect_structure.cc:63 Dynamic row block size because the block size changed from 2 to 15
detect_structure.cc:74 Dynamic e block size because the block size changed from 1 to 9
detect_structure.cc:93 Dynamic f block size because the block size changed from 6 to 9
detect_structure.cc:114 Schur complement static structure <-1,-1,-1>.
schur_eliminator.cc:155 Template specializations not found for <-1,-1,-1>
block_sparse_matrix.cc:208 Allocating values array with 295208 bytes.
detect_structure.cc:63 Dynamic row block size because the block size changed from 2 to 15
detect_structure.cc:74 Dynamic e block size because the block size changed from 1 to 9
detect_structure.cc:93 Dynamic f block size because the block size changed from 6 to 9
detect_structure.cc:114 Schur complement static structure <-1,-1,-1>.
detect_structure.cc:63 Dynamic row block size because the block size changed from 2 to 15
detect_structure.cc:74 Dynamic e block size because the block size changed from 1 to 9
detect_structure.cc:93 Dynamic f block size because the block size changed from 6 to 9
detect_structure.cc:114 Schur complement static structure <-1,-1,-1>.
schur_eliminator.cc:155 Template specializations not found for <-1,-1,-1>
block_sparse_matrix.cc:208 Allocating values array with 295208 bytes.
detect_structure.cc:63 Dynamic row block size because the block size changed from 2 to 15
detect_structure.cc:74 Dynamic e block size because the block size changed from 1 to 9
detect_structure.cc:93 Dynamic f block size because the block size changed from 6 to 9
detect_structure.cc:114 Schur complement static structure <-1,-1,-1>.
detect_structure.cc:63 Dynamic row block size because the block size changed from 2 to 15
detect_structure.cc:74 Dynamic e block size because the block size changed from 1 to 9
detect_structure.cc:93 Dynamic f block size because the block size changed from 6 to 9
detect_structure.cc:114 Schur complement static structure <-1,-1,-1>.
schur_eliminator.cc:155 Template specializations not found for <-1,-1,-1>
block_sparse_matrix.cc:208 Allocating values array with 288728 bytes.
detect_structure.cc:63 Dynamic row block size because the block size changed from 2 to 15
detect_structure.cc:74 Dynamic e block size because the block size changed from 1 to 9
detect_structure.cc:93 Dynamic f block size because the block size changed from 6 to 9
detect_structure.cc:114 Schur complement static structure <-1,-1,-1>.
detect_structure.cc:63 Dynamic row block size because the block size changed from 2 to 15
detect_structure.cc:74 Dynamic e block size because the block size changed from 1 to 9
detect_structure.cc:93 Dynamic f block size because the block size changed from 6 to 9
detect_structure.cc:114 Schur complement static structure <-1,-1,-1>.
schur_eliminator.cc:155 Template specializations not found for <-1,-1,-1>
block_sparse_matrix.cc:208 Allocating values array with 316184 bytes.
detect_structure.cc:63 Dynamic row block size because the block size changed from 2 to 15
detect_structure.cc:74 Dynamic e block size because the block size changed from 1 to 9
detect_structure.cc:93 Dynamic f block size because the block size changed from 6 to 9
detect_structure.cc:114 Schur complement static structure <-1,-1,-1>.
detect_structure.cc:63 Dynamic row block size because the block size changed from 2 to 15
detect_structure.cc:74 Dynamic e block size because the block size changed from 1 to 9
detect_structure.cc:93 Dynamic f block size because the block size changed from 6 to 9
detect_structure.cc:114 Schur complement static structure <-1,-1,-1>.
schur_eliminator.cc:155 Template specializations not found for <-1,-1,-1>
block_sparse_matrix.cc:208 Allocating values array with 307064 bytes.
detect_structure.cc:63 Dynamic row block size because the block size changed from 2 to 15
detect_structure.cc:74 Dynamic e block size because the block size changed from 1 to 9
detect_structure.cc:93 Dynamic f block size because the block size changed from 6 to 9
detect_structure.cc:114 Schur complement static structure <-1,-1,-1>.
detect_structure.cc:63 Dynamic row block size because the block size changed from 2 to 15
detect_structure.cc:74 Dynamic e block size because the block size changed from 1 to 9
detect_structure.cc:93 Dynamic f block size because the block size changed from 6 to 9
detect_structure.cc:114 Schur complement static structure <-1,-1,-1>.
schur_eliminator.cc:155 Template specializations not found for <-1,-1,-1>
[VIO DIAG] f=300 tri: ok=237 wait=6 fail=0 default=0 depth: avg=1.30051 min=0.328787 max=5.1447 |vel|=0.744066 vel=(-0.338344,0.31859,0.581083) ba=(0.0241009,-0.0322325,-0.0403303) bg=(7.74106e-05,-6.50273e-05,-0.000267079)
block_sparse_matrix.cc:208 Allocating values array with 316392 bytes.
detect_structure.cc:63 Dynamic row block size because the block size changed from 2 to 15
detect_structure.cc:74 Dynamic e block size because the block size changed from 1 to 9
detect_structure.cc:93 Dynamic f block size because the block size changed from 6 to 9
detect_structure.cc:114 Schur complement static structure <-1,-1,-1>.
detect_structure.cc:63 Dynamic row block size because the block size changed from 2 to 15
detect_structure.cc:74 Dynamic e block size because the block size changed from 1 to 9
detect_structure.cc:93 Dynamic f block size because the block size changed from 6 to 9
detect_structure.cc:114 Schur complement static structure <-1,-1,-1>.
schur_eliminator.cc:155 Template specializations not found for <-1,-1,-1>
block_sparse_matrix.cc:208 Allocating values array with 305192 bytes.
detect_structure.cc:63 Dynamic row block size because the block size changed from 2 to 15
detect_structure.cc:74 Dynamic e block size because the block size changed from 1 to 9
detect_structure.cc:93 Dynamic f block size because the block size changed from 6 to 9
detect_structure.cc:114 Schur complement static structure <-1,-1,-1>.
detect_structure.cc:63 Dynamic row block size because the block size changed from 2 to 15
detect_structure.cc:74 Dynamic e block size because the block size changed from 1 to 9
detect_structure.cc:93 Dynamic f block size because the block size changed from 6 to 9
detect_structure.cc:114 Schur complement static structure <-1,-1,-1>.
schur_eliminator.cc:155 Template specializations not found for <-1,-1,-1>
block_sparse_matrix.cc:208 Allocating values array with 313896 bytes.
detect_structure.cc:63 Dynamic row block size because the block size changed from 2 to 15
detect_structure.cc:74 Dynamic e block size because the block size changed from 1 to 9
detect_structure.cc:93 Dynamic f block size because the block size changed from 6 to 9
detect_structure.cc:114 Schur complement static structure <-1,-1,-1>.
detect_structure.cc:63 Dynamic row block size because the block size changed from 2 to 15
detect_structure.cc:74 Dynamic e block size because the block size changed from 1 to 9
detect_structure.cc:93 Dynamic f block size because the block size changed from 6 to 9
detect_structure.cc:114 Schur complement static structure <-1,-1,-1>.
schur_eliminator.cc:155 Template specializations not found for <-1,-1,-1>
block_sparse_matrix.cc:208 Allocating values array with 306232 bytes.
detect_structure.cc:63 Dynamic row block size because the block size changed from 2 to 15
detect_structure.cc:74 Dynamic e block size because the block size changed from 1 to 9
detect_structure.cc:93 Dynamic f block size because the block size changed from 6 to 9
detect_structure.cc:114 Schur complement static structure <-1,-1,-1>.
detect_structure.cc:63 Dynamic row block size because the block size changed from 2 to 15
detect_structure.cc:74 Dynamic e block size because the block size changed from 1 to 9
detect_structure.cc:93 Dynamic f block size because the block size changed from 6 to 9
detect_structure.cc:114 Schur complement static structure <-1,-1,-1>.
schur_eliminator.cc:155 Template specializations not found for <-1,-1,-1>
block_sparse_matrix.cc:208 Allocating values array with 310152 bytes.
detect_structure.cc:63 Dynamic row block size because the block size changed from 2 to 15
detect_structure.cc:74 Dynamic e block size because the block size changed from 1 to 9
detect_structure.cc:93 Dynamic f block size because the block size changed from 6 to 9
detect_structure.cc:114 Schur complement static structure <-1,-1,-1>.
detect_structure.cc:63 Dynamic row block size because the block size changed from 2 to 15
detect_structure.cc:74 Dynamic e block size because the block size changed from 1 to 9
detect_structure.cc:93 Dynamic f block size because the block size changed from 6 to 9
detect_structure.cc:114 Schur complement static structure <-1,-1,-1>.
schur_eliminator.cc:155 Template specializations not found for <-1,-1,-1>
block_sparse_matrix.cc:208 Allocating values array with 300616 bytes.
detect_structure.cc:63 Dynamic row block size because the block size changed from 2 to 15
detect_structure.cc:74 Dynamic e block size because the block size changed from 1 to 9
detect_structure.cc:93 Dynamic f block size because the block size changed from 6 to 9
detect_structure.cc:114 Schur complement static structure <-1,-1,-1>.
detect_structure.cc:63 Dynamic row block size because the block size changed from 2 to 15
detect_structure.cc:74 Dynamic e block size because the block size changed from 1 to 9
detect_structure.cc:93 Dynamic f block size because the block size changed from 6 to 9
detect_structure.cc:114 Schur complement static structure <-1,-1,-1>.
schur_eliminator.cc:155 Template specializations not found for <-1,-1,-1>
block_sparse_matrix.cc:208 Allocating values array with 312024 bytes.
detect_structure.cc:63 Dynamic row block size because the block size changed from 2 to 15
detect_structure.cc:74 Dynamic e block size because the block size changed from 1 to 9
detect_structure.cc:93 Dynamic f block size because the block size changed from 6 to 9
detect_structure.cc:114 Schur complement static structure <-1,-1,-1>.
detect_structure.cc:63 Dynamic row block size because the block size changed from 2 to 15
detect_structure.cc:74 Dynamic e block size because the block size changed from 1 to 9
detect_structure.cc:93 Dynamic f block size because the block size changed from 6 to 9
detect_structure.cc:114 Schur complement static structure <-1,-1,-1>.
schur_eliminator.cc:155 Template specializations not found for <-1,-1,-1>
block_sparse_matrix.cc:208 Allocating values array with 304360 bytes.
detect_structure.cc:63 Dynamic row block size because the block size changed from 2 to 15
detect_structure.cc:74 Dynamic e block size because the block size changed from 1 to 9
detect_structure.cc:93 Dynamic f block size because the block size changed from 6 to 9
detect_structure.cc:114 Schur complement static structure <-1,-1,-1>.
detect_structure.cc:63 Dynamic row block size because the block size changed from 2 to 15
detect_structure.cc:74 Dynamic e block size because the block size changed from 1 to 9
detect_structure.cc:93 Dynamic f block size because the block size changed from 6 to 9
detect_structure.cc:114 Schur complement static structure <-1,-1,-1>.
schur_eliminator.cc:155 Template specializations not found for <-1,-1,-1>
block_sparse_matrix.cc:208 Allocating values array with 311608 bytes.
detect_structure.cc:63 Dynamic row block size because the block size changed from 2 to 15
detect_structure.cc:74 Dynamic e block size because the block size changed from 1 to 9
detect_structure.cc:93 Dynamic f block size because the block size changed from 6 to 9
detect_structure.cc:114 Schur complement static structure <-1,-1,-1>.
detect_structure.cc:63 Dynamic row block size because the block size changed from 2 to 15
detect_structure.cc:74 Dynamic e block size because the block size changed from 1 to 9
detect_structure.cc:93 Dynamic f block size because the block size changed from 6 to 9
detect_structure.cc:114 Schur complement static structure <-1,-1,-1>.
schur_eliminator.cc:155 Template specializations not found for <-1,-1,-1>
block_sparse_matrix.cc:208 Allocating values array with 297704 bytes.
detect_structure.cc:63 Dynamic row block size because the block size changed from 2 to 15
detect_structure.cc:74 Dynamic e block size because the block size changed from 1 to 9
detect_structure.cc:93 Dynamic f block size because the block size changed from 6 to 9
detect_structure.cc:114 Schur complement static structure <-1,-1,-1>.
detect_structure.cc:63 Dynamic row block size because the block size changed from 2 to 15
detect_structure.cc:74 Dynamic e block size because the block size changed from 1 to 9
detect_structure.cc:93 Dynamic f block size because the block size changed from 6 to 9
detect_structure.cc:114 Schur complement static structure <-1,-1,-1>.
schur_eliminator.cc:155 Template specializations not found for <-1,-1,-1>
block_sparse_matrix.cc:208 Allocating values array with 299544 bytes.
detect_structure.cc:63 Dynamic row block size because the block size changed from 2 to 15
detect_structure.cc:74 Dynamic e block size because the block size changed from 1 to 9
detect_structure.cc:93 Dynamic f block size because the block size changed from 6 to 9
detect_structure.cc:114 Schur complement static structure <-1,-1,-1>.
detect_structure.cc:63 Dynamic row block size because the block size changed from 2 to 15
detect_structure.cc:74 Dynamic e block size because the block size changed from 1 to 9
detect_structure.cc:93 Dynamic f block size because the block size changed from 6 to 9
detect_structure.cc:114 Schur complement static structure <-1,-1,-1>.
schur_eliminator.cc:155 Template specializations not found for <-1,-1,-1>
block_sparse_matrix.cc:208 Allocating values array with 291256 bytes.
detect_structure.cc:63 Dynamic row block size because the block size changed from 2 to 15
detect_structure.cc:74 Dynamic e block size because the block size changed from 1 to 9
detect_structure.cc:93 Dynamic f block size because the block size changed from 6 to 9
detect_structure.cc:114 Schur complement static structure <-1,-1,-1>.
detect_structure.cc:63 Dynamic row block size because the block size changed from 2 to 15
detect_structure.cc:74 Dynamic e block size because the block size changed from 1 to 9
detect_structure.cc:93 Dynamic f block size because the block size changed from 6 to 9
detect_structure.cc:114 Schur complement static structure <-1,-1,-1>.
schur_eliminator.cc:155 Template specializations not found for <-1,-1,-1>
block_sparse_matrix.cc:208 Allocating values array with 305576 bytes.
detect_structure.cc:63 Dynamic row block size because the block size changed from 2 to 15
detect_structure.cc:74 Dynamic e block size because the block size changed from 1 to 9
detect_structure.cc:93 Dynamic f block size because the block size changed from 6 to 9
detect_structure.cc:114 Schur complement static structure <-1,-1,-1>.
detect_structure.cc:63 Dynamic row block size because the block size changed from 2 to 15
detect_structure.cc:74 Dynamic e block size because the block size changed from 1 to 9
detect_structure.cc:93 Dynamic f block size because the block size changed from 6 to 9
detect_structure.cc:114 Schur complement static structure <-1,-1,-1>.
schur_eliminator.cc:155 Template specializations not found for <-1,-1,-1>
block_sparse_matrix.cc:208 Allocating values array with 298120 bytes.
detect_structure.cc:63 Dynamic row block size because the block size changed from 2 to 15
detect_structure.cc:74 Dynamic e block size because the block size changed from 1 to 9
detect_structure.cc:93 Dynamic f block size because the block size changed from 6 to 9
detect_structure.cc:114 Schur complement static structure <-1,-1,-1>.
detect_structure.cc:63 Dynamic row block size because the block size changed from 2 to 15
detect_structure.cc:74 Dynamic e block size because the block size changed from 1 to 9
detect_structure.cc:93 Dynamic f block size because the block size changed from 6 to 9
detect_structure.cc:114 Schur complement static structure <-1,-1,-1>.
schur_eliminator.cc:155 Template specializations not found for <-1,-1,-1>
block_sparse_matrix.cc:208 Allocating values array with 315144 bytes.
detect_structure.cc:63 Dynamic row block size because the block size changed from 2 to 15
detect_structure.cc:74 Dynamic e block size because the block size changed from 1 to 9
detect_structure.cc:93 Dynamic f block size because the block size changed from 6 to 9
detect_structure.cc:114 Schur complement static structure <-1,-1,-1>.
detect_structure.cc:63 Dynamic row block size because the block size changed from 2 to 15
detect_structure.cc:74 Dynamic e block size because the block size changed from 1 to 9
detect_structure.cc:93 Dynamic f block size because the block size changed from 6 to 9
detect_structure.cc:114 Schur complement static structure <-1,-1,-1>.
schur_eliminator.cc:155 Template specializations not found for <-1,-1,-1>
block_sparse_matrix.cc:208 Allocating values array with 315144 bytes.
detect_structure.cc:63 Dynamic row block size because the block size changed from 2 to 15
detect_structure.cc:74 Dynamic e block size because the block size changed from 1 to 9
detect_structure.cc:93 Dynamic f block size because the block size changed from 6 to 9
detect_structure.cc:114 Schur complement static structure <-1,-1,-1>.
detect_structure.cc:63 Dynamic row block size because the block size changed from 2 to 15
detect_structure.cc:74 Dynamic e block size because the block size changed from 1 to 9
detect_structure.cc:93 Dynamic f block size because the block size changed from 6 to 9
detect_structure.cc:114 Schur complement static structure <-1,-1,-1>.
schur_eliminator.cc:155 Template specializations not found for <-1,-1,-1>
block_sparse_matrix.cc:208 Allocating values array with 315352 bytes.
detect_structure.cc:63 Dynamic row block size because the block size changed from 2 to 15
detect_structure.cc:74 Dynamic e block size because the block size changed from 1 to 9
detect_structure.cc:93 Dynamic f block size because the block size changed from 6 to 9
detect_structure.cc:114 Schur complement static structure <-1,-1,-1>.
detect_structure.cc:63 Dynamic row block size because the block size changed from 2 to 15
detect_structure.cc:74 Dynamic e block size because the block size changed from 1 to 9
detect_structure.cc:93 Dynamic f block size because the block size changed from 6 to 9
detect_structure.cc:114 Schur complement static structure <-1,-1,-1>.
schur_eliminator.cc:155 Template specializations not found for <-1,-1,-1>
[FeatureTracker] F-matrix: 135 → 85 (rejected 50, threshold=1)
block_sparse_matrix.cc:208 Allocating values array with 309736 bytes.
detect_structure.cc:63 Dynamic row block size because the block size changed from 2 to 15
detect_structure.cc:74 Dynamic e block size because the block size changed from 1 to 9
detect_structure.cc:93 Dynamic f block size because the block size changed from 6 to 9
detect_structure.cc:114 Schur complement static structure <-1,-1,-1>.
detect_structure.cc:63 Dynamic row block size because the block size changed from 2 to 15
detect_structure.cc:74 Dynamic e block size because the block size changed from 1 to 9
detect_structure.cc:93 Dynamic f block size because the block size changed from 6 to 9
detect_structure.cc:114 Schur complement static structure <-1,-1,-1>.
schur_eliminator.cc:155 Template specializations not found for <-1,-1,-1>
block_sparse_matrix.cc:208 Allocating values array with 294792 bytes.
detect_structure.cc:63 Dynamic row block size because the block size changed from 2 to 15
detect_structure.cc:74 Dynamic e block size because the block size changed from 1 to 9
detect_structure.cc:93 Dynamic f block size because the block size changed from 6 to 9
detect_structure.cc:114 Schur complement static structure <-1,-1,-1>.
detect_structure.cc:63 Dynamic row block size because the block size changed from 2 to 15
detect_structure.cc:74 Dynamic e block size because the block size changed from 1 to 9
detect_structure.cc:93 Dynamic f block size because the block size changed from 6 to 9
detect_structure.cc:114 Schur complement static structure <-1,-1,-1>.
schur_eliminator.cc:155 Template specializations not found for <-1,-1,-1>
block_sparse_matrix.cc:208 Allocating values array with 291016 bytes.
detect_structure.cc:63 Dynamic row block size because the block size changed from 2 to 15
detect_structure.cc:74 Dynamic e block size because the block size changed from 1 to 9
detect_structure.cc:93 Dynamic f block size because the block size changed from 6 to 9
detect_structure.cc:114 Schur complement static structure <-1,-1,-1>.
detect_structure.cc:63 Dynamic row block size because the block size changed from 2 to 15
detect_structure.cc:74 Dynamic e block size because the block size changed from 1 to 9
detect_structure.cc:93 Dynamic f block size because the block size changed from 6 to 9
detect_structure.cc:114 Schur complement static structure <-1,-1,-1>.
schur_eliminator.cc:155 Template specializations not found for <-1,-1,-1>
[VIO DIAG] f=320 tri: ok=201 wait=0 fail=0 default=0 depth: avg=1.3802 min=0.505561 max=4.93065 |vel|=0.809935 vel=(0.0023817,0.704191,-0.40013) ba=(0.011128,-0.0367408,-0.0383872) bg=(-0.000117689,4.28889e-05,-0.000313281)
block_sparse_matrix.cc:208 Allocating values array with 284184 bytes.
detect_structure.cc:63 Dynamic row block size because the block size changed from 2 to 15
detect_structure.cc:74 Dynamic e block size because the block size changed from 1 to 9
detect_structure.cc:93 Dynamic f block size because the block size changed from 6 to 9
detect_structure.cc:114 Schur complement static structure <-1,-1,-1>.
detect_structure.cc:63 Dynamic row block size because the block size changed from 2 to 15
detect_structure.cc:74 Dynamic e block size because the block size changed from 1 to 9
detect_structure.cc:93 Dynamic f block size because the block size changed from 6 to 9
detect_structure.cc:114 Schur complement static structure <-1,-1,-1>.
schur_eliminator.cc:155 Template specializations not found for <-1,-1,-1>
block_sparse_matrix.cc:208 Allocating values array with 283736 bytes.
detect_structure.cc:63 Dynamic row block size because the block size changed from 2 to 15
detect_structure.cc:74 Dynamic e block size because the block size changed from 1 to 9
detect_structure.cc:93 Dynamic f block size because the block size changed from 6 to 9
detect_structure.cc:114 Schur complement static structure <-1,-1,-1>.
detect_structure.cc:63 Dynamic row block size because the block size changed from 2 to 15
detect_structure.cc:74 Dynamic e block size because the block size changed from 1 to 9
detect_structure.cc:93 Dynamic f block size because the block size changed from 6 to 9
detect_structure.cc:114 Schur complement static structure <-1,-1,-1>.
schur_eliminator.cc:155 Template specializations not found for <-1,-1,-1>
block_sparse_matrix.cc:208 Allocating values array with 274824 bytes.
detect_structure.cc:63 Dynamic row block size because the block size changed from 2 to 15
detect_structure.cc:74 Dynamic e block size because the block size changed from 1 to 9
detect_structure.cc:93 Dynamic f block size because the block size changed from 6 to 9
detect_structure.cc:114 Schur complement static structure <-1,-1,-1>.
detect_structure.cc:63 Dynamic row block size because the block size changed from 2 to 15
detect_structure.cc:74 Dynamic e block size because the block size changed from 1 to 9
detect_structure.cc:93 Dynamic f block size because the block size changed from 6 to 9
detect_structure.cc:114 Schur complement static structure <-1,-1,-1>.
schur_eliminator.cc:155 Template specializations not found for <-1,-1,-1>
block_sparse_matrix.cc:208 Allocating values array with 289976 bytes.
detect_structure.cc:63 Dynamic row block size because the block size changed from 2 to 15
detect_structure.cc:74 Dynamic e block size because the block size changed from 1 to 9
detect_structure.cc:93 Dynamic f block size because the block size changed from 6 to 9
detect_structure.cc:114 Schur complement static structure <-1,-1,-1>.
detect_structure.cc:63 Dynamic row block size because the block size changed from 2 to 15
detect_structure.cc:74 Dynamic e block size because the block size changed from 1 to 9
detect_structure.cc:93 Dynamic f block size because the block size changed from 6 to 9
detect_structure.cc:114 Schur complement static structure <-1,-1,-1>.
schur_eliminator.cc:155 Template specializations not found for <-1,-1,-1>
block_sparse_matrix.cc:208 Allocating values array with 299960 bytes.
detect_structure.cc:63 Dynamic row block size because the block size changed from 2 to 15
detect_structure.cc:74 Dynamic e block size because the block size changed from 1 to 9
detect_structure.cc:93 Dynamic f block size because the block size changed from 6 to 9
detect_structure.cc:114 Schur complement static structure <-1,-1,-1>.
detect_structure.cc:63 Dynamic row block size because the block size changed from 2 to 15
detect_structure.cc:74 Dynamic e block size because the block size changed from 1 to 9
detect_structure.cc:93 Dynamic f block size because the block size changed from 6 to 9
detect_structure.cc:114 Schur complement static structure <-1,-1,-1>.
schur_eliminator.cc:155 Template specializations not found for <-1,-1,-1>
block_sparse_matrix.cc:208 Allocating values array with 296840 bytes.
detect_structure.cc:63 Dynamic row block size because the block size changed from 2 to 15
detect_structure.cc:74 Dynamic e block size because the block size changed from 1 to 9
detect_structure.cc:93 Dynamic f block size because the block size changed from 6 to 9
detect_structure.cc:114 Schur complement static structure <-1,-1,-1>.
detect_structure.cc:63 Dynamic row block size because the block size changed from 2 to 15
detect_structure.cc:74 Dynamic e block size because the block size changed from 1 to 9
detect_structure.cc:93 Dynamic f block size because the block size changed from 6 to 9
detect_structure.cc:114 Schur complement static structure <-1,-1,-1>.
schur_eliminator.cc:155 Template specializations not found for <-1,-1,-1>
block_sparse_matrix.cc:208 Allocating values array with 294760 bytes.
detect_structure.cc:63 Dynamic row block size because the block size changed from 2 to 15
detect_structure.cc:74 Dynamic e block size because the block size changed from 1 to 9
detect_structure.cc:93 Dynamic f block size because the block size changed from 6 to 9
detect_structure.cc:114 Schur complement static structure <-1,-1,-1>.
detect_structure.cc:63 Dynamic row block size because the block size changed from 2 to 15
detect_structure.cc:74 Dynamic e block size because the block size changed from 1 to 9
detect_structure.cc:93 Dynamic f block size because the block size changed from 6 to 9
detect_structure.cc:114 Schur complement static structure <-1,-1,-1>.
schur_eliminator.cc:155 Template specializations not found for <-1,-1,-1>
block_sparse_matrix.cc:208 Allocating values array with 286472 bytes.
detect_structure.cc:63 Dynamic row block size because the block size changed from 2 to 15
detect_structure.cc:74 Dynamic e block size because the block size changed from 1 to 9
detect_structure.cc:93 Dynamic f block size because the block size changed from 6 to 9
detect_structure.cc:114 Schur complement static structure <-1,-1,-1>.
detect_structure.cc:63 Dynamic row block size because the block size changed from 2 to 15
detect_structure.cc:74 Dynamic e block size because the block size changed from 1 to 9
detect_structure.cc:93 Dynamic f block size because the block size changed from 6 to 9
detect_structure.cc:114 Schur complement static structure <-1,-1,-1>.
schur_eliminator.cc:155 Template specializations not found for <-1,-1,-1>
block_sparse_matrix.cc:208 Allocating values array with 289144 bytes.
detect_structure.cc:63 Dynamic row block size because the block size changed from 2 to 15
detect_structure.cc:74 Dynamic e block size because the block size changed from 1 to 9
detect_structure.cc:93 Dynamic f block size because the block size changed from 6 to 9
detect_structure.cc:114 Schur complement static structure <-1,-1,-1>.
detect_structure.cc:63 Dynamic row block size because the block size changed from 2 to 15
detect_structure.cc:74 Dynamic e block size because the block size changed from 1 to 9
detect_structure.cc:93 Dynamic f block size because the block size changed from 6 to 9
detect_structure.cc:114 Schur complement static structure <-1,-1,-1>.
schur_eliminator.cc:155 Template specializations not found for <-1,-1,-1>
block_sparse_matrix.cc:208 Allocating values array with 293720 bytes.
detect_structure.cc:63 Dynamic row block size because the block size changed from 2 to 15
detect_structure.cc:74 Dynamic e block size because the block size changed from 1 to 9
detect_structure.cc:93 Dynamic f block size because the block size changed from 6 to 9
detect_structure.cc:114 Schur complement static structure <-1,-1,-1>.
detect_structure.cc:63 Dynamic row block size because the block size changed from 2 to 15
detect_structure.cc:74 Dynamic e block size because the block size changed from 1 to 9
detect_structure.cc:93 Dynamic f block size because the block size changed from 6 to 9
detect_structure.cc:114 Schur complement static structure <-1,-1,-1>.
schur_eliminator.cc:155 Template specializations not found for <-1,-1,-1>
block_sparse_matrix.cc:208 Allocating values array with 299336 bytes.
detect_structure.cc:63 Dynamic row block size because the block size changed from 2 to 15
detect_structure.cc:74 Dynamic e block size because the block size changed from 1 to 9
detect_structure.cc:93 Dynamic f block size because the block size changed from 6 to 9
detect_structure.cc:114 Schur complement static structure <-1,-1,-1>.
detect_structure.cc:63 Dynamic row block size because the block size changed from 2 to 15
detect_structure.cc:74 Dynamic e block size because the block size changed from 1 to 9
detect_structure.cc:93 Dynamic f block size because the block size changed from 6 to 9
detect_structure.cc:114 Schur complement static structure <-1,-1,-1>.
schur_eliminator.cc:155 Template specializations not found for <-1,-1,-1>
block_sparse_matrix.cc:208 Allocating values array with 305368 bytes.
detect_structure.cc:63 Dynamic row block size because the block size changed from 2 to 15
detect_structure.cc:74 Dynamic e block size because the block size changed from 1 to 9
detect_structure.cc:93 Dynamic f block size because the block size changed from 6 to 9
detect_structure.cc:114 Schur complement static structure <-1,-1,-1>.
detect_structure.cc:63 Dynamic row block size because the block size changed from 2 to 15
detect_structure.cc:74 Dynamic e block size because the block size changed from 1 to 9
detect_structure.cc:93 Dynamic f block size because the block size changed from 6 to 9
detect_structure.cc:114 Schur complement static structure <-1,-1,-1>.
schur_eliminator.cc:155 Template specializations not found for <-1,-1,-1>
block_sparse_matrix.cc:208 Allocating values array with 304328 bytes.
detect_structure.cc:63 Dynamic row block size because the block size changed from 2 to 15
detect_structure.cc:74 Dynamic e block size because the block size changed from 1 to 9
detect_structure.cc:93 Dynamic f block size because the block size changed from 6 to 9
detect_structure.cc:114 Schur complement static structure <-1,-1,-1>.
detect_structure.cc:63 Dynamic row block size because the block size changed from 2 to 15
detect_structure.cc:74 Dynamic e block size because the block size changed from 1 to 9
detect_structure.cc:93 Dynamic f block size because the block size changed from 6 to 9
detect_structure.cc:114 Schur complement static structure <-1,-1,-1>.
schur_eliminator.cc:155 Template specializations not found for <-1,-1,-1>
block_sparse_matrix.cc:208 Allocating values array with 301000 bytes.
detect_structure.cc:63 Dynamic row block size because the block size changed from 2 to 15
detect_structure.cc:74 Dynamic e block size because the block size changed from 1 to 9
detect_structure.cc:93 Dynamic f block size because the block size changed from 6 to 9
detect_structure.cc:114 Schur complement static structure <-1,-1,-1>.
detect_structure.cc:63 Dynamic row block size because the block size changed from 2 to 15
detect_structure.cc:74 Dynamic e block size because the block size changed from 1 to 9
detect_structure.cc:93 Dynamic f block size because the block size changed from 6 to 9
detect_structure.cc:114 Schur complement static structure <-1,-1,-1>.
schur_eliminator.cc:155 Template specializations not found for <-1,-1,-1>
block_sparse_matrix.cc:208 Allocating values array with 297672 bytes.
detect_structure.cc:63 Dynamic row block size because the block size changed from 2 to 15
detect_structure.cc:74 Dynamic e block size because the block size changed from 1 to 9
detect_structure.cc:93 Dynamic f block size because the block size changed from 6 to 9
detect_structure.cc:114 Schur complement static structure <-1,-1,-1>.
detect_structure.cc:63 Dynamic row block size because the block size changed from 2 to 15
detect_structure.cc:74 Dynamic e block size because the block size changed from 1 to 9
detect_structure.cc:93 Dynamic f block size because the block size changed from 6 to 9
detect_structure.cc:114 Schur complement static structure <-1,-1,-1>.
schur_eliminator.cc:155 Template specializations not found for <-1,-1,-1>
block_sparse_matrix.cc:208 Allocating values array with 292056 bytes.
detect_structure.cc:63 Dynamic row block size because the block size changed from 2 to 15
detect_structure.cc:74 Dynamic e block size because the block size changed from 1 to 9
detect_structure.cc:93 Dynamic f block size because the block size changed from 6 to 9
detect_structure.cc:114 Schur complement static structure <-1,-1,-1>.
detect_structure.cc:63 Dynamic row block size because the block size changed from 2 to 15
detect_structure.cc:74 Dynamic e block size because the block size changed from 1 to 9
detect_structure.cc:93 Dynamic f block size because the block size changed from 6 to 9
detect_structure.cc:114 Schur complement static structure <-1,-1,-1>.
schur_eliminator.cc:155 Template specializations not found for <-1,-1,-1>
block_sparse_matrix.cc:208 Allocating values array with 297256 bytes.
detect_structure.cc:63 Dynamic row block size because the block size changed from 2 to 15
detect_structure.cc:74 Dynamic e block size because the block size changed from 1 to 9
detect_structure.cc:93 Dynamic f block size because the block size changed from 6 to 9
detect_structure.cc:114 Schur complement static structure <-1,-1,-1>.
detect_structure.cc:63 Dynamic row block size because the block size changed from 2 to 15
detect_structure.cc:74 Dynamic e block size because the block size changed from 1 to 9
detect_structure.cc:93 Dynamic f block size because the block size changed from 6 to 9
detect_structure.cc:114 Schur complement static structure <-1,-1,-1>.
schur_eliminator.cc:155 Template specializations not found for <-1,-1,-1>
block_sparse_matrix.cc:208 Allocating values array with 297672 bytes.
detect_structure.cc:63 Dynamic row block size because the block size changed from 2 to 15
detect_structure.cc:74 Dynamic e block size because the block size changed from 1 to 9
detect_structure.cc:93 Dynamic f block size because the block size changed from 6 to 9
detect_structure.cc:114 Schur complement static structure <-1,-1,-1>.
detect_structure.cc:63 Dynamic row block size because the block size changed from 2 to 15
detect_structure.cc:74 Dynamic e block size because the block size changed from 1 to 9
detect_structure.cc:93 Dynamic f block size because the block size changed from 6 to 9
detect_structure.cc:114 Schur complement static structure <-1,-1,-1>.
schur_eliminator.cc:155 Template specializations not found for <-1,-1,-1>
block_sparse_matrix.cc:208 Allocating values array with 296216 bytes.
detect_structure.cc:63 Dynamic row block size because the block size changed from 2 to 15
detect_structure.cc:74 Dynamic e block size because the block size changed from 1 to 9
detect_structure.cc:93 Dynamic f block size because the block size changed from 6 to 9
detect_structure.cc:114 Schur complement static structure <-1,-1,-1>.
detect_structure.cc:63 Dynamic row block size because the block size changed from 2 to 15
detect_structure.cc:74 Dynamic e block size because the block size changed from 1 to 9
detect_structure.cc:93 Dynamic f block size because the block size changed from 6 to 9
detect_structure.cc:114 Schur complement static structure <-1,-1,-1>.
schur_eliminator.cc:155 Template specializations not found for <-1,-1,-1>
block_sparse_matrix.cc:208 Allocating values array with 298296 bytes.
detect_structure.cc:63 Dynamic row block size because the block size changed from 2 to 15
detect_structure.cc:74 Dynamic e block size because the block size changed from 1 to 9
detect_structure.cc:93 Dynamic f block size because the block size changed from 6 to 9
detect_structure.cc:114 Schur complement static structure <-1,-1,-1>.
detect_structure.cc:63 Dynamic row block size because the block size changed from 2 to 15
detect_structure.cc:74 Dynamic e block size because the block size changed from 1 to 9
detect_structure.cc:93 Dynamic f block size because the block size changed from 6 to 9
detect_structure.cc:114 Schur complement static structure <-1,-1,-1>.
schur_eliminator.cc:155 Template specializations not found for <-1,-1,-1>
[VIO DIAG] f=340 tri: ok=168 wait=10 fail=0 default=1 depth: avg=1.60675 min=0.496809 max=3.80479 |vel|=1.10988 vel=(1.06951,-0.000763132,-0.296635) ba=(0.0172988,-0.0404446,-0.0375714) bg=(-2.08238e-05,0.000113737,-0.000252623)
block_sparse_matrix.cc:208 Allocating values array with 302664 bytes.
detect_structure.cc:63 Dynamic row block size because the block size changed from 2 to 15
detect_structure.cc:74 Dynamic e block size because the block size changed from 1 to 9
detect_structure.cc:93 Dynamic f block size because the block size changed from 6 to 9
detect_structure.cc:114 Schur complement static structure <-1,-1,-1>.
detect_structure.cc:63 Dynamic row block size because the block size changed from 2 to 15
detect_structure.cc:74 Dynamic e block size because the block size changed from 1 to 9
detect_structure.cc:93 Dynamic f block size because the block size changed from 6 to 9
detect_structure.cc:114 Schur complement static structure <-1,-1,-1>.
schur_eliminator.cc:155 Template specializations not found for <-1,-1,-1>
[FeatureTracker] F-matrix: 125 → 75 (rejected 50, threshold=1)
block_sparse_matrix.cc:208 Allocating values array with 295800 bytes.
detect_structure.cc:63 Dynamic row block size because the block size changed from 2 to 15
detect_structure.cc:74 Dynamic e block size because the block size changed from 1 to 9
detect_structure.cc:93 Dynamic f block size because the block size changed from 6 to 9
detect_structure.cc:114 Schur complement static structure <-1,-1,-1>.
detect_structure.cc:63 Dynamic row block size because the block size changed from 2 to 15
detect_structure.cc:74 Dynamic e block size because the block size changed from 1 to 9
detect_structure.cc:93 Dynamic f block size because the block size changed from 6 to 9
detect_structure.cc:114 Schur complement static structure <-1,-1,-1>.
schur_eliminator.cc:155 Template specializations not found for <-1,-1,-1>
block_sparse_matrix.cc:208 Allocating values array with 289560 bytes.
detect_structure.cc:63 Dynamic row block size because the block size changed from 2 to 15
detect_structure.cc:74 Dynamic e block size because the block size changed from 1 to 9
detect_structure.cc:93 Dynamic f block size because the block size changed from 6 to 9
detect_structure.cc:114 Schur complement static structure <-1,-1,-1>.
detect_structure.cc:63 Dynamic row block size because the block size changed from 2 to 15
detect_structure.cc:74 Dynamic e block size because the block size changed from 1 to 9
detect_structure.cc:93 Dynamic f block size because the block size changed from 6 to 9
detect_structure.cc:114 Schur complement static structure <-1,-1,-1>.
schur_eliminator.cc:155 Template specializations not found for <-1,-1,-1>
block_sparse_matrix.cc:208 Allocating values array with 283112 bytes.
detect_structure.cc:63 Dynamic row block size because the block size changed from 2 to 15
detect_structure.cc:74 Dynamic e block size because the block size changed from 1 to 9
detect_structure.cc:93 Dynamic f block size because the block size changed from 6 to 9
detect_structure.cc:114 Schur complement static structure <-1,-1,-1>.
detect_structure.cc:63 Dynamic row block size because the block size changed from 2 to 15
detect_structure.cc:74 Dynamic e block size because the block size changed from 1 to 9
detect_structure.cc:93 Dynamic f block size because the block size changed from 6 to 9
detect_structure.cc:114 Schur complement static structure <-1,-1,-1>.
schur_eliminator.cc:155 Template specializations not found for <-1,-1,-1>
block_sparse_matrix.cc:208 Allocating values array with 272504 bytes.
detect_structure.cc:63 Dynamic row block size because the block size changed from 2 to 15
detect_structure.cc:74 Dynamic e block size because the block size changed from 1 to 9
detect_structure.cc:93 Dynamic f block size because the block size changed from 6 to 9
detect_structure.cc:114 Schur complement static structure <-1,-1,-1>.
detect_structure.cc:63 Dynamic row block size because the block size changed from 2 to 15
detect_structure.cc:74 Dynamic e block size because the block size changed from 1 to 9
detect_structure.cc:93 Dynamic f block size because the block size changed from 6 to 9
detect_structure.cc:114 Schur complement static structure <-1,-1,-1>.
schur_eliminator.cc:155 Template specializations not found for <-1,-1,-1>
block_sparse_matrix.cc:208 Allocating values array with 278744 bytes.
detect_structure.cc:63 Dynamic row block size because the block size changed from 2 to 15
detect_structure.cc:74 Dynamic e block size because the block size changed from 1 to 9
detect_structure.cc:93 Dynamic f block size because the block size changed from 6 to 9
detect_structure.cc:114 Schur complement static structure <-1,-1,-1>.
detect_structure.cc:63 Dynamic row block size because the block size changed from 2 to 15
detect_structure.cc:74 Dynamic e block size because the block size changed from 1 to 9
detect_structure.cc:93 Dynamic f block size because the block size changed from 6 to 9
detect_structure.cc:114 Schur complement static structure <-1,-1,-1>.
schur_eliminator.cc:155 Template specializations not found for <-1,-1,-1>
block_sparse_matrix.cc:208 Allocating values array with 272920 bytes.
detect_structure.cc:63 Dynamic row block size because the block size changed from 2 to 15
detect_structure.cc:74 Dynamic e block size because the block size changed from 1 to 9
detect_structure.cc:93 Dynamic f block size because the block size changed from 6 to 9
detect_structure.cc:114 Schur complement static structure <-1,-1,-1>.
detect_structure.cc:63 Dynamic row block size because the block size changed from 2 to 15
detect_structure.cc:74 Dynamic e block size because the block size changed from 1 to 9
detect_structure.cc:93 Dynamic f block size because the block size changed from 6 to 9
detect_structure.cc:114 Schur complement static structure <-1,-1,-1>.
schur_eliminator.cc:155 Template specializations not found for <-1,-1,-1>
block_sparse_matrix.cc:208 Allocating values array with 265432 bytes.
detect_structure.cc:63 Dynamic row block size because the block size changed from 2 to 15
detect_structure.cc:74 Dynamic e block size because the block size changed from 1 to 9
detect_structure.cc:93 Dynamic f block size because the block size changed from 6 to 9
detect_structure.cc:114 Schur complement static structure <-1,-1,-1>.
detect_structure.cc:63 Dynamic row block size because the block size changed from 2 to 15
detect_structure.cc:74 Dynamic e block size because the block size changed from 1 to 9
detect_structure.cc:93 Dynamic f block size because the block size changed from 6 to 9
detect_structure.cc:114 Schur complement static structure <-1,-1,-1>.
schur_eliminator.cc:155 Template specializations not found for <-1,-1,-1>
block_sparse_matrix.cc:208 Allocating values array with 262312 bytes.
detect_structure.cc:63 Dynamic row block size because the block size changed from 2 to 15
detect_structure.cc:74 Dynamic e block size because the block size changed from 1 to 9
detect_structure.cc:93 Dynamic f block size because the block size changed from 6 to 9
detect_structure.cc:114 Schur complement static structure <-1,-1,-1>.
detect_structure.cc:63 Dynamic row block size because the block size changed from 2 to 15
detect_structure.cc:74 Dynamic e block size because the block size changed from 1 to 9
detect_structure.cc:93 Dynamic f block size because the block size changed from 6 to 9
detect_structure.cc:114 Schur complement static structure <-1,-1,-1>.
schur_eliminator.cc:155 Template specializations not found for <-1,-1,-1>
[FeatureTracker] F-matrix: 148 → 98 (rejected 50, threshold=1)
block_sparse_matrix.cc:208 Allocating values array with 255656 bytes.
detect_structure.cc:63 Dynamic row block size because the block size changed from 2 to 15
detect_structure.cc:74 Dynamic e block size because the block size changed from 1 to 9
detect_structure.cc:93 Dynamic f block size because the block size changed from 6 to 9
detect_structure.cc:114 Schur complement static structure <-1,-1,-1>.
detect_structure.cc:63 Dynamic row block size because the block size changed from 2 to 15
detect_structure.cc:74 Dynamic e block size because the block size changed from 1 to 9
detect_structure.cc:93 Dynamic f block size because the block size changed from 6 to 9
detect_structure.cc:114 Schur complement static structure <-1,-1,-1>.
schur_eliminator.cc:155 Template specializations not found for <-1,-1,-1>
[FeatureTracker] F-matrix: 141 → 85 (rejected 56, threshold=1)
block_sparse_matrix.cc:208 Allocating values array with 243800 bytes.
detect_structure.cc:63 Dynamic row block size because the block size changed from 2 to 15
detect_structure.cc:74 Dynamic e block size because the block size changed from 1 to 9
detect_structure.cc:93 Dynamic f block size because the block size changed from 6 to 9
detect_structure.cc:114 Schur complement static structure <-1,-1,-1>.
detect_structure.cc:63 Dynamic row block size because the block size changed from 2 to 15
detect_structure.cc:74 Dynamic e block size because the block size changed from 1 to 9
detect_structure.cc:93 Dynamic f block size because the block size changed from 6 to 9
detect_structure.cc:114 Schur complement static structure <-1,-1,-1>.
schur_eliminator.cc:155 Template specializations not found for <-1,-1,-1>
block_sparse_matrix.cc:208 Allocating values array with 245256 bytes.
detect_structure.cc:63 Dynamic row block size because the block size changed from 2 to 15
detect_structure.cc:74 Dynamic e block size because the block size changed from 1 to 9
detect_structure.cc:93 Dynamic f block size because the block size changed from 6 to 9
detect_structure.cc:114 Schur complement static structure <-1,-1,-1>.
detect_structure.cc:63 Dynamic row block size because the block size changed from 2 to 15
detect_structure.cc:74 Dynamic e block size because the block size changed from 1 to 9
detect_structure.cc:93 Dynamic f block size because the block size changed from 6 to 9
detect_structure.cc:114 Schur complement static structure <-1,-1,-1>.
schur_eliminator.cc:155 Template specializations not found for <-1,-1,-1>
block_sparse_matrix.cc:208 Allocating values array with 244424 bytes.
detect_structure.cc:63 Dynamic row block size because the block size changed from 2 to 15
detect_structure.cc:74 Dynamic e block size because the block size changed from 1 to 9
detect_structure.cc:93 Dynamic f block size because the block size changed from 6 to 9
detect_structure.cc:114 Schur complement static structure <-1,-1,-1>.
detect_structure.cc:63 Dynamic row block size because the block size changed from 2 to 15
detect_structure.cc:74 Dynamic e block size because the block size changed from 1 to 9
detect_structure.cc:93 Dynamic f block size because the block size changed from 6 to 9
detect_structure.cc:114 Schur complement static structure <-1,-1,-1>.
schur_eliminator.cc:155 Template specializations not found for <-1,-1,-1>
block_sparse_matrix.cc:208 Allocating values array with 240472 bytes.
detect_structure.cc:63 Dynamic row block size because the block size changed from 2 to 15
detect_structure.cc:74 Dynamic e block size because the block size changed from 1 to 9
detect_structure.cc:93 Dynamic f block size because the block size changed from 6 to 9
detect_structure.cc:114 Schur complement static structure <-1,-1,-1>.
detect_structure.cc:63 Dynamic row block size because the block size changed from 2 to 15
detect_structure.cc:74 Dynamic e block size because the block size changed from 1 to 9
detect_structure.cc:93 Dynamic f block size because the block size changed from 6 to 9
detect_structure.cc:114 Schur complement static structure <-1,-1,-1>.
schur_eliminator.cc:155 Template specializations not found for <-1,-1,-1>
[Replay] 400/600 frames, 355 valid poses
block_sparse_matrix.cc:208 Allocating values array with 252328 bytes.
detect_structure.cc:63 Dynamic row block size because the block size changed from 2 to 15
detect_structure.cc:74 Dynamic e block size because the block size changed from 1 to 9
detect_structure.cc:93 Dynamic f block size because the block size changed from 6 to 9
detect_structure.cc:114 Schur complement static structure <-1,-1,-1>.
detect_structure.cc:63 Dynamic row block size because the block size changed from 2 to 15
detect_structure.cc:74 Dynamic e block size because the block size changed from 1 to 9
detect_structure.cc:93 Dynamic f block size because the block size changed from 6 to 9
detect_structure.cc:114 Schur complement static structure <-1,-1,-1>.
schur_eliminator.cc:155 Template specializations not found for <-1,-1,-1>
block_sparse_matrix.cc:208 Allocating values array with 259192 bytes.
detect_structure.cc:63 Dynamic row block size because the block size changed from 2 to 15
detect_structure.cc:74 Dynamic e block size because the block size changed from 1 to 9
detect_structure.cc:93 Dynamic f block size because the block size changed from 6 to 9
detect_structure.cc:114 Schur complement static structure <-1,-1,-1>.
detect_structure.cc:63 Dynamic row block size because the block size changed from 2 to 15
detect_structure.cc:74 Dynamic e block size because the block size changed from 1 to 9
detect_structure.cc:93 Dynamic f block size because the block size changed from 6 to 9
detect_structure.cc:114 Schur complement static structure <-1,-1,-1>.
schur_eliminator.cc:155 Template specializations not found for <-1,-1,-1>
block_sparse_matrix.cc:208 Allocating values array with 264808 bytes.
detect_structure.cc:63 Dynamic row block size because the block size changed from 2 to 15
detect_structure.cc:74 Dynamic e block size because the block size changed from 1 to 9
detect_structure.cc:93 Dynamic f block size because the block size changed from 6 to 9
detect_structure.cc:114 Schur complement static structure <-1,-1,-1>.
detect_structure.cc:63 Dynamic row block size because the block size changed from 2 to 15
detect_structure.cc:74 Dynamic e block size because the block size changed from 1 to 9
detect_structure.cc:93 Dynamic f block size because the block size changed from 6 to 9
detect_structure.cc:114 Schur complement static structure <-1,-1,-1>.
schur_eliminator.cc:155 Template specializations not found for <-1,-1,-1>
block_sparse_matrix.cc:208 Allocating values array with 269592 bytes.
detect_structure.cc:63 Dynamic row block size because the block size changed from 2 to 15
detect_structure.cc:74 Dynamic e block size because the block size changed from 1 to 9
detect_structure.cc:93 Dynamic f block size because the block size changed from 6 to 9
detect_structure.cc:114 Schur complement static structure <-1,-1,-1>.
detect_structure.cc:63 Dynamic row block size because the block size changed from 2 to 15
detect_structure.cc:74 Dynamic e block size because the block size changed from 1 to 9
detect_structure.cc:93 Dynamic f block size because the block size changed from 6 to 9
detect_structure.cc:114 Schur complement static structure <-1,-1,-1>.
schur_eliminator.cc:155 Template specializations not found for <-1,-1,-1>
block_sparse_matrix.cc:208 Allocating values array with 272504 bytes.
detect_structure.cc:63 Dynamic row block size because the block size changed from 2 to 15
detect_structure.cc:74 Dynamic e block size because the block size changed from 1 to 9
detect_structure.cc:93 Dynamic f block size because the block size changed from 6 to 9
detect_structure.cc:114 Schur complement static structure <-1,-1,-1>.
detect_structure.cc:63 Dynamic row block size because the block size changed from 2 to 15
detect_structure.cc:74 Dynamic e block size because the block size changed from 1 to 9
detect_structure.cc:93 Dynamic f block size because the block size changed from 6 to 9
detect_structure.cc:114 Schur complement static structure <-1,-1,-1>.
schur_eliminator.cc:155 Template specializations not found for <-1,-1,-1>
block_sparse_matrix.cc:208 Allocating values array with 277288 bytes.
detect_structure.cc:63 Dynamic row block size because the block size changed from 2 to 15
detect_structure.cc:74 Dynamic e block size because the block size changed from 1 to 9
detect_structure.cc:93 Dynamic f block size because the block size changed from 6 to 9
detect_structure.cc:114 Schur complement static structure <-1,-1,-1>.
detect_structure.cc:63 Dynamic row block size because the block size changed from 2 to 15
detect_structure.cc:74 Dynamic e block size because the block size changed from 1 to 9
detect_structure.cc:93 Dynamic f block size because the block size changed from 6 to 9
detect_structure.cc:114 Schur complement static structure <-1,-1,-1>.
schur_eliminator.cc:155 Template specializations not found for <-1,-1,-1>
[VIO DIAG] f=360 tri: ok=152 wait=7 fail=0 default=1 depth: avg=1.33419 min=0.437313 max=4.74143 |vel|=0.535353 vel=(-0.148968,-0.513963,0.0159482) ba=(-0.019677,-0.0421727,-0.0378176) bg=(0.00030944,8.14242e-05,-0.000286826)
block_sparse_matrix.cc:208 Allocating values array with 282696 bytes.
detect_structure.cc:63 Dynamic row block size because the block size changed from 2 to 15
detect_structure.cc:74 Dynamic e block size because the block size changed from 1 to 9
detect_structure.cc:93 Dynamic f block size because the block size changed from 6 to 9
detect_structure.cc:114 Schur complement static structure <-1,-1,-1>.
detect_structure.cc:63 Dynamic row block size because the block size changed from 2 to 15
detect_structure.cc:74 Dynamic e block size because the block size changed from 1 to 9
detect_structure.cc:93 Dynamic f block size because the block size changed from 6 to 9
detect_structure.cc:114 Schur complement static structure <-1,-1,-1>.
schur_eliminator.cc:155 Template specializations not found for <-1,-1,-1>
block_sparse_matrix.cc:208 Allocating values array with 284568 bytes.
detect_structure.cc:63 Dynamic row block size because the block size changed from 2 to 15
detect_structure.cc:74 Dynamic e block size because the block size changed from 1 to 9
detect_structure.cc:93 Dynamic f block size because the block size changed from 6 to 9
detect_structure.cc:114 Schur complement static structure <-1,-1,-1>.
detect_structure.cc:63 Dynamic row block size because the block size changed from 2 to 15
detect_structure.cc:74 Dynamic e block size because the block size changed from 1 to 9
detect_structure.cc:93 Dynamic f block size because the block size changed from 6 to 9
detect_structure.cc:114 Schur complement static structure <-1,-1,-1>.
schur_eliminator.cc:155 Template specializations not found for <-1,-1,-1>
block_sparse_matrix.cc:208 Allocating values array with 289768 bytes.
detect_structure.cc:63 Dynamic row block size because the block size changed from 2 to 15
detect_structure.cc:74 Dynamic e block size because the block size changed from 1 to 9
detect_structure.cc:93 Dynamic f block size because the block size changed from 6 to 9
detect_structure.cc:114 Schur complement static structure <-1,-1,-1>.
detect_structure.cc:63 Dynamic row block size because the block size changed from 2 to 15
detect_structure.cc:74 Dynamic e block size because the block size changed from 1 to 9
detect_structure.cc:93 Dynamic f block size because the block size changed from 6 to 9
detect_structure.cc:114 Schur complement static structure <-1,-1,-1>.
schur_eliminator.cc:155 Template specializations not found for <-1,-1,-1>
block_sparse_matrix.cc:208 Allocating values array with 284568 bytes.
detect_structure.cc:63 Dynamic row block size because the block size changed from 2 to 15
detect_structure.cc:74 Dynamic e block size because the block size changed from 1 to 9
detect_structure.cc:93 Dynamic f block size because the block size changed from 6 to 9
detect_structure.cc:114 Schur complement static structure <-1,-1,-1>.
detect_structure.cc:63 Dynamic row block size because the block size changed from 2 to 15
detect_structure.cc:74 Dynamic e block size because the block size changed from 1 to 9
detect_structure.cc:93 Dynamic f block size because the block size changed from 6 to 9
detect_structure.cc:114 Schur complement static structure <-1,-1,-1>.
schur_eliminator.cc:155 Template specializations not found for <-1,-1,-1>
block_sparse_matrix.cc:208 Allocating values array with 281656 bytes.
detect_structure.cc:63 Dynamic row block size because the block size changed from 2 to 15
detect_structure.cc:74 Dynamic e block size because the block size changed from 1 to 9
detect_structure.cc:93 Dynamic f block size because the block size changed from 6 to 9
detect_structure.cc:114 Schur complement static structure <-1,-1,-1>.
detect_structure.cc:63 Dynamic row block size because the block size changed from 2 to 15
detect_structure.cc:74 Dynamic e block size because the block size changed from 1 to 9
detect_structure.cc:93 Dynamic f block size because the block size changed from 6 to 9
detect_structure.cc:114 Schur complement static structure <-1,-1,-1>.
schur_eliminator.cc:155 Template specializations not found for <-1,-1,-1>
block_sparse_matrix.cc:208 Allocating values array with 281032 bytes.
detect_structure.cc:63 Dynamic row block size because the block size changed from 2 to 15
detect_structure.cc:74 Dynamic e block size because the block size changed from 1 to 9
detect_structure.cc:93 Dynamic f block size because the block size changed from 6 to 9
detect_structure.cc:114 Schur complement static structure <-1,-1,-1>.
detect_structure.cc:63 Dynamic row block size because the block size changed from 2 to 15
detect_structure.cc:74 Dynamic e block size because the block size changed from 1 to 9
detect_structure.cc:93 Dynamic f block size because the block size changed from 6 to 9
detect_structure.cc:114 Schur complement static structure <-1,-1,-1>.
schur_eliminator.cc:155 Template specializations not found for <-1,-1,-1>
[FeatureTracker] F-matrix: 142 → 89 (rejected 53, threshold=1)
block_sparse_matrix.cc:208 Allocating values array with 272920 bytes.
detect_structure.cc:63 Dynamic row block size because the block size changed from 2 to 15
detect_structure.cc:74 Dynamic e block size because the block size changed from 1 to 9
detect_structure.cc:93 Dynamic f block size because the block size changed from 6 to 9
detect_structure.cc:114 Schur complement static structure <-1,-1,-1>.
detect_structure.cc:63 Dynamic row block size because the block size changed from 2 to 15
detect_structure.cc:74 Dynamic e block size because the block size changed from 1 to 9
detect_structure.cc:93 Dynamic f block size because the block size changed from 6 to 9
detect_structure.cc:114 Schur complement static structure <-1,-1,-1>.
schur_eliminator.cc:155 Template specializations not found for <-1,-1,-1>
block_sparse_matrix.cc:208 Allocating values array with 269800 bytes.
detect_structure.cc:63 Dynamic row block size because the block size changed from 2 to 15
detect_structure.cc:74 Dynamic e block size because the block size changed from 1 to 9
detect_structure.cc:93 Dynamic f block size because the block size changed from 6 to 9
detect_structure.cc:114 Schur complement static structure <-1,-1,-1>.
detect_structure.cc:63 Dynamic row block size because the block size changed from 2 to 15
detect_structure.cc:74 Dynamic e block size because the block size changed from 1 to 9
detect_structure.cc:93 Dynamic f block size because the block size changed from 6 to 9
detect_structure.cc:114 Schur complement static structure <-1,-1,-1>.
schur_eliminator.cc:155 Template specializations not found for <-1,-1,-1>
block_sparse_matrix.cc:208 Allocating values array with 266056 bytes.
detect_structure.cc:63 Dynamic row block size because the block size changed from 2 to 15
detect_structure.cc:74 Dynamic e block size because the block size changed from 1 to 9
detect_structure.cc:93 Dynamic f block size because the block size changed from 6 to 9
detect_structure.cc:114 Schur complement static structure <-1,-1,-1>.
detect_structure.cc:63 Dynamic row block size because the block size changed from 2 to 15
detect_structure.cc:74 Dynamic e block size because the block size changed from 1 to 9
detect_structure.cc:93 Dynamic f block size because the block size changed from 6 to 9
detect_structure.cc:114 Schur complement static structure <-1,-1,-1>.
schur_eliminator.cc:155 Template specializations not found for <-1,-1,-1>
block_sparse_matrix.cc:208 Allocating values array with 267304 bytes.
detect_structure.cc:63 Dynamic row block size because the block size changed from 2 to 15
detect_structure.cc:74 Dynamic e block size because the block size changed from 1 to 9
detect_structure.cc:93 Dynamic f block size because the block size changed from 6 to 9
detect_structure.cc:114 Schur complement static structure <-1,-1,-1>.
detect_structure.cc:63 Dynamic row block size because the block size changed from 2 to 15
detect_structure.cc:74 Dynamic e block size because the block size changed from 1 to 9
detect_structure.cc:93 Dynamic f block size because the block size changed from 6 to 9
detect_structure.cc:114 Schur complement static structure <-1,-1,-1>.
schur_eliminator.cc:155 Template specializations not found for <-1,-1,-1>
block_sparse_matrix.cc:208 Allocating values array with 258600 bytes.
detect_structure.cc:63 Dynamic row block size because the block size changed from 2 to 15
detect_structure.cc:74 Dynamic e block size because the block size changed from 1 to 9
detect_structure.cc:93 Dynamic f block size because the block size changed from 6 to 9
detect_structure.cc:114 Schur complement static structure <-1,-1,-1>.
detect_structure.cc:63 Dynamic row block size because the block size changed from 2 to 15
detect_structure.cc:74 Dynamic e block size because the block size changed from 1 to 9
detect_structure.cc:93 Dynamic f block size because the block size changed from 6 to 9
detect_structure.cc:114 Schur complement static structure <-1,-1,-1>.
schur_eliminator.cc:155 Template specializations not found for <-1,-1,-1>
block_sparse_matrix.cc:208 Allocating values array with 278120 bytes.
detect_structure.cc:63 Dynamic row block size because the block size changed from 2 to 15
detect_structure.cc:74 Dynamic e block size because the block size changed from 1 to 9
detect_structure.cc:93 Dynamic f block size because the block size changed from 6 to 9
detect_structure.cc:114 Schur complement static structure <-1,-1,-1>.
detect_structure.cc:63 Dynamic row block size because the block size changed from 2 to 15
detect_structure.cc:74 Dynamic e block size because the block size changed from 1 to 9
detect_structure.cc:93 Dynamic f block size because the block size changed from 6 to 9
detect_structure.cc:114 Schur complement static structure <-1,-1,-1>.
schur_eliminator.cc:155 Template specializations not found for <-1,-1,-1>
block_sparse_matrix.cc:208 Allocating values array with 280408 bytes.
detect_structure.cc:63 Dynamic row block size because the block size changed from 2 to 15
detect_structure.cc:74 Dynamic e block size because the block size changed from 1 to 9
detect_structure.cc:93 Dynamic f block size because the block size changed from 6 to 9
detect_structure.cc:114 Schur complement static structure <-1,-1,-1>.
detect_structure.cc:63 Dynamic row block size because the block size changed from 2 to 15
detect_structure.cc:74 Dynamic e block size because the block size changed from 1 to 9
detect_structure.cc:93 Dynamic f block size because the block size changed from 6 to 9
detect_structure.cc:114 Schur complement static structure <-1,-1,-1>.
schur_eliminator.cc:155 Template specializations not found for <-1,-1,-1>
block_sparse_matrix.cc:208 Allocating values array with 275208 bytes.
detect_structure.cc:63 Dynamic row block size because the block size changed from 2 to 15
detect_structure.cc:74 Dynamic e block size because the block size changed from 1 to 9
detect_structure.cc:93 Dynamic f block size because the block size changed from 6 to 9
detect_structure.cc:114 Schur complement static structure <-1,-1,-1>.
detect_structure.cc:63 Dynamic row block size because the block size changed from 2 to 15
detect_structure.cc:74 Dynamic e block size because the block size changed from 1 to 9
detect_structure.cc:93 Dynamic f block size because the block size changed from 6 to 9
detect_structure.cc:114 Schur complement static structure <-1,-1,-1>.
schur_eliminator.cc:155 Template specializations not found for <-1,-1,-1>
block_sparse_matrix.cc:208 Allocating values array with 274376 bytes.
detect_structure.cc:63 Dynamic row block size because the block size changed from 2 to 15
detect_structure.cc:74 Dynamic e block size because the block size changed from 1 to 9
detect_structure.cc:93 Dynamic f block size because the block size changed from 6 to 9
detect_structure.cc:114 Schur complement static structure <-1,-1,-1>.
detect_structure.cc:63 Dynamic row block size because the block size changed from 2 to 15
detect_structure.cc:74 Dynamic e block size because the block size changed from 1 to 9
detect_structure.cc:93 Dynamic f block size because the block size changed from 6 to 9
detect_structure.cc:114 Schur complement static structure <-1,-1,-1>.
schur_eliminator.cc:155 Template specializations not found for <-1,-1,-1>
block_sparse_matrix.cc:208 Allocating values array with 270840 bytes.
detect_structure.cc:63 Dynamic row block size because the block size changed from 2 to 15
detect_structure.cc:74 Dynamic e block size because the block size changed from 1 to 9
detect_structure.cc:93 Dynamic f block size because the block size changed from 6 to 9
detect_structure.cc:114 Schur complement static structure <-1,-1,-1>.
detect_structure.cc:63 Dynamic row block size because the block size changed from 2 to 15
detect_structure.cc:74 Dynamic e block size because the block size changed from 1 to 9
detect_structure.cc:93 Dynamic f block size because the block size changed from 6 to 9
detect_structure.cc:114 Schur complement static structure <-1,-1,-1>.
schur_eliminator.cc:155 Template specializations not found for <-1,-1,-1>
block_sparse_matrix.cc:208 Allocating values array with 261896 bytes.
detect_structure.cc:63 Dynamic row block size because the block size changed from 2 to 15
detect_structure.cc:74 Dynamic e block size because the block size changed from 1 to 9
detect_structure.cc:93 Dynamic f block size because the block size changed from 6 to 9
detect_structure.cc:114 Schur complement static structure <-1,-1,-1>.
detect_structure.cc:63 Dynamic row block size because the block size changed from 2 to 15
detect_structure.cc:74 Dynamic e block size because the block size changed from 1 to 9
detect_structure.cc:93 Dynamic f block size because the block size changed from 6 to 9
detect_structure.cc:114 Schur complement static structure <-1,-1,-1>.
schur_eliminator.cc:155 Template specializations not found for <-1,-1,-1>
block_sparse_matrix.cc:208 Allocating values array with 244216 bytes.
detect_structure.cc:63 Dynamic row block size because the block size changed from 2 to 15
detect_structure.cc:74 Dynamic e block size because the block size changed from 1 to 9
detect_structure.cc:93 Dynamic f block size because the block size changed from 6 to 9
detect_structure.cc:114 Schur complement static structure <-1,-1,-1>.
detect_structure.cc:63 Dynamic row block size because the block size changed from 2 to 15
detect_structure.cc:74 Dynamic e block size because the block size changed from 1 to 9
detect_structure.cc:93 Dynamic f block size because the block size changed from 6 to 9
detect_structure.cc:114 Schur complement static structure <-1,-1,-1>.
schur_eliminator.cc:155 Template specializations not found for <-1,-1,-1>
block_sparse_matrix.cc:208 Allocating values array with 236104 bytes.
detect_structure.cc:63 Dynamic row block size because the block size changed from 2 to 15
detect_structure.cc:74 Dynamic e block size because the block size changed from 1 to 9
detect_structure.cc:93 Dynamic f block size because the block size changed from 6 to 9
detect_structure.cc:114 Schur complement static structure <-1,-1,-1>.
detect_structure.cc:63 Dynamic row block size because the block size changed from 2 to 15
detect_structure.cc:74 Dynamic e block size because the block size changed from 1 to 9
detect_structure.cc:93 Dynamic f block size because the block size changed from 6 to 9
detect_structure.cc:114 Schur complement static structure <-1,-1,-1>.
schur_eliminator.cc:155 Template specializations not found for <-1,-1,-1>
block_sparse_matrix.cc:208 Allocating values array with 224456 bytes.
detect_structure.cc:63 Dynamic row block size because the block size changed from 2 to 15
detect_structure.cc:74 Dynamic e block size because the block size changed from 1 to 9
detect_structure.cc:93 Dynamic f block size because the block size changed from 6 to 9
detect_structure.cc:114 Schur complement static structure <-1,-1,-1>.
detect_structure.cc:63 Dynamic row block size because the block size changed from 2 to 15
detect_structure.cc:74 Dynamic e block size because the block size changed from 1 to 9
detect_structure.cc:93 Dynamic f block size because the block size changed from 6 to 9
detect_structure.cc:114 Schur complement static structure <-1,-1,-1>.
schur_eliminator.cc:155 Template specializations not found for <-1,-1,-1>
[VIO DIAG] f=380 tri: ok=128 wait=15 fail=0 default=0 depth: avg=1.28063 min=0.0861966 max=35.5558 |vel|=0.165393 vel=(0.103973,0.113406,-0.0606923) ba=(-0.0413594,-0.128445,-0.0312963) bg=(0.000210561,9.77148e-05,-0.000334876)
block_sparse_matrix.cc:208 Allocating values array with 214472 bytes.
detect_structure.cc:63 Dynamic row block size because the block size changed from 2 to 15
detect_structure.cc:74 Dynamic e block size because the block size changed from 1 to 9
detect_structure.cc:93 Dynamic f block size because the block size changed from 6 to 9
detect_structure.cc:114 Schur complement static structure <-1,-1,-1>.
detect_structure.cc:63 Dynamic row block size because the block size changed from 2 to 15
detect_structure.cc:74 Dynamic e block size because the block size changed from 1 to 9
detect_structure.cc:93 Dynamic f block size because the block size changed from 6 to 9
detect_structure.cc:114 Schur complement static structure <-1,-1,-1>.
schur_eliminator.cc:155 Template specializations not found for <-1,-1,-1>
block_sparse_matrix.cc:208 Allocating values array with 219880 bytes.
detect_structure.cc:63 Dynamic row block size because the block size changed from 2 to 15
detect_structure.cc:74 Dynamic e block size because the block size changed from 1 to 9
detect_structure.cc:93 Dynamic f block size because the block size changed from 6 to 9
detect_structure.cc:114 Schur complement static structure <-1,-1,-1>.
detect_structure.cc:63 Dynamic row block size because the block size changed from 2 to 15
detect_structure.cc:74 Dynamic e block size because the block size changed from 1 to 9
detect_structure.cc:93 Dynamic f block size because the block size changed from 6 to 9
detect_structure.cc:114 Schur complement static structure <-1,-1,-1>.
schur_eliminator.cc:155 Template specializations not found for <-1,-1,-1>
block_sparse_matrix.cc:208 Allocating values array with 209512 bytes.
detect_structure.cc:63 Dynamic row block size because the block size changed from 2 to 15
detect_structure.cc:74 Dynamic e block size because the block size changed from 1 to 9
detect_structure.cc:93 Dynamic f block size because the block size changed from 6 to 9
detect_structure.cc:114 Schur complement static structure <-1,-1,-1>.
detect_structure.cc:63 Dynamic row block size because the block size changed from 2 to 15
detect_structure.cc:74 Dynamic e block size because the block size changed from 1 to 9
detect_structure.cc:93 Dynamic f block size because the block size changed from 6 to 9
detect_structure.cc:114 Schur complement static structure <-1,-1,-1>.
schur_eliminator.cc:155 Template specializations not found for <-1,-1,-1>
block_sparse_matrix.cc:208 Allocating values array with 222792 bytes.
detect_structure.cc:63 Dynamic row block size because the block size changed from 2 to 15
detect_structure.cc:74 Dynamic e block size because the block size changed from 1 to 9
detect_structure.cc:93 Dynamic f block size because the block size changed from 6 to 9
detect_structure.cc:114 Schur complement static structure <-1,-1,-1>.
detect_structure.cc:63 Dynamic row block size because the block size changed from 2 to 15
detect_structure.cc:74 Dynamic e block size because the block size changed from 1 to 9
detect_structure.cc:93 Dynamic f block size because the block size changed from 6 to 9
detect_structure.cc:114 Schur complement static structure <-1,-1,-1>.
schur_eliminator.cc:155 Template specializations not found for <-1,-1,-1>
block_sparse_matrix.cc:208 Allocating values array with 228200 bytes.
detect_structure.cc:63 Dynamic row block size because the block size changed from 2 to 15
detect_structure.cc:74 Dynamic e block size because the block size changed from 1 to 9
detect_structure.cc:93 Dynamic f block size because the block size changed from 6 to 9
detect_structure.cc:114 Schur complement static structure <-1,-1,-1>.
detect_structure.cc:63 Dynamic row block size because the block size changed from 2 to 15
detect_structure.cc:74 Dynamic e block size because the block size changed from 1 to 9
detect_structure.cc:93 Dynamic f block size because the block size changed from 6 to 9
detect_structure.cc:114 Schur complement static structure <-1,-1,-1>.
schur_eliminator.cc:155 Template specializations not found for <-1,-1,-1>
block_sparse_matrix.cc:208 Allocating values array with 227160 bytes.
detect_structure.cc:63 Dynamic row block size because the block size changed from 2 to 15
detect_structure.cc:74 Dynamic e block size because the block size changed from 1 to 9
detect_structure.cc:93 Dynamic f block size because the block size changed from 6 to 9
detect_structure.cc:114 Schur complement static structure <-1,-1,-1>.
detect_structure.cc:63 Dynamic row block size because the block size changed from 2 to 15
detect_structure.cc:74 Dynamic e block size because the block size changed from 1 to 9
detect_structure.cc:93 Dynamic f block size because the block size changed from 6 to 9
detect_structure.cc:114 Schur complement static structure <-1,-1,-1>.
schur_eliminator.cc:155 Template specializations not found for <-1,-1,-1>
block_sparse_matrix.cc:208 Allocating values array with 237560 bytes.
detect_structure.cc:63 Dynamic row block size because the block size changed from 2 to 15
detect_structure.cc:74 Dynamic e block size because the block size changed from 1 to 9
detect_structure.cc:93 Dynamic f block size because the block size changed from 6 to 9
detect_structure.cc:114 Schur complement static structure <-1,-1,-1>.
detect_structure.cc:63 Dynamic row block size because the block size changed from 2 to 15
detect_structure.cc:74 Dynamic e block size because the block size changed from 1 to 9
detect_structure.cc:93 Dynamic f block size because the block size changed from 6 to 9
detect_structure.cc:114 Schur complement static structure <-1,-1,-1>.
schur_eliminator.cc:155 Template specializations not found for <-1,-1,-1>
block_sparse_matrix.cc:208 Allocating values array with 242552 bytes.
detect_structure.cc:63 Dynamic row block size because the block size changed from 2 to 15
detect_structure.cc:74 Dynamic e block size because the block size changed from 1 to 9
detect_structure.cc:93 Dynamic f block size because the block size changed from 6 to 9
detect_structure.cc:114 Schur complement static structure <-1,-1,-1>.
detect_structure.cc:63 Dynamic row block size because the block size changed from 2 to 15
detect_structure.cc:74 Dynamic e block size because the block size changed from 1 to 9
detect_structure.cc:93 Dynamic f block size because the block size changed from 6 to 9
detect_structure.cc:114 Schur complement static structure <-1,-1,-1>.
schur_eliminator.cc:155 Template specializations not found for <-1,-1,-1>
block_sparse_matrix.cc:208 Allocating values array with 251288 bytes.
detect_structure.cc:63 Dynamic row block size because the block size changed from 2 to 15
detect_structure.cc:74 Dynamic e block size because the block size changed from 1 to 9
detect_structure.cc:93 Dynamic f block size because the block size changed from 6 to 9
detect_structure.cc:114 Schur complement static structure <-1,-1,-1>.
detect_structure.cc:63 Dynamic row block size because the block size changed from 2 to 15
detect_structure.cc:74 Dynamic e block size because the block size changed from 1 to 9
detect_structure.cc:93 Dynamic f block size because the block size changed from 6 to 9
detect_structure.cc:114 Schur complement static structure <-1,-1,-1>.
schur_eliminator.cc:155 Template specializations not found for <-1,-1,-1>
block_sparse_matrix.cc:208 Allocating values array with 262104 bytes.
detect_structure.cc:63 Dynamic row block size because the block size changed from 2 to 15
detect_structure.cc:74 Dynamic e block size because the block size changed from 1 to 9
detect_structure.cc:93 Dynamic f block size because the block size changed from 6 to 9
detect_structure.cc:114 Schur complement static structure <-1,-1,-1>.
detect_structure.cc:63 Dynamic row block size because the block size changed from 2 to 15
detect_structure.cc:74 Dynamic e block size because the block size changed from 1 to 9
detect_structure.cc:93 Dynamic f block size because the block size changed from 6 to 9
detect_structure.cc:114 Schur complement static structure <-1,-1,-1>.
schur_eliminator.cc:155 Template specializations not found for <-1,-1,-1>
block_sparse_matrix.cc:208 Allocating values array with 269592 bytes.
detect_structure.cc:63 Dynamic row block size because the block size changed from 2 to 15
detect_structure.cc:74 Dynamic e block size because the block size changed from 1 to 9
detect_structure.cc:93 Dynamic f block size because the block size changed from 6 to 9
detect_structure.cc:114 Schur complement static structure <-1,-1,-1>.
detect_structure.cc:63 Dynamic row block size because the block size changed from 2 to 15
detect_structure.cc:74 Dynamic e block size because the block size changed from 1 to 9
detect_structure.cc:93 Dynamic f block size because the block size changed from 6 to 9
detect_structure.cc:114 Schur complement static structure <-1,-1,-1>.
schur_eliminator.cc:155 Template specializations not found for <-1,-1,-1>
block_sparse_matrix.cc:208 Allocating values array with 273128 bytes.
detect_structure.cc:63 Dynamic row block size because the block size changed from 2 to 15
detect_structure.cc:74 Dynamic e block size because the block size changed from 1 to 9
detect_structure.cc:93 Dynamic f block size because the block size changed from 6 to 9
detect_structure.cc:114 Schur complement static structure <-1,-1,-1>.
detect_structure.cc:63 Dynamic row block size because the block size changed from 2 to 15
detect_structure.cc:74 Dynamic e block size because the block size changed from 1 to 9
detect_structure.cc:93 Dynamic f block size because the block size changed from 6 to 9
detect_structure.cc:114 Schur complement static structure <-1,-1,-1>.
schur_eliminator.cc:155 Template specializations not found for <-1,-1,-1>
block_sparse_matrix.cc:208 Allocating values array with 274792 bytes.
detect_structure.cc:63 Dynamic row block size because the block size changed from 2 to 15
detect_structure.cc:74 Dynamic e block size because the block size changed from 1 to 9
detect_structure.cc:93 Dynamic f block size because the block size changed from 6 to 9
detect_structure.cc:114 Schur complement static structure <-1,-1,-1>.
detect_structure.cc:63 Dynamic row block size because the block size changed from 2 to 15
detect_structure.cc:74 Dynamic e block size because the block size changed from 1 to 9
detect_structure.cc:93 Dynamic f block size because the block size changed from 6 to 9
detect_structure.cc:114 Schur complement static structure <-1,-1,-1>.
schur_eliminator.cc:155 Template specializations not found for <-1,-1,-1>
block_sparse_matrix.cc:208 Allocating values array with 279992 bytes.
detect_structure.cc:63 Dynamic row block size because the block size changed from 2 to 15
detect_structure.cc:74 Dynamic e block size because the block size changed from 1 to 9
detect_structure.cc:93 Dynamic f block size because the block size changed from 6 to 9
detect_structure.cc:114 Schur complement static structure <-1,-1,-1>.
detect_structure.cc:63 Dynamic row block size because the block size changed from 2 to 15
detect_structure.cc:74 Dynamic e block size because the block size changed from 1 to 9
detect_structure.cc:93 Dynamic f block size because the block size changed from 6 to 9
detect_structure.cc:114 Schur complement static structure <-1,-1,-1>.
schur_eliminator.cc:155 Template specializations not found for <-1,-1,-1>
block_sparse_matrix.cc:208 Allocating values array with 277288 bytes.
detect_structure.cc:63 Dynamic row block size because the block size changed from 2 to 15
detect_structure.cc:74 Dynamic e block size because the block size changed from 1 to 9
detect_structure.cc:93 Dynamic f block size because the block size changed from 6 to 9
detect_structure.cc:114 Schur complement static structure <-1,-1,-1>.
detect_structure.cc:63 Dynamic row block size because the block size changed from 2 to 15
detect_structure.cc:74 Dynamic e block size because the block size changed from 1 to 9
detect_structure.cc:93 Dynamic f block size because the block size changed from 6 to 9
detect_structure.cc:114 Schur complement static structure <-1,-1,-1>.
schur_eliminator.cc:155 Template specializations not found for <-1,-1,-1>
block_sparse_matrix.cc:208 Allocating values array with 275208 bytes.
detect_structure.cc:63 Dynamic row block size because the block size changed from 2 to 15
detect_structure.cc:74 Dynamic e block size because the block size changed from 1 to 9
detect_structure.cc:93 Dynamic f block size because the block size changed from 6 to 9
detect_structure.cc:114 Schur complement static structure <-1,-1,-1>.
detect_structure.cc:63 Dynamic row block size because the block size changed from 2 to 15
detect_structure.cc:74 Dynamic e block size because the block size changed from 1 to 9
detect_structure.cc:93 Dynamic f block size because the block size changed from 6 to 9
detect_structure.cc:114 Schur complement static structure <-1,-1,-1>.
schur_eliminator.cc:155 Template specializations not found for <-1,-1,-1>
[FeatureTracker] F-matrix: 150 → 100 (rejected 50, threshold=1)
block_sparse_matrix.cc:208 Allocating values array with 270840 bytes.
detect_structure.cc:63 Dynamic row block size because the block size changed from 2 to 15
detect_structure.cc:74 Dynamic e block size because the block size changed from 1 to 9
detect_structure.cc:93 Dynamic f block size because the block size changed from 6 to 9
detect_structure.cc:114 Schur complement static structure <-1,-1,-1>.
detect_structure.cc:63 Dynamic row block size because the block size changed from 2 to 15
detect_structure.cc:74 Dynamic e block size because the block size changed from 1 to 9
detect_structure.cc:93 Dynamic f block size because the block size changed from 6 to 9
detect_structure.cc:114 Schur complement static structure <-1,-1,-1>.
schur_eliminator.cc:155 Template specializations not found for <-1,-1,-1>
[FeatureTracker] F-matrix: 148 → 94 (rejected 54, threshold=1)
block_sparse_matrix.cc:208 Allocating values array with 264808 bytes.
detect_structure.cc:63 Dynamic row block size because the block size changed from 2 to 15
detect_structure.cc:74 Dynamic e block size because the block size changed from 1 to 9
detect_structure.cc:93 Dynamic f block size because the block size changed from 6 to 9
detect_structure.cc:114 Schur complement static structure <-1,-1,-1>.
detect_structure.cc:63 Dynamic row block size because the block size changed from 2 to 15
detect_structure.cc:74 Dynamic e block size because the block size changed from 1 to 9
detect_structure.cc:93 Dynamic f block size because the block size changed from 6 to 9
detect_structure.cc:114 Schur complement static structure <-1,-1,-1>.
schur_eliminator.cc:155 Template specializations not found for <-1,-1,-1>
[FeatureTracker] F-matrix: 150 → 100 (rejected 50, threshold=1)
block_sparse_matrix.cc:208 Allocating values array with 255032 bytes.
detect_structure.cc:63 Dynamic row block size because the block size changed from 2 to 15
detect_structure.cc:74 Dynamic e block size because the block size changed from 1 to 9
detect_structure.cc:93 Dynamic f block size because the block size changed from 6 to 9
detect_structure.cc:114 Schur complement static structure <-1,-1,-1>.
detect_structure.cc:63 Dynamic row block size because the block size changed from 2 to 15
detect_structure.cc:74 Dynamic e block size because the block size changed from 1 to 9
detect_structure.cc:93 Dynamic f block size because the block size changed from 6 to 9
detect_structure.cc:114 Schur complement static structure <-1,-1,-1>.
schur_eliminator.cc:155 Template specializations not found for <-1,-1,-1>
[FeatureTracker] F-matrix: 143 → 71 (rejected 72, threshold=1)
block_sparse_matrix.cc:208 Allocating values array with 243800 bytes.
detect_structure.cc:63 Dynamic row block size because the block size changed from 2 to 15
detect_structure.cc:74 Dynamic e block size because the block size changed from 1 to 9
detect_structure.cc:93 Dynamic f block size because the block size changed from 6 to 9
detect_structure.cc:114 Schur complement static structure <-1,-1,-1>.
detect_structure.cc:63 Dynamic row block size because the block size changed from 2 to 15
detect_structure.cc:74 Dynamic e block size because the block size changed from 1 to 9
detect_structure.cc:93 Dynamic f block size because the block size changed from 6 to 9
detect_structure.cc:114 Schur complement static structure <-1,-1,-1>.
schur_eliminator.cc:155 Template specializations not found for <-1,-1,-1>
[VIO DIAG] f=400 tri: ok=160 wait=14 fail=0 default=1 depth: avg=1.69563 min=0.272048 max=5.80654 |vel|=0.498804 vel=(-0.456215,0.130483,0.15378) ba=(-0.0045748,-0.152105,-0.0284855) bg=(-1.21473e-05,-5.02444e-05,-0.000210585)
[FeatureTracker] F-matrix: 150 → 100 (rejected 50, threshold=1)
block_sparse_matrix.cc:208 Allocating values array with 233608 bytes.
detect_structure.cc:63 Dynamic row block size because the block size changed from 2 to 15
detect_structure.cc:74 Dynamic e block size because the block size changed from 1 to 9
detect_structure.cc:93 Dynamic f block size because the block size changed from 6 to 9
detect_structure.cc:114 Schur complement static structure <-1,-1,-1>.
detect_structure.cc:63 Dynamic row block size because the block size changed from 2 to 15
detect_structure.cc:74 Dynamic e block size because the block size changed from 1 to 9
detect_structure.cc:93 Dynamic f block size because the block size changed from 6 to 9
detect_structure.cc:114 Schur complement static structure <-1,-1,-1>.
schur_eliminator.cc:155 Template specializations not found for <-1,-1,-1>
block_sparse_matrix.cc:208 Allocating values array with 222584 bytes.
detect_structure.cc:63 Dynamic row block size because the block size changed from 2 to 15
detect_structure.cc:74 Dynamic e block size because the block size changed from 1 to 9
detect_structure.cc:93 Dynamic f block size because the block size changed from 6 to 9
detect_structure.cc:114 Schur complement static structure <-1,-1,-1>.
detect_structure.cc:63 Dynamic row block size because the block size changed from 2 to 15
detect_structure.cc:74 Dynamic e block size because the block size changed from 1 to 9
detect_structure.cc:93 Dynamic f block size because the block size changed from 6 to 9
detect_structure.cc:114 Schur complement static structure <-1,-1,-1>.
schur_eliminator.cc:155 Template specializations not found for <-1,-1,-1>
block_sparse_matrix.cc:208 Allocating values array with 213848 bytes.
detect_structure.cc:63 Dynamic row block size because the block size changed from 2 to 15
detect_structure.cc:74 Dynamic e block size because the block size changed from 1 to 9
detect_structure.cc:93 Dynamic f block size because the block size changed from 6 to 9
detect_structure.cc:114 Schur complement static structure <-1,-1,-1>.
detect_structure.cc:63 Dynamic row block size because the block size changed from 2 to 15
detect_structure.cc:74 Dynamic e block size because the block size changed from 1 to 9
detect_structure.cc:93 Dynamic f block size because the block size changed from 6 to 9
detect_structure.cc:114 Schur complement static structure <-1,-1,-1>.
schur_eliminator.cc:155 Template specializations not found for <-1,-1,-1>
block_sparse_matrix.cc:208 Allocating values array with 224664 bytes.
detect_structure.cc:63 Dynamic row block size because the block size changed from 2 to 15
detect_structure.cc:74 Dynamic e block size because the block size changed from 1 to 9
detect_structure.cc:93 Dynamic f block size because the block size changed from 6 to 9
detect_structure.cc:114 Schur complement static structure <-1,-1,-1>.
detect_structure.cc:63 Dynamic row block size because the block size changed from 2 to 15
detect_structure.cc:74 Dynamic e block size because the block size changed from 1 to 9
detect_structure.cc:93 Dynamic f block size because the block size changed from 6 to 9
detect_structure.cc:114 Schur complement static structure <-1,-1,-1>.
schur_eliminator.cc:155 Template specializations not found for <-1,-1,-1>
block_sparse_matrix.cc:208 Allocating values array with 218008 bytes.
detect_structure.cc:63 Dynamic row block size because the block size changed from 2 to 15
detect_structure.cc:74 Dynamic e block size because the block size changed from 1 to 9
detect_structure.cc:93 Dynamic f block size because the block size changed from 6 to 9
detect_structure.cc:114 Schur complement static structure <-1,-1,-1>.
detect_structure.cc:63 Dynamic row block size because the block size changed from 2 to 15
detect_structure.cc:74 Dynamic e block size because the block size changed from 1 to 9
detect_structure.cc:93 Dynamic f block size because the block size changed from 6 to 9
detect_structure.cc:114 Schur complement static structure <-1,-1,-1>.
schur_eliminator.cc:155 Template specializations not found for <-1,-1,-1>
block_sparse_matrix.cc:208 Allocating values array with 211560 bytes.
detect_structure.cc:63 Dynamic row block size because the block size changed from 2 to 15
detect_structure.cc:74 Dynamic e block size because the block size changed from 1 to 9
detect_structure.cc:93 Dynamic f block size because the block size changed from 6 to 9
detect_structure.cc:114 Schur complement static structure <-1,-1,-1>.
detect_structure.cc:63 Dynamic row block size because the block size changed from 2 to 15
detect_structure.cc:74 Dynamic e block size because the block size changed from 1 to 9
detect_structure.cc:93 Dynamic f block size because the block size changed from 6 to 9
detect_structure.cc:114 Schur complement static structure <-1,-1,-1>.
schur_eliminator.cc:155 Template specializations not found for <-1,-1,-1>
block_sparse_matrix.cc:208 Allocating values array with 211144 bytes.
detect_structure.cc:63 Dynamic row block size because the block size changed from 2 to 15
detect_structure.cc:74 Dynamic e block size because the block size changed from 1 to 9
detect_structure.cc:93 Dynamic f block size because the block size changed from 6 to 9
detect_structure.cc:114 Schur complement static structure <-1,-1,-1>.
detect_structure.cc:63 Dynamic row block size because the block size changed from 2 to 15
detect_structure.cc:74 Dynamic e block size because the block size changed from 1 to 9
detect_structure.cc:93 Dynamic f block size because the block size changed from 6 to 9
detect_structure.cc:114 Schur complement static structure <-1,-1,-1>.
schur_eliminator.cc:155 Template specializations not found for <-1,-1,-1>
[FeatureTracker] F-matrix: 133 → 75 (rejected 58, threshold=1)
block_sparse_matrix.cc:208 Allocating values array with 217176 bytes.
detect_structure.cc:63 Dynamic row block size because the block size changed from 2 to 15
detect_structure.cc:74 Dynamic e block size because the block size changed from 1 to 9
detect_structure.cc:93 Dynamic f block size because the block size changed from 6 to 9
detect_structure.cc:114 Schur complement static structure <-1,-1,-1>.
detect_structure.cc:63 Dynamic row block size because the block size changed from 2 to 15
detect_structure.cc:74 Dynamic e block size because the block size changed from 1 to 9
detect_structure.cc:93 Dynamic f block size because the block size changed from 6 to 9
detect_structure.cc:114 Schur complement static structure <-1,-1,-1>.
schur_eliminator.cc:155 Template specializations not found for <-1,-1,-1>
block_sparse_matrix.cc:208 Allocating values array with 218216 bytes.
detect_structure.cc:63 Dynamic row block size because the block size changed from 2 to 15
detect_structure.cc:74 Dynamic e block size because the block size changed from 1 to 9
detect_structure.cc:93 Dynamic f block size because the block size changed from 6 to 9
detect_structure.cc:114 Schur complement static structure <-1,-1,-1>.
detect_structure.cc:63 Dynamic row block size because the block size changed from 2 to 15
detect_structure.cc:74 Dynamic e block size because the block size changed from 1 to 9
detect_structure.cc:93 Dynamic f block size because the block size changed from 6 to 9
detect_structure.cc:114 Schur complement static structure <-1,-1,-1>.
schur_eliminator.cc:155 Template specializations not found for <-1,-1,-1>
block_sparse_matrix.cc:208 Allocating values array with 217592 bytes.
detect_structure.cc:63 Dynamic row block size because the block size changed from 2 to 15
detect_structure.cc:74 Dynamic e block size because the block size changed from 1 to 9
detect_structure.cc:93 Dynamic f block size because the block size changed from 6 to 9
detect_structure.cc:114 Schur complement static structure <-1,-1,-1>.
detect_structure.cc:63 Dynamic row block size because the block size changed from 2 to 15
detect_structure.cc:74 Dynamic e block size because the block size changed from 1 to 9
detect_structure.cc:93 Dynamic f block size because the block size changed from 6 to 9
detect_structure.cc:114 Schur complement static structure <-1,-1,-1>.
schur_eliminator.cc:155 Template specializations not found for <-1,-1,-1>
block_sparse_matrix.cc:208 Allocating values array with 215096 bytes.
detect_structure.cc:63 Dynamic row block size because the block size changed from 2 to 15
detect_structure.cc:74 Dynamic e block size because the block size changed from 1 to 9
detect_structure.cc:93 Dynamic f block size because the block size changed from 6 to 9
detect_structure.cc:114 Schur complement static structure <-1,-1,-1>.
detect_structure.cc:63 Dynamic row block size because the block size changed from 2 to 15
detect_structure.cc:74 Dynamic e block size because the block size changed from 1 to 9
detect_structure.cc:93 Dynamic f block size because the block size changed from 6 to 9
detect_structure.cc:114 Schur complement static structure <-1,-1,-1>.
schur_eliminator.cc:155 Template specializations not found for <-1,-1,-1>
block_sparse_matrix.cc:208 Allocating values array with 217800 bytes.
detect_structure.cc:63 Dynamic row block size because the block size changed from 2 to 15
detect_structure.cc:74 Dynamic e block size because the block size changed from 1 to 9
detect_structure.cc:93 Dynamic f block size because the block size changed from 6 to 9
detect_structure.cc:114 Schur complement static structure <-1,-1,-1>.
detect_structure.cc:63 Dynamic row block size because the block size changed from 2 to 15
detect_structure.cc:74 Dynamic e block size because the block size changed from 1 to 9
detect_structure.cc:93 Dynamic f block size because the block size changed from 6 to 9
detect_structure.cc:114 Schur complement static structure <-1,-1,-1>.
schur_eliminator.cc:155 Template specializations not found for <-1,-1,-1>
[FeatureTracker] F-matrix: 145 → 100 (rejected 45, threshold=1)
block_sparse_matrix.cc:208 Allocating values array with 221960 bytes.
detect_structure.cc:63 Dynamic row block size because the block size changed from 2 to 15
detect_structure.cc:74 Dynamic e block size because the block size changed from 1 to 9
detect_structure.cc:93 Dynamic f block size because the block size changed from 6 to 9
detect_structure.cc:114 Schur complement static structure <-1,-1,-1>.
detect_structure.cc:63 Dynamic row block size because the block size changed from 2 to 15
detect_structure.cc:74 Dynamic e block size because the block size changed from 1 to 9
detect_structure.cc:93 Dynamic f block size because the block size changed from 6 to 9
detect_structure.cc:114 Schur complement static structure <-1,-1,-1>.
schur_eliminator.cc:155 Template specializations not found for <-1,-1,-1>
[FeatureTracker] F-matrix: 149 → 100 (rejected 49, threshold=1)
block_sparse_matrix.cc:208 Allocating values array with 225704 bytes.
detect_structure.cc:63 Dynamic row block size because the block size changed from 2 to 15
detect_structure.cc:74 Dynamic e block size because the block size changed from 1 to 9
detect_structure.cc:93 Dynamic f block size because the block size changed from 6 to 9
detect_structure.cc:114 Schur complement static structure <-1,-1,-1>.
detect_structure.cc:63 Dynamic row block size because the block size changed from 2 to 15
detect_structure.cc:74 Dynamic e block size because the block size changed from 1 to 9
detect_structure.cc:93 Dynamic f block size because the block size changed from 6 to 9
detect_structure.cc:114 Schur complement static structure <-1,-1,-1>.
schur_eliminator.cc:155 Template specializations not found for <-1,-1,-1>
[FeatureTracker] F-matrix: 149 → 100 (rejected 49, threshold=1)
block_sparse_matrix.cc:208 Allocating values array with 231944 bytes.
detect_structure.cc:63 Dynamic row block size because the block size changed from 2 to 15
detect_structure.cc:74 Dynamic e block size because the block size changed from 1 to 9
detect_structure.cc:93 Dynamic f block size because the block size changed from 6 to 9
detect_structure.cc:114 Schur complement static structure <-1,-1,-1>.
detect_structure.cc:63 Dynamic row block size because the block size changed from 2 to 15
detect_structure.cc:74 Dynamic e block size because the block size changed from 1 to 9
detect_structure.cc:93 Dynamic f block size because the block size changed from 6 to 9
detect_structure.cc:114 Schur complement static structure <-1,-1,-1>.
schur_eliminator.cc:155 Template specializations not found for <-1,-1,-1>
[FeatureTracker] F-matrix: 126 → 61 (rejected 65, threshold=1)
block_sparse_matrix.cc:208 Allocating values array with 227160 bytes.
detect_structure.cc:63 Dynamic row block size because the block size changed from 2 to 15
detect_structure.cc:74 Dynamic e block size because the block size changed from 1 to 9
detect_structure.cc:93 Dynamic f block size because the block size changed from 6 to 9
detect_structure.cc:114 Schur complement static structure <-1,-1,-1>.
detect_structure.cc:63 Dynamic row block size because the block size changed from 2 to 15
detect_structure.cc:74 Dynamic e block size because the block size changed from 1 to 9
detect_structure.cc:93 Dynamic f block size because the block size changed from 6 to 9
detect_structure.cc:114 Schur complement static structure <-1,-1,-1>.
schur_eliminator.cc:155 Template specializations not found for <-1,-1,-1>
block_sparse_matrix.cc:208 Allocating values array with 219256 bytes.
detect_structure.cc:63 Dynamic row block size because the block size changed from 2 to 15
detect_structure.cc:74 Dynamic e block size because the block size changed from 1 to 9
detect_structure.cc:93 Dynamic f block size because the block size changed from 6 to 9
detect_structure.cc:114 Schur complement static structure <-1,-1,-1>.
detect_structure.cc:63 Dynamic row block size because the block size changed from 2 to 15
detect_structure.cc:74 Dynamic e block size because the block size changed from 1 to 9
detect_structure.cc:93 Dynamic f block size because the block size changed from 6 to 9
detect_structure.cc:114 Schur complement static structure <-1,-1,-1>.
schur_eliminator.cc:155 Template specializations not found for <-1,-1,-1>
[FeatureTracker] F-matrix: 144 → 99 (rejected 45, threshold=1)
block_sparse_matrix.cc:208 Allocating values array with 219048 bytes.
detect_structure.cc:63 Dynamic row block size because the block size changed from 2 to 15
detect_structure.cc:74 Dynamic e block size because the block size changed from 1 to 9
detect_structure.cc:93 Dynamic f block size because the block size changed from 6 to 9
detect_structure.cc:114 Schur complement static structure <-1,-1,-1>.
detect_structure.cc:63 Dynamic row block size because the block size changed from 2 to 15
detect_structure.cc:74 Dynamic e block size because the block size changed from 1 to 9
detect_structure.cc:93 Dynamic f block size because the block size changed from 6 to 9
detect_structure.cc:114 Schur complement static structure <-1,-1,-1>.
schur_eliminator.cc:155 Template specializations not found for <-1,-1,-1>
[FeatureTracker] F-matrix: 146 → 90 (rejected 56, threshold=1)
block_sparse_matrix.cc:208 Allocating values array with 216968 bytes.
detect_structure.cc:63 Dynamic row block size because the block size changed from 2 to 15
detect_structure.cc:74 Dynamic e block size because the block size changed from 1 to 9
detect_structure.cc:93 Dynamic f block size because the block size changed from 6 to 9
detect_structure.cc:114 Schur complement static structure <-1,-1,-1>.
detect_structure.cc:63 Dynamic row block size because the block size changed from 2 to 15
detect_structure.cc:74 Dynamic e block size because the block size changed from 1 to 9
detect_structure.cc:93 Dynamic f block size because the block size changed from 6 to 9
detect_structure.cc:114 Schur complement static structure <-1,-1,-1>.
schur_eliminator.cc:155 Template specializations not found for <-1,-1,-1>
[FeatureTracker] F-matrix: 146 → 101 (rejected 45, threshold=1)
block_sparse_matrix.cc:208 Allocating values array with 222376 bytes.
detect_structure.cc:63 Dynamic row block size because the block size changed from 2 to 15
detect_structure.cc:74 Dynamic e block size because the block size changed from 1 to 9
detect_structure.cc:93 Dynamic f block size because the block size changed from 6 to 9
detect_structure.cc:114 Schur complement static structure <-1,-1,-1>.
detect_structure.cc:63 Dynamic row block size because the block size changed from 2 to 15
detect_structure.cc:74 Dynamic e block size because the block size changed from 1 to 9
detect_structure.cc:93 Dynamic f block size because the block size changed from 6 to 9
detect_structure.cc:114 Schur complement static structure <-1,-1,-1>.
schur_eliminator.cc:155 Template specializations not found for <-1,-1,-1>
[VIO DIAG] f=420 tri: ok=153 wait=5 fail=0 default=0 depth: avg=1.28087 min=0.487534 max=8.7803 |vel|=0.472325 vel=(-0.166183,-0.187802,0.400256) ba=(-0.022027,-0.186523,-0.0264549) bg=(-2.66516e-05,-0.000163377,-0.000225589)
[FeatureTracker] F-matrix: 144 → 83 (rejected 61, threshold=1)
block_sparse_matrix.cc:208 Allocating values array with 217384 bytes.
detect_structure.cc:63 Dynamic row block size because the block size changed from 2 to 15
detect_structure.cc:74 Dynamic e block size because the block size changed from 1 to 9
detect_structure.cc:93 Dynamic f block size because the block size changed from 6 to 9
detect_structure.cc:114 Schur complement static structure <-1,-1,-1>.
detect_structure.cc:63 Dynamic row block size because the block size changed from 2 to 15
detect_structure.cc:74 Dynamic e block size because the block size changed from 1 to 9
detect_structure.cc:93 Dynamic f block size because the block size changed from 6 to 9
detect_structure.cc:114 Schur complement static structure <-1,-1,-1>.
schur_eliminator.cc:155 Template specializations not found for <-1,-1,-1>
[FeatureTracker] F-matrix: 145 → 97 (rejected 48, threshold=1)
block_sparse_matrix.cc:208 Allocating values array with 211352 bytes.
detect_structure.cc:63 Dynamic row block size because the block size changed from 2 to 15
detect_structure.cc:74 Dynamic e block size because the block size changed from 1 to 9
detect_structure.cc:93 Dynamic f block size because the block size changed from 6 to 9
detect_structure.cc:114 Schur complement static structure <-1,-1,-1>.
detect_structure.cc:63 Dynamic row block size because the block size changed from 2 to 15
detect_structure.cc:74 Dynamic e block size because the block size changed from 1 to 9
detect_structure.cc:93 Dynamic f block size because the block size changed from 6 to 9
detect_structure.cc:114 Schur complement static structure <-1,-1,-1>.
schur_eliminator.cc:155 Template specializations not found for <-1,-1,-1>
block_sparse_matrix.cc:208 Allocating values array with 210104 bytes.
detect_structure.cc:63 Dynamic row block size because the block size changed from 2 to 15
detect_structure.cc:74 Dynamic e block size because the block size changed from 1 to 9
detect_structure.cc:93 Dynamic f block size because the block size changed from 6 to 9
detect_structure.cc:114 Schur complement static structure <-1,-1,-1>.
detect_structure.cc:63 Dynamic row block size because the block size changed from 2 to 15
detect_structure.cc:74 Dynamic e block size because the block size changed from 1 to 9
detect_structure.cc:93 Dynamic f block size because the block size changed from 6 to 9
detect_structure.cc:114 Schur complement static structure <-1,-1,-1>.
schur_eliminator.cc:155 Template specializations not found for <-1,-1,-1>
[FeatureTracker] F-matrix: 147 → 93 (rejected 54, threshold=1)
block_sparse_matrix.cc:208 Allocating values array with 205736 bytes.
detect_structure.cc:63 Dynamic row block size because the block size changed from 2 to 15
detect_structure.cc:74 Dynamic e block size because the block size changed from 1 to 9
detect_structure.cc:93 Dynamic f block size because the block size changed from 6 to 9
detect_structure.cc:114 Schur complement static structure <-1,-1,-1>.
detect_structure.cc:63 Dynamic row block size because the block size changed from 2 to 15
detect_structure.cc:74 Dynamic e block size because the block size changed from 1 to 9
detect_structure.cc:93 Dynamic f block size because the block size changed from 6 to 9
detect_structure.cc:114 Schur complement static structure <-1,-1,-1>.
schur_eliminator.cc:155 Template specializations not found for <-1,-1,-1>
block_sparse_matrix.cc:208 Allocating values array with 209896 bytes.
detect_structure.cc:63 Dynamic row block size because the block size changed from 2 to 15
detect_structure.cc:74 Dynamic e block size because the block size changed from 1 to 9
detect_structure.cc:93 Dynamic f block size because the block size changed from 6 to 9
detect_structure.cc:114 Schur complement static structure <-1,-1,-1>.
detect_structure.cc:63 Dynamic row block size because the block size changed from 2 to 15
detect_structure.cc:74 Dynamic e block size because the block size changed from 1 to 9
detect_structure.cc:93 Dynamic f block size because the block size changed from 6 to 9
detect_structure.cc:114 Schur complement static structure <-1,-1,-1>.
schur_eliminator.cc:155 Template specializations not found for <-1,-1,-1>
block_sparse_matrix.cc:208 Allocating values array with 216136 bytes.
detect_structure.cc:63 Dynamic row block size because the block size changed from 2 to 15
detect_structure.cc:74 Dynamic e block size because the block size changed from 1 to 9
detect_structure.cc:93 Dynamic f block size because the block size changed from 6 to 9
detect_structure.cc:114 Schur complement static structure <-1,-1,-1>.
detect_structure.cc:63 Dynamic row block size because the block size changed from 2 to 15
detect_structure.cc:74 Dynamic e block size because the block size changed from 1 to 9
detect_structure.cc:93 Dynamic f block size because the block size changed from 6 to 9
detect_structure.cc:114 Schur complement static structure <-1,-1,-1>.
schur_eliminator.cc:155 Template specializations not found for <-1,-1,-1>
block_sparse_matrix.cc:208 Allocating values array with 226120 bytes.
detect_structure.cc:63 Dynamic row block size because the block size changed from 2 to 15
detect_structure.cc:74 Dynamic e block size because the block size changed from 1 to 9
detect_structure.cc:93 Dynamic f block size because the block size changed from 6 to 9
detect_structure.cc:114 Schur complement static structure <-1,-1,-1>.
detect_structure.cc:63 Dynamic row block size because the block size changed from 2 to 15
detect_structure.cc:74 Dynamic e block size because the block size changed from 1 to 9
detect_structure.cc:93 Dynamic f block size because the block size changed from 6 to 9
detect_structure.cc:114 Schur complement static structure <-1,-1,-1>.
schur_eliminator.cc:155 Template specializations not found for <-1,-1,-1>
block_sparse_matrix.cc:208 Allocating values array with 239224 bytes.
detect_structure.cc:63 Dynamic row block size because the block size changed from 2 to 15
detect_structure.cc:74 Dynamic e block size because the block size changed from 1 to 9
detect_structure.cc:93 Dynamic f block size because the block size changed from 6 to 9
detect_structure.cc:114 Schur complement static structure <-1,-1,-1>.
detect_structure.cc:63 Dynamic row block size because the block size changed from 2 to 15
detect_structure.cc:74 Dynamic e block size because the block size changed from 1 to 9
detect_structure.cc:93 Dynamic f block size because the block size changed from 6 to 9
detect_structure.cc:114 Schur complement static structure <-1,-1,-1>.
schur_eliminator.cc:155 Template specializations not found for <-1,-1,-1>
block_sparse_matrix.cc:208 Allocating values array with 249000 bytes.
detect_structure.cc:63 Dynamic row block size because the block size changed from 2 to 15
detect_structure.cc:74 Dynamic e block size because the block size changed from 1 to 9
detect_structure.cc:93 Dynamic f block size because the block size changed from 6 to 9
detect_structure.cc:114 Schur complement static structure <-1,-1,-1>.
detect_structure.cc:63 Dynamic row block size because the block size changed from 2 to 15
detect_structure.cc:74 Dynamic e block size because the block size changed from 1 to 9
detect_structure.cc:93 Dynamic f block size because the block size changed from 6 to 9
detect_structure.cc:114 Schur complement static structure <-1,-1,-1>.
schur_eliminator.cc:155 Template specializations not found for <-1,-1,-1>
block_sparse_matrix.cc:208 Allocating values array with 259400 bytes.
detect_structure.cc:63 Dynamic row block size because the block size changed from 2 to 15
detect_structure.cc:74 Dynamic e block size because the block size changed from 1 to 9
detect_structure.cc:93 Dynamic f block size because the block size changed from 6 to 9
detect_structure.cc:114 Schur complement static structure <-1,-1,-1>.
detect_structure.cc:63 Dynamic row block size because the block size changed from 2 to 15
detect_structure.cc:74 Dynamic e block size because the block size changed from 1 to 9
detect_structure.cc:93 Dynamic f block size because the block size changed from 6 to 9
detect_structure.cc:114 Schur complement static structure <-1,-1,-1>.
schur_eliminator.cc:155 Template specializations not found for <-1,-1,-1>
block_sparse_matrix.cc:208 Allocating values array with 263352 bytes.
detect_structure.cc:63 Dynamic row block size because the block size changed from 2 to 15
detect_structure.cc:74 Dynamic e block size because the block size changed from 1 to 9
detect_structure.cc:93 Dynamic f block size because the block size changed from 6 to 9
detect_structure.cc:114 Schur complement static structure <-1,-1,-1>.
detect_structure.cc:63 Dynamic row block size because the block size changed from 2 to 15
detect_structure.cc:74 Dynamic e block size because the block size changed from 1 to 9
detect_structure.cc:93 Dynamic f block size because the block size changed from 6 to 9
detect_structure.cc:114 Schur complement static structure <-1,-1,-1>.
schur_eliminator.cc:155 Template specializations not found for <-1,-1,-1>
block_sparse_matrix.cc:208 Allocating values array with 264808 bytes.
detect_structure.cc:63 Dynamic row block size because the block size changed from 2 to 15
detect_structure.cc:74 Dynamic e block size because the block size changed from 1 to 9
detect_structure.cc:93 Dynamic f block size because the block size changed from 6 to 9
detect_structure.cc:114 Schur complement static structure <-1,-1,-1>.
detect_structure.cc:63 Dynamic row block size because the block size changed from 2 to 15
detect_structure.cc:74 Dynamic e block size because the block size changed from 1 to 9
detect_structure.cc:93 Dynamic f block size because the block size changed from 6 to 9
detect_structure.cc:114 Schur complement static structure <-1,-1,-1>.
schur_eliminator.cc:155 Template specializations not found for <-1,-1,-1>
block_sparse_matrix.cc:208 Allocating values array with 266264 bytes.
detect_structure.cc:63 Dynamic row block size because the block size changed from 2 to 15
detect_structure.cc:74 Dynamic e block size because the block size changed from 1 to 9
detect_structure.cc:93 Dynamic f block size because the block size changed from 6 to 9
detect_structure.cc:114 Schur complement static structure <-1,-1,-1>.
detect_structure.cc:63 Dynamic row block size because the block size changed from 2 to 15
detect_structure.cc:74 Dynamic e block size because the block size changed from 1 to 9
detect_structure.cc:93 Dynamic f block size because the block size changed from 6 to 9
detect_structure.cc:114 Schur complement static structure <-1,-1,-1>.
schur_eliminator.cc:155 Template specializations not found for <-1,-1,-1>
block_sparse_matrix.cc:208 Allocating values array with 267512 bytes.
detect_structure.cc:63 Dynamic row block size because the block size changed from 2 to 15
detect_structure.cc:74 Dynamic e block size because the block size changed from 1 to 9
detect_structure.cc:93 Dynamic f block size because the block size changed from 6 to 9
detect_structure.cc:114 Schur complement static structure <-1,-1,-1>.
detect_structure.cc:63 Dynamic row block size because the block size changed from 2 to 15
detect_structure.cc:74 Dynamic e block size because the block size changed from 1 to 9
detect_structure.cc:93 Dynamic f block size because the block size changed from 6 to 9
detect_structure.cc:114 Schur complement static structure <-1,-1,-1>.
schur_eliminator.cc:155 Template specializations not found for <-1,-1,-1>
block_sparse_matrix.cc:208 Allocating values array with 270632 bytes.
detect_structure.cc:63 Dynamic row block size because the block size changed from 2 to 15
detect_structure.cc:74 Dynamic e block size because the block size changed from 1 to 9
detect_structure.cc:93 Dynamic f block size because the block size changed from 6 to 9
detect_structure.cc:114 Schur complement static structure <-1,-1,-1>.
detect_structure.cc:63 Dynamic row block size because the block size changed from 2 to 15
detect_structure.cc:74 Dynamic e block size because the block size changed from 1 to 9
detect_structure.cc:93 Dynamic f block size because the block size changed from 6 to 9
detect_structure.cc:114 Schur complement static structure <-1,-1,-1>.
schur_eliminator.cc:155 Template specializations not found for <-1,-1,-1>
[FeatureTracker] F-matrix: 150 → 96 (rejected 54, threshold=1)
block_sparse_matrix.cc:208 Allocating values array with 266056 bytes.
detect_structure.cc:63 Dynamic row block size because the block size changed from 2 to 15
detect_structure.cc:74 Dynamic e block size because the block size changed from 1 to 9
detect_structure.cc:93 Dynamic f block size because the block size changed from 6 to 9
detect_structure.cc:114 Schur complement static structure <-1,-1,-1>.
detect_structure.cc:63 Dynamic row block size because the block size changed from 2 to 15
detect_structure.cc:74 Dynamic e block size because the block size changed from 1 to 9
detect_structure.cc:93 Dynamic f block size because the block size changed from 6 to 9
detect_structure.cc:114 Schur complement static structure <-1,-1,-1>.
schur_eliminator.cc:155 Template specializations not found for <-1,-1,-1>
[FeatureTracker] F-matrix: 150 → 103 (rejected 47, threshold=1)
block_sparse_matrix.cc:208 Allocating values array with 255240 bytes.
detect_structure.cc:63 Dynamic row block size because the block size changed from 2 to 15
detect_structure.cc:74 Dynamic e block size because the block size changed from 1 to 9
detect_structure.cc:93 Dynamic f block size because the block size changed from 6 to 9
detect_structure.cc:114 Schur complement static structure <-1,-1,-1>.
detect_structure.cc:63 Dynamic row block size because the block size changed from 2 to 15
detect_structure.cc:74 Dynamic e block size because the block size changed from 1 to 9
detect_structure.cc:93 Dynamic f block size because the block size changed from 6 to 9
detect_structure.cc:114 Schur complement static structure <-1,-1,-1>.
schur_eliminator.cc:155 Template specializations not found for <-1,-1,-1>
[FeatureTracker] F-matrix: 150 → 98 (rejected 52, threshold=1)
block_sparse_matrix.cc:208 Allocating values array with 248584 bytes.
detect_structure.cc:63 Dynamic row block size because the block size changed from 2 to 15
detect_structure.cc:74 Dynamic e block size because the block size changed from 1 to 9
detect_structure.cc:93 Dynamic f block size because the block size changed from 6 to 9
detect_structure.cc:114 Schur complement static structure <-1,-1,-1>.
detect_structure.cc:63 Dynamic row block size because the block size changed from 2 to 15
detect_structure.cc:74 Dynamic e block size because the block size changed from 1 to 9
detect_structure.cc:93 Dynamic f block size because the block size changed from 6 to 9
detect_structure.cc:114 Schur complement static structure <-1,-1,-1>.
schur_eliminator.cc:155 Template specializations not found for <-1,-1,-1>
[FeatureTracker] F-matrix: 149 → 100 (rejected 49, threshold=1)
block_sparse_matrix.cc:208 Allocating values array with 242344 bytes.
detect_structure.cc:63 Dynamic row block size because the block size changed from 2 to 15
detect_structure.cc:74 Dynamic e block size because the block size changed from 1 to 9
detect_structure.cc:93 Dynamic f block size because the block size changed from 6 to 9
detect_structure.cc:114 Schur complement static structure <-1,-1,-1>.
detect_structure.cc:63 Dynamic row block size because the block size changed from 2 to 15
detect_structure.cc:74 Dynamic e block size because the block size changed from 1 to 9
detect_structure.cc:93 Dynamic f block size because the block size changed from 6 to 9
detect_structure.cc:114 Schur complement static structure <-1,-1,-1>.
schur_eliminator.cc:155 Template specializations not found for <-1,-1,-1>
block_sparse_matrix.cc:208 Allocating values array with 240472 bytes.
detect_structure.cc:63 Dynamic row block size because the block size changed from 2 to 15
detect_structure.cc:74 Dynamic e block size because the block size changed from 1 to 9
detect_structure.cc:93 Dynamic f block size because the block size changed from 6 to 9
detect_structure.cc:114 Schur complement static structure <-1,-1,-1>.
detect_structure.cc:63 Dynamic row block size because the block size changed from 2 to 15
detect_structure.cc:74 Dynamic e block size because the block size changed from 1 to 9
detect_structure.cc:93 Dynamic f block size because the block size changed from 6 to 9
detect_structure.cc:114 Schur complement static structure <-1,-1,-1>.
schur_eliminator.cc:155 Template specializations not found for <-1,-1,-1>
[VIO DIAG] f=440 tri: ok=154 wait=8 fail=0 default=2 depth: avg=1.71729 min=0.411612 max=6.30821 |vel|=0.565731 vel=(0.393486,-0.0739859,0.399683) ba=(-0.0273451,-0.197322,-0.0255093) bg=(9.87914e-05,-0.000181419,-0.000152959)
[FeatureTracker] F-matrix: 150 → 101 (rejected 49, threshold=1)
block_sparse_matrix.cc:208 Allocating values array with 237352 bytes.
detect_structure.cc:63 Dynamic row block size because the block size changed from 2 to 15
detect_structure.cc:74 Dynamic e block size because the block size changed from 1 to 9
detect_structure.cc:93 Dynamic f block size because the block size changed from 6 to 9
detect_structure.cc:114 Schur complement static structure <-1,-1,-1>.
detect_structure.cc:63 Dynamic row block size because the block size changed from 2 to 15
detect_structure.cc:74 Dynamic e block size because the block size changed from 1 to 9
detect_structure.cc:93 Dynamic f block size because the block size changed from 6 to 9
detect_structure.cc:114 Schur complement static structure <-1,-1,-1>.
schur_eliminator.cc:155 Template specializations not found for <-1,-1,-1>
[FeatureTracker] F-matrix: 146 → 101 (rejected 45, threshold=1)
block_sparse_matrix.cc:208 Allocating values array with 235272 bytes.
detect_structure.cc:63 Dynamic row block size because the block size changed from 2 to 15
detect_structure.cc:74 Dynamic e block size because the block size changed from 1 to 9
detect_structure.cc:93 Dynamic f block size because the block size changed from 6 to 9
detect_structure.cc:114 Schur complement static structure <-1,-1,-1>.
detect_structure.cc:63 Dynamic row block size because the block size changed from 2 to 15
detect_structure.cc:74 Dynamic e block size because the block size changed from 1 to 9
detect_structure.cc:93 Dynamic f block size because the block size changed from 6 to 9
detect_structure.cc:114 Schur complement static structure <-1,-1,-1>.
schur_eliminator.cc:155 Template specializations not found for <-1,-1,-1>
block_sparse_matrix.cc:208 Allocating values array with 229448 bytes.
detect_structure.cc:63 Dynamic row block size because the block size changed from 2 to 15
detect_structure.cc:74 Dynamic e block size because the block size changed from 1 to 9
detect_structure.cc:93 Dynamic f block size because the block size changed from 6 to 9
detect_structure.cc:114 Schur complement static structure <-1,-1,-1>.
detect_structure.cc:63 Dynamic row block size because the block size changed from 2 to 15
detect_structure.cc:74 Dynamic e block size because the block size changed from 1 to 9
detect_structure.cc:93 Dynamic f block size because the block size changed from 6 to 9
detect_structure.cc:114 Schur complement static structure <-1,-1,-1>.
schur_eliminator.cc:155 Template specializations not found for <-1,-1,-1>
block_sparse_matrix.cc:208 Allocating values array with 225704 bytes.
detect_structure.cc:63 Dynamic row block size because the block size changed from 2 to 15
detect_structure.cc:74 Dynamic e block size because the block size changed from 1 to 9
detect_structure.cc:93 Dynamic f block size because the block size changed from 6 to 9
detect_structure.cc:114 Schur complement static structure <-1,-1,-1>.
detect_structure.cc:63 Dynamic row block size because the block size changed from 2 to 15
detect_structure.cc:74 Dynamic e block size because the block size changed from 1 to 9
detect_structure.cc:93 Dynamic f block size because the block size changed from 6 to 9
detect_structure.cc:114 Schur complement static structure <-1,-1,-1>.
schur_eliminator.cc:155 Template specializations not found for <-1,-1,-1>
block_sparse_matrix.cc:208 Allocating values array with 228616 bytes.
detect_structure.cc:63 Dynamic row block size because the block size changed from 2 to 15
detect_structure.cc:74 Dynamic e block size because the block size changed from 1 to 9
detect_structure.cc:93 Dynamic f block size because the block size changed from 6 to 9
detect_structure.cc:114 Schur complement static structure <-1,-1,-1>.
detect_structure.cc:63 Dynamic row block size because the block size changed from 2 to 15
detect_structure.cc:74 Dynamic e block size because the block size changed from 1 to 9
detect_structure.cc:93 Dynamic f block size because the block size changed from 6 to 9
detect_structure.cc:114 Schur complement static structure <-1,-1,-1>.
schur_eliminator.cc:155 Template specializations not found for <-1,-1,-1>
block_sparse_matrix.cc:208 Allocating values array with 240056 bytes.
detect_structure.cc:63 Dynamic row block size because the block size changed from 2 to 15
detect_structure.cc:74 Dynamic e block size because the block size changed from 1 to 9
detect_structure.cc:93 Dynamic f block size because the block size changed from 6 to 9
detect_structure.cc:114 Schur complement static structure <-1,-1,-1>.
detect_structure.cc:63 Dynamic row block size because the block size changed from 2 to 15
detect_structure.cc:74 Dynamic e block size because the block size changed from 1 to 9
detect_structure.cc:93 Dynamic f block size because the block size changed from 6 to 9
detect_structure.cc:114 Schur complement static structure <-1,-1,-1>.
schur_eliminator.cc:155 Template specializations not found for <-1,-1,-1>
block_sparse_matrix.cc:208 Allocating values array with 244632 bytes.
detect_structure.cc:63 Dynamic row block size because the block size changed from 2 to 15
detect_structure.cc:74 Dynamic e block size because the block size changed from 1 to 9
detect_structure.cc:93 Dynamic f block size because the block size changed from 6 to 9
detect_structure.cc:114 Schur complement static structure <-1,-1,-1>.
detect_structure.cc:63 Dynamic row block size because the block size changed from 2 to 15
detect_structure.cc:74 Dynamic e block size because the block size changed from 1 to 9
detect_structure.cc:93 Dynamic f block size because the block size changed from 6 to 9
detect_structure.cc:114 Schur complement static structure <-1,-1,-1>.
schur_eliminator.cc:155 Template specializations not found for <-1,-1,-1>
block_sparse_matrix.cc:208 Allocating values array with 249832 bytes.
detect_structure.cc:63 Dynamic row block size because the block size changed from 2 to 15
detect_structure.cc:74 Dynamic e block size because the block size changed from 1 to 9
detect_structure.cc:93 Dynamic f block size because the block size changed from 6 to 9
detect_structure.cc:114 Schur complement static structure <-1,-1,-1>.
detect_structure.cc:63 Dynamic row block size because the block size changed from 2 to 15
detect_structure.cc:74 Dynamic e block size because the block size changed from 1 to 9
detect_structure.cc:93 Dynamic f block size because the block size changed from 6 to 9
detect_structure.cc:114 Schur complement static structure <-1,-1,-1>.
schur_eliminator.cc:155 Template specializations not found for <-1,-1,-1>
[FeatureTracker] F-matrix: 126 → 68 (rejected 58, threshold=1)
block_sparse_matrix.cc:208 Allocating values array with 248792 bytes.
detect_structure.cc:63 Dynamic row block size because the block size changed from 2 to 15
detect_structure.cc:74 Dynamic e block size because the block size changed from 1 to 9
detect_structure.cc:93 Dynamic f block size because the block size changed from 6 to 9
detect_structure.cc:114 Schur complement static structure <-1,-1,-1>.
detect_structure.cc:63 Dynamic row block size because the block size changed from 2 to 15
detect_structure.cc:74 Dynamic e block size because the block size changed from 1 to 9
detect_structure.cc:93 Dynamic f block size because the block size changed from 6 to 9
detect_structure.cc:114 Schur complement static structure <-1,-1,-1>.
schur_eliminator.cc:155 Template specializations not found for <-1,-1,-1>
block_sparse_matrix.cc:208 Allocating values array with 243384 bytes.
detect_structure.cc:63 Dynamic row block size because the block size changed from 2 to 15
detect_structure.cc:74 Dynamic e block size because the block size changed from 1 to 9
detect_structure.cc:93 Dynamic f block size because the block size changed from 6 to 9
detect_structure.cc:114 Schur complement static structure <-1,-1,-1>.
detect_structure.cc:63 Dynamic row block size because the block size changed from 2 to 15
detect_structure.cc:74 Dynamic e block size because the block size changed from 1 to 9
detect_structure.cc:93 Dynamic f block size because the block size changed from 6 to 9
detect_structure.cc:114 Schur complement static structure <-1,-1,-1>.
schur_eliminator.cc:155 Template specializations not found for <-1,-1,-1>
block_sparse_matrix.cc:208 Allocating values array with 238184 bytes.
detect_structure.cc:63 Dynamic row block size because the block size changed from 2 to 15
detect_structure.cc:74 Dynamic e block size because the block size changed from 1 to 9
detect_structure.cc:93 Dynamic f block size because the block size changed from 6 to 9
detect_structure.cc:114 Schur complement static structure <-1,-1,-1>.
detect_structure.cc:63 Dynamic row block size because the block size changed from 2 to 15
detect_structure.cc:74 Dynamic e block size because the block size changed from 1 to 9
detect_structure.cc:93 Dynamic f block size because the block size changed from 6 to 9
detect_structure.cc:114 Schur complement static structure <-1,-1,-1>.
schur_eliminator.cc:155 Template specializations not found for <-1,-1,-1>
block_sparse_matrix.cc:208 Allocating values array with 234856 bytes.
detect_structure.cc:63 Dynamic row block size because the block size changed from 2 to 15
detect_structure.cc:74 Dynamic e block size because the block size changed from 1 to 9
detect_structure.cc:93 Dynamic f block size because the block size changed from 6 to 9
detect_structure.cc:114 Schur complement static structure <-1,-1,-1>.
detect_structure.cc:63 Dynamic row block size because the block size changed from 2 to 15
detect_structure.cc:74 Dynamic e block size because the block size changed from 1 to 9
detect_structure.cc:93 Dynamic f block size because the block size changed from 6 to 9
detect_structure.cc:114 Schur complement static structure <-1,-1,-1>.
schur_eliminator.cc:155 Template specializations not found for <-1,-1,-1>
block_sparse_matrix.cc:208 Allocating values array with 245256 bytes.
detect_structure.cc:63 Dynamic row block size because the block size changed from 2 to 15
detect_structure.cc:74 Dynamic e block size because the block size changed from 1 to 9
detect_structure.cc:93 Dynamic f block size because the block size changed from 6 to 9
detect_structure.cc:114 Schur complement static structure <-1,-1,-1>.
detect_structure.cc:63 Dynamic row block size because the block size changed from 2 to 15
detect_structure.cc:74 Dynamic e block size because the block size changed from 1 to 9
detect_structure.cc:93 Dynamic f block size because the block size changed from 6 to 9
detect_structure.cc:114 Schur complement static structure <-1,-1,-1>.
schur_eliminator.cc:155 Template specializations not found for <-1,-1,-1>
block_sparse_matrix.cc:208 Allocating values array with 241304 bytes.
detect_structure.cc:63 Dynamic row block size because the block size changed from 2 to 15
detect_structure.cc:74 Dynamic e block size because the block size changed from 1 to 9
detect_structure.cc:93 Dynamic f block size because the block size changed from 6 to 9
detect_structure.cc:114 Schur complement static structure <-1,-1,-1>.
detect_structure.cc:63 Dynamic row block size because the block size changed from 2 to 15
detect_structure.cc:74 Dynamic e block size because the block size changed from 1 to 9
detect_structure.cc:93 Dynamic f block size because the block size changed from 6 to 9
detect_structure.cc:114 Schur complement static structure <-1,-1,-1>.
schur_eliminator.cc:155 Template specializations not found for <-1,-1,-1>
[Replay] 500/600 frames, 455 valid poses
block_sparse_matrix.cc:208 Allocating values array with 236728 bytes.
detect_structure.cc:63 Dynamic row block size because the block size changed from 2 to 15
detect_structure.cc:74 Dynamic e block size because the block size changed from 1 to 9
detect_structure.cc:93 Dynamic f block size because the block size changed from 6 to 9
detect_structure.cc:114 Schur complement static structure <-1,-1,-1>.
detect_structure.cc:63 Dynamic row block size because the block size changed from 2 to 15
detect_structure.cc:74 Dynamic e block size because the block size changed from 1 to 9
detect_structure.cc:93 Dynamic f block size because the block size changed from 6 to 9
detect_structure.cc:114 Schur complement static structure <-1,-1,-1>.
schur_eliminator.cc:155 Template specializations not found for <-1,-1,-1>
block_sparse_matrix.cc:208 Allocating values array with 232360 bytes.
detect_structure.cc:63 Dynamic row block size because the block size changed from 2 to 15
detect_structure.cc:74 Dynamic e block size because the block size changed from 1 to 9
detect_structure.cc:93 Dynamic f block size because the block size changed from 6 to 9
detect_structure.cc:114 Schur complement static structure <-1,-1,-1>.
detect_structure.cc:63 Dynamic row block size because the block size changed from 2 to 15
detect_structure.cc:74 Dynamic e block size because the block size changed from 1 to 9
detect_structure.cc:93 Dynamic f block size because the block size changed from 6 to 9
detect_structure.cc:114 Schur complement static structure <-1,-1,-1>.
schur_eliminator.cc:155 Template specializations not found for <-1,-1,-1>
[FeatureTracker] F-matrix: 110 → 51 (rejected 59, threshold=1)
block_sparse_matrix.cc:208 Allocating values array with 223416 bytes.
detect_structure.cc:63 Dynamic row block size because the block size changed from 2 to 15
detect_structure.cc:74 Dynamic e block size because the block size changed from 1 to 9
detect_structure.cc:93 Dynamic f block size because the block size changed from 6 to 9
detect_structure.cc:114 Schur complement static structure <-1,-1,-1>.
detect_structure.cc:63 Dynamic row block size because the block size changed from 2 to 15
detect_structure.cc:74 Dynamic e block size because the block size changed from 1 to 9
detect_structure.cc:93 Dynamic f block size because the block size changed from 6 to 9
detect_structure.cc:114 Schur complement static structure <-1,-1,-1>.
schur_eliminator.cc:155 Template specializations not found for <-1,-1,-1>
[FeatureTracker] F-matrix: 149 → 99 (rejected 50, threshold=1)
block_sparse_matrix.cc:208 Allocating values array with 210936 bytes.
detect_structure.cc:63 Dynamic row block size because the block size changed from 2 to 15
detect_structure.cc:74 Dynamic e block size because the block size changed from 1 to 9
detect_structure.cc:93 Dynamic f block size because the block size changed from 6 to 9
detect_structure.cc:114 Schur complement static structure <-1,-1,-1>.
detect_structure.cc:63 Dynamic row block size because the block size changed from 2 to 15
detect_structure.cc:74 Dynamic e block size because the block size changed from 1 to 9
detect_structure.cc:93 Dynamic f block size because the block size changed from 6 to 9
detect_structure.cc:114 Schur complement static structure <-1,-1,-1>.
schur_eliminator.cc:155 Template specializations not found for <-1,-1,-1>
[FeatureTracker] F-matrix: 148 → 94 (rejected 54, threshold=1)
block_sparse_matrix.cc:208 Allocating values array with 205112 bytes.
detect_structure.cc:63 Dynamic row block size because the block size changed from 2 to 15
detect_structure.cc:74 Dynamic e block size because the block size changed from 1 to 9
detect_structure.cc:93 Dynamic f block size because the block size changed from 6 to 9
detect_structure.cc:114 Schur complement static structure <-1,-1,-1>.
detect_structure.cc:63 Dynamic row block size because the block size changed from 2 to 15
detect_structure.cc:74 Dynamic e block size because the block size changed from 1 to 9
detect_structure.cc:93 Dynamic f block size because the block size changed from 6 to 9
detect_structure.cc:114 Schur complement static structure <-1,-1,-1>.
schur_eliminator.cc:155 Template specializations not found for <-1,-1,-1>
[FeatureTracker] F-matrix: 146 → 101 (rejected 45, threshold=1)
block_sparse_matrix.cc:208 Allocating values array with 201576 bytes.
detect_structure.cc:63 Dynamic row block size because the block size changed from 2 to 15
detect_structure.cc:74 Dynamic e block size because the block size changed from 1 to 9
detect_structure.cc:93 Dynamic f block size because the block size changed from 6 to 9
detect_structure.cc:114 Schur complement static structure <-1,-1,-1>.
detect_structure.cc:63 Dynamic row block size because the block size changed from 2 to 15
detect_structure.cc:74 Dynamic e block size because the block size changed from 1 to 9
detect_structure.cc:93 Dynamic f block size because the block size changed from 6 to 9
detect_structure.cc:114 Schur complement static structure <-1,-1,-1>.
schur_eliminator.cc:155 Template specializations not found for <-1,-1,-1>
[VIO DIAG] f=460 tri: ok=119 wait=37 fail=0 default=0 depth: avg=1.17508 min=0.407889 max=1.67956 |vel|=0.418976 vel=(-0.171472,-0.0121363,0.382088) ba=(-0.0523463,-0.21911,-0.0224463) bg=(8.00089e-05,-0.000297691,-0.000231033)
block_sparse_matrix.cc:208 Allocating values array with 209272 bytes.
detect_structure.cc:63 Dynamic row block size because the block size changed from 2 to 15
detect_structure.cc:74 Dynamic e block size because the block size changed from 1 to 9
detect_structure.cc:93 Dynamic f block size because the block size changed from 6 to 9
detect_structure.cc:114 Schur complement static structure <-1,-1,-1>.
detect_structure.cc:63 Dynamic row block size because the block size changed from 2 to 15
detect_structure.cc:74 Dynamic e block size because the block size changed from 1 to 9
detect_structure.cc:93 Dynamic f block size because the block size changed from 6 to 9
detect_structure.cc:114 Schur complement static structure <-1,-1,-1>.
schur_eliminator.cc:155 Template specializations not found for <-1,-1,-1>
block_sparse_matrix.cc:208 Allocating values array with 209896 bytes.
detect_structure.cc:63 Dynamic row block size because the block size changed from 2 to 15
detect_structure.cc:74 Dynamic e block size because the block size changed from 1 to 9
detect_structure.cc:93 Dynamic f block size because the block size changed from 6 to 9
detect_structure.cc:114 Schur complement static structure <-1,-1,-1>.
detect_structure.cc:63 Dynamic row block size because the block size changed from 2 to 15
detect_structure.cc:74 Dynamic e block size because the block size changed from 1 to 9
detect_structure.cc:93 Dynamic f block size because the block size changed from 6 to 9
detect_structure.cc:114 Schur complement static structure <-1,-1,-1>.
schur_eliminator.cc:155 Template specializations not found for <-1,-1,-1>
block_sparse_matrix.cc:208 Allocating values array with 214888 bytes.
detect_structure.cc:63 Dynamic row block size because the block size changed from 2 to 15
detect_structure.cc:74 Dynamic e block size because the block size changed from 1 to 9
detect_structure.cc:93 Dynamic f block size because the block size changed from 6 to 9
detect_structure.cc:114 Schur complement static structure <-1,-1,-1>.
detect_structure.cc:63 Dynamic row block size because the block size changed from 2 to 15
detect_structure.cc:74 Dynamic e block size because the block size changed from 1 to 9
detect_structure.cc:93 Dynamic f block size because the block size changed from 6 to 9
detect_structure.cc:114 Schur complement static structure <-1,-1,-1>.
schur_eliminator.cc:155 Template specializations not found for <-1,-1,-1>
block_sparse_matrix.cc:208 Allocating values array with 224248 bytes.
detect_structure.cc:63 Dynamic row block size because the block size changed from 2 to 15
detect_structure.cc:74 Dynamic e block size because the block size changed from 1 to 9
detect_structure.cc:93 Dynamic f block size because the block size changed from 6 to 9
detect_structure.cc:114 Schur complement static structure <-1,-1,-1>.
detect_structure.cc:63 Dynamic row block size because the block size changed from 2 to 15
detect_structure.cc:74 Dynamic e block size because the block size changed from 1 to 9
detect_structure.cc:93 Dynamic f block size because the block size changed from 6 to 9
detect_structure.cc:114 Schur complement static structure <-1,-1,-1>.
schur_eliminator.cc:155 Template specializations not found for <-1,-1,-1>
block_sparse_matrix.cc:208 Allocating values array with 229240 bytes.
detect_structure.cc:63 Dynamic row block size because the block size changed from 2 to 15
detect_structure.cc:74 Dynamic e block size because the block size changed from 1 to 9
detect_structure.cc:93 Dynamic f block size because the block size changed from 6 to 9
detect_structure.cc:114 Schur complement static structure <-1,-1,-1>.
detect_structure.cc:63 Dynamic row block size because the block size changed from 2 to 15
detect_structure.cc:74 Dynamic e block size because the block size changed from 1 to 9
detect_structure.cc:93 Dynamic f block size because the block size changed from 6 to 9
detect_structure.cc:114 Schur complement static structure <-1,-1,-1>.
schur_eliminator.cc:155 Template specializations not found for <-1,-1,-1>
block_sparse_matrix.cc:208 Allocating values array with 229448 bytes.
detect_structure.cc:63 Dynamic row block size because the block size changed from 2 to 15
detect_structure.cc:74 Dynamic e block size because the block size changed from 1 to 9
detect_structure.cc:93 Dynamic f block size because the block size changed from 6 to 9
detect_structure.cc:114 Schur complement static structure <-1,-1,-1>.
detect_structure.cc:63 Dynamic row block size because the block size changed from 2 to 15
detect_structure.cc:74 Dynamic e block size because the block size changed from 1 to 9
detect_structure.cc:93 Dynamic f block size because the block size changed from 6 to 9
detect_structure.cc:114 Schur complement static structure <-1,-1,-1>.
schur_eliminator.cc:155 Template specializations not found for <-1,-1,-1>
block_sparse_matrix.cc:208 Allocating values array with 234232 bytes.
detect_structure.cc:63 Dynamic row block size because the block size changed from 2 to 15
detect_structure.cc:74 Dynamic e block size because the block size changed from 1 to 9
detect_structure.cc:93 Dynamic f block size because the block size changed from 6 to 9
detect_structure.cc:114 Schur complement static structure <-1,-1,-1>.
detect_structure.cc:63 Dynamic row block size because the block size changed from 2 to 15
detect_structure.cc:74 Dynamic e block size because the block size changed from 1 to 9
detect_structure.cc:93 Dynamic f block size because the block size changed from 6 to 9
detect_structure.cc:114 Schur complement static structure <-1,-1,-1>.
schur_eliminator.cc:155 Template specializations not found for <-1,-1,-1>
[FeatureTracker] F-matrix: 145 → 88 (rejected 57, threshold=1)
block_sparse_matrix.cc:208 Allocating values array with 241512 bytes.
detect_structure.cc:63 Dynamic row block size because the block size changed from 2 to 15
detect_structure.cc:74 Dynamic e block size because the block size changed from 1 to 9
detect_structure.cc:93 Dynamic f block size because the block size changed from 6 to 9
detect_structure.cc:114 Schur complement static structure <-1,-1,-1>.
detect_structure.cc:63 Dynamic row block size because the block size changed from 2 to 15
detect_structure.cc:74 Dynamic e block size because the block size changed from 1 to 9
detect_structure.cc:93 Dynamic f block size because the block size changed from 6 to 9
detect_structure.cc:114 Schur complement static structure <-1,-1,-1>.
schur_eliminator.cc:155 Template specializations not found for <-1,-1,-1>
[FeatureTracker] F-matrix: 147 → 88 (rejected 59, threshold=1)
block_sparse_matrix.cc:208 Allocating values array with 241512 bytes.
detect_structure.cc:63 Dynamic row block size because the block size changed from 2 to 15
detect_structure.cc:74 Dynamic e block size because the block size changed from 1 to 9
detect_structure.cc:93 Dynamic f block size because the block size changed from 6 to 9
detect_structure.cc:114 Schur complement static structure <-1,-1,-1>.
detect_structure.cc:63 Dynamic row block size because the block size changed from 2 to 15
detect_structure.cc:74 Dynamic e block size because the block size changed from 1 to 9
detect_structure.cc:93 Dynamic f block size because the block size changed from 6 to 9
detect_structure.cc:114 Schur complement static structure <-1,-1,-1>.
schur_eliminator.cc:155 Template specializations not found for <-1,-1,-1>
[FeatureTracker] F-matrix: 149 → 99 (rejected 50, threshold=1)
block_sparse_matrix.cc:208 Allocating values array with 240680 bytes.
detect_structure.cc:63 Dynamic row block size because the block size changed from 2 to 15
detect_structure.cc:74 Dynamic e block size because the block size changed from 1 to 9
detect_structure.cc:93 Dynamic f block size because the block size changed from 6 to 9
detect_structure.cc:114 Schur complement static structure <-1,-1,-1>.
detect_structure.cc:63 Dynamic row block size because the block size changed from 2 to 15
detect_structure.cc:74 Dynamic e block size because the block size changed from 1 to 9
detect_structure.cc:93 Dynamic f block size because the block size changed from 6 to 9
detect_structure.cc:114 Schur complement static structure <-1,-1,-1>.
schur_eliminator.cc:155 Template specializations not found for <-1,-1,-1>
block_sparse_matrix.cc:208 Allocating values array with 238600 bytes.
detect_structure.cc:63 Dynamic row block size because the block size changed from 2 to 15
detect_structure.cc:74 Dynamic e block size because the block size changed from 1 to 9
detect_structure.cc:93 Dynamic f block size because the block size changed from 6 to 9
detect_structure.cc:114 Schur complement static structure <-1,-1,-1>.
detect_structure.cc:63 Dynamic row block size because the block size changed from 2 to 15
detect_structure.cc:74 Dynamic e block size because the block size changed from 1 to 9
detect_structure.cc:93 Dynamic f block size because the block size changed from 6 to 9
detect_structure.cc:114 Schur complement static structure <-1,-1,-1>.
schur_eliminator.cc:155 Template specializations not found for <-1,-1,-1>
block_sparse_matrix.cc:208 Allocating values array with 234024 bytes.
detect_structure.cc:63 Dynamic row block size because the block size changed from 2 to 15
detect_structure.cc:74 Dynamic e block size because the block size changed from 1 to 9
detect_structure.cc:93 Dynamic f block size because the block size changed from 6 to 9
detect_structure.cc:114 Schur complement static structure <-1,-1,-1>.
detect_structure.cc:63 Dynamic row block size because the block size changed from 2 to 15
detect_structure.cc:74 Dynamic e block size because the block size changed from 1 to 9
detect_structure.cc:93 Dynamic f block size because the block size changed from 6 to 9
detect_structure.cc:114 Schur complement static structure <-1,-1,-1>.
schur_eliminator.cc:155 Template specializations not found for <-1,-1,-1>
[FeatureTracker] F-matrix: 134 → 77 (rejected 57, threshold=1)
block_sparse_matrix.cc:208 Allocating values array with 228616 bytes.
detect_structure.cc:63 Dynamic row block size because the block size changed from 2 to 15
detect_structure.cc:74 Dynamic e block size because the block size changed from 1 to 9
detect_structure.cc:93 Dynamic f block size because the block size changed from 6 to 9
detect_structure.cc:114 Schur complement static structure <-1,-1,-1>.
detect_structure.cc:63 Dynamic row block size because the block size changed from 2 to 15
detect_structure.cc:74 Dynamic e block size because the block size changed from 1 to 9
detect_structure.cc:93 Dynamic f block size because the block size changed from 6 to 9
detect_structure.cc:114 Schur complement static structure <-1,-1,-1>.
schur_eliminator.cc:155 Template specializations not found for <-1,-1,-1>
block_sparse_matrix.cc:208 Allocating values array with 226744 bytes.
detect_structure.cc:63 Dynamic row block size because the block size changed from 2 to 15
detect_structure.cc:74 Dynamic e block size because the block size changed from 1 to 9
detect_structure.cc:93 Dynamic f block size because the block size changed from 6 to 9
detect_structure.cc:114 Schur complement static structure <-1,-1,-1>.
detect_structure.cc:63 Dynamic row block size because the block size changed from 2 to 15
detect_structure.cc:74 Dynamic e block size because the block size changed from 1 to 9
detect_structure.cc:93 Dynamic f block size because the block size changed from 6 to 9
detect_structure.cc:114 Schur complement static structure <-1,-1,-1>.
schur_eliminator.cc:155 Template specializations not found for <-1,-1,-1>
block_sparse_matrix.cc:208 Allocating values array with 227992 bytes.
detect_structure.cc:63 Dynamic row block size because the block size changed from 2 to 15
detect_structure.cc:74 Dynamic e block size because the block size changed from 1 to 9
detect_structure.cc:93 Dynamic f block size because the block size changed from 6 to 9
detect_structure.cc:114 Schur complement static structure <-1,-1,-1>.
detect_structure.cc:63 Dynamic row block size because the block size changed from 2 to 15
detect_structure.cc:74 Dynamic e block size because the block size changed from 1 to 9
detect_structure.cc:93 Dynamic f block size because the block size changed from 6 to 9
detect_structure.cc:114 Schur complement static structure <-1,-1,-1>.
schur_eliminator.cc:155 Template specializations not found for <-1,-1,-1>
block_sparse_matrix.cc:208 Allocating values array with 228200 bytes.
detect_structure.cc:63 Dynamic row block size because the block size changed from 2 to 15
detect_structure.cc:74 Dynamic e block size because the block size changed from 1 to 9
detect_structure.cc:93 Dynamic f block size because the block size changed from 6 to 9
detect_structure.cc:114 Schur complement static structure <-1,-1,-1>.
detect_structure.cc:63 Dynamic row block size because the block size changed from 2 to 15
detect_structure.cc:74 Dynamic e block size because the block size changed from 1 to 9
detect_structure.cc:93 Dynamic f block size because the block size changed from 6 to 9
detect_structure.cc:114 Schur complement static structure <-1,-1,-1>.
schur_eliminator.cc:155 Template specializations not found for <-1,-1,-1>
block_sparse_matrix.cc:208 Allocating values array with 221160 bytes.
detect_structure.cc:63 Dynamic row block size because the block size changed from 2 to 15
detect_structure.cc:74 Dynamic e block size because the block size changed from 1 to 9
detect_structure.cc:93 Dynamic f block size because the block size changed from 6 to 9
detect_structure.cc:114 Schur complement static structure <-1,-1,-1>.
detect_structure.cc:63 Dynamic row block size because the block size changed from 2 to 15
detect_structure.cc:74 Dynamic e block size because the block size changed from 1 to 9
detect_structure.cc:93 Dynamic f block size because the block size changed from 6 to 9
detect_structure.cc:114 Schur complement static structure <-1,-1,-1>.
schur_eliminator.cc:155 Template specializations not found for <-1,-1,-1>
block_sparse_matrix.cc:208 Allocating values array with 239432 bytes.
detect_structure.cc:63 Dynamic row block size because the block size changed from 2 to 15
detect_structure.cc:74 Dynamic e block size because the block size changed from 1 to 9
detect_structure.cc:93 Dynamic f block size because the block size changed from 6 to 9
detect_structure.cc:114 Schur complement static structure <-1,-1,-1>.
detect_structure.cc:63 Dynamic row block size because the block size changed from 2 to 15
detect_structure.cc:74 Dynamic e block size because the block size changed from 1 to 9
detect_structure.cc:93 Dynamic f block size because the block size changed from 6 to 9
detect_structure.cc:114 Schur complement static structure <-1,-1,-1>.
schur_eliminator.cc:155 Template specializations not found for <-1,-1,-1>
[FeatureTracker] F-matrix: 149 → 104 (rejected 45, threshold=1)
block_sparse_matrix.cc:208 Allocating values array with 244424 bytes.
detect_structure.cc:63 Dynamic row block size because the block size changed from 2 to 15
detect_structure.cc:74 Dynamic e block size because the block size changed from 1 to 9
detect_structure.cc:93 Dynamic f block size because the block size changed from 6 to 9
detect_structure.cc:114 Schur complement static structure <-1,-1,-1>.
detect_structure.cc:63 Dynamic row block size because the block size changed from 2 to 15
detect_structure.cc:74 Dynamic e block size because the block size changed from 1 to 9
detect_structure.cc:93 Dynamic f block size because the block size changed from 6 to 9
detect_structure.cc:114 Schur complement static structure <-1,-1,-1>.
schur_eliminator.cc:155 Template specializations not found for <-1,-1,-1>
block_sparse_matrix.cc:208 Allocating values array with 245048 bytes.
detect_structure.cc:63 Dynamic row block size because the block size changed from 2 to 15
detect_structure.cc:74 Dynamic e block size because the block size changed from 1 to 9
detect_structure.cc:93 Dynamic f block size because the block size changed from 6 to 9
detect_structure.cc:114 Schur complement static structure <-1,-1,-1>.
detect_structure.cc:63 Dynamic row block size because the block size changed from 2 to 15
detect_structure.cc:74 Dynamic e block size because the block size changed from 1 to 9
detect_structure.cc:93 Dynamic f block size because the block size changed from 6 to 9
detect_structure.cc:114 Schur complement static structure <-1,-1,-1>.
schur_eliminator.cc:155 Template specializations not found for <-1,-1,-1>
[VIO DIAG] f=480 tri: ok=156 wait=5 fail=0 default=0 depth: avg=1.36254 min=0.0669718 max=35.5168 |vel|=0.381688 vel=(0.100136,-0.0210519,-0.367716) ba=(-0.0606511,-0.218461,-0.0236226) bg=(0.000142371,-0.000383258,-0.000238172)
block_sparse_matrix.cc:208 Allocating values array with 248376 bytes.
detect_structure.cc:63 Dynamic row block size because the block size changed from 2 to 15
detect_structure.cc:74 Dynamic e block size because the block size changed from 1 to 9
detect_structure.cc:93 Dynamic f block size because the block size changed from 6 to 9
detect_structure.cc:114 Schur complement static structure <-1,-1,-1>.
detect_structure.cc:63 Dynamic row block size because the block size changed from 2 to 15
detect_structure.cc:74 Dynamic e block size because the block size changed from 1 to 9
detect_structure.cc:93 Dynamic f block size because the block size changed from 6 to 9
detect_structure.cc:114 Schur complement static structure <-1,-1,-1>.
schur_eliminator.cc:155 Template specializations not found for <-1,-1,-1>
[FeatureTracker] F-matrix: 138 → 96 (rejected 42, threshold=1)
block_sparse_matrix.cc:208 Allocating values array with 247960 bytes.
detect_structure.cc:63 Dynamic row block size because the block size changed from 2 to 15
detect_structure.cc:74 Dynamic e block size because the block size changed from 1 to 9
detect_structure.cc:93 Dynamic f block size because the block size changed from 6 to 9
detect_structure.cc:114 Schur complement static structure <-1,-1,-1>.
detect_structure.cc:63 Dynamic row block size because the block size changed from 2 to 15
detect_structure.cc:74 Dynamic e block size because the block size changed from 1 to 9
detect_structure.cc:93 Dynamic f block size because the block size changed from 6 to 9
detect_structure.cc:114 Schur complement static structure <-1,-1,-1>.
schur_eliminator.cc:155 Template specializations not found for <-1,-1,-1>
block_sparse_matrix.cc:208 Allocating values array with 248792 bytes.
detect_structure.cc:63 Dynamic row block size because the block size changed from 2 to 15
detect_structure.cc:74 Dynamic e block size because the block size changed from 1 to 9
detect_structure.cc:93 Dynamic f block size because the block size changed from 6 to 9
detect_structure.cc:114 Schur complement static structure <-1,-1,-1>.
detect_structure.cc:63 Dynamic row block size because the block size changed from 2 to 15
detect_structure.cc:74 Dynamic e block size because the block size changed from 1 to 9
detect_structure.cc:93 Dynamic f block size because the block size changed from 6 to 9
detect_structure.cc:114 Schur complement static structure <-1,-1,-1>.
schur_eliminator.cc:155 Template specializations not found for <-1,-1,-1>
block_sparse_matrix.cc:208 Allocating values array with 250248 bytes.
detect_structure.cc:63 Dynamic row block size because the block size changed from 2 to 15
detect_structure.cc:74 Dynamic e block size because the block size changed from 1 to 9
detect_structure.cc:93 Dynamic f block size because the block size changed from 6 to 9
detect_structure.cc:114 Schur complement static structure <-1,-1,-1>.
detect_structure.cc:63 Dynamic row block size because the block size changed from 2 to 15
detect_structure.cc:74 Dynamic e block size because the block size changed from 1 to 9
detect_structure.cc:93 Dynamic f block size because the block size changed from 6 to 9
detect_structure.cc:114 Schur complement static structure <-1,-1,-1>.
schur_eliminator.cc:155 Template specializations not found for <-1,-1,-1>
block_sparse_matrix.cc:208 Allocating values array with 250456 bytes.
detect_structure.cc:63 Dynamic row block size because the block size changed from 2 to 15
detect_structure.cc:74 Dynamic e block size because the block size changed from 1 to 9
detect_structure.cc:93 Dynamic f block size because the block size changed from 6 to 9
detect_structure.cc:114 Schur complement static structure <-1,-1,-1>.
detect_structure.cc:63 Dynamic row block size because the block size changed from 2 to 15
detect_structure.cc:74 Dynamic e block size because the block size changed from 1 to 9
detect_structure.cc:93 Dynamic f block size because the block size changed from 6 to 9
detect_structure.cc:114 Schur complement static structure <-1,-1,-1>.
schur_eliminator.cc:155 Template specializations not found for <-1,-1,-1>
[FeatureTracker] F-matrix: 147 → 102 (rejected 45, threshold=1)
block_sparse_matrix.cc:208 Allocating values array with 246296 bytes.
detect_structure.cc:63 Dynamic row block size because the block size changed from 2 to 15
detect_structure.cc:74 Dynamic e block size because the block size changed from 1 to 9
detect_structure.cc:93 Dynamic f block size because the block size changed from 6 to 9
detect_structure.cc:114 Schur complement static structure <-1,-1,-1>.
detect_structure.cc:63 Dynamic row block size because the block size changed from 2 to 15
detect_structure.cc:74 Dynamic e block size because the block size changed from 1 to 9
detect_structure.cc:93 Dynamic f block size because the block size changed from 6 to 9
detect_structure.cc:114 Schur complement static structure <-1,-1,-1>.
schur_eliminator.cc:155 Template specializations not found for <-1,-1,-1>
block_sparse_matrix.cc:208 Allocating values array with 242552 bytes.
detect_structure.cc:63 Dynamic row block size because the block size changed from 2 to 15
detect_structure.cc:74 Dynamic e block size because the block size changed from 1 to 9
detect_structure.cc:93 Dynamic f block size because the block size changed from 6 to 9
detect_structure.cc:114 Schur complement static structure <-1,-1,-1>.
detect_structure.cc:63 Dynamic row block size because the block size changed from 2 to 15
detect_structure.cc:74 Dynamic e block size because the block size changed from 1 to 9
detect_structure.cc:93 Dynamic f block size because the block size changed from 6 to 9
detect_structure.cc:114 Schur complement static structure <-1,-1,-1>.
schur_eliminator.cc:155 Template specializations not found for <-1,-1,-1>
block_sparse_matrix.cc:208 Allocating values array with 245880 bytes.
detect_structure.cc:63 Dynamic row block size because the block size changed from 2 to 15
detect_structure.cc:74 Dynamic e block size because the block size changed from 1 to 9
detect_structure.cc:93 Dynamic f block size because the block size changed from 6 to 9
detect_structure.cc:114 Schur complement static structure <-1,-1,-1>.
detect_structure.cc:63 Dynamic row block size because the block size changed from 2 to 15
detect_structure.cc:74 Dynamic e block size because the block size changed from 1 to 9
detect_structure.cc:93 Dynamic f block size because the block size changed from 6 to 9
detect_structure.cc:114 Schur complement static structure <-1,-1,-1>.
schur_eliminator.cc:155 Template specializations not found for <-1,-1,-1>
block_sparse_matrix.cc:208 Allocating values array with 247128 bytes.
detect_structure.cc:63 Dynamic row block size because the block size changed from 2 to 15
detect_structure.cc:74 Dynamic e block size because the block size changed from 1 to 9
detect_structure.cc:93 Dynamic f block size because the block size changed from 6 to 9
detect_structure.cc:114 Schur complement static structure <-1,-1,-1>.
detect_structure.cc:63 Dynamic row block size because the block size changed from 2 to 15
detect_structure.cc:74 Dynamic e block size because the block size changed from 1 to 9
detect_structure.cc:93 Dynamic f block size because the block size changed from 6 to 9
detect_structure.cc:114 Schur complement static structure <-1,-1,-1>.
schur_eliminator.cc:155 Template specializations not found for <-1,-1,-1>
[FeatureTracker] F-matrix: 90 → 36 (rejected 54, threshold=1)
block_sparse_matrix.cc:208 Allocating values array with 241304 bytes.
detect_structure.cc:63 Dynamic row block size because the block size changed from 2 to 15
detect_structure.cc:74 Dynamic e block size because the block size changed from 1 to 9
detect_structure.cc:93 Dynamic f block size because the block size changed from 6 to 9
detect_structure.cc:114 Schur complement static structure <-1,-1,-1>.
detect_structure.cc:63 Dynamic row block size because the block size changed from 2 to 15
detect_structure.cc:74 Dynamic e block size because the block size changed from 1 to 9
detect_structure.cc:93 Dynamic f block size because the block size changed from 6 to 9
detect_structure.cc:114 Schur complement static structure <-1,-1,-1>.
schur_eliminator.cc:155 Template specializations not found for <-1,-1,-1>
block_sparse_matrix.cc:208 Allocating values array with 228408 bytes.
detect_structure.cc:63 Dynamic row block size because the block size changed from 2 to 15
detect_structure.cc:74 Dynamic e block size because the block size changed from 1 to 9
detect_structure.cc:93 Dynamic f block size because the block size changed from 6 to 9
detect_structure.cc:114 Schur complement static structure <-1,-1,-1>.
detect_structure.cc:63 Dynamic row block size because the block size changed from 2 to 15
detect_structure.cc:74 Dynamic e block size because the block size changed from 1 to 9
detect_structure.cc:93 Dynamic f block size because the block size changed from 6 to 9
detect_structure.cc:114 Schur complement static structure <-1,-1,-1>.
schur_eliminator.cc:155 Template specializations not found for <-1,-1,-1>
block_sparse_matrix.cc:208 Allocating values array with 219672 bytes.
detect_structure.cc:63 Dynamic row block size because the block size changed from 2 to 15
detect_structure.cc:74 Dynamic e block size because the block size changed from 1 to 9
detect_structure.cc:93 Dynamic f block size because the block size changed from 6 to 9
detect_structure.cc:114 Schur complement static structure <-1,-1,-1>.
detect_structure.cc:63 Dynamic row block size because the block size changed from 2 to 15
detect_structure.cc:74 Dynamic e block size because the block size changed from 1 to 9
detect_structure.cc:93 Dynamic f block size because the block size changed from 6 to 9
detect_structure.cc:114 Schur complement static structure <-1,-1,-1>.
schur_eliminator.cc:155 Template specializations not found for <-1,-1,-1>
block_sparse_matrix.cc:208 Allocating values array with 210760 bytes.
detect_structure.cc:63 Dynamic row block size because the block size changed from 2 to 15
detect_structure.cc:74 Dynamic e block size because the block size changed from 1 to 9
detect_structure.cc:93 Dynamic f block size because the block size changed from 6 to 9
detect_structure.cc:114 Schur complement static structure <-1,-1,-1>.
detect_structure.cc:63 Dynamic row block size because the block size changed from 2 to 15
detect_structure.cc:74 Dynamic e block size because the block size changed from 1 to 9
detect_structure.cc:93 Dynamic f block size because the block size changed from 6 to 9
detect_structure.cc:114 Schur complement static structure <-1,-1,-1>.
schur_eliminator.cc:155 Template specializations not found for <-1,-1,-1>
block_sparse_matrix.cc:208 Allocating values array with 206776 bytes.
detect_structure.cc:63 Dynamic row block size because the block size changed from 2 to 15
detect_structure.cc:74 Dynamic e block size because the block size changed from 1 to 9
detect_structure.cc:93 Dynamic f block size because the block size changed from 6 to 9
detect_structure.cc:114 Schur complement static structure <-1,-1,-1>.
detect_structure.cc:63 Dynamic row block size because the block size changed from 2 to 15
detect_structure.cc:74 Dynamic e block size because the block size changed from 1 to 9
detect_structure.cc:93 Dynamic f block size because the block size changed from 6 to 9
detect_structure.cc:114 Schur complement static structure <-1,-1,-1>.
schur_eliminator.cc:155 Template specializations not found for <-1,-1,-1>
[FeatureTracker] F-matrix: 146 → 98 (rejected 48, threshold=1)
block_sparse_matrix.cc:208 Allocating values array with 225704 bytes.
detect_structure.cc:63 Dynamic row block size because the block size changed from 2 to 15
detect_structure.cc:74 Dynamic e block size because the block size changed from 1 to 9
detect_structure.cc:93 Dynamic f block size because the block size changed from 6 to 9
detect_structure.cc:114 Schur complement static structure <-1,-1,-1>.
detect_structure.cc:63 Dynamic row block size because the block size changed from 2 to 15
detect_structure.cc:74 Dynamic e block size because the block size changed from 1 to 9
detect_structure.cc:93 Dynamic f block size because the block size changed from 6 to 9
detect_structure.cc:114 Schur complement static structure <-1,-1,-1>.
schur_eliminator.cc:155 Template specializations not found for <-1,-1,-1>
block_sparse_matrix.cc:208 Allocating values array with 226120 bytes.
detect_structure.cc:63 Dynamic row block size because the block size changed from 2 to 15
detect_structure.cc:74 Dynamic e block size because the block size changed from 1 to 9
detect_structure.cc:93 Dynamic f block size because the block size changed from 6 to 9
detect_structure.cc:114 Schur complement static structure <-1,-1,-1>.
detect_structure.cc:63 Dynamic row block size because the block size changed from 2 to 15
detect_structure.cc:74 Dynamic e block size because the block size changed from 1 to 9
detect_structure.cc:93 Dynamic f block size because the block size changed from 6 to 9
detect_structure.cc:114 Schur complement static structure <-1,-1,-1>.
schur_eliminator.cc:155 Template specializations not found for <-1,-1,-1>
block_sparse_matrix.cc:208 Allocating values array with 223416 bytes.
detect_structure.cc:63 Dynamic row block size because the block size changed from 2 to 15
detect_structure.cc:74 Dynamic e block size because the block size changed from 1 to 9
detect_structure.cc:93 Dynamic f block size because the block size changed from 6 to 9
detect_structure.cc:114 Schur complement static structure <-1,-1,-1>.
detect_structure.cc:63 Dynamic row block size because the block size changed from 2 to 15
detect_structure.cc:74 Dynamic e block size because the block size changed from 1 to 9
detect_structure.cc:93 Dynamic f block size because the block size changed from 6 to 9
detect_structure.cc:114 Schur complement static structure <-1,-1,-1>.
schur_eliminator.cc:155 Template specializations not found for <-1,-1,-1>
block_sparse_matrix.cc:208 Allocating values array with 221336 bytes.
detect_structure.cc:63 Dynamic row block size because the block size changed from 2 to 15
detect_structure.cc:74 Dynamic e block size because the block size changed from 1 to 9
detect_structure.cc:93 Dynamic f block size because the block size changed from 6 to 9
detect_structure.cc:114 Schur complement static structure <-1,-1,-1>.
detect_structure.cc:63 Dynamic row block size because the block size changed from 2 to 15
detect_structure.cc:74 Dynamic e block size because the block size changed from 1 to 9
detect_structure.cc:93 Dynamic f block size because the block size changed from 6 to 9
detect_structure.cc:114 Schur complement static structure <-1,-1,-1>.
schur_eliminator.cc:155 Template specializations not found for <-1,-1,-1>
block_sparse_matrix.cc:208 Allocating values array with 223000 bytes.
detect_structure.cc:63 Dynamic row block size because the block size changed from 2 to 15
detect_structure.cc:74 Dynamic e block size because the block size changed from 1 to 9
detect_structure.cc:93 Dynamic f block size because the block size changed from 6 to 9
detect_structure.cc:114 Schur complement static structure <-1,-1,-1>.
detect_structure.cc:63 Dynamic row block size because the block size changed from 2 to 15
detect_structure.cc:74 Dynamic e block size because the block size changed from 1 to 9
detect_structure.cc:93 Dynamic f block size because the block size changed from 6 to 9
detect_structure.cc:114 Schur complement static structure <-1,-1,-1>.
schur_eliminator.cc:155 Template specializations not found for <-1,-1,-1>
block_sparse_matrix.cc:208 Allocating values array with 223208 bytes.
detect_structure.cc:63 Dynamic row block size because the block size changed from 2 to 15
detect_structure.cc:74 Dynamic e block size because the block size changed from 1 to 9
detect_structure.cc:93 Dynamic f block size because the block size changed from 6 to 9
detect_structure.cc:114 Schur complement static structure <-1,-1,-1>.
detect_structure.cc:63 Dynamic row block size because the block size changed from 2 to 15
detect_structure.cc:74 Dynamic e block size because the block size changed from 1 to 9
detect_structure.cc:93 Dynamic f block size because the block size changed from 6 to 9
detect_structure.cc:114 Schur complement static structure <-1,-1,-1>.
schur_eliminator.cc:155 Template specializations not found for <-1,-1,-1>
[VIO DIAG] f=500 tri: ok=145 wait=18 fail=0 default=0 depth: avg=0.422494 min=0.074588 max=1.75962 |vel|=0.305283 vel=(0.0563667,0.117792,0.275945) ba=(-0.0457014,-0.232842,-0.0230703) bg=(0.000227807,-0.000122713,-0.000313598)
block_sparse_matrix.cc:208 Allocating values array with 240056 bytes.
detect_structure.cc:63 Dynamic row block size because the block size changed from 2 to 15
detect_structure.cc:74 Dynamic e block size because the block size changed from 1 to 9
detect_structure.cc:93 Dynamic f block size because the block size changed from 6 to 9
detect_structure.cc:114 Schur complement static structure <-1,-1,-1>.
detect_structure.cc:63 Dynamic row block size because the block size changed from 2 to 15
detect_structure.cc:74 Dynamic e block size because the block size changed from 1 to 9
detect_structure.cc:93 Dynamic f block size because the block size changed from 6 to 9
detect_structure.cc:114 Schur complement static structure <-1,-1,-1>.
schur_eliminator.cc:155 Template specializations not found for <-1,-1,-1>
block_sparse_matrix.cc:208 Allocating values array with 260232 bytes.
detect_structure.cc:63 Dynamic row block size because the block size changed from 2 to 15
detect_structure.cc:74 Dynamic e block size because the block size changed from 1 to 9
detect_structure.cc:93 Dynamic f block size because the block size changed from 6 to 9
detect_structure.cc:114 Schur complement static structure <-1,-1,-1>.
detect_structure.cc:63 Dynamic row block size because the block size changed from 2 to 15
detect_structure.cc:74 Dynamic e block size because the block size changed from 1 to 9
detect_structure.cc:93 Dynamic f block size because the block size changed from 6 to 9
detect_structure.cc:114 Schur complement static structure <-1,-1,-1>.
schur_eliminator.cc:155 Template specializations not found for <-1,-1,-1>
block_sparse_matrix.cc:208 Allocating values array with 269800 bytes.
detect_structure.cc:63 Dynamic row block size because the block size changed from 2 to 15
detect_structure.cc:74 Dynamic e block size because the block size changed from 1 to 9
detect_structure.cc:93 Dynamic f block size because the block size changed from 6 to 9
detect_structure.cc:114 Schur complement static structure <-1,-1,-1>.
detect_structure.cc:63 Dynamic row block size because the block size changed from 2 to 15
detect_structure.cc:74 Dynamic e block size because the block size changed from 1 to 9
detect_structure.cc:93 Dynamic f block size because the block size changed from 6 to 9
detect_structure.cc:114 Schur complement static structure <-1,-1,-1>.
schur_eliminator.cc:155 Template specializations not found for <-1,-1,-1>
block_sparse_matrix.cc:208 Allocating values array with 277080 bytes.
detect_structure.cc:63 Dynamic row block size because the block size changed from 2 to 15
detect_structure.cc:74 Dynamic e block size because the block size changed from 1 to 9
detect_structure.cc:93 Dynamic f block size because the block size changed from 6 to 9
detect_structure.cc:114 Schur complement static structure <-1,-1,-1>.
detect_structure.cc:63 Dynamic row block size because the block size changed from 2 to 15
detect_structure.cc:74 Dynamic e block size because the block size changed from 1 to 9
detect_structure.cc:93 Dynamic f block size because the block size changed from 6 to 9
detect_structure.cc:114 Schur complement static structure <-1,-1,-1>.
schur_eliminator.cc:155 Template specializations not found for <-1,-1,-1>
block_sparse_matrix.cc:208 Allocating values array with 285192 bytes.
detect_structure.cc:63 Dynamic row block size because the block size changed from 2 to 15
detect_structure.cc:74 Dynamic e block size because the block size changed from 1 to 9
detect_structure.cc:93 Dynamic f block size because the block size changed from 6 to 9
detect_structure.cc:114 Schur complement static structure <-1,-1,-1>.
detect_structure.cc:63 Dynamic row block size because the block size changed from 2 to 15
detect_structure.cc:74 Dynamic e block size because the block size changed from 1 to 9
detect_structure.cc:93 Dynamic f block size because the block size changed from 6 to 9
detect_structure.cc:114 Schur complement static structure <-1,-1,-1>.
schur_eliminator.cc:155 Template specializations not found for <-1,-1,-1>
[FeatureTracker] F-matrix: 113 → 40 (rejected 73, threshold=1)
block_sparse_matrix.cc:208 Allocating values array with 278952 bytes.
detect_structure.cc:63 Dynamic row block size because the block size changed from 2 to 15
detect_structure.cc:74 Dynamic e block size because the block size changed from 1 to 9
detect_structure.cc:93 Dynamic f block size because the block size changed from 6 to 9
detect_structure.cc:114 Schur complement static structure <-1,-1,-1>.
detect_structure.cc:63 Dynamic row block size because the block size changed from 2 to 15
detect_structure.cc:74 Dynamic e block size because the block size changed from 1 to 9
detect_structure.cc:93 Dynamic f block size because the block size changed from 6 to 9
detect_structure.cc:114 Schur complement static structure <-1,-1,-1>.
schur_eliminator.cc:155 Template specializations not found for <-1,-1,-1>
block_sparse_matrix.cc:208 Allocating values array with 271256 bytes.
detect_structure.cc:63 Dynamic row block size because the block size changed from 2 to 15
detect_structure.cc:74 Dynamic e block size because the block size changed from 1 to 9
detect_structure.cc:93 Dynamic f block size because the block size changed from 6 to 9
detect_structure.cc:114 Schur complement static structure <-1,-1,-1>.
detect_structure.cc:63 Dynamic row block size because the block size changed from 2 to 15
detect_structure.cc:74 Dynamic e block size because the block size changed from 1 to 9
detect_structure.cc:93 Dynamic f block size because the block size changed from 6 to 9
detect_structure.cc:114 Schur complement static structure <-1,-1,-1>.
schur_eliminator.cc:155 Template specializations not found for <-1,-1,-1>
block_sparse_matrix.cc:208 Allocating values array with 263800 bytes.
detect_structure.cc:63 Dynamic row block size because the block size changed from 2 to 15
detect_structure.cc:74 Dynamic e block size because the block size changed from 1 to 9
detect_structure.cc:93 Dynamic f block size because the block size changed from 6 to 9
detect_structure.cc:114 Schur complement static structure <-1,-1,-1>.
detect_structure.cc:63 Dynamic row block size because the block size changed from 2 to 15
detect_structure.cc:74 Dynamic e block size because the block size changed from 1 to 9
detect_structure.cc:93 Dynamic f block size because the block size changed from 6 to 9
detect_structure.cc:114 Schur complement static structure <-1,-1,-1>.
schur_eliminator.cc:155 Template specializations not found for <-1,-1,-1>
block_sparse_matrix.cc:208 Allocating values array with 261896 bytes.
detect_structure.cc:63 Dynamic row block size because the block size changed from 2 to 15
detect_structure.cc:74 Dynamic e block size because the block size changed from 1 to 9
detect_structure.cc:93 Dynamic f block size because the block size changed from 6 to 9
detect_structure.cc:114 Schur complement static structure <-1,-1,-1>.
detect_structure.cc:63 Dynamic row block size because the block size changed from 2 to 15
detect_structure.cc:74 Dynamic e block size because the block size changed from 1 to 9
detect_structure.cc:93 Dynamic f block size because the block size changed from 6 to 9
detect_structure.cc:114 Schur complement static structure <-1,-1,-1>.
schur_eliminator.cc:155 Template specializations not found for <-1,-1,-1>
block_sparse_matrix.cc:208 Allocating values array with 284360 bytes.
detect_structure.cc:63 Dynamic row block size because the block size changed from 2 to 15
detect_structure.cc:74 Dynamic e block size because the block size changed from 1 to 9
detect_structure.cc:93 Dynamic f block size because the block size changed from 6 to 9
detect_structure.cc:114 Schur complement static structure <-1,-1,-1>.
detect_structure.cc:63 Dynamic row block size because the block size changed from 2 to 15
detect_structure.cc:74 Dynamic e block size because the block size changed from 1 to 9
detect_structure.cc:93 Dynamic f block size because the block size changed from 6 to 9
detect_structure.cc:114 Schur complement static structure <-1,-1,-1>.
schur_eliminator.cc:155 Template specializations not found for <-1,-1,-1>
block_sparse_matrix.cc:208 Allocating values array with 281032 bytes.
detect_structure.cc:63 Dynamic row block size because the block size changed from 2 to 15
detect_structure.cc:74 Dynamic e block size because the block size changed from 1 to 9
detect_structure.cc:93 Dynamic f block size because the block size changed from 6 to 9
detect_structure.cc:114 Schur complement static structure <-1,-1,-1>.
detect_structure.cc:63 Dynamic row block size because the block size changed from 2 to 15
detect_structure.cc:74 Dynamic e block size because the block size changed from 1 to 9
detect_structure.cc:93 Dynamic f block size because the block size changed from 6 to 9
detect_structure.cc:114 Schur complement static structure <-1,-1,-1>.
schur_eliminator.cc:155 Template specializations not found for <-1,-1,-1>
block_sparse_matrix.cc:208 Allocating values array with 271880 bytes.
detect_structure.cc:63 Dynamic row block size because the block size changed from 2 to 15
detect_structure.cc:74 Dynamic e block size because the block size changed from 1 to 9
detect_structure.cc:93 Dynamic f block size because the block size changed from 6 to 9
detect_structure.cc:114 Schur complement static structure <-1,-1,-1>.
detect_structure.cc:63 Dynamic row block size because the block size changed from 2 to 15
detect_structure.cc:74 Dynamic e block size because the block size changed from 1 to 9
detect_structure.cc:93 Dynamic f block size because the block size changed from 6 to 9
detect_structure.cc:114 Schur complement static structure <-1,-1,-1>.
schur_eliminator.cc:155 Template specializations not found for <-1,-1,-1>
block_sparse_matrix.cc:208 Allocating values array with 265016 bytes.
detect_structure.cc:63 Dynamic row block size because the block size changed from 2 to 15
detect_structure.cc:74 Dynamic e block size because the block size changed from 1 to 9
detect_structure.cc:93 Dynamic f block size because the block size changed from 6 to 9
detect_structure.cc:114 Schur complement static structure <-1,-1,-1>.
detect_structure.cc:63 Dynamic row block size because the block size changed from 2 to 15
detect_structure.cc:74 Dynamic e block size because the block size changed from 1 to 9
detect_structure.cc:93 Dynamic f block size because the block size changed from 6 to 9
detect_structure.cc:114 Schur complement static structure <-1,-1,-1>.
schur_eliminator.cc:155 Template specializations not found for <-1,-1,-1>
block_sparse_matrix.cc:208 Allocating values array with 255032 bytes.
detect_structure.cc:63 Dynamic row block size because the block size changed from 2 to 15
detect_structure.cc:74 Dynamic e block size because the block size changed from 1 to 9
detect_structure.cc:93 Dynamic f block size because the block size changed from 6 to 9
detect_structure.cc:114 Schur complement static structure <-1,-1,-1>.
detect_structure.cc:63 Dynamic row block size because the block size changed from 2 to 15
detect_structure.cc:74 Dynamic e block size because the block size changed from 1 to 9
detect_structure.cc:93 Dynamic f block size because the block size changed from 6 to 9
detect_structure.cc:114 Schur complement static structure <-1,-1,-1>.
schur_eliminator.cc:155 Template specializations not found for <-1,-1,-1>
block_sparse_matrix.cc:208 Allocating values array with 249624 bytes.
detect_structure.cc:63 Dynamic row block size because the block size changed from 2 to 15
detect_structure.cc:74 Dynamic e block size because the block size changed from 1 to 9
detect_structure.cc:93 Dynamic f block size because the block size changed from 6 to 9
detect_structure.cc:114 Schur complement static structure <-1,-1,-1>.
detect_structure.cc:63 Dynamic row block size because the block size changed from 2 to 15
detect_structure.cc:74 Dynamic e block size because the block size changed from 1 to 9
detect_structure.cc:93 Dynamic f block size because the block size changed from 6 to 9
detect_structure.cc:114 Schur complement static structure <-1,-1,-1>.
schur_eliminator.cc:155 Template specializations not found for <-1,-1,-1>
block_sparse_matrix.cc:208 Allocating values array with 244424 bytes.
detect_structure.cc:63 Dynamic row block size because the block size changed from 2 to 15
detect_structure.cc:74 Dynamic e block size because the block size changed from 1 to 9
detect_structure.cc:93 Dynamic f block size because the block size changed from 6 to 9
detect_structure.cc:114 Schur complement static structure <-1,-1,-1>.
detect_structure.cc:63 Dynamic row block size because the block size changed from 2 to 15
detect_structure.cc:74 Dynamic e block size because the block size changed from 1 to 9
detect_structure.cc:93 Dynamic f block size because the block size changed from 6 to 9
detect_structure.cc:114 Schur complement static structure <-1,-1,-1>.
schur_eliminator.cc:155 Template specializations not found for <-1,-1,-1>
block_sparse_matrix.cc:208 Allocating values array with 256488 bytes.
detect_structure.cc:63 Dynamic row block size because the block size changed from 2 to 15
detect_structure.cc:74 Dynamic e block size because the block size changed from 1 to 9
detect_structure.cc:93 Dynamic f block size because the block size changed from 6 to 9
detect_structure.cc:114 Schur complement static structure <-1,-1,-1>.
detect_structure.cc:63 Dynamic row block size because the block size changed from 2 to 15
detect_structure.cc:74 Dynamic e block size because the block size changed from 1 to 9
detect_structure.cc:93 Dynamic f block size because the block size changed from 6 to 9
detect_structure.cc:114 Schur complement static structure <-1,-1,-1>.
schur_eliminator.cc:155 Template specializations not found for <-1,-1,-1>
block_sparse_matrix.cc:208 Allocating values array with 258360 bytes.
detect_structure.cc:63 Dynamic row block size because the block size changed from 2 to 15
detect_structure.cc:74 Dynamic e block size because the block size changed from 1 to 9
detect_structure.cc:93 Dynamic f block size because the block size changed from 6 to 9
detect_structure.cc:114 Schur complement static structure <-1,-1,-1>.
detect_structure.cc:63 Dynamic row block size because the block size changed from 2 to 15
detect_structure.cc:74 Dynamic e block size because the block size changed from 1 to 9
detect_structure.cc:93 Dynamic f block size because the block size changed from 6 to 9
detect_structure.cc:114 Schur complement static structure <-1,-1,-1>.
schur_eliminator.cc:155 Template specializations not found for <-1,-1,-1>
block_sparse_matrix.cc:208 Allocating values array with 254824 bytes.
detect_structure.cc:63 Dynamic row block size because the block size changed from 2 to 15
detect_structure.cc:74 Dynamic e block size because the block size changed from 1 to 9
detect_structure.cc:93 Dynamic f block size because the block size changed from 6 to 9
detect_structure.cc:114 Schur complement static structure <-1,-1,-1>.
detect_structure.cc:63 Dynamic row block size because the block size changed from 2 to 15
detect_structure.cc:74 Dynamic e block size because the block size changed from 1 to 9
detect_structure.cc:93 Dynamic f block size because the block size changed from 6 to 9
detect_structure.cc:114 Schur complement static structure <-1,-1,-1>.
schur_eliminator.cc:155 Template specializations not found for <-1,-1,-1>
block_sparse_matrix.cc:208 Allocating values array with 251704 bytes.
detect_structure.cc:63 Dynamic row block size because the block size changed from 2 to 15
detect_structure.cc:74 Dynamic e block size because the block size changed from 1 to 9
detect_structure.cc:93 Dynamic f block size because the block size changed from 6 to 9
detect_structure.cc:114 Schur complement static structure <-1,-1,-1>.
detect_structure.cc:63 Dynamic row block size because the block size changed from 2 to 15
detect_structure.cc:74 Dynamic e block size because the block size changed from 1 to 9
detect_structure.cc:93 Dynamic f block size because the block size changed from 6 to 9
detect_structure.cc:114 Schur complement static structure <-1,-1,-1>.
schur_eliminator.cc:155 Template specializations not found for <-1,-1,-1>
[VIO DIAG] f=520 tri: ok=136 wait=6 fail=0 default=0 depth: avg=1.05475 min=0.33775 max=1.91826 |vel|=0.613412 vel=(0.394575,0.0805422,0.462706) ba=(-0.0404487,-0.22821,-0.0227136) bg=(0.000125648,9.58598e-05,-0.000349483)
block_sparse_matrix.cc:208 Allocating values array with 249624 bytes.
detect_structure.cc:63 Dynamic row block size because the block size changed from 2 to 15
detect_structure.cc:74 Dynamic e block size because the block size changed from 1 to 9
detect_structure.cc:93 Dynamic f block size because the block size changed from 6 to 9
detect_structure.cc:114 Schur complement static structure <-1,-1,-1>.
detect_structure.cc:63 Dynamic row block size because the block size changed from 2 to 15
detect_structure.cc:74 Dynamic e block size because the block size changed from 1 to 9
detect_structure.cc:93 Dynamic f block size because the block size changed from 6 to 9
detect_structure.cc:114 Schur complement static structure <-1,-1,-1>.
schur_eliminator.cc:155 Template specializations not found for <-1,-1,-1>
[FeatureTracker] F-matrix: 97 → 52 (rejected 45, threshold=1)
block_sparse_matrix.cc:208 Allocating values array with 245464 bytes.
detect_structure.cc:63 Dynamic row block size because the block size changed from 2 to 15
detect_structure.cc:74 Dynamic e block size because the block size changed from 1 to 9
detect_structure.cc:93 Dynamic f block size because the block size changed from 6 to 9
detect_structure.cc:114 Schur complement static structure <-1,-1,-1>.
detect_structure.cc:63 Dynamic row block size because the block size changed from 2 to 15
detect_structure.cc:74 Dynamic e block size because the block size changed from 1 to 9
detect_structure.cc:93 Dynamic f block size because the block size changed from 6 to 9
detect_structure.cc:114 Schur complement static structure <-1,-1,-1>.
schur_eliminator.cc:155 Template specializations not found for <-1,-1,-1>
block_sparse_matrix.cc:208 Allocating values array with 237976 bytes.
detect_structure.cc:63 Dynamic row block size because the block size changed from 2 to 15
detect_structure.cc:74 Dynamic e block size because the block size changed from 1 to 9
detect_structure.cc:93 Dynamic f block size because the block size changed from 6 to 9
detect_structure.cc:114 Schur complement static structure <-1,-1,-1>.
detect_structure.cc:63 Dynamic row block size because the block size changed from 2 to 15
detect_structure.cc:74 Dynamic e block size because the block size changed from 1 to 9
detect_structure.cc:93 Dynamic f block size because the block size changed from 6 to 9
detect_structure.cc:114 Schur complement static structure <-1,-1,-1>.
schur_eliminator.cc:155 Template specializations not found for <-1,-1,-1>
block_sparse_matrix.cc:208 Allocating values array with 230904 bytes.
detect_structure.cc:63 Dynamic row block size because the block size changed from 2 to 15
detect_structure.cc:74 Dynamic e block size because the block size changed from 1 to 9
detect_structure.cc:93 Dynamic f block size because the block size changed from 6 to 9
detect_structure.cc:114 Schur complement static structure <-1,-1,-1>.
detect_structure.cc:63 Dynamic row block size because the block size changed from 2 to 15
detect_structure.cc:74 Dynamic e block size because the block size changed from 1 to 9
detect_structure.cc:93 Dynamic f block size because the block size changed from 6 to 9
detect_structure.cc:114 Schur complement static structure <-1,-1,-1>.
schur_eliminator.cc:155 Template specializations not found for <-1,-1,-1>
block_sparse_matrix.cc:208 Allocating values array with 223416 bytes.
detect_structure.cc:63 Dynamic row block size because the block size changed from 2 to 15
detect_structure.cc:74 Dynamic e block size because the block size changed from 1 to 9
detect_structure.cc:93 Dynamic f block size because the block size changed from 6 to 9
detect_structure.cc:114 Schur complement static structure <-1,-1,-1>.
detect_structure.cc:63 Dynamic row block size because the block size changed from 2 to 15
detect_structure.cc:74 Dynamic e block size because the block size changed from 1 to 9
detect_structure.cc:93 Dynamic f block size because the block size changed from 6 to 9
detect_structure.cc:114 Schur complement static structure <-1,-1,-1>.
schur_eliminator.cc:155 Template specializations not found for <-1,-1,-1>
block_sparse_matrix.cc:208 Allocating values array with 234856 bytes.
detect_structure.cc:63 Dynamic row block size because the block size changed from 2 to 15
detect_structure.cc:74 Dynamic e block size because the block size changed from 1 to 9
detect_structure.cc:93 Dynamic f block size because the block size changed from 6 to 9
detect_structure.cc:114 Schur complement static structure <-1,-1,-1>.
detect_structure.cc:63 Dynamic row block size because the block size changed from 2 to 15
detect_structure.cc:74 Dynamic e block size because the block size changed from 1 to 9
detect_structure.cc:93 Dynamic f block size because the block size changed from 6 to 9
detect_structure.cc:114 Schur complement static structure <-1,-1,-1>.
schur_eliminator.cc:155 Template specializations not found for <-1,-1,-1>
block_sparse_matrix.cc:208 Allocating values array with 239432 bytes.
detect_structure.cc:63 Dynamic row block size because the block size changed from 2 to 15
detect_structure.cc:74 Dynamic e block size because the block size changed from 1 to 9
detect_structure.cc:93 Dynamic f block size because the block size changed from 6 to 9
detect_structure.cc:114 Schur complement static structure <-1,-1,-1>.
detect_structure.cc:63 Dynamic row block size because the block size changed from 2 to 15
detect_structure.cc:74 Dynamic e block size because the block size changed from 1 to 9
detect_structure.cc:93 Dynamic f block size because the block size changed from 6 to 9
detect_structure.cc:114 Schur complement static structure <-1,-1,-1>.
schur_eliminator.cc:155 Template specializations not found for <-1,-1,-1>
block_sparse_matrix.cc:208 Allocating values array with 246920 bytes.
detect_structure.cc:63 Dynamic row block size because the block size changed from 2 to 15
detect_structure.cc:74 Dynamic e block size because the block size changed from 1 to 9
detect_structure.cc:93 Dynamic f block size because the block size changed from 6 to 9
detect_structure.cc:114 Schur complement static structure <-1,-1,-1>.
detect_structure.cc:63 Dynamic row block size because the block size changed from 2 to 15
detect_structure.cc:74 Dynamic e block size because the block size changed from 1 to 9
detect_structure.cc:93 Dynamic f block size because the block size changed from 6 to 9
detect_structure.cc:114 Schur complement static structure <-1,-1,-1>.
schur_eliminator.cc:155 Template specializations not found for <-1,-1,-1>
block_sparse_matrix.cc:208 Allocating values array with 254824 bytes.
detect_structure.cc:63 Dynamic row block size because the block size changed from 2 to 15
detect_structure.cc:74 Dynamic e block size because the block size changed from 1 to 9
detect_structure.cc:93 Dynamic f block size because the block size changed from 6 to 9
detect_structure.cc:114 Schur complement static structure <-1,-1,-1>.
detect_structure.cc:63 Dynamic row block size because the block size changed from 2 to 15
detect_structure.cc:74 Dynamic e block size because the block size changed from 1 to 9
detect_structure.cc:93 Dynamic f block size because the block size changed from 6 to 9
detect_structure.cc:114 Schur complement static structure <-1,-1,-1>.
schur_eliminator.cc:155 Template specializations not found for <-1,-1,-1>
block_sparse_matrix.cc:208 Allocating values array with 259608 bytes.
detect_structure.cc:63 Dynamic row block size because the block size changed from 2 to 15
detect_structure.cc:74 Dynamic e block size because the block size changed from 1 to 9
detect_structure.cc:93 Dynamic f block size because the block size changed from 6 to 9
detect_structure.cc:114 Schur complement static structure <-1,-1,-1>.
detect_structure.cc:63 Dynamic row block size because the block size changed from 2 to 15
detect_structure.cc:74 Dynamic e block size because the block size changed from 1 to 9
detect_structure.cc:93 Dynamic f block size because the block size changed from 6 to 9
detect_structure.cc:114 Schur complement static structure <-1,-1,-1>.
schur_eliminator.cc:155 Template specializations not found for <-1,-1,-1>
[FeatureTracker] F-matrix: 135 → 72 (rejected 63, threshold=1)
block_sparse_matrix.cc:208 Allocating values array with 259192 bytes.
detect_structure.cc:63 Dynamic row block size because the block size changed from 2 to 15
detect_structure.cc:74 Dynamic e block size because the block size changed from 1 to 9
detect_structure.cc:93 Dynamic f block size because the block size changed from 6 to 9
detect_structure.cc:114 Schur complement static structure <-1,-1,-1>.
detect_structure.cc:63 Dynamic row block size because the block size changed from 2 to 15
detect_structure.cc:74 Dynamic e block size because the block size changed from 1 to 9
detect_structure.cc:93 Dynamic f block size because the block size changed from 6 to 9
detect_structure.cc:114 Schur complement static structure <-1,-1,-1>.
schur_eliminator.cc:155 Template specializations not found for <-1,-1,-1>
block_sparse_matrix.cc:208 Allocating values array with 263560 bytes.
detect_structure.cc:63 Dynamic row block size because the block size changed from 2 to 15
detect_structure.cc:74 Dynamic e block size because the block size changed from 1 to 9
detect_structure.cc:93 Dynamic f block size because the block size changed from 6 to 9
detect_structure.cc:114 Schur complement static structure <-1,-1,-1>.
detect_structure.cc:63 Dynamic row block size because the block size changed from 2 to 15
detect_structure.cc:74 Dynamic e block size because the block size changed from 1 to 9
detect_structure.cc:93 Dynamic f block size because the block size changed from 6 to 9
detect_structure.cc:114 Schur complement static structure <-1,-1,-1>.
schur_eliminator.cc:155 Template specializations not found for <-1,-1,-1>
block_sparse_matrix.cc:208 Allocating values array with 267096 bytes.
detect_structure.cc:63 Dynamic row block size because the block size changed from 2 to 15
detect_structure.cc:74 Dynamic e block size because the block size changed from 1 to 9
detect_structure.cc:93 Dynamic f block size because the block size changed from 6 to 9
detect_structure.cc:114 Schur complement static structure <-1,-1,-1>.
detect_structure.cc:63 Dynamic row block size because the block size changed from 2 to 15
detect_structure.cc:74 Dynamic e block size because the block size changed from 1 to 9
detect_structure.cc:93 Dynamic f block size because the block size changed from 6 to 9
detect_structure.cc:114 Schur complement static structure <-1,-1,-1>.
schur_eliminator.cc:155 Template specializations not found for <-1,-1,-1>
block_sparse_matrix.cc:208 Allocating values array with 261480 bytes.
detect_structure.cc:63 Dynamic row block size because the block size changed from 2 to 15
detect_structure.cc:74 Dynamic e block size because the block size changed from 1 to 9
detect_structure.cc:93 Dynamic f block size because the block size changed from 6 to 9
detect_structure.cc:114 Schur complement static structure <-1,-1,-1>.
detect_structure.cc:63 Dynamic row block size because the block size changed from 2 to 15
detect_structure.cc:74 Dynamic e block size because the block size changed from 1 to 9
detect_structure.cc:93 Dynamic f block size because the block size changed from 6 to 9
detect_structure.cc:114 Schur complement static structure <-1,-1,-1>.
schur_eliminator.cc:155 Template specializations not found for <-1,-1,-1>
block_sparse_matrix.cc:208 Allocating values array with 262312 bytes.
detect_structure.cc:63 Dynamic row block size because the block size changed from 2 to 15
detect_structure.cc:74 Dynamic e block size because the block size changed from 1 to 9
detect_structure.cc:93 Dynamic f block size because the block size changed from 6 to 9
detect_structure.cc:114 Schur complement static structure <-1,-1,-1>.
detect_structure.cc:63 Dynamic row block size because the block size changed from 2 to 15
detect_structure.cc:74 Dynamic e block size because the block size changed from 1 to 9
detect_structure.cc:93 Dynamic f block size because the block size changed from 6 to 9
detect_structure.cc:114 Schur complement static structure <-1,-1,-1>.
schur_eliminator.cc:155 Template specializations not found for <-1,-1,-1>
block_sparse_matrix.cc:208 Allocating values array with 256696 bytes.
detect_structure.cc:63 Dynamic row block size because the block size changed from 2 to 15
detect_structure.cc:74 Dynamic e block size because the block size changed from 1 to 9
detect_structure.cc:93 Dynamic f block size because the block size changed from 6 to 9
detect_structure.cc:114 Schur complement static structure <-1,-1,-1>.
detect_structure.cc:63 Dynamic row block size because the block size changed from 2 to 15
detect_structure.cc:74 Dynamic e block size because the block size changed from 1 to 9
detect_structure.cc:93 Dynamic f block size because the block size changed from 6 to 9
detect_structure.cc:114 Schur complement static structure <-1,-1,-1>.
schur_eliminator.cc:155 Template specializations not found for <-1,-1,-1>
block_sparse_matrix.cc:208 Allocating values array with 251080 bytes.
detect_structure.cc:63 Dynamic row block size because the block size changed from 2 to 15
detect_structure.cc:74 Dynamic e block size because the block size changed from 1 to 9
detect_structure.cc:93 Dynamic f block size because the block size changed from 6 to 9
detect_structure.cc:114 Schur complement static structure <-1,-1,-1>.
detect_structure.cc:63 Dynamic row block size because the block size changed from 2 to 15
detect_structure.cc:74 Dynamic e block size because the block size changed from 1 to 9
detect_structure.cc:93 Dynamic f block size because the block size changed from 6 to 9
detect_structure.cc:114 Schur complement static structure <-1,-1,-1>.
schur_eliminator.cc:155 Template specializations not found for <-1,-1,-1>
block_sparse_matrix.cc:208 Allocating values array with 245672 bytes.
detect_structure.cc:63 Dynamic row block size because the block size changed from 2 to 15
detect_structure.cc:74 Dynamic e block size because the block size changed from 1 to 9
detect_structure.cc:93 Dynamic f block size because the block size changed from 6 to 9
detect_structure.cc:114 Schur complement static structure <-1,-1,-1>.
detect_structure.cc:63 Dynamic row block size because the block size changed from 2 to 15
detect_structure.cc:74 Dynamic e block size because the block size changed from 1 to 9
detect_structure.cc:93 Dynamic f block size because the block size changed from 6 to 9
detect_structure.cc:114 Schur complement static structure <-1,-1,-1>.
schur_eliminator.cc:155 Template specializations not found for <-1,-1,-1>
block_sparse_matrix.cc:208 Allocating values array with 242344 bytes.
detect_structure.cc:63 Dynamic row block size because the block size changed from 2 to 15
detect_structure.cc:74 Dynamic e block size because the block size changed from 1 to 9
detect_structure.cc:93 Dynamic f block size because the block size changed from 6 to 9
detect_structure.cc:114 Schur complement static structure <-1,-1,-1>.
detect_structure.cc:63 Dynamic row block size because the block size changed from 2 to 15
detect_structure.cc:74 Dynamic e block size because the block size changed from 1 to 9
detect_structure.cc:93 Dynamic f block size because the block size changed from 6 to 9
detect_structure.cc:114 Schur complement static structure <-1,-1,-1>.
schur_eliminator.cc:155 Template specializations not found for <-1,-1,-1>
block_sparse_matrix.cc:208 Allocating values array with 234856 bytes.
detect_structure.cc:63 Dynamic row block size because the block size changed from 2 to 15
detect_structure.cc:74 Dynamic e block size because the block size changed from 1 to 9
detect_structure.cc:93 Dynamic f block size because the block size changed from 6 to 9
detect_structure.cc:114 Schur complement static structure <-1,-1,-1>.
detect_structure.cc:63 Dynamic row block size because the block size changed from 2 to 15
detect_structure.cc:74 Dynamic e block size because the block size changed from 1 to 9
detect_structure.cc:93 Dynamic f block size because the block size changed from 6 to 9
detect_structure.cc:114 Schur complement static structure <-1,-1,-1>.
schur_eliminator.cc:155 Template specializations not found for <-1,-1,-1>
[VIO DIAG] f=540 tri: ok=137 wait=10 fail=0 default=1 depth: avg=1.47831 min=0.627649 max=6.05973 |vel|=1.4124 vel=(-1.04558,0.780191,-0.541241) ba=(-0.0357779,-0.216185,-0.0241417) bg=(0.000129996,-0.000148032,-0.000398821)
block_sparse_matrix.cc:208 Allocating values array with 237768 bytes.
detect_structure.cc:63 Dynamic row block size because the block size changed from 2 to 15
detect_structure.cc:74 Dynamic e block size because the block size changed from 1 to 9
detect_structure.cc:93 Dynamic f block size because the block size changed from 6 to 9
detect_structure.cc:114 Schur complement static structure <-1,-1,-1>.
detect_structure.cc:63 Dynamic row block size because the block size changed from 2 to 15
detect_structure.cc:74 Dynamic e block size because the block size changed from 1 to 9
detect_structure.cc:93 Dynamic f block size because the block size changed from 6 to 9
detect_structure.cc:114 Schur complement static structure <-1,-1,-1>.
schur_eliminator.cc:155 Template specializations not found for <-1,-1,-1>
block_sparse_matrix.cc:208 Allocating values array with 242552 bytes.
detect_structure.cc:63 Dynamic row block size because the block size changed from 2 to 15
detect_structure.cc:74 Dynamic e block size because the block size changed from 1 to 9
detect_structure.cc:93 Dynamic f block size because the block size changed from 6 to 9
detect_structure.cc:114 Schur complement static structure <-1,-1,-1>.
detect_structure.cc:63 Dynamic row block size because the block size changed from 2 to 15
detect_structure.cc:74 Dynamic e block size because the block size changed from 1 to 9
detect_structure.cc:93 Dynamic f block size because the block size changed from 6 to 9
detect_structure.cc:114 Schur complement static structure <-1,-1,-1>.
schur_eliminator.cc:155 Template specializations not found for <-1,-1,-1>
block_sparse_matrix.cc:208 Allocating values array with 249624 bytes.
detect_structure.cc:63 Dynamic row block size because the block size changed from 2 to 15
detect_structure.cc:74 Dynamic e block size because the block size changed from 1 to 9
detect_structure.cc:93 Dynamic f block size because the block size changed from 6 to 9
detect_structure.cc:114 Schur complement static structure <-1,-1,-1>.
detect_structure.cc:63 Dynamic row block size because the block size changed from 2 to 15
detect_structure.cc:74 Dynamic e block size because the block size changed from 1 to 9
detect_structure.cc:93 Dynamic f block size because the block size changed from 6 to 9
detect_structure.cc:114 Schur complement static structure <-1,-1,-1>.
schur_eliminator.cc:155 Template specializations not found for <-1,-1,-1>
block_sparse_matrix.cc:208 Allocating values array with 250664 bytes.
detect_structure.cc:63 Dynamic row block size because the block size changed from 2 to 15
detect_structure.cc:74 Dynamic e block size because the block size changed from 1 to 9
detect_structure.cc:93 Dynamic f block size because the block size changed from 6 to 9
detect_structure.cc:114 Schur complement static structure <-1,-1,-1>.
detect_structure.cc:63 Dynamic row block size because the block size changed from 2 to 15
detect_structure.cc:74 Dynamic e block size because the block size changed from 1 to 9
detect_structure.cc:93 Dynamic f block size because the block size changed from 6 to 9
detect_structure.cc:114 Schur complement static structure <-1,-1,-1>.
schur_eliminator.cc:155 Template specializations not found for <-1,-1,-1>
block_sparse_matrix.cc:208 Allocating values array with 251288 bytes.
detect_structure.cc:63 Dynamic row block size because the block size changed from 2 to 15
detect_structure.cc:74 Dynamic e block size because the block size changed from 1 to 9
detect_structure.cc:93 Dynamic f block size because the block size changed from 6 to 9
detect_structure.cc:114 Schur complement static structure <-1,-1,-1>.
detect_structure.cc:63 Dynamic row block size because the block size changed from 2 to 15
detect_structure.cc:74 Dynamic e block size because the block size changed from 1 to 9
detect_structure.cc:93 Dynamic f block size because the block size changed from 6 to 9
detect_structure.cc:114 Schur complement static structure <-1,-1,-1>.
schur_eliminator.cc:155 Template specializations not found for <-1,-1,-1>
block_sparse_matrix.cc:208 Allocating values array with 258152 bytes.
detect_structure.cc:63 Dynamic row block size because the block size changed from 2 to 15
detect_structure.cc:74 Dynamic e block size because the block size changed from 1 to 9
detect_structure.cc:93 Dynamic f block size because the block size changed from 6 to 9
detect_structure.cc:114 Schur complement static structure <-1,-1,-1>.
detect_structure.cc:63 Dynamic row block size because the block size changed from 2 to 15
detect_structure.cc:74 Dynamic e block size because the block size changed from 1 to 9
detect_structure.cc:93 Dynamic f block size because the block size changed from 6 to 9
detect_structure.cc:114 Schur complement static structure <-1,-1,-1>.
schur_eliminator.cc:155 Template specializations not found for <-1,-1,-1>
[FeatureTracker] F-matrix: 121 → 58 (rejected 63, threshold=1)
block_sparse_matrix.cc:208 Allocating values array with 252536 bytes.
detect_structure.cc:63 Dynamic row block size because the block size changed from 2 to 15
detect_structure.cc:74 Dynamic e block size because the block size changed from 1 to 9
detect_structure.cc:93 Dynamic f block size because the block size changed from 6 to 9
detect_structure.cc:114 Schur complement static structure <-1,-1,-1>.
detect_structure.cc:63 Dynamic row block size because the block size changed from 2 to 15
detect_structure.cc:74 Dynamic e block size because the block size changed from 1 to 9
detect_structure.cc:93 Dynamic f block size because the block size changed from 6 to 9
detect_structure.cc:114 Schur complement static structure <-1,-1,-1>.
schur_eliminator.cc:155 Template specializations not found for <-1,-1,-1>
block_sparse_matrix.cc:208 Allocating values array with 244632 bytes.
detect_structure.cc:63 Dynamic row block size because the block size changed from 2 to 15
detect_structure.cc:74 Dynamic e block size because the block size changed from 1 to 9
detect_structure.cc:93 Dynamic f block size because the block size changed from 6 to 9
detect_structure.cc:114 Schur complement static structure <-1,-1,-1>.
detect_structure.cc:63 Dynamic row block size because the block size changed from 2 to 15
detect_structure.cc:74 Dynamic e block size because the block size changed from 1 to 9
detect_structure.cc:93 Dynamic f block size because the block size changed from 6 to 9
detect_structure.cc:114 Schur complement static structure <-1,-1,-1>.
schur_eliminator.cc:155 Template specializations not found for <-1,-1,-1>
block_sparse_matrix.cc:208 Allocating values array with 239848 bytes.
detect_structure.cc:63 Dynamic row block size because the block size changed from 2 to 15
detect_structure.cc:74 Dynamic e block size because the block size changed from 1 to 9
detect_structure.cc:93 Dynamic f block size because the block size changed from 6 to 9
detect_structure.cc:114 Schur complement static structure <-1,-1,-1>.
detect_structure.cc:63 Dynamic row block size because the block size changed from 2 to 15
detect_structure.cc:74 Dynamic e block size because the block size changed from 1 to 9
detect_structure.cc:93 Dynamic f block size because the block size changed from 6 to 9
detect_structure.cc:114 Schur complement static structure <-1,-1,-1>.
schur_eliminator.cc:155 Template specializations not found for <-1,-1,-1>
block_sparse_matrix.cc:208 Allocating values array with 232776 bytes.
detect_structure.cc:63 Dynamic row block size because the block size changed from 2 to 15
detect_structure.cc:74 Dynamic e block size because the block size changed from 1 to 9
detect_structure.cc:93 Dynamic f block size because the block size changed from 6 to 9
detect_structure.cc:114 Schur complement static structure <-1,-1,-1>.
detect_structure.cc:63 Dynamic row block size because the block size changed from 2 to 15
detect_structure.cc:74 Dynamic e block size because the block size changed from 1 to 9
detect_structure.cc:93 Dynamic f block size because the block size changed from 6 to 9
detect_structure.cc:114 Schur complement static structure <-1,-1,-1>.
schur_eliminator.cc:155 Template specializations not found for <-1,-1,-1>
block_sparse_matrix.cc:208 Allocating values array with 254408 bytes.
detect_structure.cc:63 Dynamic row block size because the block size changed from 2 to 15
detect_structure.cc:74 Dynamic e block size because the block size changed from 1 to 9
detect_structure.cc:93 Dynamic f block size because the block size changed from 6 to 9
detect_structure.cc:114 Schur complement static structure <-1,-1,-1>.
detect_structure.cc:63 Dynamic row block size because the block size changed from 2 to 15
detect_structure.cc:74 Dynamic e block size because the block size changed from 1 to 9
detect_structure.cc:93 Dynamic f block size because the block size changed from 6 to 9
detect_structure.cc:114 Schur complement static structure <-1,-1,-1>.
schur_eliminator.cc:155 Template specializations not found for <-1,-1,-1>
block_sparse_matrix.cc:208 Allocating values array with 260232 bytes.
detect_structure.cc:63 Dynamic row block size because the block size changed from 2 to 15
detect_structure.cc:74 Dynamic e block size because the block size changed from 1 to 9
detect_structure.cc:93 Dynamic f block size because the block size changed from 6 to 9
detect_structure.cc:114 Schur complement static structure <-1,-1,-1>.
detect_structure.cc:63 Dynamic row block size because the block size changed from 2 to 15
detect_structure.cc:74 Dynamic e block size because the block size changed from 1 to 9
detect_structure.cc:93 Dynamic f block size because the block size changed from 6 to 9
detect_structure.cc:114 Schur complement static structure <-1,-1,-1>.
schur_eliminator.cc:155 Template specializations not found for <-1,-1,-1>
block_sparse_matrix.cc:208 Allocating values array with 262312 bytes.
detect_structure.cc:63 Dynamic row block size because the block size changed from 2 to 15
detect_structure.cc:74 Dynamic e block size because the block size changed from 1 to 9
detect_structure.cc:93 Dynamic f block size because the block size changed from 6 to 9
detect_structure.cc:114 Schur complement static structure <-1,-1,-1>.
detect_structure.cc:63 Dynamic row block size because the block size changed from 2 to 15
detect_structure.cc:74 Dynamic e block size because the block size changed from 1 to 9
detect_structure.cc:93 Dynamic f block size because the block size changed from 6 to 9
detect_structure.cc:114 Schur complement static structure <-1,-1,-1>.
schur_eliminator.cc:155 Template specializations not found for <-1,-1,-1>
block_sparse_matrix.cc:208 Allocating values array with 260856 bytes.
detect_structure.cc:63 Dynamic row block size because the block size changed from 2 to 15
detect_structure.cc:74 Dynamic e block size because the block size changed from 1 to 9
detect_structure.cc:93 Dynamic f block size because the block size changed from 6 to 9
detect_structure.cc:114 Schur complement static structure <-1,-1,-1>.
detect_structure.cc:63 Dynamic row block size because the block size changed from 2 to 15
detect_structure.cc:74 Dynamic e block size because the block size changed from 1 to 9
detect_structure.cc:93 Dynamic f block size because the block size changed from 6 to 9
detect_structure.cc:114 Schur complement static structure <-1,-1,-1>.
schur_eliminator.cc:155 Template specializations not found for <-1,-1,-1>
[Replay] 600/600 frames, 555 valid poses
[Replay] complete: 555/600 valid poses; 0 invalid; 13498 ms wall
	Command being timed: "timeout 180 build/audit-baseline/native-replay/native-replay assets/datasets/tum/dataset-room1_512_16 config/tum_vi_room1.yaml build/audit-baseline/native-replay/room1-bracket-600 600 bracket 0 1"
	User time (seconds): 14.14
	System time (seconds): 2.58
	Percent of CPU this job got: 122%
	Elapsed (wall clock) time (h:mm:ss or m:ss): 0:13.64
	Average shared text size (kbytes): 0
	Average unshared data size (kbytes): 0
	Average stack size (kbytes): 0
	Average total size (kbytes): 0
	Maximum resident set size (kbytes): 359552
	Average resident set size (kbytes): 0
	Major (requiring I/O) page faults: 13
	Minor (reclaiming a frame) page faults: 862675
	Voluntary context switches: 751
	Involuntary context switches: 2051
	Swaps: 0
	File system inputs: 2888
	File system outputs: 1144
	Socket messages sent: 0
	Socket messages received: 0
	Signals delivered: 0
	Page size (bytes): 4096
	Exit status: 0
