Loading configuration from: /home/park-ubuntu/park/SOLUTION/Mobile-SLAM/config/tum_vi_room1.yaml
Configuration loaded successfully from: /home/park-ubuntu/park/SOLUTION/Mobile-SLAM/config/tum_vi_room1.yaml
[VIOEngine] PnP params: enable=0 freq=3
block_sparse_matrix.cc:208 Allocating values array with 212064 bytes.
detect_structure.cc:114 Schur complement static structure <2,3,3>.
detect_structure.cc:114 Schur complement static structure <2,3,3>.
schur_eliminator.cc:155 Template specializations not found for <2,3,3>
[VIO] Initialization SUCCESS
[VIO]   gravity: -2.77556e-17 -8.08381e-16      9.81007 (norm=9.81007)
[VIO]   V[0]: -0.0132417 0.00294033  0.0148381 (norm=0.0201036)
[VIO]   Ba[0]: 0 0 0
[VIO]   Bg[0]:  0.000486708 -0.000179231  -0.00113069
block_sparse_matrix.cc:208 Allocating values array with 333024 bytes.
detect_structure.cc:63 Dynamic row block size because the block size changed from 2 to 15
detect_structure.cc:74 Dynamic e block size because the block size changed from 1 to 9
detect_structure.cc:93 Dynamic f block size because the block size changed from 6 to 9
detect_structure.cc:114 Schur complement static structure <-1,-1,-1>.
detect_structure.cc:63 Dynamic row block size because the block size changed from 2 to 15
detect_structure.cc:74 Dynamic e block size because the block size changed from 1 to 9
detect_structure.cc:93 Dynamic f block size because the block size changed from 6 to 9
detect_structure.cc:114 Schur complement static structure <-1,-1,-1>.
schur_eliminator.cc:155 Template specializations not found for <-1,-1,-1>
[VIO DIAG] f=0 tri: ok=163 wait=0 fail=0 default=2 depth: avg=1.73227 min=0.449767 max=25.5498 |vel|=0.00902218 vel=(0.0075451,-0.00489668,-0.000702746) ba=(-0.0853493,-0.0732233,-0.0238234) bg=(0.000102645,-0.000277573,-0.00010751)
block_sparse_matrix.cc:208 Allocating values array with 328864 bytes.
detect_structure.cc:63 Dynamic row block size because the block size changed from 2 to 15
detect_structure.cc:74 Dynamic e block size because the block size changed from 1 to 9
detect_structure.cc:93 Dynamic f block size because the block size changed from 6 to 9
detect_structure.cc:114 Schur complement static structure <-1,-1,-1>.
detect_structure.cc:63 Dynamic row block size because the block size changed from 2 to 15
detect_structure.cc:74 Dynamic e block size because the block size changed from 1 to 9
detect_structure.cc:93 Dynamic f block size because the block size changed from 6 to 9
detect_structure.cc:114 Schur complement static structure <-1,-1,-1>.
schur_eliminator.cc:155 Template specializations not found for <-1,-1,-1>
block_sparse_matrix.cc:208 Allocating values array with 328656 bytes.
detect_structure.cc:63 Dynamic row block size because the block size changed from 2 to 15
detect_structure.cc:74 Dynamic e block size because the block size changed from 1 to 9
detect_structure.cc:93 Dynamic f block size because the block size changed from 6 to 9
detect_structure.cc:114 Schur complement static structure <-1,-1,-1>.
detect_structure.cc:63 Dynamic row block size because the block size changed from 2 to 15
detect_structure.cc:74 Dynamic e block size because the block size changed from 1 to 9
detect_structure.cc:93 Dynamic f block size because the block size changed from 6 to 9
detect_structure.cc:114 Schur complement static structure <-1,-1,-1>.
schur_eliminator.cc:155 Template specializations not found for <-1,-1,-1>
block_sparse_matrix.cc:208 Allocating values array with 328656 bytes.
detect_structure.cc:63 Dynamic row block size because the block size changed from 2 to 15
detect_structure.cc:74 Dynamic e block size because the block size changed from 1 to 9
detect_structure.cc:93 Dynamic f block size because the block size changed from 6 to 9
detect_structure.cc:114 Schur complement static structure <-1,-1,-1>.
detect_structure.cc:63 Dynamic row block size because the block size changed from 2 to 15
detect_structure.cc:74 Dynamic e block size because the block size changed from 1 to 9
detect_structure.cc:93 Dynamic f block size because the block size changed from 6 to 9
detect_structure.cc:114 Schur complement static structure <-1,-1,-1>.
schur_eliminator.cc:155 Template specializations not found for <-1,-1,-1>
block_sparse_matrix.cc:208 Allocating values array with 328448 bytes.
detect_structure.cc:63 Dynamic row block size because the block size changed from 2 to 15
detect_structure.cc:74 Dynamic e block size because the block size changed from 1 to 9
detect_structure.cc:93 Dynamic f block size because the block size changed from 6 to 9
detect_structure.cc:114 Schur complement static structure <-1,-1,-1>.
detect_structure.cc:63 Dynamic row block size because the block size changed from 2 to 15
detect_structure.cc:74 Dynamic e block size because the block size changed from 1 to 9
detect_structure.cc:93 Dynamic f block size because the block size changed from 6 to 9
detect_structure.cc:114 Schur complement static structure <-1,-1,-1>.
schur_eliminator.cc:155 Template specializations not found for <-1,-1,-1>
block_sparse_matrix.cc:208 Allocating values array with 328240 bytes.
detect_structure.cc:63 Dynamic row block size because the block size changed from 2 to 15
detect_structure.cc:74 Dynamic e block size because the block size changed from 1 to 9
detect_structure.cc:93 Dynamic f block size because the block size changed from 6 to 9
detect_structure.cc:114 Schur complement static structure <-1,-1,-1>.
detect_structure.cc:63 Dynamic row block size because the block size changed from 2 to 15
detect_structure.cc:74 Dynamic e block size because the block size changed from 1 to 9
detect_structure.cc:93 Dynamic f block size because the block size changed from 6 to 9
detect_structure.cc:114 Schur complement static structure <-1,-1,-1>.
schur_eliminator.cc:155 Template specializations not found for <-1,-1,-1>
block_sparse_matrix.cc:208 Allocating values array with 328240 bytes.
detect_structure.cc:63 Dynamic row block size because the block size changed from 2 to 15
detect_structure.cc:74 Dynamic e block size because the block size changed from 1 to 9
detect_structure.cc:93 Dynamic f block size because the block size changed from 6 to 9
detect_structure.cc:114 Schur complement static structure <-1,-1,-1>.
detect_structure.cc:63 Dynamic row block size because the block size changed from 2 to 15
detect_structure.cc:74 Dynamic e block size because the block size changed from 1 to 9
detect_structure.cc:93 Dynamic f block size because the block size changed from 6 to 9
detect_structure.cc:114 Schur complement static structure <-1,-1,-1>.
schur_eliminator.cc:155 Template specializations not found for <-1,-1,-1>
block_sparse_matrix.cc:208 Allocating values array with 328240 bytes.
detect_structure.cc:63 Dynamic row block size because the block size changed from 2 to 15
detect_structure.cc:74 Dynamic e block size because the block size changed from 1 to 9
detect_structure.cc:93 Dynamic f block size because the block size changed from 6 to 9
detect_structure.cc:114 Schur complement static structure <-1,-1,-1>.
detect_structure.cc:63 Dynamic row block size because the block size changed from 2 to 15
detect_structure.cc:74 Dynamic e block size because the block size changed from 1 to 9
detect_structure.cc:93 Dynamic f block size because the block size changed from 6 to 9
detect_structure.cc:114 Schur complement static structure <-1,-1,-1>.
schur_eliminator.cc:155 Template specializations not found for <-1,-1,-1>
block_sparse_matrix.cc:208 Allocating values array with 328032 bytes.
detect_structure.cc:63 Dynamic row block size because the block size changed from 2 to 15
detect_structure.cc:74 Dynamic e block size because the block size changed from 1 to 9
detect_structure.cc:93 Dynamic f block size because the block size changed from 6 to 9
detect_structure.cc:114 Schur complement static structure <-1,-1,-1>.
detect_structure.cc:63 Dynamic row block size because the block size changed from 2 to 15
detect_structure.cc:74 Dynamic e block size because the block size changed from 1 to 9
detect_structure.cc:93 Dynamic f block size because the block size changed from 6 to 9
detect_structure.cc:114 Schur complement static structure <-1,-1,-1>.
schur_eliminator.cc:155 Template specializations not found for <-1,-1,-1>
block_sparse_matrix.cc:208 Allocating values array with 327824 bytes.
detect_structure.cc:63 Dynamic row block size because the block size changed from 2 to 15
detect_structure.cc:74 Dynamic e block size because the block size changed from 1 to 9
detect_structure.cc:93 Dynamic f block size because the block size changed from 6 to 9
detect_structure.cc:114 Schur complement static structure <-1,-1,-1>.
detect_structure.cc:63 Dynamic row block size because the block size changed from 2 to 15
detect_structure.cc:74 Dynamic e block size because the block size changed from 1 to 9
detect_structure.cc:93 Dynamic f block size because the block size changed from 6 to 9
detect_structure.cc:114 Schur complement static structure <-1,-1,-1>.
schur_eliminator.cc:155 Template specializations not found for <-1,-1,-1>
block_sparse_matrix.cc:208 Allocating values array with 327824 bytes.
detect_structure.cc:63 Dynamic row block size because the block size changed from 2 to 15
detect_structure.cc:74 Dynamic e block size because the block size changed from 1 to 9
detect_structure.cc:93 Dynamic f block size because the block size changed from 6 to 9
detect_structure.cc:114 Schur complement static structure <-1,-1,-1>.
detect_structure.cc:63 Dynamic row block size because the block size changed from 2 to 15
detect_structure.cc:74 Dynamic e block size because the block size changed from 1 to 9
detect_structure.cc:93 Dynamic f block size because the block size changed from 6 to 9
detect_structure.cc:114 Schur complement static structure <-1,-1,-1>.
schur_eliminator.cc:155 Template specializations not found for <-1,-1,-1>
block_sparse_matrix.cc:208 Allocating values array with 327824 bytes.
detect_structure.cc:63 Dynamic row block size because the block size changed from 2 to 15
detect_structure.cc:74 Dynamic e block size because the block size changed from 1 to 9
detect_structure.cc:93 Dynamic f block size because the block size changed from 6 to 9
detect_structure.cc:114 Schur complement static structure <-1,-1,-1>.
detect_structure.cc:63 Dynamic row block size because the block size changed from 2 to 15
detect_structure.cc:74 Dynamic e block size because the block size changed from 1 to 9
detect_structure.cc:93 Dynamic f block size because the block size changed from 6 to 9
detect_structure.cc:114 Schur complement static structure <-1,-1,-1>.
schur_eliminator.cc:155 Template specializations not found for <-1,-1,-1>
block_sparse_matrix.cc:208 Allocating values array with 327824 bytes.
detect_structure.cc:63 Dynamic row block size because the block size changed from 2 to 15
detect_structure.cc:74 Dynamic e block size because the block size changed from 1 to 9
detect_structure.cc:93 Dynamic f block size because the block size changed from 6 to 9
detect_structure.cc:114 Schur complement static structure <-1,-1,-1>.
detect_structure.cc:63 Dynamic row block size because the block size changed from 2 to 15
detect_structure.cc:74 Dynamic e block size because the block size changed from 1 to 9
detect_structure.cc:93 Dynamic f block size because the block size changed from 6 to 9
detect_structure.cc:114 Schur complement static structure <-1,-1,-1>.
schur_eliminator.cc:155 Template specializations not found for <-1,-1,-1>
block_sparse_matrix.cc:208 Allocating values array with 327824 bytes.
detect_structure.cc:63 Dynamic row block size because the block size changed from 2 to 15
detect_structure.cc:74 Dynamic e block size because the block size changed from 1 to 9
detect_structure.cc:93 Dynamic f block size because the block size changed from 6 to 9
detect_structure.cc:114 Schur complement static structure <-1,-1,-1>.
detect_structure.cc:63 Dynamic row block size because the block size changed from 2 to 15
detect_structure.cc:74 Dynamic e block size because the block size changed from 1 to 9
detect_structure.cc:93 Dynamic f block size because the block size changed from 6 to 9
detect_structure.cc:114 Schur complement static structure <-1,-1,-1>.
schur_eliminator.cc:155 Template specializations not found for <-1,-1,-1>
block_sparse_matrix.cc:208 Allocating values array with 327824 bytes.
detect_structure.cc:63 Dynamic row block size because the block size changed from 2 to 15
detect_structure.cc:74 Dynamic e block size because the block size changed from 1 to 9
detect_structure.cc:93 Dynamic f block size because the block size changed from 6 to 9
detect_structure.cc:114 Schur complement static structure <-1,-1,-1>.
detect_structure.cc:63 Dynamic row block size because the block size changed from 2 to 15
detect_structure.cc:74 Dynamic e block size because the block size changed from 1 to 9
detect_structure.cc:93 Dynamic f block size because the block size changed from 6 to 9
detect_structure.cc:114 Schur complement static structure <-1,-1,-1>.
schur_eliminator.cc:155 Template specializations not found for <-1,-1,-1>
block_sparse_matrix.cc:208 Allocating values array with 327616 bytes.
detect_structure.cc:63 Dynamic row block size because the block size changed from 2 to 15
detect_structure.cc:74 Dynamic e block size because the block size changed from 1 to 9
detect_structure.cc:93 Dynamic f block size because the block size changed from 6 to 9
detect_structure.cc:114 Schur complement static structure <-1,-1,-1>.
detect_structure.cc:63 Dynamic row block size because the block size changed from 2 to 15
detect_structure.cc:74 Dynamic e block size because the block size changed from 1 to 9
detect_structure.cc:93 Dynamic f block size because the block size changed from 6 to 9
detect_structure.cc:114 Schur complement static structure <-1,-1,-1>.
schur_eliminator.cc:155 Template specializations not found for <-1,-1,-1>
block_sparse_matrix.cc:208 Allocating values array with 327408 bytes.
detect_structure.cc:63 Dynamic row block size because the block size changed from 2 to 15
detect_structure.cc:74 Dynamic e block size because the block size changed from 1 to 9
detect_structure.cc:93 Dynamic f block size because the block size changed from 6 to 9
detect_structure.cc:114 Schur complement static structure <-1,-1,-1>.
detect_structure.cc:63 Dynamic row block size because the block size changed from 2 to 15
detect_structure.cc:74 Dynamic e block size because the block size changed from 1 to 9
detect_structure.cc:93 Dynamic f block size because the block size changed from 6 to 9
detect_structure.cc:114 Schur complement static structure <-1,-1,-1>.
schur_eliminator.cc:155 Template specializations not found for <-1,-1,-1>
block_sparse_matrix.cc:208 Allocating values array with 368600 bytes.
detect_structure.cc:63 Dynamic row block size because the block size changed from 2 to 15
detect_structure.cc:74 Dynamic e block size because the block size changed from 1 to 9
detect_structure.cc:93 Dynamic f block size because the block size changed from 6 to 9
detect_structure.cc:114 Schur complement static structure <-1,-1,-1>.
detect_structure.cc:63 Dynamic row block size because the block size changed from 2 to 15
detect_structure.cc:74 Dynamic e block size because the block size changed from 1 to 9
detect_structure.cc:93 Dynamic f block size because the block size changed from 6 to 9
detect_structure.cc:114 Schur complement static structure <-1,-1,-1>.
schur_eliminator.cc:155 Template specializations not found for <-1,-1,-1>
block_sparse_matrix.cc:208 Allocating values array with 361560 bytes.
detect_structure.cc:63 Dynamic row block size because the block size changed from 2 to 15
detect_structure.cc:74 Dynamic e block size because the block size changed from 1 to 9
detect_structure.cc:93 Dynamic f block size because the block size changed from 6 to 9
detect_structure.cc:114 Schur complement static structure <-1,-1,-1>.
detect_structure.cc:63 Dynamic row block size because the block size changed from 2 to 15
detect_structure.cc:74 Dynamic e block size because the block size changed from 1 to 9
detect_structure.cc:93 Dynamic f block size because the block size changed from 6 to 9
detect_structure.cc:114 Schur complement static structure <-1,-1,-1>.
schur_eliminator.cc:155 Template specializations not found for <-1,-1,-1>
block_sparse_matrix.cc:208 Allocating values array with 361560 bytes.
detect_structure.cc:63 Dynamic row block size because the block size changed from 2 to 15
detect_structure.cc:74 Dynamic e block size because the block size changed from 1 to 9
detect_structure.cc:93 Dynamic f block size because the block size changed from 6 to 9
detect_structure.cc:114 Schur complement static structure <-1,-1,-1>.
detect_structure.cc:63 Dynamic row block size because the block size changed from 2 to 15
detect_structure.cc:74 Dynamic e block size because the block size changed from 1 to 9
detect_structure.cc:93 Dynamic f block size because the block size changed from 6 to 9
detect_structure.cc:114 Schur complement static structure <-1,-1,-1>.
schur_eliminator.cc:155 Template specializations not found for <-1,-1,-1>
block_sparse_matrix.cc:208 Allocating values array with 361352 bytes.
detect_structure.cc:63 Dynamic row block size because the block size changed from 2 to 15
detect_structure.cc:74 Dynamic e block size because the block size changed from 1 to 9
detect_structure.cc:93 Dynamic f block size because the block size changed from 6 to 9
detect_structure.cc:114 Schur complement static structure <-1,-1,-1>.
detect_structure.cc:63 Dynamic row block size because the block size changed from 2 to 15
detect_structure.cc:74 Dynamic e block size because the block size changed from 1 to 9
detect_structure.cc:93 Dynamic f block size because the block size changed from 6 to 9
detect_structure.cc:114 Schur complement static structure <-1,-1,-1>.
schur_eliminator.cc:155 Template specializations not found for <-1,-1,-1>
[VIO DIAG] f=20 tri: ok=165 wait=0 fail=0 default=2 depth: avg=1.60706 min=0.412087 max=5.36286 |vel|=0.0319614 vel=(-0.0135766,-0.00614591,0.0282742) ba=(-0.308133,-0.801395,0.0412521) bg=(-4.03547e-05,-0.000230944,-0.000175014)
block_sparse_matrix.cc:208 Allocating values array with 361144 bytes.
detect_structure.cc:63 Dynamic row block size because the block size changed from 2 to 15
detect_structure.cc:74 Dynamic e block size because the block size changed from 1 to 9
detect_structure.cc:93 Dynamic f block size because the block size changed from 6 to 9
detect_structure.cc:114 Schur complement static structure <-1,-1,-1>.
detect_structure.cc:63 Dynamic row block size because the block size changed from 2 to 15
detect_structure.cc:74 Dynamic e block size because the block size changed from 1 to 9
detect_structure.cc:93 Dynamic f block size because the block size changed from 6 to 9
detect_structure.cc:114 Schur complement static structure <-1,-1,-1>.
schur_eliminator.cc:155 Template specializations not found for <-1,-1,-1>
block_sparse_matrix.cc:208 Allocating values array with 361144 bytes.
detect_structure.cc:63 Dynamic row block size because the block size changed from 2 to 15
detect_structure.cc:74 Dynamic e block size because the block size changed from 1 to 9
detect_structure.cc:93 Dynamic f block size because the block size changed from 6 to 9
detect_structure.cc:114 Schur complement static structure <-1,-1,-1>.
detect_structure.cc:63 Dynamic row block size because the block size changed from 2 to 15
detect_structure.cc:74 Dynamic e block size because the block size changed from 1 to 9
detect_structure.cc:93 Dynamic f block size because the block size changed from 6 to 9
detect_structure.cc:114 Schur complement static structure <-1,-1,-1>.
schur_eliminator.cc:155 Template specializations not found for <-1,-1,-1>
block_sparse_matrix.cc:208 Allocating values array with 361144 bytes.
detect_structure.cc:63 Dynamic row block size because the block size changed from 2 to 15
detect_structure.cc:74 Dynamic e block size because the block size changed from 1 to 9
detect_structure.cc:93 Dynamic f block size because the block size changed from 6 to 9
detect_structure.cc:114 Schur complement static structure <-1,-1,-1>.
detect_structure.cc:63 Dynamic row block size because the block size changed from 2 to 15
detect_structure.cc:74 Dynamic e block size because the block size changed from 1 to 9
detect_structure.cc:93 Dynamic f block size because the block size changed from 6 to 9
detect_structure.cc:114 Schur complement static structure <-1,-1,-1>.
schur_eliminator.cc:155 Template specializations not found for <-1,-1,-1>
block_sparse_matrix.cc:208 Allocating values array with 361144 bytes.
detect_structure.cc:63 Dynamic row block size because the block size changed from 2 to 15
detect_structure.cc:74 Dynamic e block size because the block size changed from 1 to 9
detect_structure.cc:93 Dynamic f block size because the block size changed from 6 to 9
detect_structure.cc:114 Schur complement static structure <-1,-1,-1>.
detect_structure.cc:63 Dynamic row block size because the block size changed from 2 to 15
detect_structure.cc:74 Dynamic e block size because the block size changed from 1 to 9
detect_structure.cc:93 Dynamic f block size because the block size changed from 6 to 9
detect_structure.cc:114 Schur complement static structure <-1,-1,-1>.
schur_eliminator.cc:155 Template specializations not found for <-1,-1,-1>
block_sparse_matrix.cc:208 Allocating values array with 361144 bytes.
detect_structure.cc:63 Dynamic row block size because the block size changed from 2 to 15
detect_structure.cc:74 Dynamic e block size because the block size changed from 1 to 9
detect_structure.cc:93 Dynamic f block size because the block size changed from 6 to 9
detect_structure.cc:114 Schur complement static structure <-1,-1,-1>.
detect_structure.cc:63 Dynamic row block size because the block size changed from 2 to 15
detect_structure.cc:74 Dynamic e block size because the block size changed from 1 to 9
detect_structure.cc:93 Dynamic f block size because the block size changed from 6 to 9
detect_structure.cc:114 Schur complement static structure <-1,-1,-1>.
schur_eliminator.cc:155 Template specializations not found for <-1,-1,-1>
block_sparse_matrix.cc:208 Allocating values array with 361144 bytes.
detect_structure.cc:63 Dynamic row block size because the block size changed from 2 to 15
detect_structure.cc:74 Dynamic e block size because the block size changed from 1 to 9
detect_structure.cc:93 Dynamic f block size because the block size changed from 6 to 9
detect_structure.cc:114 Schur complement static structure <-1,-1,-1>.
detect_structure.cc:63 Dynamic row block size because the block size changed from 2 to 15
detect_structure.cc:74 Dynamic e block size because the block size changed from 1 to 9
detect_structure.cc:93 Dynamic f block size because the block size changed from 6 to 9
detect_structure.cc:114 Schur complement static structure <-1,-1,-1>.
schur_eliminator.cc:155 Template specializations not found for <-1,-1,-1>
block_sparse_matrix.cc:208 Allocating values array with 361144 bytes.
detect_structure.cc:63 Dynamic row block size because the block size changed from 2 to 15
detect_structure.cc:74 Dynamic e block size because the block size changed from 1 to 9
detect_structure.cc:93 Dynamic f block size because the block size changed from 6 to 9
detect_structure.cc:114 Schur complement static structure <-1,-1,-1>.
detect_structure.cc:63 Dynamic row block size because the block size changed from 2 to 15
detect_structure.cc:74 Dynamic e block size because the block size changed from 1 to 9
detect_structure.cc:93 Dynamic f block size because the block size changed from 6 to 9
detect_structure.cc:114 Schur complement static structure <-1,-1,-1>.
schur_eliminator.cc:155 Template specializations not found for <-1,-1,-1>
block_sparse_matrix.cc:208 Allocating values array with 361144 bytes.
detect_structure.cc:63 Dynamic row block size because the block size changed from 2 to 15
detect_structure.cc:74 Dynamic e block size because the block size changed from 1 to 9
detect_structure.cc:93 Dynamic f block size because the block size changed from 6 to 9
detect_structure.cc:114 Schur complement static structure <-1,-1,-1>.
detect_structure.cc:63 Dynamic row block size because the block size changed from 2 to 15
detect_structure.cc:74 Dynamic e block size because the block size changed from 1 to 9
detect_structure.cc:93 Dynamic f block size because the block size changed from 6 to 9
detect_structure.cc:114 Schur complement static structure <-1,-1,-1>.
schur_eliminator.cc:155 Template specializations not found for <-1,-1,-1>
block_sparse_matrix.cc:208 Allocating values array with 360312 bytes.
detect_structure.cc:63 Dynamic row block size because the block size changed from 2 to 15
detect_structure.cc:74 Dynamic e block size because the block size changed from 1 to 9
detect_structure.cc:93 Dynamic f block size because the block size changed from 6 to 9
detect_structure.cc:114 Schur complement static structure <-1,-1,-1>.
detect_structure.cc:63 Dynamic row block size because the block size changed from 2 to 15
detect_structure.cc:74 Dynamic e block size because the block size changed from 1 to 9
detect_structure.cc:93 Dynamic f block size because the block size changed from 6 to 9
detect_structure.cc:114 Schur complement static structure <-1,-1,-1>.
schur_eliminator.cc:155 Template specializations not found for <-1,-1,-1>
block_sparse_matrix.cc:208 Allocating values array with 360312 bytes.
detect_structure.cc:63 Dynamic row block size because the block size changed from 2 to 15
detect_structure.cc:74 Dynamic e block size because the block size changed from 1 to 9
detect_structure.cc:93 Dynamic f block size because the block size changed from 6 to 9
detect_structure.cc:114 Schur complement static structure <-1,-1,-1>.
detect_structure.cc:63 Dynamic row block size because the block size changed from 2 to 15
detect_structure.cc:74 Dynamic e block size because the block size changed from 1 to 9
detect_structure.cc:93 Dynamic f block size because the block size changed from 6 to 9
detect_structure.cc:114 Schur complement static structure <-1,-1,-1>.
schur_eliminator.cc:155 Template specializations not found for <-1,-1,-1>
block_sparse_matrix.cc:208 Allocating values array with 360312 bytes.
detect_structure.cc:63 Dynamic row block size because the block size changed from 2 to 15
detect_structure.cc:74 Dynamic e block size because the block size changed from 1 to 9
detect_structure.cc:93 Dynamic f block size because the block size changed from 6 to 9
detect_structure.cc:114 Schur complement static structure <-1,-1,-1>.
detect_structure.cc:63 Dynamic row block size because the block size changed from 2 to 15
detect_structure.cc:74 Dynamic e block size because the block size changed from 1 to 9
detect_structure.cc:93 Dynamic f block size because the block size changed from 6 to 9
detect_structure.cc:114 Schur complement static structure <-1,-1,-1>.
schur_eliminator.cc:155 Template specializations not found for <-1,-1,-1>
block_sparse_matrix.cc:208 Allocating values array with 360312 bytes.
detect_structure.cc:63 Dynamic row block size because the block size changed from 2 to 15
detect_structure.cc:74 Dynamic e block size because the block size changed from 1 to 9
detect_structure.cc:93 Dynamic f block size because the block size changed from 6 to 9
detect_structure.cc:114 Schur complement static structure <-1,-1,-1>.
detect_structure.cc:63 Dynamic row block size because the block size changed from 2 to 15
detect_structure.cc:74 Dynamic e block size because the block size changed from 1 to 9
detect_structure.cc:93 Dynamic f block size because the block size changed from 6 to 9
detect_structure.cc:114 Schur complement static structure <-1,-1,-1>.
schur_eliminator.cc:155 Template specializations not found for <-1,-1,-1>
block_sparse_matrix.cc:208 Allocating values array with 360312 bytes.
detect_structure.cc:63 Dynamic row block size because the block size changed from 2 to 15
detect_structure.cc:74 Dynamic e block size because the block size changed from 1 to 9
detect_structure.cc:93 Dynamic f block size because the block size changed from 6 to 9
detect_structure.cc:114 Schur complement static structure <-1,-1,-1>.
detect_structure.cc:63 Dynamic row block size because the block size changed from 2 to 15
detect_structure.cc:74 Dynamic e block size because the block size changed from 1 to 9
detect_structure.cc:93 Dynamic f block size because the block size changed from 6 to 9
detect_structure.cc:114 Schur complement static structure <-1,-1,-1>.
schur_eliminator.cc:155 Template specializations not found for <-1,-1,-1>
block_sparse_matrix.cc:208 Allocating values array with 360312 bytes.
detect_structure.cc:63 Dynamic row block size because the block size changed from 2 to 15
detect_structure.cc:74 Dynamic e block size because the block size changed from 1 to 9
detect_structure.cc:93 Dynamic f block size because the block size changed from 6 to 9
detect_structure.cc:114 Schur complement static structure <-1,-1,-1>.
detect_structure.cc:63 Dynamic row block size because the block size changed from 2 to 15
detect_structure.cc:74 Dynamic e block size because the block size changed from 1 to 9
detect_structure.cc:93 Dynamic f block size because the block size changed from 6 to 9
detect_structure.cc:114 Schur complement static structure <-1,-1,-1>.
schur_eliminator.cc:155 Template specializations not found for <-1,-1,-1>
block_sparse_matrix.cc:208 Allocating values array with 359688 bytes.
detect_structure.cc:63 Dynamic row block size because the block size changed from 2 to 15
detect_structure.cc:74 Dynamic e block size because the block size changed from 1 to 9
detect_structure.cc:93 Dynamic f block size because the block size changed from 6 to 9
detect_structure.cc:114 Schur complement static structure <-1,-1,-1>.
detect_structure.cc:63 Dynamic row block size because the block size changed from 2 to 15
detect_structure.cc:74 Dynamic e block size because the block size changed from 1 to 9
detect_structure.cc:93 Dynamic f block size because the block size changed from 6 to 9
detect_structure.cc:114 Schur complement static structure <-1,-1,-1>.
schur_eliminator.cc:155 Template specializations not found for <-1,-1,-1>
block_sparse_matrix.cc:208 Allocating values array with 359688 bytes.
detect_structure.cc:63 Dynamic row block size because the block size changed from 2 to 15
detect_structure.cc:74 Dynamic e block size because the block size changed from 1 to 9
detect_structure.cc:93 Dynamic f block size because the block size changed from 6 to 9
detect_structure.cc:114 Schur complement static structure <-1,-1,-1>.
detect_structure.cc:63 Dynamic row block size because the block size changed from 2 to 15
detect_structure.cc:74 Dynamic e block size because the block size changed from 1 to 9
detect_structure.cc:93 Dynamic f block size because the block size changed from 6 to 9
detect_structure.cc:114 Schur complement static structure <-1,-1,-1>.
schur_eliminator.cc:155 Template specializations not found for <-1,-1,-1>
block_sparse_matrix.cc:208 Allocating values array with 359688 bytes.
detect_structure.cc:63 Dynamic row block size because the block size changed from 2 to 15
detect_structure.cc:74 Dynamic e block size because the block size changed from 1 to 9
detect_structure.cc:93 Dynamic f block size because the block size changed from 6 to 9
detect_structure.cc:114 Schur complement static structure <-1,-1,-1>.
detect_structure.cc:63 Dynamic row block size because the block size changed from 2 to 15
detect_structure.cc:74 Dynamic e block size because the block size changed from 1 to 9
detect_structure.cc:93 Dynamic f block size because the block size changed from 6 to 9
detect_structure.cc:114 Schur complement static structure <-1,-1,-1>.
schur_eliminator.cc:155 Template specializations not found for <-1,-1,-1>
block_sparse_matrix.cc:208 Allocating values array with 359688 bytes.
detect_structure.cc:63 Dynamic row block size because the block size changed from 2 to 15
detect_structure.cc:74 Dynamic e block size because the block size changed from 1 to 9
detect_structure.cc:93 Dynamic f block size because the block size changed from 6 to 9
detect_structure.cc:114 Schur complement static structure <-1,-1,-1>.
detect_structure.cc:63 Dynamic row block size because the block size changed from 2 to 15
detect_structure.cc:74 Dynamic e block size because the block size changed from 1 to 9
detect_structure.cc:93 Dynamic f block size because the block size changed from 6 to 9
detect_structure.cc:114 Schur complement static structure <-1,-1,-1>.
schur_eliminator.cc:155 Template specializations not found for <-1,-1,-1>
block_sparse_matrix.cc:208 Allocating values array with 359688 bytes.
detect_structure.cc:63 Dynamic row block size because the block size changed from 2 to 15
detect_structure.cc:74 Dynamic e block size because the block size changed from 1 to 9
detect_structure.cc:93 Dynamic f block size because the block size changed from 6 to 9
detect_structure.cc:114 Schur complement static structure <-1,-1,-1>.
detect_structure.cc:63 Dynamic row block size because the block size changed from 2 to 15
detect_structure.cc:74 Dynamic e block size because the block size changed from 1 to 9
detect_structure.cc:93 Dynamic f block size because the block size changed from 6 to 9
detect_structure.cc:114 Schur complement static structure <-1,-1,-1>.
schur_eliminator.cc:155 Template specializations not found for <-1,-1,-1>
block_sparse_matrix.cc:208 Allocating values array with 359688 bytes.
detect_structure.cc:63 Dynamic row block size because the block size changed from 2 to 15
detect_structure.cc:74 Dynamic e block size because the block size changed from 1 to 9
detect_structure.cc:93 Dynamic f block size because the block size changed from 6 to 9
detect_structure.cc:114 Schur complement static structure <-1,-1,-1>.
detect_structure.cc:63 Dynamic row block size because the block size changed from 2 to 15
detect_structure.cc:74 Dynamic e block size because the block size changed from 1 to 9
detect_structure.cc:93 Dynamic f block size because the block size changed from 6 to 9
detect_structure.cc:114 Schur complement static structure <-1,-1,-1>.
schur_eliminator.cc:155 Template specializations not found for <-1,-1,-1>
[VIO DIAG] f=40 tri: ok=163 wait=0 fail=0 default=2 depth: avg=1.56822 min=0.374557 max=4.07254 |vel|=0.00594851 vel=(-0.00545076,0.00136405,0.00195277) ba=(-0.258037,-0.489559,0.00808983) bg=(-4.54684e-05,-0.000271547,-0.000229738)
block_sparse_matrix.cc:208 Allocating values array with 359688 bytes.
detect_structure.cc:63 Dynamic row block size because the block size changed from 2 to 15
detect_structure.cc:74 Dynamic e block size because the block size changed from 1 to 9
detect_structure.cc:93 Dynamic f block size because the block size changed from 6 to 9
detect_structure.cc:114 Schur complement static structure <-1,-1,-1>.
detect_structure.cc:63 Dynamic row block size because the block size changed from 2 to 15
detect_structure.cc:74 Dynamic e block size because the block size changed from 1 to 9
detect_structure.cc:93 Dynamic f block size because the block size changed from 6 to 9
detect_structure.cc:114 Schur complement static structure <-1,-1,-1>.
schur_eliminator.cc:155 Template specializations not found for <-1,-1,-1>
block_sparse_matrix.cc:208 Allocating values array with 359688 bytes.
detect_structure.cc:63 Dynamic row block size because the block size changed from 2 to 15
detect_structure.cc:74 Dynamic e block size because the block size changed from 1 to 9
detect_structure.cc:93 Dynamic f block size because the block size changed from 6 to 9
detect_structure.cc:114 Schur complement static structure <-1,-1,-1>.
detect_structure.cc:63 Dynamic row block size because the block size changed from 2 to 15
detect_structure.cc:74 Dynamic e block size because the block size changed from 1 to 9
detect_structure.cc:93 Dynamic f block size because the block size changed from 6 to 9
detect_structure.cc:114 Schur complement static structure <-1,-1,-1>.
schur_eliminator.cc:155 Template specializations not found for <-1,-1,-1>
block_sparse_matrix.cc:208 Allocating values array with 359480 bytes.
detect_structure.cc:63 Dynamic row block size because the block size changed from 2 to 15
detect_structure.cc:74 Dynamic e block size because the block size changed from 1 to 9
detect_structure.cc:93 Dynamic f block size because the block size changed from 6 to 9
detect_structure.cc:114 Schur complement static structure <-1,-1,-1>.
detect_structure.cc:63 Dynamic row block size because the block size changed from 2 to 15
detect_structure.cc:74 Dynamic e block size because the block size changed from 1 to 9
detect_structure.cc:93 Dynamic f block size because the block size changed from 6 to 9
detect_structure.cc:114 Schur complement static structure <-1,-1,-1>.
schur_eliminator.cc:155 Template specializations not found for <-1,-1,-1>
block_sparse_matrix.cc:208 Allocating values array with 359272 bytes.
detect_structure.cc:63 Dynamic row block size because the block size changed from 2 to 15
detect_structure.cc:74 Dynamic e block size because the block size changed from 1 to 9
detect_structure.cc:93 Dynamic f block size because the block size changed from 6 to 9
detect_structure.cc:114 Schur complement static structure <-1,-1,-1>.
detect_structure.cc:63 Dynamic row block size because the block size changed from 2 to 15
detect_structure.cc:74 Dynamic e block size because the block size changed from 1 to 9
detect_structure.cc:93 Dynamic f block size because the block size changed from 6 to 9
detect_structure.cc:114 Schur complement static structure <-1,-1,-1>.
schur_eliminator.cc:155 Template specializations not found for <-1,-1,-1>
block_sparse_matrix.cc:208 Allocating values array with 359272 bytes.
detect_structure.cc:63 Dynamic row block size because the block size changed from 2 to 15
detect_structure.cc:74 Dynamic e block size because the block size changed from 1 to 9
detect_structure.cc:93 Dynamic f block size because the block size changed from 6 to 9
detect_structure.cc:114 Schur complement static structure <-1,-1,-1>.
detect_structure.cc:63 Dynamic row block size because the block size changed from 2 to 15
detect_structure.cc:74 Dynamic e block size because the block size changed from 1 to 9
detect_structure.cc:93 Dynamic f block size because the block size changed from 6 to 9
detect_structure.cc:114 Schur complement static structure <-1,-1,-1>.
schur_eliminator.cc:155 Template specializations not found for <-1,-1,-1>
block_sparse_matrix.cc:208 Allocating values array with 359272 bytes.
detect_structure.cc:63 Dynamic row block size because the block size changed from 2 to 15
detect_structure.cc:74 Dynamic e block size because the block size changed from 1 to 9
detect_structure.cc:93 Dynamic f block size because the block size changed from 6 to 9
detect_structure.cc:114 Schur complement static structure <-1,-1,-1>.
detect_structure.cc:63 Dynamic row block size because the block size changed from 2 to 15
detect_structure.cc:74 Dynamic e block size because the block size changed from 1 to 9
detect_structure.cc:93 Dynamic f block size because the block size changed from 6 to 9
detect_structure.cc:114 Schur complement static structure <-1,-1,-1>.
schur_eliminator.cc:155 Template specializations not found for <-1,-1,-1>
block_sparse_matrix.cc:208 Allocating values array with 359272 bytes.
detect_structure.cc:63 Dynamic row block size because the block size changed from 2 to 15
detect_structure.cc:74 Dynamic e block size because the block size changed from 1 to 9
detect_structure.cc:93 Dynamic f block size because the block size changed from 6 to 9
detect_structure.cc:114 Schur complement static structure <-1,-1,-1>.
detect_structure.cc:63 Dynamic row block size because the block size changed from 2 to 15
detect_structure.cc:74 Dynamic e block size because the block size changed from 1 to 9
detect_structure.cc:93 Dynamic f block size because the block size changed from 6 to 9
detect_structure.cc:114 Schur complement static structure <-1,-1,-1>.
schur_eliminator.cc:155 Template specializations not found for <-1,-1,-1>
block_sparse_matrix.cc:208 Allocating values array with 359272 bytes.
detect_structure.cc:63 Dynamic row block size because the block size changed from 2 to 15
detect_structure.cc:74 Dynamic e block size because the block size changed from 1 to 9
detect_structure.cc:93 Dynamic f block size because the block size changed from 6 to 9
detect_structure.cc:114 Schur complement static structure <-1,-1,-1>.
detect_structure.cc:63 Dynamic row block size because the block size changed from 2 to 15
detect_structure.cc:74 Dynamic e block size because the block size changed from 1 to 9
detect_structure.cc:93 Dynamic f block size because the block size changed from 6 to 9
detect_structure.cc:114 Schur complement static structure <-1,-1,-1>.
schur_eliminator.cc:155 Template specializations not found for <-1,-1,-1>
block_sparse_matrix.cc:208 Allocating values array with 359272 bytes.
detect_structure.cc:63 Dynamic row block size because the block size changed from 2 to 15
detect_structure.cc:74 Dynamic e block size because the block size changed from 1 to 9
detect_structure.cc:93 Dynamic f block size because the block size changed from 6 to 9
detect_structure.cc:114 Schur complement static structure <-1,-1,-1>.
detect_structure.cc:63 Dynamic row block size because the block size changed from 2 to 15
detect_structure.cc:74 Dynamic e block size because the block size changed from 1 to 9
detect_structure.cc:93 Dynamic f block size because the block size changed from 6 to 9
detect_structure.cc:114 Schur complement static structure <-1,-1,-1>.
schur_eliminator.cc:155 Template specializations not found for <-1,-1,-1>
block_sparse_matrix.cc:208 Allocating values array with 359272 bytes.
detect_structure.cc:63 Dynamic row block size because the block size changed from 2 to 15
detect_structure.cc:74 Dynamic e block size because the block size changed from 1 to 9
detect_structure.cc:93 Dynamic f block size because the block size changed from 6 to 9
detect_structure.cc:114 Schur complement static structure <-1,-1,-1>.
detect_structure.cc:63 Dynamic row block size because the block size changed from 2 to 15
detect_structure.cc:74 Dynamic e block size because the block size changed from 1 to 9
detect_structure.cc:93 Dynamic f block size because the block size changed from 6 to 9
detect_structure.cc:114 Schur complement static structure <-1,-1,-1>.
schur_eliminator.cc:155 Template specializations not found for <-1,-1,-1>
block_sparse_matrix.cc:208 Allocating values array with 359272 bytes.
detect_structure.cc:63 Dynamic row block size because the block size changed from 2 to 15
detect_structure.cc:74 Dynamic e block size because the block size changed from 1 to 9
detect_structure.cc:93 Dynamic f block size because the block size changed from 6 to 9
detect_structure.cc:114 Schur complement static structure <-1,-1,-1>.
detect_structure.cc:63 Dynamic row block size because the block size changed from 2 to 15
detect_structure.cc:74 Dynamic e block size because the block size changed from 1 to 9
detect_structure.cc:93 Dynamic f block size because the block size changed from 6 to 9
detect_structure.cc:114 Schur complement static structure <-1,-1,-1>.
schur_eliminator.cc:155 Template specializations not found for <-1,-1,-1>
block_sparse_matrix.cc:208 Allocating values array with 359272 bytes.
detect_structure.cc:63 Dynamic row block size because the block size changed from 2 to 15
detect_structure.cc:74 Dynamic e block size because the block size changed from 1 to 9
detect_structure.cc:93 Dynamic f block size because the block size changed from 6 to 9
detect_structure.cc:114 Schur complement static structure <-1,-1,-1>.
detect_structure.cc:63 Dynamic row block size because the block size changed from 2 to 15
detect_structure.cc:74 Dynamic e block size because the block size changed from 1 to 9
detect_structure.cc:93 Dynamic f block size because the block size changed from 6 to 9
detect_structure.cc:114 Schur complement static structure <-1,-1,-1>.
schur_eliminator.cc:155 Template specializations not found for <-1,-1,-1>
block_sparse_matrix.cc:208 Allocating values array with 359272 bytes.
detect_structure.cc:63 Dynamic row block size because the block size changed from 2 to 15
detect_structure.cc:74 Dynamic e block size because the block size changed from 1 to 9
detect_structure.cc:93 Dynamic f block size because the block size changed from 6 to 9
detect_structure.cc:114 Schur complement static structure <-1,-1,-1>.
detect_structure.cc:63 Dynamic row block size because the block size changed from 2 to 15
detect_structure.cc:74 Dynamic e block size because the block size changed from 1 to 9
detect_structure.cc:93 Dynamic f block size because the block size changed from 6 to 9
detect_structure.cc:114 Schur complement static structure <-1,-1,-1>.
schur_eliminator.cc:155 Template specializations not found for <-1,-1,-1>
block_sparse_matrix.cc:208 Allocating values array with 359272 bytes.
detect_structure.cc:63 Dynamic row block size because the block size changed from 2 to 15
detect_structure.cc:74 Dynamic e block size because the block size changed from 1 to 9
detect_structure.cc:93 Dynamic f block size because the block size changed from 6 to 9
detect_structure.cc:114 Schur complement static structure <-1,-1,-1>.
detect_structure.cc:63 Dynamic row block size because the block size changed from 2 to 15
detect_structure.cc:74 Dynamic e block size because the block size changed from 1 to 9
detect_structure.cc:93 Dynamic f block size because the block size changed from 6 to 9
detect_structure.cc:114 Schur complement static structure <-1,-1,-1>.
schur_eliminator.cc:155 Template specializations not found for <-1,-1,-1>
[Replay] 100/600 frames, 55 valid poses
block_sparse_matrix.cc:208 Allocating values array with 359272 bytes.
detect_structure.cc:63 Dynamic row block size because the block size changed from 2 to 15
detect_structure.cc:74 Dynamic e block size because the block size changed from 1 to 9
detect_structure.cc:93 Dynamic f block size because the block size changed from 6 to 9
detect_structure.cc:114 Schur complement static structure <-1,-1,-1>.
detect_structure.cc:63 Dynamic row block size because the block size changed from 2 to 15
detect_structure.cc:74 Dynamic e block size because the block size changed from 1 to 9
detect_structure.cc:93 Dynamic f block size because the block size changed from 6 to 9
detect_structure.cc:114 Schur complement static structure <-1,-1,-1>.
schur_eliminator.cc:155 Template specializations not found for <-1,-1,-1>
block_sparse_matrix.cc:208 Allocating values array with 359064 bytes.
detect_structure.cc:63 Dynamic row block size because the block size changed from 2 to 15
detect_structure.cc:74 Dynamic e block size because the block size changed from 1 to 9
detect_structure.cc:93 Dynamic f block size because the block size changed from 6 to 9
detect_structure.cc:114 Schur complement static structure <-1,-1,-1>.
detect_structure.cc:63 Dynamic row block size because the block size changed from 2 to 15
detect_structure.cc:74 Dynamic e block size because the block size changed from 1 to 9
detect_structure.cc:93 Dynamic f block size because the block size changed from 6 to 9
detect_structure.cc:114 Schur complement static structure <-1,-1,-1>.
schur_eliminator.cc:155 Template specializations not found for <-1,-1,-1>
block_sparse_matrix.cc:208 Allocating values array with 358856 bytes.
detect_structure.cc:63 Dynamic row block size because the block size changed from 2 to 15
detect_structure.cc:74 Dynamic e block size because the block size changed from 1 to 9
detect_structure.cc:93 Dynamic f block size because the block size changed from 6 to 9
detect_structure.cc:114 Schur complement static structure <-1,-1,-1>.
detect_structure.cc:63 Dynamic row block size because the block size changed from 2 to 15
detect_structure.cc:74 Dynamic e block size because the block size changed from 1 to 9
detect_structure.cc:93 Dynamic f block size because the block size changed from 6 to 9
detect_structure.cc:114 Schur complement static structure <-1,-1,-1>.
schur_eliminator.cc:155 Template specializations not found for <-1,-1,-1>
block_sparse_matrix.cc:208 Allocating values array with 358856 bytes.
detect_structure.cc:63 Dynamic row block size because the block size changed from 2 to 15
detect_structure.cc:74 Dynamic e block size because the block size changed from 1 to 9
detect_structure.cc:93 Dynamic f block size because the block size changed from 6 to 9
detect_structure.cc:114 Schur complement static structure <-1,-1,-1>.
detect_structure.cc:63 Dynamic row block size because the block size changed from 2 to 15
detect_structure.cc:74 Dynamic e block size because the block size changed from 1 to 9
detect_structure.cc:93 Dynamic f block size because the block size changed from 6 to 9
detect_structure.cc:114 Schur complement static structure <-1,-1,-1>.
schur_eliminator.cc:155 Template specializations not found for <-1,-1,-1>
block_sparse_matrix.cc:208 Allocating values array with 358856 bytes.
detect_structure.cc:63 Dynamic row block size because the block size changed from 2 to 15
detect_structure.cc:74 Dynamic e block size because the block size changed from 1 to 9
detect_structure.cc:93 Dynamic f block size because the block size changed from 6 to 9
detect_structure.cc:114 Schur complement static structure <-1,-1,-1>.
detect_structure.cc:63 Dynamic row block size because the block size changed from 2 to 15
detect_structure.cc:74 Dynamic e block size because the block size changed from 1 to 9
detect_structure.cc:93 Dynamic f block size because the block size changed from 6 to 9
detect_structure.cc:114 Schur complement static structure <-1,-1,-1>.
schur_eliminator.cc:155 Template specializations not found for <-1,-1,-1>
block_sparse_matrix.cc:208 Allocating values array with 358856 bytes.
detect_structure.cc:63 Dynamic row block size because the block size changed from 2 to 15
detect_structure.cc:74 Dynamic e block size because the block size changed from 1 to 9
detect_structure.cc:93 Dynamic f block size because the block size changed from 6 to 9
detect_structure.cc:114 Schur complement static structure <-1,-1,-1>.
detect_structure.cc:63 Dynamic row block size because the block size changed from 2 to 15
detect_structure.cc:74 Dynamic e block size because the block size changed from 1 to 9
detect_structure.cc:93 Dynamic f block size because the block size changed from 6 to 9
detect_structure.cc:114 Schur complement static structure <-1,-1,-1>.
schur_eliminator.cc:155 Template specializations not found for <-1,-1,-1>
[VIO DIAG] f=60 tri: ok=163 wait=0 fail=0 default=0 depth: avg=1.48285 min=0.470898 max=3.04929 |vel|=0.0374692 vel=(0.0363635,-0.00902376,-0.000460367) ba=(-0.34036,-0.420034,0.00648789) bg=(-0.000103859,-0.000217605,-0.000253227)
block_sparse_matrix.cc:208 Allocating values array with 358856 bytes.
detect_structure.cc:63 Dynamic row block size because the block size changed from 2 to 15
detect_structure.cc:74 Dynamic e block size because the block size changed from 1 to 9
detect_structure.cc:93 Dynamic f block size because the block size changed from 6 to 9
detect_structure.cc:114 Schur complement static structure <-1,-1,-1>.
detect_structure.cc:63 Dynamic row block size because the block size changed from 2 to 15
detect_structure.cc:74 Dynamic e block size because the block size changed from 1 to 9
detect_structure.cc:93 Dynamic f block size because the block size changed from 6 to 9
detect_structure.cc:114 Schur complement static structure <-1,-1,-1>.
schur_eliminator.cc:155 Template specializations not found for <-1,-1,-1>
block_sparse_matrix.cc:208 Allocating values array with 358856 bytes.
detect_structure.cc:63 Dynamic row block size because the block size changed from 2 to 15
detect_structure.cc:74 Dynamic e block size because the block size changed from 1 to 9
detect_structure.cc:93 Dynamic f block size because the block size changed from 6 to 9
detect_structure.cc:114 Schur complement static structure <-1,-1,-1>.
detect_structure.cc:63 Dynamic row block size because the block size changed from 2 to 15
detect_structure.cc:74 Dynamic e block size because the block size changed from 1 to 9
detect_structure.cc:93 Dynamic f block size because the block size changed from 6 to 9
detect_structure.cc:114 Schur complement static structure <-1,-1,-1>.
schur_eliminator.cc:155 Template specializations not found for <-1,-1,-1>
block_sparse_matrix.cc:208 Allocating values array with 358856 bytes.
detect_structure.cc:63 Dynamic row block size because the block size changed from 2 to 15
detect_structure.cc:74 Dynamic e block size because the block size changed from 1 to 9
detect_structure.cc:93 Dynamic f block size because the block size changed from 6 to 9
detect_structure.cc:114 Schur complement static structure <-1,-1,-1>.
detect_structure.cc:63 Dynamic row block size because the block size changed from 2 to 15
detect_structure.cc:74 Dynamic e block size because the block size changed from 1 to 9
detect_structure.cc:93 Dynamic f block size because the block size changed from 6 to 9
detect_structure.cc:114 Schur complement static structure <-1,-1,-1>.
schur_eliminator.cc:155 Template specializations not found for <-1,-1,-1>
block_sparse_matrix.cc:208 Allocating values array with 358856 bytes.
detect_structure.cc:63 Dynamic row block size because the block size changed from 2 to 15
detect_structure.cc:74 Dynamic e block size because the block size changed from 1 to 9
detect_structure.cc:93 Dynamic f block size because the block size changed from 6 to 9
detect_structure.cc:114 Schur complement static structure <-1,-1,-1>.
detect_structure.cc:63 Dynamic row block size because the block size changed from 2 to 15
detect_structure.cc:74 Dynamic e block size because the block size changed from 1 to 9
detect_structure.cc:93 Dynamic f block size because the block size changed from 6 to 9
detect_structure.cc:114 Schur complement static structure <-1,-1,-1>.
schur_eliminator.cc:155 Template specializations not found for <-1,-1,-1>
block_sparse_matrix.cc:208 Allocating values array with 358856 bytes.
detect_structure.cc:63 Dynamic row block size because the block size changed from 2 to 15
detect_structure.cc:74 Dynamic e block size because the block size changed from 1 to 9
detect_structure.cc:93 Dynamic f block size because the block size changed from 6 to 9
detect_structure.cc:114 Schur complement static structure <-1,-1,-1>.
detect_structure.cc:63 Dynamic row block size because the block size changed from 2 to 15
detect_structure.cc:74 Dynamic e block size because the block size changed from 1 to 9
detect_structure.cc:93 Dynamic f block size because the block size changed from 6 to 9
detect_structure.cc:114 Schur complement static structure <-1,-1,-1>.
schur_eliminator.cc:155 Template specializations not found for <-1,-1,-1>
block_sparse_matrix.cc:208 Allocating values array with 358856 bytes.
detect_structure.cc:63 Dynamic row block size because the block size changed from 2 to 15
detect_structure.cc:74 Dynamic e block size because the block size changed from 1 to 9
detect_structure.cc:93 Dynamic f block size because the block size changed from 6 to 9
detect_structure.cc:114 Schur complement static structure <-1,-1,-1>.
detect_structure.cc:63 Dynamic row block size because the block size changed from 2 to 15
detect_structure.cc:74 Dynamic e block size because the block size changed from 1 to 9
detect_structure.cc:93 Dynamic f block size because the block size changed from 6 to 9
detect_structure.cc:114 Schur complement static structure <-1,-1,-1>.
schur_eliminator.cc:155 Template specializations not found for <-1,-1,-1>
block_sparse_matrix.cc:208 Allocating values array with 365480 bytes.
detect_structure.cc:63 Dynamic row block size because the block size changed from 2 to 15
detect_structure.cc:74 Dynamic e block size because the block size changed from 1 to 9
detect_structure.cc:93 Dynamic f block size because the block size changed from 6 to 9
detect_structure.cc:114 Schur complement static structure <-1,-1,-1>.
detect_structure.cc:63 Dynamic row block size because the block size changed from 2 to 15
detect_structure.cc:74 Dynamic e block size because the block size changed from 1 to 9
detect_structure.cc:93 Dynamic f block size because the block size changed from 6 to 9
detect_structure.cc:114 Schur complement static structure <-1,-1,-1>.
schur_eliminator.cc:155 Template specializations not found for <-1,-1,-1>
block_sparse_matrix.cc:208 Allocating values array with 358648 bytes.
detect_structure.cc:63 Dynamic row block size because the block size changed from 2 to 15
detect_structure.cc:74 Dynamic e block size because the block size changed from 1 to 9
detect_structure.cc:93 Dynamic f block size because the block size changed from 6 to 9
detect_structure.cc:114 Schur complement static structure <-1,-1,-1>.
detect_structure.cc:63 Dynamic row block size because the block size changed from 2 to 15
detect_structure.cc:74 Dynamic e block size because the block size changed from 1 to 9
detect_structure.cc:93 Dynamic f block size because the block size changed from 6 to 9
detect_structure.cc:114 Schur complement static structure <-1,-1,-1>.
schur_eliminator.cc:155 Template specializations not found for <-1,-1,-1>
block_sparse_matrix.cc:208 Allocating values array with 358440 bytes.
detect_structure.cc:63 Dynamic row block size because the block size changed from 2 to 15
detect_structure.cc:74 Dynamic e block size because the block size changed from 1 to 9
detect_structure.cc:93 Dynamic f block size because the block size changed from 6 to 9
detect_structure.cc:114 Schur complement static structure <-1,-1,-1>.
detect_structure.cc:63 Dynamic row block size because the block size changed from 2 to 15
detect_structure.cc:74 Dynamic e block size because the block size changed from 1 to 9
detect_structure.cc:93 Dynamic f block size because the block size changed from 6 to 9
detect_structure.cc:114 Schur complement static structure <-1,-1,-1>.
schur_eliminator.cc:155 Template specializations not found for <-1,-1,-1>
block_sparse_matrix.cc:208 Allocating values array with 358440 bytes.
detect_structure.cc:63 Dynamic row block size because the block size changed from 2 to 15
detect_structure.cc:74 Dynamic e block size because the block size changed from 1 to 9
detect_structure.cc:93 Dynamic f block size because the block size changed from 6 to 9
detect_structure.cc:114 Schur complement static structure <-1,-1,-1>.
detect_structure.cc:63 Dynamic row block size because the block size changed from 2 to 15
detect_structure.cc:74 Dynamic e block size because the block size changed from 1 to 9
detect_structure.cc:93 Dynamic f block size because the block size changed from 6 to 9
detect_structure.cc:114 Schur complement static structure <-1,-1,-1>.
schur_eliminator.cc:155 Template specializations not found for <-1,-1,-1>
block_sparse_matrix.cc:208 Allocating values array with 358440 bytes.
detect_structure.cc:63 Dynamic row block size because the block size changed from 2 to 15
detect_structure.cc:74 Dynamic e block size because the block size changed from 1 to 9
detect_structure.cc:93 Dynamic f block size because the block size changed from 6 to 9
detect_structure.cc:114 Schur complement static structure <-1,-1,-1>.
detect_structure.cc:63 Dynamic row block size because the block size changed from 2 to 15
detect_structure.cc:74 Dynamic e block size because the block size changed from 1 to 9
detect_structure.cc:93 Dynamic f block size because the block size changed from 6 to 9
detect_structure.cc:114 Schur complement static structure <-1,-1,-1>.
schur_eliminator.cc:155 Template specializations not found for <-1,-1,-1>
block_sparse_matrix.cc:208 Allocating values array with 358440 bytes.
detect_structure.cc:63 Dynamic row block size because the block size changed from 2 to 15
detect_structure.cc:74 Dynamic e block size because the block size changed from 1 to 9
detect_structure.cc:93 Dynamic f block size because the block size changed from 6 to 9
detect_structure.cc:114 Schur complement static structure <-1,-1,-1>.
detect_structure.cc:63 Dynamic row block size because the block size changed from 2 to 15
detect_structure.cc:74 Dynamic e block size because the block size changed from 1 to 9
detect_structure.cc:93 Dynamic f block size because the block size changed from 6 to 9
detect_structure.cc:114 Schur complement static structure <-1,-1,-1>.
schur_eliminator.cc:155 Template specializations not found for <-1,-1,-1>
block_sparse_matrix.cc:208 Allocating values array with 358232 bytes.
detect_structure.cc:63 Dynamic row block size because the block size changed from 2 to 15
detect_structure.cc:74 Dynamic e block size because the block size changed from 1 to 9
detect_structure.cc:93 Dynamic f block size because the block size changed from 6 to 9
detect_structure.cc:114 Schur complement static structure <-1,-1,-1>.
detect_structure.cc:63 Dynamic row block size because the block size changed from 2 to 15
detect_structure.cc:74 Dynamic e block size because the block size changed from 1 to 9
detect_structure.cc:93 Dynamic f block size because the block size changed from 6 to 9
detect_structure.cc:114 Schur complement static structure <-1,-1,-1>.
schur_eliminator.cc:155 Template specializations not found for <-1,-1,-1>
block_sparse_matrix.cc:208 Allocating values array with 358024 bytes.
detect_structure.cc:63 Dynamic row block size because the block size changed from 2 to 15
detect_structure.cc:74 Dynamic e block size because the block size changed from 1 to 9
detect_structure.cc:93 Dynamic f block size because the block size changed from 6 to 9
detect_structure.cc:114 Schur complement static structure <-1,-1,-1>.
detect_structure.cc:63 Dynamic row block size because the block size changed from 2 to 15
detect_structure.cc:74 Dynamic e block size because the block size changed from 1 to 9
detect_structure.cc:93 Dynamic f block size because the block size changed from 6 to 9
detect_structure.cc:114 Schur complement static structure <-1,-1,-1>.
schur_eliminator.cc:155 Template specializations not found for <-1,-1,-1>
block_sparse_matrix.cc:208 Allocating values array with 357400 bytes.
detect_structure.cc:63 Dynamic row block size because the block size changed from 2 to 15
detect_structure.cc:74 Dynamic e block size because the block size changed from 1 to 9
detect_structure.cc:93 Dynamic f block size because the block size changed from 6 to 9
detect_structure.cc:114 Schur complement static structure <-1,-1,-1>.
detect_structure.cc:63 Dynamic row block size because the block size changed from 2 to 15
detect_structure.cc:74 Dynamic e block size because the block size changed from 1 to 9
detect_structure.cc:93 Dynamic f block size because the block size changed from 6 to 9
detect_structure.cc:114 Schur complement static structure <-1,-1,-1>.
schur_eliminator.cc:155 Template specializations not found for <-1,-1,-1>
block_sparse_matrix.cc:208 Allocating values array with 367352 bytes.
detect_structure.cc:63 Dynamic row block size because the block size changed from 2 to 15
detect_structure.cc:74 Dynamic e block size because the block size changed from 1 to 9
detect_structure.cc:93 Dynamic f block size because the block size changed from 6 to 9
detect_structure.cc:114 Schur complement static structure <-1,-1,-1>.
detect_structure.cc:63 Dynamic row block size because the block size changed from 2 to 15
detect_structure.cc:74 Dynamic e block size because the block size changed from 1 to 9
detect_structure.cc:93 Dynamic f block size because the block size changed from 6 to 9
detect_structure.cc:114 Schur complement static structure <-1,-1,-1>.
schur_eliminator.cc:155 Template specializations not found for <-1,-1,-1>
block_sparse_matrix.cc:208 Allocating values array with 359064 bytes.
detect_structure.cc:63 Dynamic row block size because the block size changed from 2 to 15
detect_structure.cc:74 Dynamic e block size because the block size changed from 1 to 9
detect_structure.cc:93 Dynamic f block size because the block size changed from 6 to 9
detect_structure.cc:114 Schur complement static structure <-1,-1,-1>.
detect_structure.cc:63 Dynamic row block size because the block size changed from 2 to 15
detect_structure.cc:74 Dynamic e block size because the block size changed from 1 to 9
detect_structure.cc:93 Dynamic f block size because the block size changed from 6 to 9
detect_structure.cc:114 Schur complement static structure <-1,-1,-1>.
schur_eliminator.cc:155 Template specializations not found for <-1,-1,-1>
block_sparse_matrix.cc:208 Allocating values array with 356984 bytes.
detect_structure.cc:63 Dynamic row block size because the block size changed from 2 to 15
detect_structure.cc:74 Dynamic e block size because the block size changed from 1 to 9
detect_structure.cc:93 Dynamic f block size because the block size changed from 6 to 9
detect_structure.cc:114 Schur complement static structure <-1,-1,-1>.
detect_structure.cc:63 Dynamic row block size because the block size changed from 2 to 15
detect_structure.cc:74 Dynamic e block size because the block size changed from 1 to 9
detect_structure.cc:93 Dynamic f block size because the block size changed from 6 to 9
detect_structure.cc:114 Schur complement static structure <-1,-1,-1>.
schur_eliminator.cc:155 Template specializations not found for <-1,-1,-1>
block_sparse_matrix.cc:208 Allocating values array with 362984 bytes.
detect_structure.cc:63 Dynamic row block size because the block size changed from 2 to 15
detect_structure.cc:74 Dynamic e block size because the block size changed from 1 to 9
detect_structure.cc:93 Dynamic f block size because the block size changed from 6 to 9
detect_structure.cc:114 Schur complement static structure <-1,-1,-1>.
detect_structure.cc:63 Dynamic row block size because the block size changed from 2 to 15
detect_structure.cc:74 Dynamic e block size because the block size changed from 1 to 9
detect_structure.cc:93 Dynamic f block size because the block size changed from 6 to 9
detect_structure.cc:114 Schur complement static structure <-1,-1,-1>.
schur_eliminator.cc:155 Template specializations not found for <-1,-1,-1>
block_sparse_matrix.cc:208 Allocating values array with 355736 bytes.
detect_structure.cc:63 Dynamic row block size because the block size changed from 2 to 15
detect_structure.cc:74 Dynamic e block size because the block size changed from 1 to 9
detect_structure.cc:93 Dynamic f block size because the block size changed from 6 to 9
detect_structure.cc:114 Schur complement static structure <-1,-1,-1>.
detect_structure.cc:63 Dynamic row block size because the block size changed from 2 to 15
detect_structure.cc:74 Dynamic e block size because the block size changed from 1 to 9
detect_structure.cc:93 Dynamic f block size because the block size changed from 6 to 9
detect_structure.cc:114 Schur complement static structure <-1,-1,-1>.
schur_eliminator.cc:155 Template specializations not found for <-1,-1,-1>
[VIO DIAG] f=80 tri: ok=174 wait=0 fail=0 default=0 depth: avg=1.71813 min=0.503902 max=34.9194 |vel|=0.395029 vel=(0.384776,-0.0688286,0.0570801) ba=(-0.336317,-0.362562,0.0010503) bg=(-2.23832e-05,-3.94621e-05,-0.000319989)
block_sparse_matrix.cc:208 Allocating values array with 355112 bytes.
detect_structure.cc:63 Dynamic row block size because the block size changed from 2 to 15
detect_structure.cc:74 Dynamic e block size because the block size changed from 1 to 9
detect_structure.cc:93 Dynamic f block size because the block size changed from 6 to 9
detect_structure.cc:114 Schur complement static structure <-1,-1,-1>.
detect_structure.cc:63 Dynamic row block size because the block size changed from 2 to 15
detect_structure.cc:74 Dynamic e block size because the block size changed from 1 to 9
detect_structure.cc:93 Dynamic f block size because the block size changed from 6 to 9
detect_structure.cc:114 Schur complement static structure <-1,-1,-1>.
schur_eliminator.cc:155 Template specializations not found for <-1,-1,-1>
block_sparse_matrix.cc:208 Allocating values array with 359032 bytes.
detect_structure.cc:63 Dynamic row block size because the block size changed from 2 to 15
detect_structure.cc:74 Dynamic e block size because the block size changed from 1 to 9
detect_structure.cc:93 Dynamic f block size because the block size changed from 6 to 9
detect_structure.cc:114 Schur complement static structure <-1,-1,-1>.
detect_structure.cc:63 Dynamic row block size because the block size changed from 2 to 15
detect_structure.cc:74 Dynamic e block size because the block size changed from 1 to 9
detect_structure.cc:93 Dynamic f block size because the block size changed from 6 to 9
detect_structure.cc:114 Schur complement static structure <-1,-1,-1>.
schur_eliminator.cc:155 Template specializations not found for <-1,-1,-1>
block_sparse_matrix.cc:208 Allocating values array with 350952 bytes.
detect_structure.cc:63 Dynamic row block size because the block size changed from 2 to 15
detect_structure.cc:74 Dynamic e block size because the block size changed from 1 to 9
detect_structure.cc:93 Dynamic f block size because the block size changed from 6 to 9
detect_structure.cc:114 Schur complement static structure <-1,-1,-1>.
detect_structure.cc:63 Dynamic row block size because the block size changed from 2 to 15
detect_structure.cc:74 Dynamic e block size because the block size changed from 1 to 9
detect_structure.cc:93 Dynamic f block size because the block size changed from 6 to 9
detect_structure.cc:114 Schur complement static structure <-1,-1,-1>.
schur_eliminator.cc:155 Template specializations not found for <-1,-1,-1>
block_sparse_matrix.cc:208 Allocating values array with 358200 bytes.
detect_structure.cc:63 Dynamic row block size because the block size changed from 2 to 15
detect_structure.cc:74 Dynamic e block size because the block size changed from 1 to 9
detect_structure.cc:93 Dynamic f block size because the block size changed from 6 to 9
detect_structure.cc:114 Schur complement static structure <-1,-1,-1>.
detect_structure.cc:63 Dynamic row block size because the block size changed from 2 to 15
detect_structure.cc:74 Dynamic e block size because the block size changed from 1 to 9
detect_structure.cc:93 Dynamic f block size because the block size changed from 6 to 9
detect_structure.cc:114 Schur complement static structure <-1,-1,-1>.
schur_eliminator.cc:155 Template specializations not found for <-1,-1,-1>
block_sparse_matrix.cc:208 Allocating values array with 350536 bytes.
detect_structure.cc:63 Dynamic row block size because the block size changed from 2 to 15
detect_structure.cc:74 Dynamic e block size because the block size changed from 1 to 9
detect_structure.cc:93 Dynamic f block size because the block size changed from 6 to 9
detect_structure.cc:114 Schur complement static structure <-1,-1,-1>.
detect_structure.cc:63 Dynamic row block size because the block size changed from 2 to 15
detect_structure.cc:74 Dynamic e block size because the block size changed from 1 to 9
detect_structure.cc:93 Dynamic f block size because the block size changed from 6 to 9
detect_structure.cc:114 Schur complement static structure <-1,-1,-1>.
schur_eliminator.cc:155 Template specializations not found for <-1,-1,-1>
block_sparse_matrix.cc:208 Allocating values array with 355080 bytes.
detect_structure.cc:63 Dynamic row block size because the block size changed from 2 to 15
detect_structure.cc:74 Dynamic e block size because the block size changed from 1 to 9
detect_structure.cc:93 Dynamic f block size because the block size changed from 6 to 9
detect_structure.cc:114 Schur complement static structure <-1,-1,-1>.
detect_structure.cc:63 Dynamic row block size because the block size changed from 2 to 15
detect_structure.cc:74 Dynamic e block size because the block size changed from 1 to 9
detect_structure.cc:93 Dynamic f block size because the block size changed from 6 to 9
detect_structure.cc:114 Schur complement static structure <-1,-1,-1>.
schur_eliminator.cc:155 Template specializations not found for <-1,-1,-1>
block_sparse_matrix.cc:208 Allocating values array with 351336 bytes.
detect_structure.cc:63 Dynamic row block size because the block size changed from 2 to 15
detect_structure.cc:74 Dynamic e block size because the block size changed from 1 to 9
detect_structure.cc:93 Dynamic f block size because the block size changed from 6 to 9
detect_structure.cc:114 Schur complement static structure <-1,-1,-1>.
detect_structure.cc:63 Dynamic row block size because the block size changed from 2 to 15
detect_structure.cc:74 Dynamic e block size because the block size changed from 1 to 9
detect_structure.cc:93 Dynamic f block size because the block size changed from 6 to 9
detect_structure.cc:114 Schur complement static structure <-1,-1,-1>.
schur_eliminator.cc:155 Template specializations not found for <-1,-1,-1>
block_sparse_matrix.cc:208 Allocating values array with 348424 bytes.
detect_structure.cc:63 Dynamic row block size because the block size changed from 2 to 15
detect_structure.cc:74 Dynamic e block size because the block size changed from 1 to 9
detect_structure.cc:93 Dynamic f block size because the block size changed from 6 to 9
detect_structure.cc:114 Schur complement static structure <-1,-1,-1>.
detect_structure.cc:63 Dynamic row block size because the block size changed from 2 to 15
detect_structure.cc:74 Dynamic e block size because the block size changed from 1 to 9
detect_structure.cc:93 Dynamic f block size because the block size changed from 6 to 9
detect_structure.cc:114 Schur complement static structure <-1,-1,-1>.
schur_eliminator.cc:155 Template specializations not found for <-1,-1,-1>
block_sparse_matrix.cc:208 Allocating values array with 344056 bytes.
detect_structure.cc:63 Dynamic row block size because the block size changed from 2 to 15
detect_structure.cc:74 Dynamic e block size because the block size changed from 1 to 9
detect_structure.cc:93 Dynamic f block size because the block size changed from 6 to 9
detect_structure.cc:114 Schur complement static structure <-1,-1,-1>.
detect_structure.cc:63 Dynamic row block size because the block size changed from 2 to 15
detect_structure.cc:74 Dynamic e block size because the block size changed from 1 to 9
detect_structure.cc:93 Dynamic f block size because the block size changed from 6 to 9
detect_structure.cc:114 Schur complement static structure <-1,-1,-1>.
schur_eliminator.cc:155 Template specializations not found for <-1,-1,-1>
block_sparse_matrix.cc:208 Allocating values array with 340312 bytes.
detect_structure.cc:63 Dynamic row block size because the block size changed from 2 to 15
detect_structure.cc:74 Dynamic e block size because the block size changed from 1 to 9
detect_structure.cc:93 Dynamic f block size because the block size changed from 6 to 9
detect_structure.cc:114 Schur complement static structure <-1,-1,-1>.
detect_structure.cc:63 Dynamic row block size because the block size changed from 2 to 15
detect_structure.cc:74 Dynamic e block size because the block size changed from 1 to 9
detect_structure.cc:93 Dynamic f block size because the block size changed from 6 to 9
detect_structure.cc:114 Schur complement static structure <-1,-1,-1>.
schur_eliminator.cc:155 Template specializations not found for <-1,-1,-1>
block_sparse_matrix.cc:208 Allocating values array with 337816 bytes.
detect_structure.cc:63 Dynamic row block size because the block size changed from 2 to 15
detect_structure.cc:74 Dynamic e block size because the block size changed from 1 to 9
detect_structure.cc:93 Dynamic f block size because the block size changed from 6 to 9
detect_structure.cc:114 Schur complement static structure <-1,-1,-1>.
detect_structure.cc:63 Dynamic row block size because the block size changed from 2 to 15
detect_structure.cc:74 Dynamic e block size because the block size changed from 1 to 9
detect_structure.cc:93 Dynamic f block size because the block size changed from 6 to 9
detect_structure.cc:114 Schur complement static structure <-1,-1,-1>.
schur_eliminator.cc:155 Template specializations not found for <-1,-1,-1>
block_sparse_matrix.cc:208 Allocating values array with 334280 bytes.
detect_structure.cc:63 Dynamic row block size because the block size changed from 2 to 15
detect_structure.cc:74 Dynamic e block size because the block size changed from 1 to 9
detect_structure.cc:93 Dynamic f block size because the block size changed from 6 to 9
detect_structure.cc:114 Schur complement static structure <-1,-1,-1>.
detect_structure.cc:63 Dynamic row block size because the block size changed from 2 to 15
detect_structure.cc:74 Dynamic e block size because the block size changed from 1 to 9
detect_structure.cc:93 Dynamic f block size because the block size changed from 6 to 9
detect_structure.cc:114 Schur complement static structure <-1,-1,-1>.
schur_eliminator.cc:155 Template specializations not found for <-1,-1,-1>
block_sparse_matrix.cc:208 Allocating values array with 331160 bytes.
detect_structure.cc:63 Dynamic row block size because the block size changed from 2 to 15
detect_structure.cc:74 Dynamic e block size because the block size changed from 1 to 9
detect_structure.cc:93 Dynamic f block size because the block size changed from 6 to 9
detect_structure.cc:114 Schur complement static structure <-1,-1,-1>.
detect_structure.cc:63 Dynamic row block size because the block size changed from 2 to 15
detect_structure.cc:74 Dynamic e block size because the block size changed from 1 to 9
detect_structure.cc:93 Dynamic f block size because the block size changed from 6 to 9
detect_structure.cc:114 Schur complement static structure <-1,-1,-1>.
schur_eliminator.cc:155 Template specializations not found for <-1,-1,-1>
block_sparse_matrix.cc:208 Allocating values array with 329704 bytes.
detect_structure.cc:63 Dynamic row block size because the block size changed from 2 to 15
detect_structure.cc:74 Dynamic e block size because the block size changed from 1 to 9
detect_structure.cc:93 Dynamic f block size because the block size changed from 6 to 9
detect_structure.cc:114 Schur complement static structure <-1,-1,-1>.
detect_structure.cc:63 Dynamic row block size because the block size changed from 2 to 15
detect_structure.cc:74 Dynamic e block size because the block size changed from 1 to 9
detect_structure.cc:93 Dynamic f block size because the block size changed from 6 to 9
detect_structure.cc:114 Schur complement static structure <-1,-1,-1>.
schur_eliminator.cc:155 Template specializations not found for <-1,-1,-1>
block_sparse_matrix.cc:208 Allocating values array with 322664 bytes.
detect_structure.cc:63 Dynamic row block size because the block size changed from 2 to 15
detect_structure.cc:74 Dynamic e block size because the block size changed from 1 to 9
detect_structure.cc:93 Dynamic f block size because the block size changed from 6 to 9
detect_structure.cc:114 Schur complement static structure <-1,-1,-1>.
detect_structure.cc:63 Dynamic row block size because the block size changed from 2 to 15
detect_structure.cc:74 Dynamic e block size because the block size changed from 1 to 9
detect_structure.cc:93 Dynamic f block size because the block size changed from 6 to 9
detect_structure.cc:114 Schur complement static structure <-1,-1,-1>.
schur_eliminator.cc:155 Template specializations not found for <-1,-1,-1>
block_sparse_matrix.cc:208 Allocating values array with 329288 bytes.
detect_structure.cc:63 Dynamic row block size because the block size changed from 2 to 15
detect_structure.cc:74 Dynamic e block size because the block size changed from 1 to 9
detect_structure.cc:93 Dynamic f block size because the block size changed from 6 to 9
detect_structure.cc:114 Schur complement static structure <-1,-1,-1>.
detect_structure.cc:63 Dynamic row block size because the block size changed from 2 to 15
detect_structure.cc:74 Dynamic e block size because the block size changed from 1 to 9
detect_structure.cc:93 Dynamic f block size because the block size changed from 6 to 9
detect_structure.cc:114 Schur complement static structure <-1,-1,-1>.
schur_eliminator.cc:155 Template specializations not found for <-1,-1,-1>
[FeatureTracker] F-matrix: 145 → 97 (rejected 48, threshold=1)
block_sparse_matrix.cc:208 Allocating values array with 315176 bytes.
detect_structure.cc:63 Dynamic row block size because the block size changed from 2 to 15
detect_structure.cc:74 Dynamic e block size because the block size changed from 1 to 9
detect_structure.cc:93 Dynamic f block size because the block size changed from 6 to 9
detect_structure.cc:114 Schur complement static structure <-1,-1,-1>.
detect_structure.cc:63 Dynamic row block size because the block size changed from 2 to 15
detect_structure.cc:74 Dynamic e block size because the block size changed from 1 to 9
detect_structure.cc:93 Dynamic f block size because the block size changed from 6 to 9
detect_structure.cc:114 Schur complement static structure <-1,-1,-1>.
schur_eliminator.cc:155 Template specializations not found for <-1,-1,-1>
block_sparse_matrix.cc:208 Allocating values array with 307480 bytes.
detect_structure.cc:63 Dynamic row block size because the block size changed from 2 to 15
detect_structure.cc:74 Dynamic e block size because the block size changed from 1 to 9
detect_structure.cc:93 Dynamic f block size because the block size changed from 6 to 9
detect_structure.cc:114 Schur complement static structure <-1,-1,-1>.
detect_structure.cc:63 Dynamic row block size because the block size changed from 2 to 15
detect_structure.cc:74 Dynamic e block size because the block size changed from 1 to 9
detect_structure.cc:93 Dynamic f block size because the block size changed from 6 to 9
detect_structure.cc:114 Schur complement static structure <-1,-1,-1>.
schur_eliminator.cc:155 Template specializations not found for <-1,-1,-1>
block_sparse_matrix.cc:208 Allocating values array with 307064 bytes.
detect_structure.cc:63 Dynamic row block size because the block size changed from 2 to 15
detect_structure.cc:74 Dynamic e block size because the block size changed from 1 to 9
detect_structure.cc:93 Dynamic f block size because the block size changed from 6 to 9
detect_structure.cc:114 Schur complement static structure <-1,-1,-1>.
detect_structure.cc:63 Dynamic row block size because the block size changed from 2 to 15
detect_structure.cc:74 Dynamic e block size because the block size changed from 1 to 9
detect_structure.cc:93 Dynamic f block size because the block size changed from 6 to 9
detect_structure.cc:114 Schur complement static structure <-1,-1,-1>.
schur_eliminator.cc:155 Template specializations not found for <-1,-1,-1>
block_sparse_matrix.cc:208 Allocating values array with 306440 bytes.
detect_structure.cc:63 Dynamic row block size because the block size changed from 2 to 15
detect_structure.cc:74 Dynamic e block size because the block size changed from 1 to 9
detect_structure.cc:93 Dynamic f block size because the block size changed from 6 to 9
detect_structure.cc:114 Schur complement static structure <-1,-1,-1>.
detect_structure.cc:63 Dynamic row block size because the block size changed from 2 to 15
detect_structure.cc:74 Dynamic e block size because the block size changed from 1 to 9
detect_structure.cc:93 Dynamic f block size because the block size changed from 6 to 9
detect_structure.cc:114 Schur complement static structure <-1,-1,-1>.
schur_eliminator.cc:155 Template specializations not found for <-1,-1,-1>
[VIO DIAG] f=100 tri: ok=172 wait=0 fail=0 default=0 depth: avg=1.36106 min=0.44952 max=2.51649 |vel|=0.6524 vel=(-0.196086,0.0467325,-0.620477) ba=(-0.178717,-0.11816,-0.0260148) bg=(-1.61102e-05,-1.51928e-05,-0.000298892)
block_sparse_matrix.cc:208 Allocating values array with 305400 bytes.
detect_structure.cc:63 Dynamic row block size because the block size changed from 2 to 15
detect_structure.cc:74 Dynamic e block size because the block size changed from 1 to 9
detect_structure.cc:93 Dynamic f block size because the block size changed from 6 to 9
detect_structure.cc:114 Schur complement static structure <-1,-1,-1>.
detect_structure.cc:63 Dynamic row block size because the block size changed from 2 to 15
detect_structure.cc:74 Dynamic e block size because the block size changed from 1 to 9
detect_structure.cc:93 Dynamic f block size because the block size changed from 6 to 9
detect_structure.cc:114 Schur complement static structure <-1,-1,-1>.
schur_eliminator.cc:155 Template specializations not found for <-1,-1,-1>
block_sparse_matrix.cc:208 Allocating values array with 302664 bytes.
detect_structure.cc:63 Dynamic row block size because the block size changed from 2 to 15
detect_structure.cc:74 Dynamic e block size because the block size changed from 1 to 9
detect_structure.cc:93 Dynamic f block size because the block size changed from 6 to 9
detect_structure.cc:114 Schur complement static structure <-1,-1,-1>.
detect_structure.cc:63 Dynamic row block size because the block size changed from 2 to 15
detect_structure.cc:74 Dynamic e block size because the block size changed from 1 to 9
detect_structure.cc:93 Dynamic f block size because the block size changed from 6 to 9
detect_structure.cc:114 Schur complement static structure <-1,-1,-1>.
schur_eliminator.cc:155 Template specializations not found for <-1,-1,-1>
block_sparse_matrix.cc:208 Allocating values array with 311608 bytes.
detect_structure.cc:63 Dynamic row block size because the block size changed from 2 to 15
detect_structure.cc:74 Dynamic e block size because the block size changed from 1 to 9
detect_structure.cc:93 Dynamic f block size because the block size changed from 6 to 9
detect_structure.cc:114 Schur complement static structure <-1,-1,-1>.
detect_structure.cc:63 Dynamic row block size because the block size changed from 2 to 15
detect_structure.cc:74 Dynamic e block size because the block size changed from 1 to 9
detect_structure.cc:93 Dynamic f block size because the block size changed from 6 to 9
detect_structure.cc:114 Schur complement static structure <-1,-1,-1>.
schur_eliminator.cc:155 Template specializations not found for <-1,-1,-1>
block_sparse_matrix.cc:208 Allocating values array with 306616 bytes.
detect_structure.cc:63 Dynamic row block size because the block size changed from 2 to 15
detect_structure.cc:74 Dynamic e block size because the block size changed from 1 to 9
detect_structure.cc:93 Dynamic f block size because the block size changed from 6 to 9
detect_structure.cc:114 Schur complement static structure <-1,-1,-1>.
detect_structure.cc:63 Dynamic row block size because the block size changed from 2 to 15
detect_structure.cc:74 Dynamic e block size because the block size changed from 1 to 9
detect_structure.cc:93 Dynamic f block size because the block size changed from 6 to 9
detect_structure.cc:114 Schur complement static structure <-1,-1,-1>.
schur_eliminator.cc:155 Template specializations not found for <-1,-1,-1>
block_sparse_matrix.cc:208 Allocating values array with 301208 bytes.
detect_structure.cc:63 Dynamic row block size because the block size changed from 2 to 15
detect_structure.cc:74 Dynamic e block size because the block size changed from 1 to 9
detect_structure.cc:93 Dynamic f block size because the block size changed from 6 to 9
detect_structure.cc:114 Schur complement static structure <-1,-1,-1>.
detect_structure.cc:63 Dynamic row block size because the block size changed from 2 to 15
detect_structure.cc:74 Dynamic e block size because the block size changed from 1 to 9
detect_structure.cc:93 Dynamic f block size because the block size changed from 6 to 9
detect_structure.cc:114 Schur complement static structure <-1,-1,-1>.
schur_eliminator.cc:155 Template specializations not found for <-1,-1,-1>
block_sparse_matrix.cc:208 Allocating values array with 297672 bytes.
detect_structure.cc:63 Dynamic row block size because the block size changed from 2 to 15
detect_structure.cc:74 Dynamic e block size because the block size changed from 1 to 9
detect_structure.cc:93 Dynamic f block size because the block size changed from 6 to 9
detect_structure.cc:114 Schur complement static structure <-1,-1,-1>.
detect_structure.cc:63 Dynamic row block size because the block size changed from 2 to 15
detect_structure.cc:74 Dynamic e block size because the block size changed from 1 to 9
detect_structure.cc:93 Dynamic f block size because the block size changed from 6 to 9
detect_structure.cc:114 Schur complement static structure <-1,-1,-1>.
schur_eliminator.cc:155 Template specializations not found for <-1,-1,-1>
block_sparse_matrix.cc:208 Allocating values array with 293512 bytes.
detect_structure.cc:63 Dynamic row block size because the block size changed from 2 to 15
detect_structure.cc:74 Dynamic e block size because the block size changed from 1 to 9
detect_structure.cc:93 Dynamic f block size because the block size changed from 6 to 9
detect_structure.cc:114 Schur complement static structure <-1,-1,-1>.
detect_structure.cc:63 Dynamic row block size because the block size changed from 2 to 15
detect_structure.cc:74 Dynamic e block size because the block size changed from 1 to 9
detect_structure.cc:93 Dynamic f block size because the block size changed from 6 to 9
detect_structure.cc:114 Schur complement static structure <-1,-1,-1>.
schur_eliminator.cc:155 Template specializations not found for <-1,-1,-1>
block_sparse_matrix.cc:208 Allocating values array with 286856 bytes.
detect_structure.cc:63 Dynamic row block size because the block size changed from 2 to 15
detect_structure.cc:74 Dynamic e block size because the block size changed from 1 to 9
detect_structure.cc:93 Dynamic f block size because the block size changed from 6 to 9
detect_structure.cc:114 Schur complement static structure <-1,-1,-1>.
detect_structure.cc:63 Dynamic row block size because the block size changed from 2 to 15
detect_structure.cc:74 Dynamic e block size because the block size changed from 1 to 9
detect_structure.cc:93 Dynamic f block size because the block size changed from 6 to 9
detect_structure.cc:114 Schur complement static structure <-1,-1,-1>.
schur_eliminator.cc:155 Template specializations not found for <-1,-1,-1>
block_sparse_matrix.cc:208 Allocating values array with 284152 bytes.
detect_structure.cc:63 Dynamic row block size because the block size changed from 2 to 15
detect_structure.cc:74 Dynamic e block size because the block size changed from 1 to 9
detect_structure.cc:93 Dynamic f block size because the block size changed from 6 to 9
detect_structure.cc:114 Schur complement static structure <-1,-1,-1>.
detect_structure.cc:63 Dynamic row block size because the block size changed from 2 to 15
detect_structure.cc:74 Dynamic e block size because the block size changed from 1 to 9
detect_structure.cc:93 Dynamic f block size because the block size changed from 6 to 9
detect_structure.cc:114 Schur complement static structure <-1,-1,-1>.
schur_eliminator.cc:155 Template specializations not found for <-1,-1,-1>
block_sparse_matrix.cc:208 Allocating values array with 289768 bytes.
detect_structure.cc:63 Dynamic row block size because the block size changed from 2 to 15
detect_structure.cc:74 Dynamic e block size because the block size changed from 1 to 9
detect_structure.cc:93 Dynamic f block size because the block size changed from 6 to 9
detect_structure.cc:114 Schur complement static structure <-1,-1,-1>.
detect_structure.cc:63 Dynamic row block size because the block size changed from 2 to 15
detect_structure.cc:74 Dynamic e block size because the block size changed from 1 to 9
detect_structure.cc:93 Dynamic f block size because the block size changed from 6 to 9
detect_structure.cc:114 Schur complement static structure <-1,-1,-1>.
schur_eliminator.cc:155 Template specializations not found for <-1,-1,-1>
block_sparse_matrix.cc:208 Allocating values array with 291640 bytes.
detect_structure.cc:63 Dynamic row block size because the block size changed from 2 to 15
detect_structure.cc:74 Dynamic e block size because the block size changed from 1 to 9
detect_structure.cc:93 Dynamic f block size because the block size changed from 6 to 9
detect_structure.cc:114 Schur complement static structure <-1,-1,-1>.
detect_structure.cc:63 Dynamic row block size because the block size changed from 2 to 15
detect_structure.cc:74 Dynamic e block size because the block size changed from 1 to 9
detect_structure.cc:93 Dynamic f block size because the block size changed from 6 to 9
detect_structure.cc:114 Schur complement static structure <-1,-1,-1>.
schur_eliminator.cc:155 Template specializations not found for <-1,-1,-1>
block_sparse_matrix.cc:208 Allocating values array with 288520 bytes.
detect_structure.cc:63 Dynamic row block size because the block size changed from 2 to 15
detect_structure.cc:74 Dynamic e block size because the block size changed from 1 to 9
detect_structure.cc:93 Dynamic f block size because the block size changed from 6 to 9
detect_structure.cc:114 Schur complement static structure <-1,-1,-1>.
detect_structure.cc:63 Dynamic row block size because the block size changed from 2 to 15
detect_structure.cc:74 Dynamic e block size because the block size changed from 1 to 9
detect_structure.cc:93 Dynamic f block size because the block size changed from 6 to 9
detect_structure.cc:114 Schur complement static structure <-1,-1,-1>.
schur_eliminator.cc:155 Template specializations not found for <-1,-1,-1>
[FeatureTracker] F-matrix: 117 → 59 (rejected 58, threshold=1)
block_sparse_matrix.cc:208 Allocating values array with 279784 bytes.
detect_structure.cc:63 Dynamic row block size because the block size changed from 2 to 15
detect_structure.cc:74 Dynamic e block size because the block size changed from 1 to 9
detect_structure.cc:93 Dynamic f block size because the block size changed from 6 to 9
detect_structure.cc:114 Schur complement static structure <-1,-1,-1>.
detect_structure.cc:63 Dynamic row block size because the block size changed from 2 to 15
detect_structure.cc:74 Dynamic e block size because the block size changed from 1 to 9
detect_structure.cc:93 Dynamic f block size because the block size changed from 6 to 9
detect_structure.cc:114 Schur complement static structure <-1,-1,-1>.
schur_eliminator.cc:155 Template specializations not found for <-1,-1,-1>
block_sparse_matrix.cc:208 Allocating values array with 262760 bytes.
detect_structure.cc:63 Dynamic row block size because the block size changed from 2 to 15
detect_structure.cc:74 Dynamic e block size because the block size changed from 1 to 9
detect_structure.cc:93 Dynamic f block size because the block size changed from 6 to 9
detect_structure.cc:114 Schur complement static structure <-1,-1,-1>.
detect_structure.cc:63 Dynamic row block size because the block size changed from 2 to 15
detect_structure.cc:74 Dynamic e block size because the block size changed from 1 to 9
detect_structure.cc:93 Dynamic f block size because the block size changed from 6 to 9
detect_structure.cc:114 Schur complement static structure <-1,-1,-1>.
schur_eliminator.cc:155 Template specializations not found for <-1,-1,-1>
block_sparse_matrix.cc:208 Allocating values array with 259816 bytes.
detect_structure.cc:63 Dynamic row block size because the block size changed from 2 to 15
detect_structure.cc:74 Dynamic e block size because the block size changed from 1 to 9
detect_structure.cc:93 Dynamic f block size because the block size changed from 6 to 9
detect_structure.cc:114 Schur complement static structure <-1,-1,-1>.
detect_structure.cc:63 Dynamic row block size because the block size changed from 2 to 15
detect_structure.cc:74 Dynamic e block size because the block size changed from 1 to 9
detect_structure.cc:93 Dynamic f block size because the block size changed from 6 to 9
detect_structure.cc:114 Schur complement static structure <-1,-1,-1>.
schur_eliminator.cc:155 Template specializations not found for <-1,-1,-1>
block_sparse_matrix.cc:208 Allocating values array with 253192 bytes.
detect_structure.cc:63 Dynamic row block size because the block size changed from 2 to 15
detect_structure.cc:74 Dynamic e block size because the block size changed from 1 to 9
detect_structure.cc:93 Dynamic f block size because the block size changed from 6 to 9
detect_structure.cc:114 Schur complement static structure <-1,-1,-1>.
detect_structure.cc:63 Dynamic row block size because the block size changed from 2 to 15
detect_structure.cc:74 Dynamic e block size because the block size changed from 1 to 9
detect_structure.cc:93 Dynamic f block size because the block size changed from 6 to 9
detect_structure.cc:114 Schur complement static structure <-1,-1,-1>.
schur_eliminator.cc:155 Template specializations not found for <-1,-1,-1>
block_sparse_matrix.cc:208 Allocating values array with 251288 bytes.
detect_structure.cc:63 Dynamic row block size because the block size changed from 2 to 15
detect_structure.cc:74 Dynamic e block size because the block size changed from 1 to 9
detect_structure.cc:93 Dynamic f block size because the block size changed from 6 to 9
detect_structure.cc:114 Schur complement static structure <-1,-1,-1>.
detect_structure.cc:63 Dynamic row block size because the block size changed from 2 to 15
detect_structure.cc:74 Dynamic e block size because the block size changed from 1 to 9
detect_structure.cc:93 Dynamic f block size because the block size changed from 6 to 9
detect_structure.cc:114 Schur complement static structure <-1,-1,-1>.
schur_eliminator.cc:155 Template specializations not found for <-1,-1,-1>
block_sparse_matrix.cc:208 Allocating values array with 280408 bytes.
detect_structure.cc:63 Dynamic row block size because the block size changed from 2 to 15
detect_structure.cc:74 Dynamic e block size because the block size changed from 1 to 9
detect_structure.cc:93 Dynamic f block size because the block size changed from 6 to 9
detect_structure.cc:114 Schur complement static structure <-1,-1,-1>.
detect_structure.cc:63 Dynamic row block size because the block size changed from 2 to 15
detect_structure.cc:74 Dynamic e block size because the block size changed from 1 to 9
detect_structure.cc:93 Dynamic f block size because the block size changed from 6 to 9
detect_structure.cc:114 Schur complement static structure <-1,-1,-1>.
schur_eliminator.cc:155 Template specializations not found for <-1,-1,-1>
block_sparse_matrix.cc:208 Allocating values array with 283320 bytes.
detect_structure.cc:63 Dynamic row block size because the block size changed from 2 to 15
detect_structure.cc:74 Dynamic e block size because the block size changed from 1 to 9
detect_structure.cc:93 Dynamic f block size because the block size changed from 6 to 9
detect_structure.cc:114 Schur complement static structure <-1,-1,-1>.
detect_structure.cc:63 Dynamic row block size because the block size changed from 2 to 15
detect_structure.cc:74 Dynamic e block size because the block size changed from 1 to 9
detect_structure.cc:93 Dynamic f block size because the block size changed from 6 to 9
detect_structure.cc:114 Schur complement static structure <-1,-1,-1>.
schur_eliminator.cc:155 Template specializations not found for <-1,-1,-1>
block_sparse_matrix.cc:208 Allocating values array with 284776 bytes.
detect_structure.cc:63 Dynamic row block size because the block size changed from 2 to 15
detect_structure.cc:74 Dynamic e block size because the block size changed from 1 to 9
detect_structure.cc:93 Dynamic f block size because the block size changed from 6 to 9
detect_structure.cc:114 Schur complement static structure <-1,-1,-1>.
detect_structure.cc:63 Dynamic row block size because the block size changed from 2 to 15
detect_structure.cc:74 Dynamic e block size because the block size changed from 1 to 9
detect_structure.cc:93 Dynamic f block size because the block size changed from 6 to 9
detect_structure.cc:114 Schur complement static structure <-1,-1,-1>.
schur_eliminator.cc:155 Template specializations not found for <-1,-1,-1>
[VIO DIAG] f=120 tri: ok=186 wait=2 fail=0 default=0 depth: avg=1.37937 min=0.542613 max=2.22483 |vel|=0.970999 vel=(-0.627502,-0.198112,0.714025) ba=(-0.0148845,0.0718295,-0.0448619) bg=(-5.88355e-05,-0.000201061,-0.000188224)
block_sparse_matrix.cc:208 Allocating values array with 282904 bytes.
detect_structure.cc:63 Dynamic row block size because the block size changed from 2 to 15
detect_structure.cc:74 Dynamic e block size because the block size changed from 1 to 9
detect_structure.cc:93 Dynamic f block size because the block size changed from 6 to 9
detect_structure.cc:114 Schur complement static structure <-1,-1,-1>.
detect_structure.cc:63 Dynamic row block size because the block size changed from 2 to 15
detect_structure.cc:74 Dynamic e block size because the block size changed from 1 to 9
detect_structure.cc:93 Dynamic f block size because the block size changed from 6 to 9
detect_structure.cc:114 Schur complement static structure <-1,-1,-1>.
schur_eliminator.cc:155 Template specializations not found for <-1,-1,-1>
block_sparse_matrix.cc:208 Allocating values array with 288728 bytes.
detect_structure.cc:63 Dynamic row block size because the block size changed from 2 to 15
detect_structure.cc:74 Dynamic e block size because the block size changed from 1 to 9
detect_structure.cc:93 Dynamic f block size because the block size changed from 6 to 9
detect_structure.cc:114 Schur complement static structure <-1,-1,-1>.
detect_structure.cc:63 Dynamic row block size because the block size changed from 2 to 15
detect_structure.cc:74 Dynamic e block size because the block size changed from 1 to 9
detect_structure.cc:93 Dynamic f block size because the block size changed from 6 to 9
detect_structure.cc:114 Schur complement static structure <-1,-1,-1>.
schur_eliminator.cc:155 Template specializations not found for <-1,-1,-1>
block_sparse_matrix.cc:208 Allocating values array with 296216 bytes.
detect_structure.cc:63 Dynamic row block size because the block size changed from 2 to 15
detect_structure.cc:74 Dynamic e block size because the block size changed from 1 to 9
detect_structure.cc:93 Dynamic f block size because the block size changed from 6 to 9
detect_structure.cc:114 Schur complement static structure <-1,-1,-1>.
detect_structure.cc:63 Dynamic row block size because the block size changed from 2 to 15
detect_structure.cc:74 Dynamic e block size because the block size changed from 1 to 9
detect_structure.cc:93 Dynamic f block size because the block size changed from 6 to 9
detect_structure.cc:114 Schur complement static structure <-1,-1,-1>.
schur_eliminator.cc:155 Template specializations not found for <-1,-1,-1>
block_sparse_matrix.cc:208 Allocating values array with 309944 bytes.
detect_structure.cc:63 Dynamic row block size because the block size changed from 2 to 15
detect_structure.cc:74 Dynamic e block size because the block size changed from 1 to 9
detect_structure.cc:93 Dynamic f block size because the block size changed from 6 to 9
detect_structure.cc:114 Schur complement static structure <-1,-1,-1>.
detect_structure.cc:63 Dynamic row block size because the block size changed from 2 to 15
detect_structure.cc:74 Dynamic e block size because the block size changed from 1 to 9
detect_structure.cc:93 Dynamic f block size because the block size changed from 6 to 9
detect_structure.cc:114 Schur complement static structure <-1,-1,-1>.
schur_eliminator.cc:155 Template specializations not found for <-1,-1,-1>
block_sparse_matrix.cc:208 Allocating values array with 322632 bytes.
detect_structure.cc:63 Dynamic row block size because the block size changed from 2 to 15
detect_structure.cc:74 Dynamic e block size because the block size changed from 1 to 9
detect_structure.cc:93 Dynamic f block size because the block size changed from 6 to 9
detect_structure.cc:114 Schur complement static structure <-1,-1,-1>.
detect_structure.cc:63 Dynamic row block size because the block size changed from 2 to 15
detect_structure.cc:74 Dynamic e block size because the block size changed from 1 to 9
detect_structure.cc:93 Dynamic f block size because the block size changed from 6 to 9
detect_structure.cc:114 Schur complement static structure <-1,-1,-1>.
schur_eliminator.cc:155 Template specializations not found for <-1,-1,-1>
block_sparse_matrix.cc:208 Allocating values array with 314552 bytes.
detect_structure.cc:63 Dynamic row block size because the block size changed from 2 to 15
detect_structure.cc:74 Dynamic e block size because the block size changed from 1 to 9
detect_structure.cc:93 Dynamic f block size because the block size changed from 6 to 9
detect_structure.cc:114 Schur complement static structure <-1,-1,-1>.
detect_structure.cc:63 Dynamic row block size because the block size changed from 2 to 15
detect_structure.cc:74 Dynamic e block size because the block size changed from 1 to 9
detect_structure.cc:93 Dynamic f block size because the block size changed from 6 to 9
detect_structure.cc:114 Schur complement static structure <-1,-1,-1>.
schur_eliminator.cc:155 Template specializations not found for <-1,-1,-1>
block_sparse_matrix.cc:208 Allocating values array with 324088 bytes.
detect_structure.cc:63 Dynamic row block size because the block size changed from 2 to 15
detect_structure.cc:74 Dynamic e block size because the block size changed from 1 to 9
detect_structure.cc:93 Dynamic f block size because the block size changed from 6 to 9
detect_structure.cc:114 Schur complement static structure <-1,-1,-1>.
detect_structure.cc:63 Dynamic row block size because the block size changed from 2 to 15
detect_structure.cc:74 Dynamic e block size because the block size changed from 1 to 9
detect_structure.cc:93 Dynamic f block size because the block size changed from 6 to 9
detect_structure.cc:114 Schur complement static structure <-1,-1,-1>.
schur_eliminator.cc:155 Template specializations not found for <-1,-1,-1>
block_sparse_matrix.cc:208 Allocating values array with 326792 bytes.
detect_structure.cc:63 Dynamic row block size because the block size changed from 2 to 15
detect_structure.cc:74 Dynamic e block size because the block size changed from 1 to 9
detect_structure.cc:93 Dynamic f block size because the block size changed from 6 to 9
detect_structure.cc:114 Schur complement static structure <-1,-1,-1>.
detect_structure.cc:63 Dynamic row block size because the block size changed from 2 to 15
detect_structure.cc:74 Dynamic e block size because the block size changed from 1 to 9
detect_structure.cc:93 Dynamic f block size because the block size changed from 6 to 9
detect_structure.cc:114 Schur complement static structure <-1,-1,-1>.
schur_eliminator.cc:155 Template specializations not found for <-1,-1,-1>
block_sparse_matrix.cc:208 Allocating values array with 328040 bytes.
detect_structure.cc:63 Dynamic row block size because the block size changed from 2 to 15
detect_structure.cc:74 Dynamic e block size because the block size changed from 1 to 9
detect_structure.cc:93 Dynamic f block size because the block size changed from 6 to 9
detect_structure.cc:114 Schur complement static structure <-1,-1,-1>.
detect_structure.cc:63 Dynamic row block size because the block size changed from 2 to 15
detect_structure.cc:74 Dynamic e block size because the block size changed from 1 to 9
detect_structure.cc:93 Dynamic f block size because the block size changed from 6 to 9
detect_structure.cc:114 Schur complement static structure <-1,-1,-1>.
schur_eliminator.cc:155 Template specializations not found for <-1,-1,-1>
[FeatureTracker] F-matrix: 130 → 74 (rejected 56, threshold=1)
block_sparse_matrix.cc:208 Allocating values array with 308936 bytes.
detect_structure.cc:63 Dynamic row block size because the block size changed from 2 to 15
detect_structure.cc:74 Dynamic e block size because the block size changed from 1 to 9
detect_structure.cc:93 Dynamic f block size because the block size changed from 6 to 9
detect_structure.cc:114 Schur complement static structure <-1,-1,-1>.
detect_structure.cc:63 Dynamic row block size because the block size changed from 2 to 15
detect_structure.cc:74 Dynamic e block size because the block size changed from 1 to 9
detect_structure.cc:93 Dynamic f block size because the block size changed from 6 to 9
detect_structure.cc:114 Schur complement static structure <-1,-1,-1>.
schur_eliminator.cc:155 Template specializations not found for <-1,-1,-1>
block_sparse_matrix.cc:208 Allocating values array with 306200 bytes.
detect_structure.cc:63 Dynamic row block size because the block size changed from 2 to 15
detect_structure.cc:74 Dynamic e block size because the block size changed from 1 to 9
detect_structure.cc:93 Dynamic f block size because the block size changed from 6 to 9
detect_structure.cc:114 Schur complement static structure <-1,-1,-1>.
detect_structure.cc:63 Dynamic row block size because the block size changed from 2 to 15
detect_structure.cc:74 Dynamic e block size because the block size changed from 1 to 9
detect_structure.cc:93 Dynamic f block size because the block size changed from 6 to 9
detect_structure.cc:114 Schur complement static structure <-1,-1,-1>.
schur_eliminator.cc:155 Template specializations not found for <-1,-1,-1>
block_sparse_matrix.cc:208 Allocating values array with 298504 bytes.
detect_structure.cc:63 Dynamic row block size because the block size changed from 2 to 15
detect_structure.cc:74 Dynamic e block size because the block size changed from 1 to 9
detect_structure.cc:93 Dynamic f block size because the block size changed from 6 to 9
detect_structure.cc:114 Schur complement static structure <-1,-1,-1>.
detect_structure.cc:63 Dynamic row block size because the block size changed from 2 to 15
detect_structure.cc:74 Dynamic e block size because the block size changed from 1 to 9
detect_structure.cc:93 Dynamic f block size because the block size changed from 6 to 9
detect_structure.cc:114 Schur complement static structure <-1,-1,-1>.
schur_eliminator.cc:155 Template specializations not found for <-1,-1,-1>
block_sparse_matrix.cc:208 Allocating values array with 290632 bytes.
detect_structure.cc:63 Dynamic row block size because the block size changed from 2 to 15
detect_structure.cc:74 Dynamic e block size because the block size changed from 1 to 9
detect_structure.cc:93 Dynamic f block size because the block size changed from 6 to 9
detect_structure.cc:114 Schur complement static structure <-1,-1,-1>.
detect_structure.cc:63 Dynamic row block size because the block size changed from 2 to 15
detect_structure.cc:74 Dynamic e block size because the block size changed from 1 to 9
detect_structure.cc:93 Dynamic f block size because the block size changed from 6 to 9
detect_structure.cc:114 Schur complement static structure <-1,-1,-1>.
schur_eliminator.cc:155 Template specializations not found for <-1,-1,-1>
block_sparse_matrix.cc:208 Allocating values array with 283528 bytes.
detect_structure.cc:63 Dynamic row block size because the block size changed from 2 to 15
detect_structure.cc:74 Dynamic e block size because the block size changed from 1 to 9
detect_structure.cc:93 Dynamic f block size because the block size changed from 6 to 9
detect_structure.cc:114 Schur complement static structure <-1,-1,-1>.
detect_structure.cc:63 Dynamic row block size because the block size changed from 2 to 15
detect_structure.cc:74 Dynamic e block size because the block size changed from 1 to 9
detect_structure.cc:93 Dynamic f block size because the block size changed from 6 to 9
detect_structure.cc:114 Schur complement static structure <-1,-1,-1>.
schur_eliminator.cc:155 Template specializations not found for <-1,-1,-1>
block_sparse_matrix.cc:208 Allocating values array with 276280 bytes.
detect_structure.cc:63 Dynamic row block size because the block size changed from 2 to 15
detect_structure.cc:74 Dynamic e block size because the block size changed from 1 to 9
detect_structure.cc:93 Dynamic f block size because the block size changed from 6 to 9
detect_structure.cc:114 Schur complement static structure <-1,-1,-1>.
detect_structure.cc:63 Dynamic row block size because the block size changed from 2 to 15
detect_structure.cc:74 Dynamic e block size because the block size changed from 1 to 9
detect_structure.cc:93 Dynamic f block size because the block size changed from 6 to 9
detect_structure.cc:114 Schur complement static structure <-1,-1,-1>.
schur_eliminator.cc:155 Template specializations not found for <-1,-1,-1>
block_sparse_matrix.cc:208 Allocating values array with 299752 bytes.
detect_structure.cc:63 Dynamic row block size because the block size changed from 2 to 15
detect_structure.cc:74 Dynamic e block size because the block size changed from 1 to 9
detect_structure.cc:93 Dynamic f block size because the block size changed from 6 to 9
detect_structure.cc:114 Schur complement static structure <-1,-1,-1>.
detect_structure.cc:63 Dynamic row block size because the block size changed from 2 to 15
detect_structure.cc:74 Dynamic e block size because the block size changed from 1 to 9
detect_structure.cc:93 Dynamic f block size because the block size changed from 6 to 9
detect_structure.cc:114 Schur complement static structure <-1,-1,-1>.
schur_eliminator.cc:155 Template specializations not found for <-1,-1,-1>
block_sparse_matrix.cc:208 Allocating values array with 291256 bytes.
detect_structure.cc:63 Dynamic row block size because the block size changed from 2 to 15
detect_structure.cc:74 Dynamic e block size because the block size changed from 1 to 9
detect_structure.cc:93 Dynamic f block size because the block size changed from 6 to 9
detect_structure.cc:114 Schur complement static structure <-1,-1,-1>.
detect_structure.cc:63 Dynamic row block size because the block size changed from 2 to 15
detect_structure.cc:74 Dynamic e block size because the block size changed from 1 to 9
detect_structure.cc:93 Dynamic f block size because the block size changed from 6 to 9
detect_structure.cc:114 Schur complement static structure <-1,-1,-1>.
schur_eliminator.cc:155 Template specializations not found for <-1,-1,-1>
block_sparse_matrix.cc:208 Allocating values array with 302040 bytes.
detect_structure.cc:63 Dynamic row block size because the block size changed from 2 to 15
detect_structure.cc:74 Dynamic e block size because the block size changed from 1 to 9
detect_structure.cc:93 Dynamic f block size because the block size changed from 6 to 9
detect_structure.cc:114 Schur complement static structure <-1,-1,-1>.
detect_structure.cc:63 Dynamic row block size because the block size changed from 2 to 15
detect_structure.cc:74 Dynamic e block size because the block size changed from 1 to 9
detect_structure.cc:93 Dynamic f block size because the block size changed from 6 to 9
detect_structure.cc:114 Schur complement static structure <-1,-1,-1>.
schur_eliminator.cc:155 Template specializations not found for <-1,-1,-1>
block_sparse_matrix.cc:208 Allocating values array with 302040 bytes.
detect_structure.cc:63 Dynamic row block size because the block size changed from 2 to 15
detect_structure.cc:74 Dynamic e block size because the block size changed from 1 to 9
detect_structure.cc:93 Dynamic f block size because the block size changed from 6 to 9
detect_structure.cc:114 Schur complement static structure <-1,-1,-1>.
detect_structure.cc:63 Dynamic row block size because the block size changed from 2 to 15
detect_structure.cc:74 Dynamic e block size because the block size changed from 1 to 9
detect_structure.cc:93 Dynamic f block size because the block size changed from 6 to 9
detect_structure.cc:114 Schur complement static structure <-1,-1,-1>.
schur_eliminator.cc:155 Template specializations not found for <-1,-1,-1>
block_sparse_matrix.cc:208 Allocating values array with 300792 bytes.
detect_structure.cc:63 Dynamic row block size because the block size changed from 2 to 15
detect_structure.cc:74 Dynamic e block size because the block size changed from 1 to 9
detect_structure.cc:93 Dynamic f block size because the block size changed from 6 to 9
detect_structure.cc:114 Schur complement static structure <-1,-1,-1>.
detect_structure.cc:63 Dynamic row block size because the block size changed from 2 to 15
detect_structure.cc:74 Dynamic e block size because the block size changed from 1 to 9
detect_structure.cc:93 Dynamic f block size because the block size changed from 6 to 9
detect_structure.cc:114 Schur complement static structure <-1,-1,-1>.
schur_eliminator.cc:155 Template specializations not found for <-1,-1,-1>
[VIO DIAG] f=140 tri: ok=234 wait=0 fail=0 default=0 depth: avg=1.40758 min=0.234845 max=9.89263 |vel|=0.932793 vel=(-0.686113,0.0486619,-0.630068) ba=(0.151398,0.0490839,-0.0537634) bg=(0.000201957,-0.000171876,-0.000227324)
block_sparse_matrix.cc:208 Allocating values array with 290008 bytes.
detect_structure.cc:63 Dynamic row block size because the block size changed from 2 to 15
detect_structure.cc:74 Dynamic e block size because the block size changed from 1 to 9
detect_structure.cc:93 Dynamic f block size because the block size changed from 6 to 9
detect_structure.cc:114 Schur complement static structure <-1,-1,-1>.
detect_structure.cc:63 Dynamic row block size because the block size changed from 2 to 15
detect_structure.cc:74 Dynamic e block size because the block size changed from 1 to 9
detect_structure.cc:93 Dynamic f block size because the block size changed from 6 to 9
detect_structure.cc:114 Schur complement static structure <-1,-1,-1>.
schur_eliminator.cc:155 Template specializations not found for <-1,-1,-1>
block_sparse_matrix.cc:208 Allocating values array with 289976 bytes.
detect_structure.cc:63 Dynamic row block size because the block size changed from 2 to 15
detect_structure.cc:74 Dynamic e block size because the block size changed from 1 to 9
detect_structure.cc:93 Dynamic f block size because the block size changed from 6 to 9
detect_structure.cc:114 Schur complement static structure <-1,-1,-1>.
detect_structure.cc:63 Dynamic row block size because the block size changed from 2 to 15
detect_structure.cc:74 Dynamic e block size because the block size changed from 1 to 9
detect_structure.cc:93 Dynamic f block size because the block size changed from 6 to 9
detect_structure.cc:114 Schur complement static structure <-1,-1,-1>.
schur_eliminator.cc:155 Template specializations not found for <-1,-1,-1>
block_sparse_matrix.cc:208 Allocating values array with 281896 bytes.
detect_structure.cc:63 Dynamic row block size because the block size changed from 2 to 15
detect_structure.cc:74 Dynamic e block size because the block size changed from 1 to 9
detect_structure.cc:93 Dynamic f block size because the block size changed from 6 to 9
detect_structure.cc:114 Schur complement static structure <-1,-1,-1>.
detect_structure.cc:63 Dynamic row block size because the block size changed from 2 to 15
detect_structure.cc:74 Dynamic e block size because the block size changed from 1 to 9
detect_structure.cc:93 Dynamic f block size because the block size changed from 6 to 9
detect_structure.cc:114 Schur complement static structure <-1,-1,-1>.
schur_eliminator.cc:155 Template specializations not found for <-1,-1,-1>
block_sparse_matrix.cc:208 Allocating values array with 289352 bytes.
detect_structure.cc:63 Dynamic row block size because the block size changed from 2 to 15
detect_structure.cc:74 Dynamic e block size because the block size changed from 1 to 9
detect_structure.cc:93 Dynamic f block size because the block size changed from 6 to 9
detect_structure.cc:114 Schur complement static structure <-1,-1,-1>.
detect_structure.cc:63 Dynamic row block size because the block size changed from 2 to 15
detect_structure.cc:74 Dynamic e block size because the block size changed from 1 to 9
detect_structure.cc:93 Dynamic f block size because the block size changed from 6 to 9
detect_structure.cc:114 Schur complement static structure <-1,-1,-1>.
schur_eliminator.cc:155 Template specializations not found for <-1,-1,-1>
block_sparse_matrix.cc:208 Allocating values array with 303496 bytes.
detect_structure.cc:63 Dynamic row block size because the block size changed from 2 to 15
detect_structure.cc:74 Dynamic e block size because the block size changed from 1 to 9
detect_structure.cc:93 Dynamic f block size because the block size changed from 6 to 9
detect_structure.cc:114 Schur complement static structure <-1,-1,-1>.
detect_structure.cc:63 Dynamic row block size because the block size changed from 2 to 15
detect_structure.cc:74 Dynamic e block size because the block size changed from 1 to 9
detect_structure.cc:93 Dynamic f block size because the block size changed from 6 to 9
detect_structure.cc:114 Schur complement static structure <-1,-1,-1>.
schur_eliminator.cc:155 Template specializations not found for <-1,-1,-1>
[FeatureTracker] F-matrix: 144 → 75 (rejected 69, threshold=1)
block_sparse_matrix.cc:208 Allocating values array with 306616 bytes.
detect_structure.cc:63 Dynamic row block size because the block size changed from 2 to 15
detect_structure.cc:74 Dynamic e block size because the block size changed from 1 to 9
detect_structure.cc:93 Dynamic f block size because the block size changed from 6 to 9
detect_structure.cc:114 Schur complement static structure <-1,-1,-1>.
detect_structure.cc:63 Dynamic row block size because the block size changed from 2 to 15
detect_structure.cc:74 Dynamic e block size because the block size changed from 1 to 9
detect_structure.cc:93 Dynamic f block size because the block size changed from 6 to 9
detect_structure.cc:114 Schur complement static structure <-1,-1,-1>.
schur_eliminator.cc:155 Template specializations not found for <-1,-1,-1>
block_sparse_matrix.cc:208 Allocating values array with 297464 bytes.
detect_structure.cc:63 Dynamic row block size because the block size changed from 2 to 15
detect_structure.cc:74 Dynamic e block size because the block size changed from 1 to 9
detect_structure.cc:93 Dynamic f block size because the block size changed from 6 to 9
detect_structure.cc:114 Schur complement static structure <-1,-1,-1>.
detect_structure.cc:63 Dynamic row block size because the block size changed from 2 to 15
detect_structure.cc:74 Dynamic e block size because the block size changed from 1 to 9
detect_structure.cc:93 Dynamic f block size because the block size changed from 6 to 9
detect_structure.cc:114 Schur complement static structure <-1,-1,-1>.
schur_eliminator.cc:155 Template specializations not found for <-1,-1,-1>
block_sparse_matrix.cc:208 Allocating values array with 284776 bytes.
detect_structure.cc:63 Dynamic row block size because the block size changed from 2 to 15
detect_structure.cc:74 Dynamic e block size because the block size changed from 1 to 9
detect_structure.cc:93 Dynamic f block size because the block size changed from 6 to 9
detect_structure.cc:114 Schur complement static structure <-1,-1,-1>.
detect_structure.cc:63 Dynamic row block size because the block size changed from 2 to 15
detect_structure.cc:74 Dynamic e block size because the block size changed from 1 to 9
detect_structure.cc:93 Dynamic f block size because the block size changed from 6 to 9
detect_structure.cc:114 Schur complement static structure <-1,-1,-1>.
schur_eliminator.cc:155 Template specializations not found for <-1,-1,-1>
block_sparse_matrix.cc:208 Allocating values array with 271048 bytes.
detect_structure.cc:63 Dynamic row block size because the block size changed from 2 to 15
detect_structure.cc:74 Dynamic e block size because the block size changed from 1 to 9
detect_structure.cc:93 Dynamic f block size because the block size changed from 6 to 9
detect_structure.cc:114 Schur complement static structure <-1,-1,-1>.
detect_structure.cc:63 Dynamic row block size because the block size changed from 2 to 15
detect_structure.cc:74 Dynamic e block size because the block size changed from 1 to 9
detect_structure.cc:93 Dynamic f block size because the block size changed from 6 to 9
detect_structure.cc:114 Schur complement static structure <-1,-1,-1>.
schur_eliminator.cc:155 Template specializations not found for <-1,-1,-1>
block_sparse_matrix.cc:208 Allocating values array with 282488 bytes.
detect_structure.cc:63 Dynamic row block size because the block size changed from 2 to 15
detect_structure.cc:74 Dynamic e block size because the block size changed from 1 to 9
detect_structure.cc:93 Dynamic f block size because the block size changed from 6 to 9
detect_structure.cc:114 Schur complement static structure <-1,-1,-1>.
detect_structure.cc:63 Dynamic row block size because the block size changed from 2 to 15
detect_structure.cc:74 Dynamic e block size because the block size changed from 1 to 9
detect_structure.cc:93 Dynamic f block size because the block size changed from 6 to 9
detect_structure.cc:114 Schur complement static structure <-1,-1,-1>.
schur_eliminator.cc:155 Template specializations not found for <-1,-1,-1>
block_sparse_matrix.cc:208 Allocating values array with 284984 bytes.
detect_structure.cc:63 Dynamic row block size because the block size changed from 2 to 15
detect_structure.cc:74 Dynamic e block size because the block size changed from 1 to 9
detect_structure.cc:93 Dynamic f block size because the block size changed from 6 to 9
detect_structure.cc:114 Schur complement static structure <-1,-1,-1>.
detect_structure.cc:63 Dynamic row block size because the block size changed from 2 to 15
detect_structure.cc:74 Dynamic e block size because the block size changed from 1 to 9
detect_structure.cc:93 Dynamic f block size because the block size changed from 6 to 9
detect_structure.cc:114 Schur complement static structure <-1,-1,-1>.
schur_eliminator.cc:155 Template specializations not found for <-1,-1,-1>
block_sparse_matrix.cc:208 Allocating values array with 289144 bytes.
detect_structure.cc:63 Dynamic row block size because the block size changed from 2 to 15
detect_structure.cc:74 Dynamic e block size because the block size changed from 1 to 9
detect_structure.cc:93 Dynamic f block size because the block size changed from 6 to 9
detect_structure.cc:114 Schur complement static structure <-1,-1,-1>.
detect_structure.cc:63 Dynamic row block size because the block size changed from 2 to 15
detect_structure.cc:74 Dynamic e block size because the block size changed from 1 to 9
detect_structure.cc:93 Dynamic f block size because the block size changed from 6 to 9
detect_structure.cc:114 Schur complement static structure <-1,-1,-1>.
schur_eliminator.cc:155 Template specializations not found for <-1,-1,-1>
block_sparse_matrix.cc:208 Allocating values array with 283944 bytes.
detect_structure.cc:63 Dynamic row block size because the block size changed from 2 to 15
detect_structure.cc:74 Dynamic e block size because the block size changed from 1 to 9
detect_structure.cc:93 Dynamic f block size because the block size changed from 6 to 9
detect_structure.cc:114 Schur complement static structure <-1,-1,-1>.
detect_structure.cc:63 Dynamic row block size because the block size changed from 2 to 15
detect_structure.cc:74 Dynamic e block size because the block size changed from 1 to 9
detect_structure.cc:93 Dynamic f block size because the block size changed from 6 to 9
detect_structure.cc:114 Schur complement static structure <-1,-1,-1>.
schur_eliminator.cc:155 Template specializations not found for <-1,-1,-1>
[FeatureTracker] F-matrix: 149 → 89 (rejected 60, threshold=1)
block_sparse_matrix.cc:208 Allocating values array with 278744 bytes.
detect_structure.cc:63 Dynamic row block size because the block size changed from 2 to 15
detect_structure.cc:74 Dynamic e block size because the block size changed from 1 to 9
detect_structure.cc:93 Dynamic f block size because the block size changed from 6 to 9
detect_structure.cc:114 Schur complement static structure <-1,-1,-1>.
detect_structure.cc:63 Dynamic row block size because the block size changed from 2 to 15
detect_structure.cc:74 Dynamic e block size because the block size changed from 1 to 9
detect_structure.cc:93 Dynamic f block size because the block size changed from 6 to 9
detect_structure.cc:114 Schur complement static structure <-1,-1,-1>.
schur_eliminator.cc:155 Template specializations not found for <-1,-1,-1>
[Replay] 200/600 frames, 155 valid poses
block_sparse_matrix.cc:208 Allocating values array with 272712 bytes.
detect_structure.cc:63 Dynamic row block size because the block size changed from 2 to 15
detect_structure.cc:74 Dynamic e block size because the block size changed from 1 to 9
detect_structure.cc:93 Dynamic f block size because the block size changed from 6 to 9
detect_structure.cc:114 Schur complement static structure <-1,-1,-1>.
detect_structure.cc:63 Dynamic row block size because the block size changed from 2 to 15
detect_structure.cc:74 Dynamic e block size because the block size changed from 1 to 9
detect_structure.cc:93 Dynamic f block size because the block size changed from 6 to 9
detect_structure.cc:114 Schur complement static structure <-1,-1,-1>.
schur_eliminator.cc:155 Template specializations not found for <-1,-1,-1>
block_sparse_matrix.cc:208 Allocating values array with 274376 bytes.
detect_structure.cc:63 Dynamic row block size because the block size changed from 2 to 15
detect_structure.cc:74 Dynamic e block size because the block size changed from 1 to 9
detect_structure.cc:93 Dynamic f block size because the block size changed from 6 to 9
detect_structure.cc:114 Schur complement static structure <-1,-1,-1>.
detect_structure.cc:63 Dynamic row block size because the block size changed from 2 to 15
detect_structure.cc:74 Dynamic e block size because the block size changed from 1 to 9
detect_structure.cc:93 Dynamic f block size because the block size changed from 6 to 9
detect_structure.cc:114 Schur complement static structure <-1,-1,-1>.
schur_eliminator.cc:155 Template specializations not found for <-1,-1,-1>
block_sparse_matrix.cc:208 Allocating values array with 275624 bytes.
detect_structure.cc:63 Dynamic row block size because the block size changed from 2 to 15
detect_structure.cc:74 Dynamic e block size because the block size changed from 1 to 9
detect_structure.cc:93 Dynamic f block size because the block size changed from 6 to 9
detect_structure.cc:114 Schur complement static structure <-1,-1,-1>.
detect_structure.cc:63 Dynamic row block size because the block size changed from 2 to 15
detect_structure.cc:74 Dynamic e block size because the block size changed from 1 to 9
detect_structure.cc:93 Dynamic f block size because the block size changed from 6 to 9
detect_structure.cc:114 Schur complement static structure <-1,-1,-1>.
schur_eliminator.cc:155 Template specializations not found for <-1,-1,-1>
block_sparse_matrix.cc:208 Allocating values array with 290808 bytes.
detect_structure.cc:63 Dynamic row block size because the block size changed from 2 to 15
detect_structure.cc:74 Dynamic e block size because the block size changed from 1 to 9
detect_structure.cc:93 Dynamic f block size because the block size changed from 6 to 9
detect_structure.cc:114 Schur complement static structure <-1,-1,-1>.
detect_structure.cc:63 Dynamic row block size because the block size changed from 2 to 15
detect_structure.cc:74 Dynamic e block size because the block size changed from 1 to 9
detect_structure.cc:93 Dynamic f block size because the block size changed from 6 to 9
detect_structure.cc:114 Schur complement static structure <-1,-1,-1>.
schur_eliminator.cc:155 Template specializations not found for <-1,-1,-1>
block_sparse_matrix.cc:208 Allocating values array with 290808 bytes.
detect_structure.cc:63 Dynamic row block size because the block size changed from 2 to 15
detect_structure.cc:74 Dynamic e block size because the block size changed from 1 to 9
detect_structure.cc:93 Dynamic f block size because the block size changed from 6 to 9
detect_structure.cc:114 Schur complement static structure <-1,-1,-1>.
detect_structure.cc:63 Dynamic row block size because the block size changed from 2 to 15
detect_structure.cc:74 Dynamic e block size because the block size changed from 1 to 9
detect_structure.cc:93 Dynamic f block size because the block size changed from 6 to 9
detect_structure.cc:114 Schur complement static structure <-1,-1,-1>.
schur_eliminator.cc:155 Template specializations not found for <-1,-1,-1>
block_sparse_matrix.cc:208 Allocating values array with 292888 bytes.
detect_structure.cc:63 Dynamic row block size because the block size changed from 2 to 15
detect_structure.cc:74 Dynamic e block size because the block size changed from 1 to 9
detect_structure.cc:93 Dynamic f block size because the block size changed from 6 to 9
detect_structure.cc:114 Schur complement static structure <-1,-1,-1>.
detect_structure.cc:63 Dynamic row block size because the block size changed from 2 to 15
detect_structure.cc:74 Dynamic e block size because the block size changed from 1 to 9
detect_structure.cc:93 Dynamic f block size because the block size changed from 6 to 9
detect_structure.cc:114 Schur complement static structure <-1,-1,-1>.
schur_eliminator.cc:155 Template specializations not found for <-1,-1,-1>
[VIO DIAG] f=160 tri: ok=192 wait=17 fail=0 default=0 depth: avg=1.29883 min=0.426112 max=3.86716 |vel|=0.72272 vel=(0.0514557,-0.135469,0.708043) ba=(0.0619892,0.0337412,-0.0478499) bg=(-6.537e-05,-0.000134891,-0.000244406)
block_sparse_matrix.cc:208 Allocating values array with 301624 bytes.
detect_structure.cc:63 Dynamic row block size because the block size changed from 2 to 15
detect_structure.cc:74 Dynamic e block size because the block size changed from 1 to 9
detect_structure.cc:93 Dynamic f block size because the block size changed from 6 to 9
detect_structure.cc:114 Schur complement static structure <-1,-1,-1>.
detect_structure.cc:63 Dynamic row block size because the block size changed from 2 to 15
detect_structure.cc:74 Dynamic e block size because the block size changed from 1 to 9
detect_structure.cc:93 Dynamic f block size because the block size changed from 6 to 9
detect_structure.cc:114 Schur complement static structure <-1,-1,-1>.
schur_eliminator.cc:155 Template specializations not found for <-1,-1,-1>
block_sparse_matrix.cc:208 Allocating values array with 303912 bytes.
detect_structure.cc:63 Dynamic row block size because the block size changed from 2 to 15
detect_structure.cc:74 Dynamic e block size because the block size changed from 1 to 9
detect_structure.cc:93 Dynamic f block size because the block size changed from 6 to 9
detect_structure.cc:114 Schur complement static structure <-1,-1,-1>.
detect_structure.cc:63 Dynamic row block size because the block size changed from 2 to 15
detect_structure.cc:74 Dynamic e block size because the block size changed from 1 to 9
detect_structure.cc:93 Dynamic f block size because the block size changed from 6 to 9
detect_structure.cc:114 Schur complement static structure <-1,-1,-1>.
schur_eliminator.cc:155 Template specializations not found for <-1,-1,-1>
block_sparse_matrix.cc:208 Allocating values array with 302872 bytes.
detect_structure.cc:63 Dynamic row block size because the block size changed from 2 to 15
detect_structure.cc:74 Dynamic e block size because the block size changed from 1 to 9
detect_structure.cc:93 Dynamic f block size because the block size changed from 6 to 9
detect_structure.cc:114 Schur complement static structure <-1,-1,-1>.
detect_structure.cc:63 Dynamic row block size because the block size changed from 2 to 15
detect_structure.cc:74 Dynamic e block size because the block size changed from 1 to 9
detect_structure.cc:93 Dynamic f block size because the block size changed from 6 to 9
detect_structure.cc:114 Schur complement static structure <-1,-1,-1>.
schur_eliminator.cc:155 Template specializations not found for <-1,-1,-1>
block_sparse_matrix.cc:208 Allocating values array with 310360 bytes.
detect_structure.cc:63 Dynamic row block size because the block size changed from 2 to 15
detect_structure.cc:74 Dynamic e block size because the block size changed from 1 to 9
detect_structure.cc:93 Dynamic f block size because the block size changed from 6 to 9
detect_structure.cc:114 Schur complement static structure <-1,-1,-1>.
detect_structure.cc:63 Dynamic row block size because the block size changed from 2 to 15
detect_structure.cc:74 Dynamic e block size because the block size changed from 1 to 9
detect_structure.cc:93 Dynamic f block size because the block size changed from 6 to 9
detect_structure.cc:114 Schur complement static structure <-1,-1,-1>.
schur_eliminator.cc:155 Template specializations not found for <-1,-1,-1>
block_sparse_matrix.cc:208 Allocating values array with 314728 bytes.
detect_structure.cc:63 Dynamic row block size because the block size changed from 2 to 15
detect_structure.cc:74 Dynamic e block size because the block size changed from 1 to 9
detect_structure.cc:93 Dynamic f block size because the block size changed from 6 to 9
detect_structure.cc:114 Schur complement static structure <-1,-1,-1>.
detect_structure.cc:63 Dynamic row block size because the block size changed from 2 to 15
detect_structure.cc:74 Dynamic e block size because the block size changed from 1 to 9
detect_structure.cc:93 Dynamic f block size because the block size changed from 6 to 9
detect_structure.cc:114 Schur complement static structure <-1,-1,-1>.
schur_eliminator.cc:155 Template specializations not found for <-1,-1,-1>
block_sparse_matrix.cc:208 Allocating values array with 312856 bytes.
detect_structure.cc:63 Dynamic row block size because the block size changed from 2 to 15
detect_structure.cc:74 Dynamic e block size because the block size changed from 1 to 9
detect_structure.cc:93 Dynamic f block size because the block size changed from 6 to 9
detect_structure.cc:114 Schur complement static structure <-1,-1,-1>.
detect_structure.cc:63 Dynamic row block size because the block size changed from 2 to 15
detect_structure.cc:74 Dynamic e block size because the block size changed from 1 to 9
detect_structure.cc:93 Dynamic f block size because the block size changed from 6 to 9
detect_structure.cc:114 Schur complement static structure <-1,-1,-1>.
schur_eliminator.cc:155 Template specializations not found for <-1,-1,-1>
block_sparse_matrix.cc:208 Allocating values array with 320136 bytes.
detect_structure.cc:63 Dynamic row block size because the block size changed from 2 to 15
detect_structure.cc:74 Dynamic e block size because the block size changed from 1 to 9
detect_structure.cc:93 Dynamic f block size because the block size changed from 6 to 9
detect_structure.cc:114 Schur complement static structure <-1,-1,-1>.
detect_structure.cc:63 Dynamic row block size because the block size changed from 2 to 15
detect_structure.cc:74 Dynamic e block size because the block size changed from 1 to 9
detect_structure.cc:93 Dynamic f block size because the block size changed from 6 to 9
detect_structure.cc:114 Schur complement static structure <-1,-1,-1>.
schur_eliminator.cc:155 Template specializations not found for <-1,-1,-1>
block_sparse_matrix.cc:208 Allocating values array with 324504 bytes.
detect_structure.cc:63 Dynamic row block size because the block size changed from 2 to 15
detect_structure.cc:74 Dynamic e block size because the block size changed from 1 to 9
detect_structure.cc:93 Dynamic f block size because the block size changed from 6 to 9
detect_structure.cc:114 Schur complement static structure <-1,-1,-1>.
detect_structure.cc:63 Dynamic row block size because the block size changed from 2 to 15
detect_structure.cc:74 Dynamic e block size because the block size changed from 1 to 9
detect_structure.cc:93 Dynamic f block size because the block size changed from 6 to 9
detect_structure.cc:114 Schur complement static structure <-1,-1,-1>.
schur_eliminator.cc:155 Template specializations not found for <-1,-1,-1>
block_sparse_matrix.cc:208 Allocating values array with 324088 bytes.
detect_structure.cc:63 Dynamic row block size because the block size changed from 2 to 15
detect_structure.cc:74 Dynamic e block size because the block size changed from 1 to 9
detect_structure.cc:93 Dynamic f block size because the block size changed from 6 to 9
detect_structure.cc:114 Schur complement static structure <-1,-1,-1>.
detect_structure.cc:63 Dynamic row block size because the block size changed from 2 to 15
detect_structure.cc:74 Dynamic e block size because the block size changed from 1 to 9
detect_structure.cc:93 Dynamic f block size because the block size changed from 6 to 9
detect_structure.cc:114 Schur complement static structure <-1,-1,-1>.
schur_eliminator.cc:155 Template specializations not found for <-1,-1,-1>
block_sparse_matrix.cc:208 Allocating values array with 326376 bytes.
detect_structure.cc:63 Dynamic row block size because the block size changed from 2 to 15
detect_structure.cc:74 Dynamic e block size because the block size changed from 1 to 9
detect_structure.cc:93 Dynamic f block size because the block size changed from 6 to 9
detect_structure.cc:114 Schur complement static structure <-1,-1,-1>.
detect_structure.cc:63 Dynamic row block size because the block size changed from 2 to 15
detect_structure.cc:74 Dynamic e block size because the block size changed from 1 to 9
detect_structure.cc:93 Dynamic f block size because the block size changed from 6 to 9
detect_structure.cc:114 Schur complement static structure <-1,-1,-1>.
schur_eliminator.cc:155 Template specializations not found for <-1,-1,-1>
[FeatureTracker] F-matrix: 128 → 76 (rejected 52, threshold=1)
block_sparse_matrix.cc:208 Allocating values array with 317640 bytes.
detect_structure.cc:63 Dynamic row block size because the block size changed from 2 to 15
detect_structure.cc:74 Dynamic e block size because the block size changed from 1 to 9
detect_structure.cc:93 Dynamic f block size because the block size changed from 6 to 9
detect_structure.cc:114 Schur complement static structure <-1,-1,-1>.
detect_structure.cc:63 Dynamic row block size because the block size changed from 2 to 15
detect_structure.cc:74 Dynamic e block size because the block size changed from 1 to 9
detect_structure.cc:93 Dynamic f block size because the block size changed from 6 to 9
detect_structure.cc:114 Schur complement static structure <-1,-1,-1>.
schur_eliminator.cc:155 Template specializations not found for <-1,-1,-1>
block_sparse_matrix.cc:208 Allocating values array with 305576 bytes.
detect_structure.cc:63 Dynamic row block size because the block size changed from 2 to 15
detect_structure.cc:74 Dynamic e block size because the block size changed from 1 to 9
detect_structure.cc:93 Dynamic f block size because the block size changed from 6 to 9
detect_structure.cc:114 Schur complement static structure <-1,-1,-1>.
detect_structure.cc:63 Dynamic row block size because the block size changed from 2 to 15
detect_structure.cc:74 Dynamic e block size because the block size changed from 1 to 9
detect_structure.cc:93 Dynamic f block size because the block size changed from 6 to 9
detect_structure.cc:114 Schur complement static structure <-1,-1,-1>.
schur_eliminator.cc:155 Template specializations not found for <-1,-1,-1>
block_sparse_matrix.cc:208 Allocating values array with 298088 bytes.
detect_structure.cc:63 Dynamic row block size because the block size changed from 2 to 15
detect_structure.cc:74 Dynamic e block size because the block size changed from 1 to 9
detect_structure.cc:93 Dynamic f block size because the block size changed from 6 to 9
detect_structure.cc:114 Schur complement static structure <-1,-1,-1>.
detect_structure.cc:63 Dynamic row block size because the block size changed from 2 to 15
detect_structure.cc:74 Dynamic e block size because the block size changed from 1 to 9
detect_structure.cc:93 Dynamic f block size because the block size changed from 6 to 9
detect_structure.cc:114 Schur complement static structure <-1,-1,-1>.
schur_eliminator.cc:155 Template specializations not found for <-1,-1,-1>
block_sparse_matrix.cc:208 Allocating values array with 291432 bytes.
detect_structure.cc:63 Dynamic row block size because the block size changed from 2 to 15
detect_structure.cc:74 Dynamic e block size because the block size changed from 1 to 9
detect_structure.cc:93 Dynamic f block size because the block size changed from 6 to 9
detect_structure.cc:114 Schur complement static structure <-1,-1,-1>.
detect_structure.cc:63 Dynamic row block size because the block size changed from 2 to 15
detect_structure.cc:74 Dynamic e block size because the block size changed from 1 to 9
detect_structure.cc:93 Dynamic f block size because the block size changed from 6 to 9
detect_structure.cc:114 Schur complement static structure <-1,-1,-1>.
schur_eliminator.cc:155 Template specializations not found for <-1,-1,-1>
block_sparse_matrix.cc:208 Allocating values array with 301416 bytes.
detect_structure.cc:63 Dynamic row block size because the block size changed from 2 to 15
detect_structure.cc:74 Dynamic e block size because the block size changed from 1 to 9
detect_structure.cc:93 Dynamic f block size because the block size changed from 6 to 9
detect_structure.cc:114 Schur complement static structure <-1,-1,-1>.
detect_structure.cc:63 Dynamic row block size because the block size changed from 2 to 15
detect_structure.cc:74 Dynamic e block size because the block size changed from 1 to 9
detect_structure.cc:93 Dynamic f block size because the block size changed from 6 to 9
detect_structure.cc:114 Schur complement static structure <-1,-1,-1>.
schur_eliminator.cc:155 Template specializations not found for <-1,-1,-1>
block_sparse_matrix.cc:208 Allocating values array with 298504 bytes.
detect_structure.cc:63 Dynamic row block size because the block size changed from 2 to 15
detect_structure.cc:74 Dynamic e block size because the block size changed from 1 to 9
detect_structure.cc:93 Dynamic f block size because the block size changed from 6 to 9
detect_structure.cc:114 Schur complement static structure <-1,-1,-1>.
detect_structure.cc:63 Dynamic row block size because the block size changed from 2 to 15
detect_structure.cc:74 Dynamic e block size because the block size changed from 1 to 9
detect_structure.cc:93 Dynamic f block size because the block size changed from 6 to 9
detect_structure.cc:114 Schur complement static structure <-1,-1,-1>.
schur_eliminator.cc:155 Template specializations not found for <-1,-1,-1>
block_sparse_matrix.cc:208 Allocating values array with 294760 bytes.
detect_structure.cc:63 Dynamic row block size because the block size changed from 2 to 15
detect_structure.cc:74 Dynamic e block size because the block size changed from 1 to 9
detect_structure.cc:93 Dynamic f block size because the block size changed from 6 to 9
detect_structure.cc:114 Schur complement static structure <-1,-1,-1>.
detect_structure.cc:63 Dynamic row block size because the block size changed from 2 to 15
detect_structure.cc:74 Dynamic e block size because the block size changed from 1 to 9
detect_structure.cc:93 Dynamic f block size because the block size changed from 6 to 9
detect_structure.cc:114 Schur complement static structure <-1,-1,-1>.
schur_eliminator.cc:155 Template specializations not found for <-1,-1,-1>
block_sparse_matrix.cc:208 Allocating values array with 291432 bytes.
detect_structure.cc:63 Dynamic row block size because the block size changed from 2 to 15
detect_structure.cc:74 Dynamic e block size because the block size changed from 1 to 9
detect_structure.cc:93 Dynamic f block size because the block size changed from 6 to 9
detect_structure.cc:114 Schur complement static structure <-1,-1,-1>.
detect_structure.cc:63 Dynamic row block size because the block size changed from 2 to 15
detect_structure.cc:74 Dynamic e block size because the block size changed from 1 to 9
detect_structure.cc:93 Dynamic f block size because the block size changed from 6 to 9
detect_structure.cc:114 Schur complement static structure <-1,-1,-1>.
schur_eliminator.cc:155 Template specializations not found for <-1,-1,-1>
block_sparse_matrix.cc:208 Allocating values array with 282280 bytes.
detect_structure.cc:63 Dynamic row block size because the block size changed from 2 to 15
detect_structure.cc:74 Dynamic e block size because the block size changed from 1 to 9
detect_structure.cc:93 Dynamic f block size because the block size changed from 6 to 9
detect_structure.cc:114 Schur complement static structure <-1,-1,-1>.
detect_structure.cc:63 Dynamic row block size because the block size changed from 2 to 15
detect_structure.cc:74 Dynamic e block size because the block size changed from 1 to 9
detect_structure.cc:93 Dynamic f block size because the block size changed from 6 to 9
detect_structure.cc:114 Schur complement static structure <-1,-1,-1>.
schur_eliminator.cc:155 Template specializations not found for <-1,-1,-1>
block_sparse_matrix.cc:208 Allocating values array with 274168 bytes.
detect_structure.cc:63 Dynamic row block size because the block size changed from 2 to 15
detect_structure.cc:74 Dynamic e block size because the block size changed from 1 to 9
detect_structure.cc:93 Dynamic f block size because the block size changed from 6 to 9
detect_structure.cc:114 Schur complement static structure <-1,-1,-1>.
detect_structure.cc:63 Dynamic row block size because the block size changed from 2 to 15
detect_structure.cc:74 Dynamic e block size because the block size changed from 1 to 9
detect_structure.cc:93 Dynamic f block size because the block size changed from 6 to 9
detect_structure.cc:114 Schur complement static structure <-1,-1,-1>.
schur_eliminator.cc:155 Template specializations not found for <-1,-1,-1>
[VIO DIAG] f=180 tri: ok=166 wait=7 fail=0 default=0 depth: avg=1.43152 min=0.497725 max=8.19879 |vel|=1.16944 vel=(0.86625,0.262684,-0.740409) ba=(-0.00343867,0.0785318,-0.0471738) bg=(-0.000202765,0.000111227,-0.000295257)
block_sparse_matrix.cc:208 Allocating values array with 276664 bytes.
detect_structure.cc:63 Dynamic row block size because the block size changed from 2 to 15
detect_structure.cc:74 Dynamic e block size because the block size changed from 1 to 9
detect_structure.cc:93 Dynamic f block size because the block size changed from 6 to 9
detect_structure.cc:114 Schur complement static structure <-1,-1,-1>.
detect_structure.cc:63 Dynamic row block size because the block size changed from 2 to 15
detect_structure.cc:74 Dynamic e block size because the block size changed from 1 to 9
detect_structure.cc:93 Dynamic f block size because the block size changed from 6 to 9
detect_structure.cc:114 Schur complement static structure <-1,-1,-1>.
schur_eliminator.cc:155 Template specializations not found for <-1,-1,-1>
block_sparse_matrix.cc:208 Allocating values array with 279576 bytes.
detect_structure.cc:63 Dynamic row block size because the block size changed from 2 to 15
detect_structure.cc:74 Dynamic e block size because the block size changed from 1 to 9
detect_structure.cc:93 Dynamic f block size because the block size changed from 6 to 9
detect_structure.cc:114 Schur complement static structure <-1,-1,-1>.
detect_structure.cc:63 Dynamic row block size because the block size changed from 2 to 15
detect_structure.cc:74 Dynamic e block size because the block size changed from 1 to 9
detect_structure.cc:93 Dynamic f block size because the block size changed from 6 to 9
detect_structure.cc:114 Schur complement static structure <-1,-1,-1>.
schur_eliminator.cc:155 Template specializations not found for <-1,-1,-1>
block_sparse_matrix.cc:208 Allocating values array with 277912 bytes.
detect_structure.cc:63 Dynamic row block size because the block size changed from 2 to 15
detect_structure.cc:74 Dynamic e block size because the block size changed from 1 to 9
detect_structure.cc:93 Dynamic f block size because the block size changed from 6 to 9
detect_structure.cc:114 Schur complement static structure <-1,-1,-1>.
detect_structure.cc:63 Dynamic row block size because the block size changed from 2 to 15
detect_structure.cc:74 Dynamic e block size because the block size changed from 1 to 9
detect_structure.cc:93 Dynamic f block size because the block size changed from 6 to 9
detect_structure.cc:114 Schur complement static structure <-1,-1,-1>.
schur_eliminator.cc:155 Template specializations not found for <-1,-1,-1>
block_sparse_matrix.cc:208 Allocating values array with 273336 bytes.
detect_structure.cc:63 Dynamic row block size because the block size changed from 2 to 15
detect_structure.cc:74 Dynamic e block size because the block size changed from 1 to 9
detect_structure.cc:93 Dynamic f block size because the block size changed from 6 to 9
detect_structure.cc:114 Schur complement static structure <-1,-1,-1>.
detect_structure.cc:63 Dynamic row block size because the block size changed from 2 to 15
detect_structure.cc:74 Dynamic e block size because the block size changed from 1 to 9
detect_structure.cc:93 Dynamic f block size because the block size changed from 6 to 9
detect_structure.cc:114 Schur complement static structure <-1,-1,-1>.
schur_eliminator.cc:155 Template specializations not found for <-1,-1,-1>
block_sparse_matrix.cc:208 Allocating values array with 270008 bytes.
detect_structure.cc:63 Dynamic row block size because the block size changed from 2 to 15
detect_structure.cc:74 Dynamic e block size because the block size changed from 1 to 9
detect_structure.cc:93 Dynamic f block size because the block size changed from 6 to 9
detect_structure.cc:114 Schur complement static structure <-1,-1,-1>.
detect_structure.cc:63 Dynamic row block size because the block size changed from 2 to 15
detect_structure.cc:74 Dynamic e block size because the block size changed from 1 to 9
detect_structure.cc:93 Dynamic f block size because the block size changed from 6 to 9
detect_structure.cc:114 Schur complement static structure <-1,-1,-1>.
schur_eliminator.cc:155 Template specializations not found for <-1,-1,-1>
block_sparse_matrix.cc:208 Allocating values array with 270216 bytes.
detect_structure.cc:63 Dynamic row block size because the block size changed from 2 to 15
detect_structure.cc:74 Dynamic e block size because the block size changed from 1 to 9
detect_structure.cc:93 Dynamic f block size because the block size changed from 6 to 9
detect_structure.cc:114 Schur complement static structure <-1,-1,-1>.
detect_structure.cc:63 Dynamic row block size because the block size changed from 2 to 15
detect_structure.cc:74 Dynamic e block size because the block size changed from 1 to 9
detect_structure.cc:93 Dynamic f block size because the block size changed from 6 to 9
detect_structure.cc:114 Schur complement static structure <-1,-1,-1>.
schur_eliminator.cc:155 Template specializations not found for <-1,-1,-1>
[FeatureTracker] F-matrix: 134 → 76 (rejected 58, threshold=1)
block_sparse_matrix.cc:208 Allocating values array with 262728 bytes.
detect_structure.cc:63 Dynamic row block size because the block size changed from 2 to 15
detect_structure.cc:74 Dynamic e block size because the block size changed from 1 to 9
detect_structure.cc:93 Dynamic f block size because the block size changed from 6 to 9
detect_structure.cc:114 Schur complement static structure <-1,-1,-1>.
detect_structure.cc:63 Dynamic row block size because the block size changed from 2 to 15
detect_structure.cc:74 Dynamic e block size because the block size changed from 1 to 9
detect_structure.cc:93 Dynamic f block size because the block size changed from 6 to 9
detect_structure.cc:114 Schur complement static structure <-1,-1,-1>.
schur_eliminator.cc:155 Template specializations not found for <-1,-1,-1>
block_sparse_matrix.cc:208 Allocating values array with 255864 bytes.
detect_structure.cc:63 Dynamic row block size because the block size changed from 2 to 15
detect_structure.cc:74 Dynamic e block size because the block size changed from 1 to 9
detect_structure.cc:93 Dynamic f block size because the block size changed from 6 to 9
detect_structure.cc:114 Schur complement static structure <-1,-1,-1>.
detect_structure.cc:63 Dynamic row block size because the block size changed from 2 to 15
detect_structure.cc:74 Dynamic e block size because the block size changed from 1 to 9
detect_structure.cc:93 Dynamic f block size because the block size changed from 6 to 9
detect_structure.cc:114 Schur complement static structure <-1,-1,-1>.
schur_eliminator.cc:155 Template specializations not found for <-1,-1,-1>
block_sparse_matrix.cc:208 Allocating values array with 250664 bytes.
detect_structure.cc:63 Dynamic row block size because the block size changed from 2 to 15
detect_structure.cc:74 Dynamic e block size because the block size changed from 1 to 9
detect_structure.cc:93 Dynamic f block size because the block size changed from 6 to 9
detect_structure.cc:114 Schur complement static structure <-1,-1,-1>.
detect_structure.cc:63 Dynamic row block size because the block size changed from 2 to 15
detect_structure.cc:74 Dynamic e block size because the block size changed from 1 to 9
detect_structure.cc:93 Dynamic f block size because the block size changed from 6 to 9
detect_structure.cc:114 Schur complement static structure <-1,-1,-1>.
schur_eliminator.cc:155 Template specializations not found for <-1,-1,-1>
block_sparse_matrix.cc:208 Allocating values array with 244632 bytes.
detect_structure.cc:63 Dynamic row block size because the block size changed from 2 to 15
detect_structure.cc:74 Dynamic e block size because the block size changed from 1 to 9
detect_structure.cc:93 Dynamic f block size because the block size changed from 6 to 9
detect_structure.cc:114 Schur complement static structure <-1,-1,-1>.
detect_structure.cc:63 Dynamic row block size because the block size changed from 2 to 15
detect_structure.cc:74 Dynamic e block size because the block size changed from 1 to 9
detect_structure.cc:93 Dynamic f block size because the block size changed from 6 to 9
detect_structure.cc:114 Schur complement static structure <-1,-1,-1>.
schur_eliminator.cc:155 Template specializations not found for <-1,-1,-1>
block_sparse_matrix.cc:208 Allocating values array with 261272 bytes.
detect_structure.cc:63 Dynamic row block size because the block size changed from 2 to 15
detect_structure.cc:74 Dynamic e block size because the block size changed from 1 to 9
detect_structure.cc:93 Dynamic f block size because the block size changed from 6 to 9
detect_structure.cc:114 Schur complement static structure <-1,-1,-1>.
detect_structure.cc:63 Dynamic row block size because the block size changed from 2 to 15
detect_structure.cc:74 Dynamic e block size because the block size changed from 1 to 9
detect_structure.cc:93 Dynamic f block size because the block size changed from 6 to 9
detect_structure.cc:114 Schur complement static structure <-1,-1,-1>.
schur_eliminator.cc:155 Template specializations not found for <-1,-1,-1>
block_sparse_matrix.cc:208 Allocating values array with 260648 bytes.
detect_structure.cc:63 Dynamic row block size because the block size changed from 2 to 15
detect_structure.cc:74 Dynamic e block size because the block size changed from 1 to 9
detect_structure.cc:93 Dynamic f block size because the block size changed from 6 to 9
detect_structure.cc:114 Schur complement static structure <-1,-1,-1>.
detect_structure.cc:63 Dynamic row block size because the block size changed from 2 to 15
detect_structure.cc:74 Dynamic e block size because the block size changed from 1 to 9
detect_structure.cc:93 Dynamic f block size because the block size changed from 6 to 9
detect_structure.cc:114 Schur complement static structure <-1,-1,-1>.
schur_eliminator.cc:155 Template specializations not found for <-1,-1,-1>
block_sparse_matrix.cc:208 Allocating values array with 263560 bytes.
detect_structure.cc:63 Dynamic row block size because the block size changed from 2 to 15
detect_structure.cc:74 Dynamic e block size because the block size changed from 1 to 9
detect_structure.cc:93 Dynamic f block size because the block size changed from 6 to 9
detect_structure.cc:114 Schur complement static structure <-1,-1,-1>.
detect_structure.cc:63 Dynamic row block size because the block size changed from 2 to 15
detect_structure.cc:74 Dynamic e block size because the block size changed from 1 to 9
detect_structure.cc:93 Dynamic f block size because the block size changed from 6 to 9
detect_structure.cc:114 Schur complement static structure <-1,-1,-1>.
schur_eliminator.cc:155 Template specializations not found for <-1,-1,-1>
block_sparse_matrix.cc:208 Allocating values array with 263144 bytes.
detect_structure.cc:63 Dynamic row block size because the block size changed from 2 to 15
detect_structure.cc:74 Dynamic e block size because the block size changed from 1 to 9
detect_structure.cc:93 Dynamic f block size because the block size changed from 6 to 9
detect_structure.cc:114 Schur complement static structure <-1,-1,-1>.
detect_structure.cc:63 Dynamic row block size because the block size changed from 2 to 15
detect_structure.cc:74 Dynamic e block size because the block size changed from 1 to 9
detect_structure.cc:93 Dynamic f block size because the block size changed from 6 to 9
detect_structure.cc:114 Schur complement static structure <-1,-1,-1>.
schur_eliminator.cc:155 Template specializations not found for <-1,-1,-1>
block_sparse_matrix.cc:208 Allocating values array with 262104 bytes.
detect_structure.cc:63 Dynamic row block size because the block size changed from 2 to 15
detect_structure.cc:74 Dynamic e block size because the block size changed from 1 to 9
detect_structure.cc:93 Dynamic f block size because the block size changed from 6 to 9
detect_structure.cc:114 Schur complement static structure <-1,-1,-1>.
detect_structure.cc:63 Dynamic row block size because the block size changed from 2 to 15
detect_structure.cc:74 Dynamic e block size because the block size changed from 1 to 9
detect_structure.cc:93 Dynamic f block size because the block size changed from 6 to 9
detect_structure.cc:114 Schur complement static structure <-1,-1,-1>.
schur_eliminator.cc:155 Template specializations not found for <-1,-1,-1>
block_sparse_matrix.cc:208 Allocating values array with 267096 bytes.
detect_structure.cc:63 Dynamic row block size because the block size changed from 2 to 15
detect_structure.cc:74 Dynamic e block size because the block size changed from 1 to 9
detect_structure.cc:93 Dynamic f block size because the block size changed from 6 to 9
detect_structure.cc:114 Schur complement static structure <-1,-1,-1>.
detect_structure.cc:63 Dynamic row block size because the block size changed from 2 to 15
detect_structure.cc:74 Dynamic e block size because the block size changed from 1 to 9
detect_structure.cc:93 Dynamic f block size because the block size changed from 6 to 9
detect_structure.cc:114 Schur complement static structure <-1,-1,-1>.
schur_eliminator.cc:155 Template specializations not found for <-1,-1,-1>
block_sparse_matrix.cc:208 Allocating values array with 276040 bytes.
detect_structure.cc:63 Dynamic row block size because the block size changed from 2 to 15
detect_structure.cc:74 Dynamic e block size because the block size changed from 1 to 9
detect_structure.cc:93 Dynamic f block size because the block size changed from 6 to 9
detect_structure.cc:114 Schur complement static structure <-1,-1,-1>.
detect_structure.cc:63 Dynamic row block size because the block size changed from 2 to 15
detect_structure.cc:74 Dynamic e block size because the block size changed from 1 to 9
detect_structure.cc:93 Dynamic f block size because the block size changed from 6 to 9
detect_structure.cc:114 Schur complement static structure <-1,-1,-1>.
schur_eliminator.cc:155 Template specializations not found for <-1,-1,-1>
block_sparse_matrix.cc:208 Allocating values array with 285608 bytes.
detect_structure.cc:63 Dynamic row block size because the block size changed from 2 to 15
detect_structure.cc:74 Dynamic e block size because the block size changed from 1 to 9
detect_structure.cc:93 Dynamic f block size because the block size changed from 6 to 9
detect_structure.cc:114 Schur complement static structure <-1,-1,-1>.
detect_structure.cc:63 Dynamic row block size because the block size changed from 2 to 15
detect_structure.cc:74 Dynamic e block size because the block size changed from 1 to 9
detect_structure.cc:93 Dynamic f block size because the block size changed from 6 to 9
detect_structure.cc:114 Schur complement static structure <-1,-1,-1>.
schur_eliminator.cc:155 Template specializations not found for <-1,-1,-1>
block_sparse_matrix.cc:208 Allocating values array with 287896 bytes.
detect_structure.cc:63 Dynamic row block size because the block size changed from 2 to 15
detect_structure.cc:74 Dynamic e block size because the block size changed from 1 to 9
detect_structure.cc:93 Dynamic f block size because the block size changed from 6 to 9
detect_structure.cc:114 Schur complement static structure <-1,-1,-1>.
detect_structure.cc:63 Dynamic row block size because the block size changed from 2 to 15
detect_structure.cc:74 Dynamic e block size because the block size changed from 1 to 9
detect_structure.cc:93 Dynamic f block size because the block size changed from 6 to 9
detect_structure.cc:114 Schur complement static structure <-1,-1,-1>.
schur_eliminator.cc:155 Template specializations not found for <-1,-1,-1>
block_sparse_matrix.cc:208 Allocating values array with 292888 bytes.
detect_structure.cc:63 Dynamic row block size because the block size changed from 2 to 15
detect_structure.cc:74 Dynamic e block size because the block size changed from 1 to 9
detect_structure.cc:93 Dynamic f block size because the block size changed from 6 to 9
detect_structure.cc:114 Schur complement static structure <-1,-1,-1>.
detect_structure.cc:63 Dynamic row block size because the block size changed from 2 to 15
detect_structure.cc:74 Dynamic e block size because the block size changed from 1 to 9
detect_structure.cc:93 Dynamic f block size because the block size changed from 6 to 9
detect_structure.cc:114 Schur complement static structure <-1,-1,-1>.
schur_eliminator.cc:155 Template specializations not found for <-1,-1,-1>
[VIO DIAG] f=200 tri: ok=183 wait=0 fail=0 default=0 depth: avg=1.35921 min=0.521731 max=2.21382 |vel|=0.932478 vel=(0.65383,0.0856515,0.659306) ba=(-0.0459342,0.0259391,-0.0438325) bg=(0.000276785,9.13921e-05,-0.000193439)
block_sparse_matrix.cc:208 Allocating values array with 283352 bytes.
detect_structure.cc:63 Dynamic row block size because the block size changed from 2 to 15
detect_structure.cc:74 Dynamic e block size because the block size changed from 1 to 9
detect_structure.cc:93 Dynamic f block size because the block size changed from 6 to 9
detect_structure.cc:114 Schur complement static structure <-1,-1,-1>.
detect_structure.cc:63 Dynamic row block size because the block size changed from 2 to 15
detect_structure.cc:74 Dynamic e block size because the block size changed from 1 to 9
detect_structure.cc:93 Dynamic f block size because the block size changed from 6 to 9
detect_structure.cc:114 Schur complement static structure <-1,-1,-1>.
schur_eliminator.cc:155 Template specializations not found for <-1,-1,-1>
block_sparse_matrix.cc:208 Allocating values array with 294344 bytes.
detect_structure.cc:63 Dynamic row block size because the block size changed from 2 to 15
detect_structure.cc:74 Dynamic e block size because the block size changed from 1 to 9
detect_structure.cc:93 Dynamic f block size because the block size changed from 6 to 9
detect_structure.cc:114 Schur complement static structure <-1,-1,-1>.
detect_structure.cc:63 Dynamic row block size because the block size changed from 2 to 15
detect_structure.cc:74 Dynamic e block size because the block size changed from 1 to 9
detect_structure.cc:93 Dynamic f block size because the block size changed from 6 to 9
detect_structure.cc:114 Schur complement static structure <-1,-1,-1>.
schur_eliminator.cc:155 Template specializations not found for <-1,-1,-1>
[FeatureTracker] F-matrix: 121 → 69 (rejected 52, threshold=1)
block_sparse_matrix.cc:208 Allocating values array with 292888 bytes.
detect_structure.cc:63 Dynamic row block size because the block size changed from 2 to 15
detect_structure.cc:74 Dynamic e block size because the block size changed from 1 to 9
detect_structure.cc:93 Dynamic f block size because the block size changed from 6 to 9
detect_structure.cc:114 Schur complement static structure <-1,-1,-1>.
detect_structure.cc:63 Dynamic row block size because the block size changed from 2 to 15
detect_structure.cc:74 Dynamic e block size because the block size changed from 1 to 9
detect_structure.cc:93 Dynamic f block size because the block size changed from 6 to 9
detect_structure.cc:114 Schur complement static structure <-1,-1,-1>.
schur_eliminator.cc:155 Template specializations not found for <-1,-1,-1>
block_sparse_matrix.cc:208 Allocating values array with 287480 bytes.
detect_structure.cc:63 Dynamic row block size because the block size changed from 2 to 15
detect_structure.cc:74 Dynamic e block size because the block size changed from 1 to 9
detect_structure.cc:93 Dynamic f block size because the block size changed from 6 to 9
detect_structure.cc:114 Schur complement static structure <-1,-1,-1>.
detect_structure.cc:63 Dynamic row block size because the block size changed from 2 to 15
detect_structure.cc:74 Dynamic e block size because the block size changed from 1 to 9
detect_structure.cc:93 Dynamic f block size because the block size changed from 6 to 9
detect_structure.cc:114 Schur complement static structure <-1,-1,-1>.
schur_eliminator.cc:155 Template specializations not found for <-1,-1,-1>
block_sparse_matrix.cc:208 Allocating values array with 278120 bytes.
detect_structure.cc:63 Dynamic row block size because the block size changed from 2 to 15
detect_structure.cc:74 Dynamic e block size because the block size changed from 1 to 9
detect_structure.cc:93 Dynamic f block size because the block size changed from 6 to 9
detect_structure.cc:114 Schur complement static structure <-1,-1,-1>.
detect_structure.cc:63 Dynamic row block size because the block size changed from 2 to 15
detect_structure.cc:74 Dynamic e block size because the block size changed from 1 to 9
detect_structure.cc:93 Dynamic f block size because the block size changed from 6 to 9
detect_structure.cc:114 Schur complement static structure <-1,-1,-1>.
schur_eliminator.cc:155 Template specializations not found for <-1,-1,-1>
block_sparse_matrix.cc:208 Allocating values array with 271288 bytes.
detect_structure.cc:63 Dynamic row block size because the block size changed from 2 to 15
detect_structure.cc:74 Dynamic e block size because the block size changed from 1 to 9
detect_structure.cc:93 Dynamic f block size because the block size changed from 6 to 9
detect_structure.cc:114 Schur complement static structure <-1,-1,-1>.
detect_structure.cc:63 Dynamic row block size because the block size changed from 2 to 15
detect_structure.cc:74 Dynamic e block size because the block size changed from 1 to 9
detect_structure.cc:93 Dynamic f block size because the block size changed from 6 to 9
detect_structure.cc:114 Schur complement static structure <-1,-1,-1>.
schur_eliminator.cc:155 Template specializations not found for <-1,-1,-1>
block_sparse_matrix.cc:208 Allocating values array with 270664 bytes.
detect_structure.cc:63 Dynamic row block size because the block size changed from 2 to 15
detect_structure.cc:74 Dynamic e block size because the block size changed from 1 to 9
detect_structure.cc:93 Dynamic f block size because the block size changed from 6 to 9
detect_structure.cc:114 Schur complement static structure <-1,-1,-1>.
detect_structure.cc:63 Dynamic row block size because the block size changed from 2 to 15
detect_structure.cc:74 Dynamic e block size because the block size changed from 1 to 9
detect_structure.cc:93 Dynamic f block size because the block size changed from 6 to 9
detect_structure.cc:114 Schur complement static structure <-1,-1,-1>.
schur_eliminator.cc:155 Template specializations not found for <-1,-1,-1>
block_sparse_matrix.cc:208 Allocating values array with 269624 bytes.
detect_structure.cc:63 Dynamic row block size because the block size changed from 2 to 15
detect_structure.cc:74 Dynamic e block size because the block size changed from 1 to 9
detect_structure.cc:93 Dynamic f block size because the block size changed from 6 to 9
detect_structure.cc:114 Schur complement static structure <-1,-1,-1>.
detect_structure.cc:63 Dynamic row block size because the block size changed from 2 to 15
detect_structure.cc:74 Dynamic e block size because the block size changed from 1 to 9
detect_structure.cc:93 Dynamic f block size because the block size changed from 6 to 9
detect_structure.cc:114 Schur complement static structure <-1,-1,-1>.
schur_eliminator.cc:155 Template specializations not found for <-1,-1,-1>
block_sparse_matrix.cc:208 Allocating values array with 264808 bytes.
detect_structure.cc:63 Dynamic row block size because the block size changed from 2 to 15
detect_structure.cc:74 Dynamic e block size because the block size changed from 1 to 9
detect_structure.cc:93 Dynamic f block size because the block size changed from 6 to 9
detect_structure.cc:114 Schur complement static structure <-1,-1,-1>.
detect_structure.cc:63 Dynamic row block size because the block size changed from 2 to 15
detect_structure.cc:74 Dynamic e block size because the block size changed from 1 to 9
detect_structure.cc:93 Dynamic f block size because the block size changed from 6 to 9
detect_structure.cc:114 Schur complement static structure <-1,-1,-1>.
schur_eliminator.cc:155 Template specializations not found for <-1,-1,-1>
block_sparse_matrix.cc:208 Allocating values array with 257144 bytes.
detect_structure.cc:63 Dynamic row block size because the block size changed from 2 to 15
detect_structure.cc:74 Dynamic e block size because the block size changed from 1 to 9
detect_structure.cc:93 Dynamic f block size because the block size changed from 6 to 9
detect_structure.cc:114 Schur complement static structure <-1,-1,-1>.
detect_structure.cc:63 Dynamic row block size because the block size changed from 2 to 15
detect_structure.cc:74 Dynamic e block size because the block size changed from 1 to 9
detect_structure.cc:93 Dynamic f block size because the block size changed from 6 to 9
detect_structure.cc:114 Schur complement static structure <-1,-1,-1>.
schur_eliminator.cc:155 Template specializations not found for <-1,-1,-1>
block_sparse_matrix.cc:208 Allocating values array with 282904 bytes.
detect_structure.cc:63 Dynamic row block size because the block size changed from 2 to 15
detect_structure.cc:74 Dynamic e block size because the block size changed from 1 to 9
detect_structure.cc:93 Dynamic f block size because the block size changed from 6 to 9
detect_structure.cc:114 Schur complement static structure <-1,-1,-1>.
detect_structure.cc:63 Dynamic row block size because the block size changed from 2 to 15
detect_structure.cc:74 Dynamic e block size because the block size changed from 1 to 9
detect_structure.cc:93 Dynamic f block size because the block size changed from 6 to 9
detect_structure.cc:114 Schur complement static structure <-1,-1,-1>.
schur_eliminator.cc:155 Template specializations not found for <-1,-1,-1>
[FeatureTracker] F-matrix: 147 → 91 (rejected 56, threshold=1)
block_sparse_matrix.cc:208 Allocating values array with 269832 bytes.
detect_structure.cc:63 Dynamic row block size because the block size changed from 2 to 15
detect_structure.cc:74 Dynamic e block size because the block size changed from 1 to 9
detect_structure.cc:93 Dynamic f block size because the block size changed from 6 to 9
detect_structure.cc:114 Schur complement static structure <-1,-1,-1>.
detect_structure.cc:63 Dynamic row block size because the block size changed from 2 to 15
detect_structure.cc:74 Dynamic e block size because the block size changed from 1 to 9
detect_structure.cc:93 Dynamic f block size because the block size changed from 6 to 9
detect_structure.cc:114 Schur complement static structure <-1,-1,-1>.
schur_eliminator.cc:155 Template specializations not found for <-1,-1,-1>
block_sparse_matrix.cc:208 Allocating values array with 271048 bytes.
detect_structure.cc:63 Dynamic row block size because the block size changed from 2 to 15
detect_structure.cc:74 Dynamic e block size because the block size changed from 1 to 9
detect_structure.cc:93 Dynamic f block size because the block size changed from 6 to 9
detect_structure.cc:114 Schur complement static structure <-1,-1,-1>.
detect_structure.cc:63 Dynamic row block size because the block size changed from 2 to 15
detect_structure.cc:74 Dynamic e block size because the block size changed from 1 to 9
detect_structure.cc:93 Dynamic f block size because the block size changed from 6 to 9
detect_structure.cc:114 Schur complement static structure <-1,-1,-1>.
schur_eliminator.cc:155 Template specializations not found for <-1,-1,-1>
block_sparse_matrix.cc:208 Allocating values array with 263592 bytes.
detect_structure.cc:63 Dynamic row block size because the block size changed from 2 to 15
detect_structure.cc:74 Dynamic e block size because the block size changed from 1 to 9
detect_structure.cc:93 Dynamic f block size because the block size changed from 6 to 9
detect_structure.cc:114 Schur complement static structure <-1,-1,-1>.
detect_structure.cc:63 Dynamic row block size because the block size changed from 2 to 15
detect_structure.cc:74 Dynamic e block size because the block size changed from 1 to 9
detect_structure.cc:93 Dynamic f block size because the block size changed from 6 to 9
detect_structure.cc:114 Schur complement static structure <-1,-1,-1>.
schur_eliminator.cc:155 Template specializations not found for <-1,-1,-1>
block_sparse_matrix.cc:208 Allocating values array with 262968 bytes.
detect_structure.cc:63 Dynamic row block size because the block size changed from 2 to 15
detect_structure.cc:74 Dynamic e block size because the block size changed from 1 to 9
detect_structure.cc:93 Dynamic f block size because the block size changed from 6 to 9
detect_structure.cc:114 Schur complement static structure <-1,-1,-1>.
detect_structure.cc:63 Dynamic row block size because the block size changed from 2 to 15
detect_structure.cc:74 Dynamic e block size because the block size changed from 1 to 9
detect_structure.cc:93 Dynamic f block size because the block size changed from 6 to 9
detect_structure.cc:114 Schur complement static structure <-1,-1,-1>.
schur_eliminator.cc:155 Template specializations not found for <-1,-1,-1>
block_sparse_matrix.cc:208 Allocating values array with 261480 bytes.
detect_structure.cc:63 Dynamic row block size because the block size changed from 2 to 15
detect_structure.cc:74 Dynamic e block size because the block size changed from 1 to 9
detect_structure.cc:93 Dynamic f block size because the block size changed from 6 to 9
detect_structure.cc:114 Schur complement static structure <-1,-1,-1>.
detect_structure.cc:63 Dynamic row block size because the block size changed from 2 to 15
detect_structure.cc:74 Dynamic e block size because the block size changed from 1 to 9
detect_structure.cc:93 Dynamic f block size because the block size changed from 6 to 9
detect_structure.cc:114 Schur complement static structure <-1,-1,-1>.
schur_eliminator.cc:155 Template specializations not found for <-1,-1,-1>
block_sparse_matrix.cc:208 Allocating values array with 254232 bytes.
detect_structure.cc:63 Dynamic row block size because the block size changed from 2 to 15
detect_structure.cc:74 Dynamic e block size because the block size changed from 1 to 9
detect_structure.cc:93 Dynamic f block size because the block size changed from 6 to 9
detect_structure.cc:114 Schur complement static structure <-1,-1,-1>.
detect_structure.cc:63 Dynamic row block size because the block size changed from 2 to 15
detect_structure.cc:74 Dynamic e block size because the block size changed from 1 to 9
detect_structure.cc:93 Dynamic f block size because the block size changed from 6 to 9
detect_structure.cc:114 Schur complement static structure <-1,-1,-1>.
schur_eliminator.cc:155 Template specializations not found for <-1,-1,-1>
block_sparse_matrix.cc:208 Allocating values array with 266472 bytes.
detect_structure.cc:63 Dynamic row block size because the block size changed from 2 to 15
detect_structure.cc:74 Dynamic e block size because the block size changed from 1 to 9
detect_structure.cc:93 Dynamic f block size because the block size changed from 6 to 9
detect_structure.cc:114 Schur complement static structure <-1,-1,-1>.
detect_structure.cc:63 Dynamic row block size because the block size changed from 2 to 15
detect_structure.cc:74 Dynamic e block size because the block size changed from 1 to 9
detect_structure.cc:93 Dynamic f block size because the block size changed from 6 to 9
detect_structure.cc:114 Schur complement static structure <-1,-1,-1>.
schur_eliminator.cc:155 Template specializations not found for <-1,-1,-1>
block_sparse_matrix.cc:208 Allocating values array with 257976 bytes.
detect_structure.cc:63 Dynamic row block size because the block size changed from 2 to 15
detect_structure.cc:74 Dynamic e block size because the block size changed from 1 to 9
detect_structure.cc:93 Dynamic f block size because the block size changed from 6 to 9
detect_structure.cc:114 Schur complement static structure <-1,-1,-1>.
detect_structure.cc:63 Dynamic row block size because the block size changed from 2 to 15
detect_structure.cc:74 Dynamic e block size because the block size changed from 1 to 9
detect_structure.cc:93 Dynamic f block size because the block size changed from 6 to 9
detect_structure.cc:114 Schur complement static structure <-1,-1,-1>.
schur_eliminator.cc:155 Template specializations not found for <-1,-1,-1>
block_sparse_matrix.cc:208 Allocating values array with 261896 bytes.
detect_structure.cc:63 Dynamic row block size because the block size changed from 2 to 15
detect_structure.cc:74 Dynamic e block size because the block size changed from 1 to 9
detect_structure.cc:93 Dynamic f block size because the block size changed from 6 to 9
detect_structure.cc:114 Schur complement static structure <-1,-1,-1>.
detect_structure.cc:63 Dynamic row block size because the block size changed from 2 to 15
detect_structure.cc:74 Dynamic e block size because the block size changed from 1 to 9
detect_structure.cc:93 Dynamic f block size because the block size changed from 6 to 9
detect_structure.cc:114 Schur complement static structure <-1,-1,-1>.
schur_eliminator.cc:155 Template specializations not found for <-1,-1,-1>
[VIO DIAG] f=220 tri: ok=240 wait=0 fail=0 default=0 depth: avg=1.37917 min=0.649562 max=3.92327 |vel|=0.86487 vel=(-0.00879506,0.737894,-0.451037) ba=(-0.0107137,0.00280666,-0.042296) bg=(2.55588e-05,7.1692e-05,-0.000207594)
block_sparse_matrix.cc:208 Allocating values array with 249032 bytes.
detect_structure.cc:63 Dynamic row block size because the block size changed from 2 to 15
detect_structure.cc:74 Dynamic e block size because the block size changed from 1 to 9
detect_structure.cc:93 Dynamic f block size because the block size changed from 6 to 9
detect_structure.cc:114 Schur complement static structure <-1,-1,-1>.
detect_structure.cc:63 Dynamic row block size because the block size changed from 2 to 15
detect_structure.cc:74 Dynamic e block size because the block size changed from 1 to 9
detect_structure.cc:93 Dynamic f block size because the block size changed from 6 to 9
detect_structure.cc:114 Schur complement static structure <-1,-1,-1>.
schur_eliminator.cc:155 Template specializations not found for <-1,-1,-1>
block_sparse_matrix.cc:208 Allocating values array with 244216 bytes.
detect_structure.cc:63 Dynamic row block size because the block size changed from 2 to 15
detect_structure.cc:74 Dynamic e block size because the block size changed from 1 to 9
detect_structure.cc:93 Dynamic f block size because the block size changed from 6 to 9
detect_structure.cc:114 Schur complement static structure <-1,-1,-1>.
detect_structure.cc:63 Dynamic row block size because the block size changed from 2 to 15
detect_structure.cc:74 Dynamic e block size because the block size changed from 1 to 9
detect_structure.cc:93 Dynamic f block size because the block size changed from 6 to 9
detect_structure.cc:114 Schur complement static structure <-1,-1,-1>.
schur_eliminator.cc:155 Template specializations not found for <-1,-1,-1>
block_sparse_matrix.cc:208 Allocating values array with 236552 bytes.
detect_structure.cc:63 Dynamic row block size because the block size changed from 2 to 15
detect_structure.cc:74 Dynamic e block size because the block size changed from 1 to 9
detect_structure.cc:93 Dynamic f block size because the block size changed from 6 to 9
detect_structure.cc:114 Schur complement static structure <-1,-1,-1>.
detect_structure.cc:63 Dynamic row block size because the block size changed from 2 to 15
detect_structure.cc:74 Dynamic e block size because the block size changed from 1 to 9
detect_structure.cc:93 Dynamic f block size because the block size changed from 6 to 9
detect_structure.cc:114 Schur complement static structure <-1,-1,-1>.
schur_eliminator.cc:155 Template specializations not found for <-1,-1,-1>
block_sparse_matrix.cc:208 Allocating values array with 247960 bytes.
detect_structure.cc:63 Dynamic row block size because the block size changed from 2 to 15
detect_structure.cc:74 Dynamic e block size because the block size changed from 1 to 9
detect_structure.cc:93 Dynamic f block size because the block size changed from 6 to 9
detect_structure.cc:114 Schur complement static structure <-1,-1,-1>.
detect_structure.cc:63 Dynamic row block size because the block size changed from 2 to 15
detect_structure.cc:74 Dynamic e block size because the block size changed from 1 to 9
detect_structure.cc:93 Dynamic f block size because the block size changed from 6 to 9
detect_structure.cc:114 Schur complement static structure <-1,-1,-1>.
schur_eliminator.cc:155 Template specializations not found for <-1,-1,-1>
block_sparse_matrix.cc:208 Allocating values array with 269176 bytes.
detect_structure.cc:63 Dynamic row block size because the block size changed from 2 to 15
detect_structure.cc:74 Dynamic e block size because the block size changed from 1 to 9
detect_structure.cc:93 Dynamic f block size because the block size changed from 6 to 9
detect_structure.cc:114 Schur complement static structure <-1,-1,-1>.
detect_structure.cc:63 Dynamic row block size because the block size changed from 2 to 15
detect_structure.cc:74 Dynamic e block size because the block size changed from 1 to 9
detect_structure.cc:93 Dynamic f block size because the block size changed from 6 to 9
detect_structure.cc:114 Schur complement static structure <-1,-1,-1>.
schur_eliminator.cc:155 Template specializations not found for <-1,-1,-1>
block_sparse_matrix.cc:208 Allocating values array with 267096 bytes.
detect_structure.cc:63 Dynamic row block size because the block size changed from 2 to 15
detect_structure.cc:74 Dynamic e block size because the block size changed from 1 to 9
detect_structure.cc:93 Dynamic f block size because the block size changed from 6 to 9
detect_structure.cc:114 Schur complement static structure <-1,-1,-1>.
detect_structure.cc:63 Dynamic row block size because the block size changed from 2 to 15
detect_structure.cc:74 Dynamic e block size because the block size changed from 1 to 9
detect_structure.cc:93 Dynamic f block size because the block size changed from 6 to 9
detect_structure.cc:114 Schur complement static structure <-1,-1,-1>.
schur_eliminator.cc:155 Template specializations not found for <-1,-1,-1>
block_sparse_matrix.cc:208 Allocating values array with 263768 bytes.
detect_structure.cc:63 Dynamic row block size because the block size changed from 2 to 15
detect_structure.cc:74 Dynamic e block size because the block size changed from 1 to 9
detect_structure.cc:93 Dynamic f block size because the block size changed from 6 to 9
detect_structure.cc:114 Schur complement static structure <-1,-1,-1>.
detect_structure.cc:63 Dynamic row block size because the block size changed from 2 to 15
detect_structure.cc:74 Dynamic e block size because the block size changed from 1 to 9
detect_structure.cc:93 Dynamic f block size because the block size changed from 6 to 9
detect_structure.cc:114 Schur complement static structure <-1,-1,-1>.
schur_eliminator.cc:155 Template specializations not found for <-1,-1,-1>
[FeatureTracker] F-matrix: 140 → 71 (rejected 69, threshold=1)
block_sparse_matrix.cc:208 Allocating values array with 264808 bytes.
detect_structure.cc:63 Dynamic row block size because the block size changed from 2 to 15
detect_structure.cc:74 Dynamic e block size because the block size changed from 1 to 9
detect_structure.cc:93 Dynamic f block size because the block size changed from 6 to 9
detect_structure.cc:114 Schur complement static structure <-1,-1,-1>.
detect_structure.cc:63 Dynamic row block size because the block size changed from 2 to 15
detect_structure.cc:74 Dynamic e block size because the block size changed from 1 to 9
detect_structure.cc:93 Dynamic f block size because the block size changed from 6 to 9
detect_structure.cc:114 Schur complement static structure <-1,-1,-1>.
schur_eliminator.cc:155 Template specializations not found for <-1,-1,-1>
block_sparse_matrix.cc:208 Allocating values array with 249240 bytes.
detect_structure.cc:63 Dynamic row block size because the block size changed from 2 to 15
detect_structure.cc:74 Dynamic e block size because the block size changed from 1 to 9
detect_structure.cc:93 Dynamic f block size because the block size changed from 6 to 9
detect_structure.cc:114 Schur complement static structure <-1,-1,-1>.
detect_structure.cc:63 Dynamic row block size because the block size changed from 2 to 15
detect_structure.cc:74 Dynamic e block size because the block size changed from 1 to 9
detect_structure.cc:93 Dynamic f block size because the block size changed from 6 to 9
detect_structure.cc:114 Schur complement static structure <-1,-1,-1>.
schur_eliminator.cc:155 Template specializations not found for <-1,-1,-1>
block_sparse_matrix.cc:208 Allocating values array with 248408 bytes.
detect_structure.cc:63 Dynamic row block size because the block size changed from 2 to 15
detect_structure.cc:74 Dynamic e block size because the block size changed from 1 to 9
detect_structure.cc:93 Dynamic f block size because the block size changed from 6 to 9
detect_structure.cc:114 Schur complement static structure <-1,-1,-1>.
detect_structure.cc:63 Dynamic row block size because the block size changed from 2 to 15
detect_structure.cc:74 Dynamic e block size because the block size changed from 1 to 9
detect_structure.cc:93 Dynamic f block size because the block size changed from 6 to 9
detect_structure.cc:114 Schur complement static structure <-1,-1,-1>.
schur_eliminator.cc:155 Template specializations not found for <-1,-1,-1>
block_sparse_matrix.cc:208 Allocating values array with 247992 bytes.
detect_structure.cc:63 Dynamic row block size because the block size changed from 2 to 15
detect_structure.cc:74 Dynamic e block size because the block size changed from 1 to 9
detect_structure.cc:93 Dynamic f block size because the block size changed from 6 to 9
detect_structure.cc:114 Schur complement static structure <-1,-1,-1>.
detect_structure.cc:63 Dynamic row block size because the block size changed from 2 to 15
detect_structure.cc:74 Dynamic e block size because the block size changed from 1 to 9
detect_structure.cc:93 Dynamic f block size because the block size changed from 6 to 9
detect_structure.cc:114 Schur complement static structure <-1,-1,-1>.
schur_eliminator.cc:155 Template specializations not found for <-1,-1,-1>
block_sparse_matrix.cc:208 Allocating values array with 246296 bytes.
detect_structure.cc:63 Dynamic row block size because the block size changed from 2 to 15
detect_structure.cc:74 Dynamic e block size because the block size changed from 1 to 9
detect_structure.cc:93 Dynamic f block size because the block size changed from 6 to 9
detect_structure.cc:114 Schur complement static structure <-1,-1,-1>.
detect_structure.cc:63 Dynamic row block size because the block size changed from 2 to 15
detect_structure.cc:74 Dynamic e block size because the block size changed from 1 to 9
detect_structure.cc:93 Dynamic f block size because the block size changed from 6 to 9
detect_structure.cc:114 Schur complement static structure <-1,-1,-1>.
schur_eliminator.cc:155 Template specializations not found for <-1,-1,-1>
block_sparse_matrix.cc:208 Allocating values array with 263352 bytes.
detect_structure.cc:63 Dynamic row block size because the block size changed from 2 to 15
detect_structure.cc:74 Dynamic e block size because the block size changed from 1 to 9
detect_structure.cc:93 Dynamic f block size because the block size changed from 6 to 9
detect_structure.cc:114 Schur complement static structure <-1,-1,-1>.
detect_structure.cc:63 Dynamic row block size because the block size changed from 2 to 15
detect_structure.cc:74 Dynamic e block size because the block size changed from 1 to 9
detect_structure.cc:93 Dynamic f block size because the block size changed from 6 to 9
detect_structure.cc:114 Schur complement static structure <-1,-1,-1>.
schur_eliminator.cc:155 Template specializations not found for <-1,-1,-1>
block_sparse_matrix.cc:208 Allocating values array with 270840 bytes.
detect_structure.cc:63 Dynamic row block size because the block size changed from 2 to 15
detect_structure.cc:74 Dynamic e block size because the block size changed from 1 to 9
detect_structure.cc:93 Dynamic f block size because the block size changed from 6 to 9
detect_structure.cc:114 Schur complement static structure <-1,-1,-1>.
detect_structure.cc:63 Dynamic row block size because the block size changed from 2 to 15
detect_structure.cc:74 Dynamic e block size because the block size changed from 1 to 9
detect_structure.cc:93 Dynamic f block size because the block size changed from 6 to 9
detect_structure.cc:114 Schur complement static structure <-1,-1,-1>.
schur_eliminator.cc:155 Template specializations not found for <-1,-1,-1>
block_sparse_matrix.cc:208 Allocating values array with 278328 bytes.
detect_structure.cc:63 Dynamic row block size because the block size changed from 2 to 15
detect_structure.cc:74 Dynamic e block size because the block size changed from 1 to 9
detect_structure.cc:93 Dynamic f block size because the block size changed from 6 to 9
detect_structure.cc:114 Schur complement static structure <-1,-1,-1>.
detect_structure.cc:63 Dynamic row block size because the block size changed from 2 to 15
detect_structure.cc:74 Dynamic e block size because the block size changed from 1 to 9
detect_structure.cc:93 Dynamic f block size because the block size changed from 6 to 9
detect_structure.cc:114 Schur complement static structure <-1,-1,-1>.
schur_eliminator.cc:155 Template specializations not found for <-1,-1,-1>
block_sparse_matrix.cc:208 Allocating values array with 278744 bytes.
detect_structure.cc:63 Dynamic row block size because the block size changed from 2 to 15
detect_structure.cc:74 Dynamic e block size because the block size changed from 1 to 9
detect_structure.cc:93 Dynamic f block size because the block size changed from 6 to 9
detect_structure.cc:114 Schur complement static structure <-1,-1,-1>.
detect_structure.cc:63 Dynamic row block size because the block size changed from 2 to 15
detect_structure.cc:74 Dynamic e block size because the block size changed from 1 to 9
detect_structure.cc:93 Dynamic f block size because the block size changed from 6 to 9
detect_structure.cc:114 Schur complement static structure <-1,-1,-1>.
schur_eliminator.cc:155 Template specializations not found for <-1,-1,-1>
block_sparse_matrix.cc:208 Allocating values array with 279160 bytes.
detect_structure.cc:63 Dynamic row block size because the block size changed from 2 to 15
detect_structure.cc:74 Dynamic e block size because the block size changed from 1 to 9
detect_structure.cc:93 Dynamic f block size because the block size changed from 6 to 9
detect_structure.cc:114 Schur complement static structure <-1,-1,-1>.
detect_structure.cc:63 Dynamic row block size because the block size changed from 2 to 15
detect_structure.cc:74 Dynamic e block size because the block size changed from 1 to 9
detect_structure.cc:93 Dynamic f block size because the block size changed from 6 to 9
detect_structure.cc:114 Schur complement static structure <-1,-1,-1>.
schur_eliminator.cc:155 Template specializations not found for <-1,-1,-1>
block_sparse_matrix.cc:208 Allocating values array with 270040 bytes.
detect_structure.cc:63 Dynamic row block size because the block size changed from 2 to 15
detect_structure.cc:74 Dynamic e block size because the block size changed from 1 to 9
detect_structure.cc:93 Dynamic f block size because the block size changed from 6 to 9
detect_structure.cc:114 Schur complement static structure <-1,-1,-1>.
detect_structure.cc:63 Dynamic row block size because the block size changed from 2 to 15
detect_structure.cc:74 Dynamic e block size because the block size changed from 1 to 9
detect_structure.cc:93 Dynamic f block size because the block size changed from 6 to 9
detect_structure.cc:114 Schur complement static structure <-1,-1,-1>.
schur_eliminator.cc:155 Template specializations not found for <-1,-1,-1>
block_sparse_matrix.cc:208 Allocating values array with 279992 bytes.
detect_structure.cc:63 Dynamic row block size because the block size changed from 2 to 15
detect_structure.cc:74 Dynamic e block size because the block size changed from 1 to 9
detect_structure.cc:93 Dynamic f block size because the block size changed from 6 to 9
detect_structure.cc:114 Schur complement static structure <-1,-1,-1>.
detect_structure.cc:63 Dynamic row block size because the block size changed from 2 to 15
detect_structure.cc:74 Dynamic e block size because the block size changed from 1 to 9
detect_structure.cc:93 Dynamic f block size because the block size changed from 6 to 9
detect_structure.cc:114 Schur complement static structure <-1,-1,-1>.
schur_eliminator.cc:155 Template specializations not found for <-1,-1,-1>
block_sparse_matrix.cc:208 Allocating values array with 271704 bytes.
detect_structure.cc:63 Dynamic row block size because the block size changed from 2 to 15
detect_structure.cc:74 Dynamic e block size because the block size changed from 1 to 9
detect_structure.cc:93 Dynamic f block size because the block size changed from 6 to 9
detect_structure.cc:114 Schur complement static structure <-1,-1,-1>.
detect_structure.cc:63 Dynamic row block size because the block size changed from 2 to 15
detect_structure.cc:74 Dynamic e block size because the block size changed from 1 to 9
detect_structure.cc:93 Dynamic f block size because the block size changed from 6 to 9
detect_structure.cc:114 Schur complement static structure <-1,-1,-1>.
schur_eliminator.cc:155 Template specializations not found for <-1,-1,-1>
[VIO DIAG] f=240 tri: ok=158 wait=28 fail=0 default=2 depth: avg=1.38048 min=0.318004 max=2.64313 |vel|=0.526407 vel=(-0.483606,0.0977481,-0.183508) ba=(0.00722461,0.00466087,-0.0411963) bg=(-0.000318841,-0.000146057,-0.000191907)
block_sparse_matrix.cc:208 Allocating values array with 288104 bytes.
detect_structure.cc:63 Dynamic row block size because the block size changed from 2 to 15
detect_structure.cc:74 Dynamic e block size because the block size changed from 1 to 9
detect_structure.cc:93 Dynamic f block size because the block size changed from 6 to 9
detect_structure.cc:114 Schur complement static structure <-1,-1,-1>.
detect_structure.cc:63 Dynamic row block size because the block size changed from 2 to 15
detect_structure.cc:74 Dynamic e block size because the block size changed from 1 to 9
detect_structure.cc:93 Dynamic f block size because the block size changed from 6 to 9
detect_structure.cc:114 Schur complement static structure <-1,-1,-1>.
schur_eliminator.cc:155 Template specializations not found for <-1,-1,-1>
block_sparse_matrix.cc:208 Allocating values array with 278568 bytes.
detect_structure.cc:63 Dynamic row block size because the block size changed from 2 to 15
detect_structure.cc:74 Dynamic e block size because the block size changed from 1 to 9
detect_structure.cc:93 Dynamic f block size because the block size changed from 6 to 9
detect_structure.cc:114 Schur complement static structure <-1,-1,-1>.
detect_structure.cc:63 Dynamic row block size because the block size changed from 2 to 15
detect_structure.cc:74 Dynamic e block size because the block size changed from 1 to 9
detect_structure.cc:93 Dynamic f block size because the block size changed from 6 to 9
detect_structure.cc:114 Schur complement static structure <-1,-1,-1>.
schur_eliminator.cc:155 Template specializations not found for <-1,-1,-1>
block_sparse_matrix.cc:208 Allocating values array with 300792 bytes.
detect_structure.cc:63 Dynamic row block size because the block size changed from 2 to 15
detect_structure.cc:74 Dynamic e block size because the block size changed from 1 to 9
detect_structure.cc:93 Dynamic f block size because the block size changed from 6 to 9
detect_structure.cc:114 Schur complement static structure <-1,-1,-1>.
detect_structure.cc:63 Dynamic row block size because the block size changed from 2 to 15
detect_structure.cc:74 Dynamic e block size because the block size changed from 1 to 9
detect_structure.cc:93 Dynamic f block size because the block size changed from 6 to 9
detect_structure.cc:114 Schur complement static structure <-1,-1,-1>.
schur_eliminator.cc:155 Template specializations not found for <-1,-1,-1>
[FeatureTracker] F-matrix: 144 → 93 (rejected 51, threshold=1)
block_sparse_matrix.cc:208 Allocating values array with 287304 bytes.
detect_structure.cc:63 Dynamic row block size because the block size changed from 2 to 15
detect_structure.cc:74 Dynamic e block size because the block size changed from 1 to 9
detect_structure.cc:93 Dynamic f block size because the block size changed from 6 to 9
detect_structure.cc:114 Schur complement static structure <-1,-1,-1>.
detect_structure.cc:63 Dynamic row block size because the block size changed from 2 to 15
detect_structure.cc:74 Dynamic e block size because the block size changed from 1 to 9
detect_structure.cc:93 Dynamic f block size because the block size changed from 6 to 9
detect_structure.cc:114 Schur complement static structure <-1,-1,-1>.
schur_eliminator.cc:155 Template specializations not found for <-1,-1,-1>
block_sparse_matrix.cc:208 Allocating values array with 292056 bytes.
detect_structure.cc:63 Dynamic row block size because the block size changed from 2 to 15
detect_structure.cc:74 Dynamic e block size because the block size changed from 1 to 9
detect_structure.cc:93 Dynamic f block size because the block size changed from 6 to 9
detect_structure.cc:114 Schur complement static structure <-1,-1,-1>.
detect_structure.cc:63 Dynamic row block size because the block size changed from 2 to 15
detect_structure.cc:74 Dynamic e block size because the block size changed from 1 to 9
detect_structure.cc:93 Dynamic f block size because the block size changed from 6 to 9
detect_structure.cc:114 Schur complement static structure <-1,-1,-1>.
schur_eliminator.cc:155 Template specializations not found for <-1,-1,-1>
block_sparse_matrix.cc:208 Allocating values array with 285016 bytes.
detect_structure.cc:63 Dynamic row block size because the block size changed from 2 to 15
detect_structure.cc:74 Dynamic e block size because the block size changed from 1 to 9
detect_structure.cc:93 Dynamic f block size because the block size changed from 6 to 9
detect_structure.cc:114 Schur complement static structure <-1,-1,-1>.
detect_structure.cc:63 Dynamic row block size because the block size changed from 2 to 15
detect_structure.cc:74 Dynamic e block size because the block size changed from 1 to 9
detect_structure.cc:93 Dynamic f block size because the block size changed from 6 to 9
detect_structure.cc:114 Schur complement static structure <-1,-1,-1>.
schur_eliminator.cc:155 Template specializations not found for <-1,-1,-1>
block_sparse_matrix.cc:208 Allocating values array with 289560 bytes.
detect_structure.cc:63 Dynamic row block size because the block size changed from 2 to 15
detect_structure.cc:74 Dynamic e block size because the block size changed from 1 to 9
detect_structure.cc:93 Dynamic f block size because the block size changed from 6 to 9
detect_structure.cc:114 Schur complement static structure <-1,-1,-1>.
detect_structure.cc:63 Dynamic row block size because the block size changed from 2 to 15
detect_structure.cc:74 Dynamic e block size because the block size changed from 1 to 9
detect_structure.cc:93 Dynamic f block size because the block size changed from 6 to 9
detect_structure.cc:114 Schur complement static structure <-1,-1,-1>.
schur_eliminator.cc:155 Template specializations not found for <-1,-1,-1>
block_sparse_matrix.cc:208 Allocating values array with 302248 bytes.
detect_structure.cc:63 Dynamic row block size because the block size changed from 2 to 15
detect_structure.cc:74 Dynamic e block size because the block size changed from 1 to 9
detect_structure.cc:93 Dynamic f block size because the block size changed from 6 to 9
detect_structure.cc:114 Schur complement static structure <-1,-1,-1>.
detect_structure.cc:63 Dynamic row block size because the block size changed from 2 to 15
detect_structure.cc:74 Dynamic e block size because the block size changed from 1 to 9
detect_structure.cc:93 Dynamic f block size because the block size changed from 6 to 9
detect_structure.cc:114 Schur complement static structure <-1,-1,-1>.
schur_eliminator.cc:155 Template specializations not found for <-1,-1,-1>
block_sparse_matrix.cc:208 Allocating values array with 304328 bytes.
detect_structure.cc:63 Dynamic row block size because the block size changed from 2 to 15
detect_structure.cc:74 Dynamic e block size because the block size changed from 1 to 9
detect_structure.cc:93 Dynamic f block size because the block size changed from 6 to 9
detect_structure.cc:114 Schur complement static structure <-1,-1,-1>.
detect_structure.cc:63 Dynamic row block size because the block size changed from 2 to 15
detect_structure.cc:74 Dynamic e block size because the block size changed from 1 to 9
detect_structure.cc:93 Dynamic f block size because the block size changed from 6 to 9
detect_structure.cc:114 Schur complement static structure <-1,-1,-1>.
schur_eliminator.cc:155 Template specializations not found for <-1,-1,-1>
block_sparse_matrix.cc:208 Allocating values array with 304328 bytes.
detect_structure.cc:63 Dynamic row block size because the block size changed from 2 to 15
detect_structure.cc:74 Dynamic e block size because the block size changed from 1 to 9
detect_structure.cc:93 Dynamic f block size because the block size changed from 6 to 9
detect_structure.cc:114 Schur complement static structure <-1,-1,-1>.
detect_structure.cc:63 Dynamic row block size because the block size changed from 2 to 15
detect_structure.cc:74 Dynamic e block size because the block size changed from 1 to 9
detect_structure.cc:93 Dynamic f block size because the block size changed from 6 to 9
detect_structure.cc:114 Schur complement static structure <-1,-1,-1>.
schur_eliminator.cc:155 Template specializations not found for <-1,-1,-1>
block_sparse_matrix.cc:208 Allocating values array with 306616 bytes.
detect_structure.cc:63 Dynamic row block size because the block size changed from 2 to 15
detect_structure.cc:74 Dynamic e block size because the block size changed from 1 to 9
detect_structure.cc:93 Dynamic f block size because the block size changed from 6 to 9
detect_structure.cc:114 Schur complement static structure <-1,-1,-1>.
detect_structure.cc:63 Dynamic row block size because the block size changed from 2 to 15
detect_structure.cc:74 Dynamic e block size because the block size changed from 1 to 9
detect_structure.cc:93 Dynamic f block size because the block size changed from 6 to 9
detect_structure.cc:114 Schur complement static structure <-1,-1,-1>.
schur_eliminator.cc:155 Template specializations not found for <-1,-1,-1>
block_sparse_matrix.cc:208 Allocating values array with 304328 bytes.
detect_structure.cc:63 Dynamic row block size because the block size changed from 2 to 15
detect_structure.cc:74 Dynamic e block size because the block size changed from 1 to 9
detect_structure.cc:93 Dynamic f block size because the block size changed from 6 to 9
detect_structure.cc:114 Schur complement static structure <-1,-1,-1>.
detect_structure.cc:63 Dynamic row block size because the block size changed from 2 to 15
detect_structure.cc:74 Dynamic e block size because the block size changed from 1 to 9
detect_structure.cc:93 Dynamic f block size because the block size changed from 6 to 9
detect_structure.cc:114 Schur complement static structure <-1,-1,-1>.
schur_eliminator.cc:155 Template specializations not found for <-1,-1,-1>
block_sparse_matrix.cc:208 Allocating values array with 299960 bytes.
detect_structure.cc:63 Dynamic row block size because the block size changed from 2 to 15
detect_structure.cc:74 Dynamic e block size because the block size changed from 1 to 9
detect_structure.cc:93 Dynamic f block size because the block size changed from 6 to 9
detect_structure.cc:114 Schur complement static structure <-1,-1,-1>.
detect_structure.cc:63 Dynamic row block size because the block size changed from 2 to 15
detect_structure.cc:74 Dynamic e block size because the block size changed from 1 to 9
detect_structure.cc:93 Dynamic f block size because the block size changed from 6 to 9
detect_structure.cc:114 Schur complement static structure <-1,-1,-1>.
schur_eliminator.cc:155 Template specializations not found for <-1,-1,-1>
block_sparse_matrix.cc:208 Allocating values array with 293512 bytes.
detect_structure.cc:63 Dynamic row block size because the block size changed from 2 to 15
detect_structure.cc:74 Dynamic e block size because the block size changed from 1 to 9
detect_structure.cc:93 Dynamic f block size because the block size changed from 6 to 9
detect_structure.cc:114 Schur complement static structure <-1,-1,-1>.
detect_structure.cc:63 Dynamic row block size because the block size changed from 2 to 15
detect_structure.cc:74 Dynamic e block size because the block size changed from 1 to 9
detect_structure.cc:93 Dynamic f block size because the block size changed from 6 to 9
detect_structure.cc:114 Schur complement static structure <-1,-1,-1>.
schur_eliminator.cc:155 Template specializations not found for <-1,-1,-1>
[Replay] 300/600 frames, 255 valid poses
block_sparse_matrix.cc:208 Allocating values array with 293928 bytes.
detect_structure.cc:63 Dynamic row block size because the block size changed from 2 to 15
detect_structure.cc:74 Dynamic e block size because the block size changed from 1 to 9
detect_structure.cc:93 Dynamic f block size because the block size changed from 6 to 9
detect_structure.cc:114 Schur complement static structure <-1,-1,-1>.
detect_structure.cc:63 Dynamic row block size because the block size changed from 2 to 15
detect_structure.cc:74 Dynamic e block size because the block size changed from 1 to 9
detect_structure.cc:93 Dynamic f block size because the block size changed from 6 to 9
detect_structure.cc:114 Schur complement static structure <-1,-1,-1>.
schur_eliminator.cc:155 Template specializations not found for <-1,-1,-1>
block_sparse_matrix.cc:208 Allocating values array with 291432 bytes.
detect_structure.cc:63 Dynamic row block size because the block size changed from 2 to 15
detect_structure.cc:74 Dynamic e block size because the block size changed from 1 to 9
detect_structure.cc:93 Dynamic f block size because the block size changed from 6 to 9
detect_structure.cc:114 Schur complement static structure <-1,-1,-1>.
detect_structure.cc:63 Dynamic row block size because the block size changed from 2 to 15
detect_structure.cc:74 Dynamic e block size because the block size changed from 1 to 9
detect_structure.cc:93 Dynamic f block size because the block size changed from 6 to 9
detect_structure.cc:114 Schur complement static structure <-1,-1,-1>.
schur_eliminator.cc:155 Template specializations not found for <-1,-1,-1>
block_sparse_matrix.cc:208 Allocating values array with 291848 bytes.
detect_structure.cc:63 Dynamic row block size because the block size changed from 2 to 15
detect_structure.cc:74 Dynamic e block size because the block size changed from 1 to 9
detect_structure.cc:93 Dynamic f block size because the block size changed from 6 to 9
detect_structure.cc:114 Schur complement static structure <-1,-1,-1>.
detect_structure.cc:63 Dynamic row block size because the block size changed from 2 to 15
detect_structure.cc:74 Dynamic e block size because the block size changed from 1 to 9
detect_structure.cc:93 Dynamic f block size because the block size changed from 6 to 9
detect_structure.cc:114 Schur complement static structure <-1,-1,-1>.
schur_eliminator.cc:155 Template specializations not found for <-1,-1,-1>
block_sparse_matrix.cc:208 Allocating values array with 300376 bytes.
detect_structure.cc:63 Dynamic row block size because the block size changed from 2 to 15
detect_structure.cc:74 Dynamic e block size because the block size changed from 1 to 9
detect_structure.cc:93 Dynamic f block size because the block size changed from 6 to 9
detect_structure.cc:114 Schur complement static structure <-1,-1,-1>.
detect_structure.cc:63 Dynamic row block size because the block size changed from 2 to 15
detect_structure.cc:74 Dynamic e block size because the block size changed from 1 to 9
detect_structure.cc:93 Dynamic f block size because the block size changed from 6 to 9
detect_structure.cc:114 Schur complement static structure <-1,-1,-1>.
schur_eliminator.cc:155 Template specializations not found for <-1,-1,-1>
block_sparse_matrix.cc:208 Allocating values array with 306616 bytes.
detect_structure.cc:63 Dynamic row block size because the block size changed from 2 to 15
detect_structure.cc:74 Dynamic e block size because the block size changed from 1 to 9
detect_structure.cc:93 Dynamic f block size because the block size changed from 6 to 9
detect_structure.cc:114 Schur complement static structure <-1,-1,-1>.
detect_structure.cc:63 Dynamic row block size because the block size changed from 2 to 15
detect_structure.cc:74 Dynamic e block size because the block size changed from 1 to 9
detect_structure.cc:93 Dynamic f block size because the block size changed from 6 to 9
detect_structure.cc:114 Schur complement static structure <-1,-1,-1>.
schur_eliminator.cc:155 Template specializations not found for <-1,-1,-1>
block_sparse_matrix.cc:208 Allocating values array with 310984 bytes.
detect_structure.cc:63 Dynamic row block size because the block size changed from 2 to 15
detect_structure.cc:74 Dynamic e block size because the block size changed from 1 to 9
detect_structure.cc:93 Dynamic f block size because the block size changed from 6 to 9
detect_structure.cc:114 Schur complement static structure <-1,-1,-1>.
detect_structure.cc:63 Dynamic row block size because the block size changed from 2 to 15
detect_structure.cc:74 Dynamic e block size because the block size changed from 1 to 9
detect_structure.cc:93 Dynamic f block size because the block size changed from 6 to 9
detect_structure.cc:114 Schur complement static structure <-1,-1,-1>.
schur_eliminator.cc:155 Template specializations not found for <-1,-1,-1>
[VIO DIAG] f=260 tri: ok=188 wait=5 fail=0 default=3 depth: avg=1.63848 min=0.427429 max=7.94918 |vel|=1.11794 vel=(-0.560335,-0.740318,0.622689) ba=(0.0140204,-0.0223107,-0.0389069) bg=(0.00018803,-0.0003322,-0.000205863)
[FeatureTracker] F-matrix: 147 → 91 (rejected 56, threshold=1)
block_sparse_matrix.cc:208 Allocating values array with 304536 bytes.
detect_structure.cc:63 Dynamic row block size because the block size changed from 2 to 15
detect_structure.cc:74 Dynamic e block size because the block size changed from 1 to 9
detect_structure.cc:93 Dynamic f block size because the block size changed from 6 to 9
detect_structure.cc:114 Schur complement static structure <-1,-1,-1>.
detect_structure.cc:63 Dynamic row block size because the block size changed from 2 to 15
detect_structure.cc:74 Dynamic e block size because the block size changed from 1 to 9
detect_structure.cc:93 Dynamic f block size because the block size changed from 6 to 9
detect_structure.cc:114 Schur complement static structure <-1,-1,-1>.
schur_eliminator.cc:155 Template specializations not found for <-1,-1,-1>
block_sparse_matrix.cc:208 Allocating values array with 299128 bytes.
detect_structure.cc:63 Dynamic row block size because the block size changed from 2 to 15
detect_structure.cc:74 Dynamic e block size because the block size changed from 1 to 9
detect_structure.cc:93 Dynamic f block size because the block size changed from 6 to 9
detect_structure.cc:114 Schur complement static structure <-1,-1,-1>.
detect_structure.cc:63 Dynamic row block size because the block size changed from 2 to 15
detect_structure.cc:74 Dynamic e block size because the block size changed from 1 to 9
detect_structure.cc:93 Dynamic f block size because the block size changed from 6 to 9
detect_structure.cc:114 Schur complement static structure <-1,-1,-1>.
schur_eliminator.cc:155 Template specializations not found for <-1,-1,-1>
block_sparse_matrix.cc:208 Allocating values array with 296424 bytes.
detect_structure.cc:63 Dynamic row block size because the block size changed from 2 to 15
detect_structure.cc:74 Dynamic e block size because the block size changed from 1 to 9
detect_structure.cc:93 Dynamic f block size because the block size changed from 6 to 9
detect_structure.cc:114 Schur complement static structure <-1,-1,-1>.
detect_structure.cc:63 Dynamic row block size because the block size changed from 2 to 15
detect_structure.cc:74 Dynamic e block size because the block size changed from 1 to 9
detect_structure.cc:93 Dynamic f block size because the block size changed from 6 to 9
detect_structure.cc:114 Schur complement static structure <-1,-1,-1>.
schur_eliminator.cc:155 Template specializations not found for <-1,-1,-1>
block_sparse_matrix.cc:208 Allocating values array with 294968 bytes.
detect_structure.cc:63 Dynamic row block size because the block size changed from 2 to 15
detect_structure.cc:74 Dynamic e block size because the block size changed from 1 to 9
detect_structure.cc:93 Dynamic f block size because the block size changed from 6 to 9
detect_structure.cc:114 Schur complement static structure <-1,-1,-1>.
detect_structure.cc:63 Dynamic row block size because the block size changed from 2 to 15
detect_structure.cc:74 Dynamic e block size because the block size changed from 1 to 9
detect_structure.cc:93 Dynamic f block size because the block size changed from 6 to 9
detect_structure.cc:114 Schur complement static structure <-1,-1,-1>.
schur_eliminator.cc:155 Template specializations not found for <-1,-1,-1>
block_sparse_matrix.cc:208 Allocating values array with 306616 bytes.
detect_structure.cc:63 Dynamic row block size because the block size changed from 2 to 15
detect_structure.cc:74 Dynamic e block size because the block size changed from 1 to 9
detect_structure.cc:93 Dynamic f block size because the block size changed from 6 to 9
detect_structure.cc:114 Schur complement static structure <-1,-1,-1>.
detect_structure.cc:63 Dynamic row block size because the block size changed from 2 to 15
detect_structure.cc:74 Dynamic e block size because the block size changed from 1 to 9
detect_structure.cc:93 Dynamic f block size because the block size changed from 6 to 9
detect_structure.cc:114 Schur complement static structure <-1,-1,-1>.
schur_eliminator.cc:155 Template specializations not found for <-1,-1,-1>
block_sparse_matrix.cc:208 Allocating values array with 309944 bytes.
detect_structure.cc:63 Dynamic row block size because the block size changed from 2 to 15
detect_structure.cc:74 Dynamic e block size because the block size changed from 1 to 9
detect_structure.cc:93 Dynamic f block size because the block size changed from 6 to 9
detect_structure.cc:114 Schur complement static structure <-1,-1,-1>.
detect_structure.cc:63 Dynamic row block size because the block size changed from 2 to 15
detect_structure.cc:74 Dynamic e block size because the block size changed from 1 to 9
detect_structure.cc:93 Dynamic f block size because the block size changed from 6 to 9
detect_structure.cc:114 Schur complement static structure <-1,-1,-1>.
schur_eliminator.cc:155 Template specializations not found for <-1,-1,-1>
block_sparse_matrix.cc:208 Allocating values array with 307448 bytes.
detect_structure.cc:63 Dynamic row block size because the block size changed from 2 to 15
detect_structure.cc:74 Dynamic e block size because the block size changed from 1 to 9
detect_structure.cc:93 Dynamic f block size because the block size changed from 6 to 9
detect_structure.cc:114 Schur complement static structure <-1,-1,-1>.
detect_structure.cc:63 Dynamic row block size because the block size changed from 2 to 15
detect_structure.cc:74 Dynamic e block size because the block size changed from 1 to 9
detect_structure.cc:93 Dynamic f block size because the block size changed from 6 to 9
detect_structure.cc:114 Schur complement static structure <-1,-1,-1>.
schur_eliminator.cc:155 Template specializations not found for <-1,-1,-1>
block_sparse_matrix.cc:208 Allocating values array with 301624 bytes.
detect_structure.cc:63 Dynamic row block size because the block size changed from 2 to 15
detect_structure.cc:74 Dynamic e block size because the block size changed from 1 to 9
detect_structure.cc:93 Dynamic f block size because the block size changed from 6 to 9
detect_structure.cc:114 Schur complement static structure <-1,-1,-1>.
detect_structure.cc:63 Dynamic row block size because the block size changed from 2 to 15
detect_structure.cc:74 Dynamic e block size because the block size changed from 1 to 9
detect_structure.cc:93 Dynamic f block size because the block size changed from 6 to 9
detect_structure.cc:114 Schur complement static structure <-1,-1,-1>.
schur_eliminator.cc:155 Template specializations not found for <-1,-1,-1>
[FeatureTracker] F-matrix: 147 → 97 (rejected 50, threshold=1)
block_sparse_matrix.cc:208 Allocating values array with 294968 bytes.
detect_structure.cc:63 Dynamic row block size because the block size changed from 2 to 15
detect_structure.cc:74 Dynamic e block size because the block size changed from 1 to 9
detect_structure.cc:93 Dynamic f block size because the block size changed from 6 to 9
detect_structure.cc:114 Schur complement static structure <-1,-1,-1>.
detect_structure.cc:63 Dynamic row block size because the block size changed from 2 to 15
detect_structure.cc:74 Dynamic e block size because the block size changed from 1 to 9
detect_structure.cc:93 Dynamic f block size because the block size changed from 6 to 9
detect_structure.cc:114 Schur complement static structure <-1,-1,-1>.
schur_eliminator.cc:155 Template specializations not found for <-1,-1,-1>
block_sparse_matrix.cc:208 Allocating values array with 292888 bytes.
detect_structure.cc:63 Dynamic row block size because the block size changed from 2 to 15
detect_structure.cc:74 Dynamic e block size because the block size changed from 1 to 9
detect_structure.cc:93 Dynamic f block size because the block size changed from 6 to 9
detect_structure.cc:114 Schur complement static structure <-1,-1,-1>.
detect_structure.cc:63 Dynamic row block size because the block size changed from 2 to 15
detect_structure.cc:74 Dynamic e block size because the block size changed from 1 to 9
detect_structure.cc:93 Dynamic f block size because the block size changed from 6 to 9
detect_structure.cc:114 Schur complement static structure <-1,-1,-1>.
schur_eliminator.cc:155 Template specializations not found for <-1,-1,-1>
block_sparse_matrix.cc:208 Allocating values array with 285640 bytes.
detect_structure.cc:63 Dynamic row block size because the block size changed from 2 to 15
detect_structure.cc:74 Dynamic e block size because the block size changed from 1 to 9
detect_structure.cc:93 Dynamic f block size because the block size changed from 6 to 9
detect_structure.cc:114 Schur complement static structure <-1,-1,-1>.
detect_structure.cc:63 Dynamic row block size because the block size changed from 2 to 15
detect_structure.cc:74 Dynamic e block size because the block size changed from 1 to 9
detect_structure.cc:93 Dynamic f block size because the block size changed from 6 to 9
detect_structure.cc:114 Schur complement static structure <-1,-1,-1>.
schur_eliminator.cc:155 Template specializations not found for <-1,-1,-1>
block_sparse_matrix.cc:208 Allocating values array with 295176 bytes.
detect_structure.cc:63 Dynamic row block size because the block size changed from 2 to 15
detect_structure.cc:74 Dynamic e block size because the block size changed from 1 to 9
detect_structure.cc:93 Dynamic f block size because the block size changed from 6 to 9
detect_structure.cc:114 Schur complement static structure <-1,-1,-1>.
detect_structure.cc:63 Dynamic row block size because the block size changed from 2 to 15
detect_structure.cc:74 Dynamic e block size because the block size changed from 1 to 9
detect_structure.cc:93 Dynamic f block size because the block size changed from 6 to 9
detect_structure.cc:114 Schur complement static structure <-1,-1,-1>.
schur_eliminator.cc:155 Template specializations not found for <-1,-1,-1>
block_sparse_matrix.cc:208 Allocating values array with 288344 bytes.
detect_structure.cc:63 Dynamic row block size because the block size changed from 2 to 15
detect_structure.cc:74 Dynamic e block size because the block size changed from 1 to 9
detect_structure.cc:93 Dynamic f block size because the block size changed from 6 to 9
detect_structure.cc:114 Schur complement static structure <-1,-1,-1>.
detect_structure.cc:63 Dynamic row block size because the block size changed from 2 to 15
detect_structure.cc:74 Dynamic e block size because the block size changed from 1 to 9
detect_structure.cc:93 Dynamic f block size because the block size changed from 6 to 9
detect_structure.cc:114 Schur complement static structure <-1,-1,-1>.
schur_eliminator.cc:155 Template specializations not found for <-1,-1,-1>
block_sparse_matrix.cc:208 Allocating values array with 313272 bytes.
detect_structure.cc:63 Dynamic row block size because the block size changed from 2 to 15
detect_structure.cc:74 Dynamic e block size because the block size changed from 1 to 9
detect_structure.cc:93 Dynamic f block size because the block size changed from 6 to 9
detect_structure.cc:114 Schur complement static structure <-1,-1,-1>.
detect_structure.cc:63 Dynamic row block size because the block size changed from 2 to 15
detect_structure.cc:74 Dynamic e block size because the block size changed from 1 to 9
detect_structure.cc:93 Dynamic f block size because the block size changed from 6 to 9
detect_structure.cc:114 Schur complement static structure <-1,-1,-1>.
schur_eliminator.cc:155 Template specializations not found for <-1,-1,-1>
block_sparse_matrix.cc:208 Allocating values array with 305400 bytes.
detect_structure.cc:63 Dynamic row block size because the block size changed from 2 to 15
detect_structure.cc:74 Dynamic e block size because the block size changed from 1 to 9
detect_structure.cc:93 Dynamic f block size because the block size changed from 6 to 9
detect_structure.cc:114 Schur complement static structure <-1,-1,-1>.
detect_structure.cc:63 Dynamic row block size because the block size changed from 2 to 15
detect_structure.cc:74 Dynamic e block size because the block size changed from 1 to 9
detect_structure.cc:93 Dynamic f block size because the block size changed from 6 to 9
detect_structure.cc:114 Schur complement static structure <-1,-1,-1>.
schur_eliminator.cc:155 Template specializations not found for <-1,-1,-1>
block_sparse_matrix.cc:208 Allocating values array with 319096 bytes.
detect_structure.cc:63 Dynamic row block size because the block size changed from 2 to 15
detect_structure.cc:74 Dynamic e block size because the block size changed from 1 to 9
detect_structure.cc:93 Dynamic f block size because the block size changed from 6 to 9
detect_structure.cc:114 Schur complement static structure <-1,-1,-1>.
detect_structure.cc:63 Dynamic row block size because the block size changed from 2 to 15
detect_structure.cc:74 Dynamic e block size because the block size changed from 1 to 9
detect_structure.cc:93 Dynamic f block size because the block size changed from 6 to 9
detect_structure.cc:114 Schur complement static structure <-1,-1,-1>.
schur_eliminator.cc:155 Template specializations not found for <-1,-1,-1>
[FeatureTracker] F-matrix: 135 → 82 (rejected 53, threshold=1)
block_sparse_matrix.cc:208 Allocating values array with 301032 bytes.
detect_structure.cc:63 Dynamic row block size because the block size changed from 2 to 15
detect_structure.cc:74 Dynamic e block size because the block size changed from 1 to 9
detect_structure.cc:93 Dynamic f block size because the block size changed from 6 to 9
detect_structure.cc:114 Schur complement static structure <-1,-1,-1>.
detect_structure.cc:63 Dynamic row block size because the block size changed from 2 to 15
detect_structure.cc:74 Dynamic e block size because the block size changed from 1 to 9
detect_structure.cc:93 Dynamic f block size because the block size changed from 6 to 9
detect_structure.cc:114 Schur complement static structure <-1,-1,-1>.
schur_eliminator.cc:155 Template specializations not found for <-1,-1,-1>
block_sparse_matrix.cc:208 Allocating values array with 298296 bytes.
detect_structure.cc:63 Dynamic row block size because the block size changed from 2 to 15
detect_structure.cc:74 Dynamic e block size because the block size changed from 1 to 9
detect_structure.cc:93 Dynamic f block size because the block size changed from 6 to 9
detect_structure.cc:114 Schur complement static structure <-1,-1,-1>.
detect_structure.cc:63 Dynamic row block size because the block size changed from 2 to 15
detect_structure.cc:74 Dynamic e block size because the block size changed from 1 to 9
detect_structure.cc:93 Dynamic f block size because the block size changed from 6 to 9
detect_structure.cc:114 Schur complement static structure <-1,-1,-1>.
schur_eliminator.cc:155 Template specializations not found for <-1,-1,-1>
block_sparse_matrix.cc:208 Allocating values array with 291672 bytes.
detect_structure.cc:63 Dynamic row block size because the block size changed from 2 to 15
detect_structure.cc:74 Dynamic e block size because the block size changed from 1 to 9
detect_structure.cc:93 Dynamic f block size because the block size changed from 6 to 9
detect_structure.cc:114 Schur complement static structure <-1,-1,-1>.
detect_structure.cc:63 Dynamic row block size because the block size changed from 2 to 15
detect_structure.cc:74 Dynamic e block size because the block size changed from 1 to 9
detect_structure.cc:93 Dynamic f block size because the block size changed from 6 to 9
detect_structure.cc:114 Schur complement static structure <-1,-1,-1>.
schur_eliminator.cc:155 Template specializations not found for <-1,-1,-1>
block_sparse_matrix.cc:208 Allocating values array with 287272 bytes.
detect_structure.cc:63 Dynamic row block size because the block size changed from 2 to 15
detect_structure.cc:74 Dynamic e block size because the block size changed from 1 to 9
detect_structure.cc:93 Dynamic f block size because the block size changed from 6 to 9
detect_structure.cc:114 Schur complement static structure <-1,-1,-1>.
detect_structure.cc:63 Dynamic row block size because the block size changed from 2 to 15
detect_structure.cc:74 Dynamic e block size because the block size changed from 1 to 9
detect_structure.cc:93 Dynamic f block size because the block size changed from 6 to 9
detect_structure.cc:114 Schur complement static structure <-1,-1,-1>.
schur_eliminator.cc:155 Template specializations not found for <-1,-1,-1>
[VIO DIAG] f=280 tri: ok=182 wait=45 fail=0 default=1 depth: avg=1.6293 min=0.520879 max=4.15329 |vel|=0.979552 vel=(-0.520142,-0.592605,-0.5812) ba=(0.0241508,-0.0273906,-0.0396207) bg=(0.000331351,-0.000360369,-0.000300755)
block_sparse_matrix.cc:208 Allocating values array with 301416 bytes.
detect_structure.cc:63 Dynamic row block size because the block size changed from 2 to 15
detect_structure.cc:74 Dynamic e block size because the block size changed from 1 to 9
detect_structure.cc:93 Dynamic f block size because the block size changed from 6 to 9
detect_structure.cc:114 Schur complement static structure <-1,-1,-1>.
detect_structure.cc:63 Dynamic row block size because the block size changed from 2 to 15
detect_structure.cc:74 Dynamic e block size because the block size changed from 1 to 9
detect_structure.cc:93 Dynamic f block size because the block size changed from 6 to 9
detect_structure.cc:114 Schur complement static structure <-1,-1,-1>.
schur_eliminator.cc:155 Template specializations not found for <-1,-1,-1>
block_sparse_matrix.cc:208 Allocating values array with 299128 bytes.
detect_structure.cc:63 Dynamic row block size because the block size changed from 2 to 15
detect_structure.cc:74 Dynamic e block size because the block size changed from 1 to 9
detect_structure.cc:93 Dynamic f block size because the block size changed from 6 to 9
detect_structure.cc:114 Schur complement static structure <-1,-1,-1>.
detect_structure.cc:63 Dynamic row block size because the block size changed from 2 to 15
detect_structure.cc:74 Dynamic e block size because the block size changed from 1 to 9
detect_structure.cc:93 Dynamic f block size because the block size changed from 6 to 9
detect_structure.cc:114 Schur complement static structure <-1,-1,-1>.
schur_eliminator.cc:155 Template specializations not found for <-1,-1,-1>
block_sparse_matrix.cc:208 Allocating values array with 295800 bytes.
detect_structure.cc:63 Dynamic row block size because the block size changed from 2 to 15
detect_structure.cc:74 Dynamic e block size because the block size changed from 1 to 9
detect_structure.cc:93 Dynamic f block size because the block size changed from 6 to 9
detect_structure.cc:114 Schur complement static structure <-1,-1,-1>.
detect_structure.cc:63 Dynamic row block size because the block size changed from 2 to 15
detect_structure.cc:74 Dynamic e block size because the block size changed from 1 to 9
detect_structure.cc:93 Dynamic f block size because the block size changed from 6 to 9
detect_structure.cc:114 Schur complement static structure <-1,-1,-1>.
schur_eliminator.cc:155 Template specializations not found for <-1,-1,-1>
block_sparse_matrix.cc:208 Allocating values array with 304536 bytes.
detect_structure.cc:63 Dynamic row block size because the block size changed from 2 to 15
detect_structure.cc:74 Dynamic e block size because the block size changed from 1 to 9
detect_structure.cc:93 Dynamic f block size because the block size changed from 6 to 9
detect_structure.cc:114 Schur complement static structure <-1,-1,-1>.
detect_structure.cc:63 Dynamic row block size because the block size changed from 2 to 15
detect_structure.cc:74 Dynamic e block size because the block size changed from 1 to 9
detect_structure.cc:93 Dynamic f block size because the block size changed from 6 to 9
detect_structure.cc:114 Schur complement static structure <-1,-1,-1>.
schur_eliminator.cc:155 Template specializations not found for <-1,-1,-1>
block_sparse_matrix.cc:208 Allocating values array with 303288 bytes.
detect_structure.cc:63 Dynamic row block size because the block size changed from 2 to 15
detect_structure.cc:74 Dynamic e block size because the block size changed from 1 to 9
detect_structure.cc:93 Dynamic f block size because the block size changed from 6 to 9
detect_structure.cc:114 Schur complement static structure <-1,-1,-1>.
detect_structure.cc:63 Dynamic row block size because the block size changed from 2 to 15
detect_structure.cc:74 Dynamic e block size because the block size changed from 1 to 9
detect_structure.cc:93 Dynamic f block size because the block size changed from 6 to 9
detect_structure.cc:114 Schur complement static structure <-1,-1,-1>.
schur_eliminator.cc:155 Template specializations not found for <-1,-1,-1>
block_sparse_matrix.cc:208 Allocating values array with 299752 bytes.
detect_structure.cc:63 Dynamic row block size because the block size changed from 2 to 15
detect_structure.cc:74 Dynamic e block size because the block size changed from 1 to 9
detect_structure.cc:93 Dynamic f block size because the block size changed from 6 to 9
detect_structure.cc:114 Schur complement static structure <-1,-1,-1>.
detect_structure.cc:63 Dynamic row block size because the block size changed from 2 to 15
detect_structure.cc:74 Dynamic e block size because the block size changed from 1 to 9
detect_structure.cc:93 Dynamic f block size because the block size changed from 6 to 9
detect_structure.cc:114 Schur complement static structure <-1,-1,-1>.
schur_eliminator.cc:155 Template specializations not found for <-1,-1,-1>
block_sparse_matrix.cc:208 Allocating values array with 295384 bytes.
detect_structure.cc:63 Dynamic row block size because the block size changed from 2 to 15
detect_structure.cc:74 Dynamic e block size because the block size changed from 1 to 9
detect_structure.cc:93 Dynamic f block size because the block size changed from 6 to 9
detect_structure.cc:114 Schur complement static structure <-1,-1,-1>.
detect_structure.cc:63 Dynamic row block size because the block size changed from 2 to 15
detect_structure.cc:74 Dynamic e block size because the block size changed from 1 to 9
detect_structure.cc:93 Dynamic f block size because the block size changed from 6 to 9
detect_structure.cc:114 Schur complement static structure <-1,-1,-1>.
schur_eliminator.cc:155 Template specializations not found for <-1,-1,-1>
block_sparse_matrix.cc:208 Allocating values array with 286472 bytes.
detect_structure.cc:63 Dynamic row block size because the block size changed from 2 to 15
detect_structure.cc:74 Dynamic e block size because the block size changed from 1 to 9
detect_structure.cc:93 Dynamic f block size because the block size changed from 6 to 9
detect_structure.cc:114 Schur complement static structure <-1,-1,-1>.
detect_structure.cc:63 Dynamic row block size because the block size changed from 2 to 15
detect_structure.cc:74 Dynamic e block size because the block size changed from 1 to 9
detect_structure.cc:93 Dynamic f block size because the block size changed from 6 to 9
detect_structure.cc:114 Schur complement static structure <-1,-1,-1>.
schur_eliminator.cc:155 Template specializations not found for <-1,-1,-1>
block_sparse_matrix.cc:208 Allocating values array with 301624 bytes.
detect_structure.cc:63 Dynamic row block size because the block size changed from 2 to 15
detect_structure.cc:74 Dynamic e block size because the block size changed from 1 to 9
detect_structure.cc:93 Dynamic f block size because the block size changed from 6 to 9
detect_structure.cc:114 Schur complement static structure <-1,-1,-1>.
detect_structure.cc:63 Dynamic row block size because the block size changed from 2 to 15
detect_structure.cc:74 Dynamic e block size because the block size changed from 1 to 9
detect_structure.cc:93 Dynamic f block size because the block size changed from 6 to 9
detect_structure.cc:114 Schur complement static structure <-1,-1,-1>.
schur_eliminator.cc:155 Template specializations not found for <-1,-1,-1>
block_sparse_matrix.cc:208 Allocating values array with 315352 bytes.
detect_structure.cc:63 Dynamic row block size because the block size changed from 2 to 15
detect_structure.cc:74 Dynamic e block size because the block size changed from 1 to 9
detect_structure.cc:93 Dynamic f block size because the block size changed from 6 to 9
detect_structure.cc:114 Schur complement static structure <-1,-1,-1>.
detect_structure.cc:63 Dynamic row block size because the block size changed from 2 to 15
detect_structure.cc:74 Dynamic e block size because the block size changed from 1 to 9
detect_structure.cc:93 Dynamic f block size because the block size changed from 6 to 9
detect_structure.cc:114 Schur complement static structure <-1,-1,-1>.
schur_eliminator.cc:155 Template specializations not found for <-1,-1,-1>
block_sparse_matrix.cc:208 Allocating values array with 320552 bytes.
detect_structure.cc:63 Dynamic row block size because the block size changed from 2 to 15
detect_structure.cc:74 Dynamic e block size because the block size changed from 1 to 9
detect_structure.cc:93 Dynamic f block size because the block size changed from 6 to 9
detect_structure.cc:114 Schur complement static structure <-1,-1,-1>.
detect_structure.cc:63 Dynamic row block size because the block size changed from 2 to 15
detect_structure.cc:74 Dynamic e block size because the block size changed from 1 to 9
detect_structure.cc:93 Dynamic f block size because the block size changed from 6 to 9
detect_structure.cc:114 Schur complement static structure <-1,-1,-1>.
schur_eliminator.cc:155 Template specializations not found for <-1,-1,-1>
block_sparse_matrix.cc:208 Allocating values array with 326792 bytes.
detect_structure.cc:63 Dynamic row block size because the block size changed from 2 to 15
detect_structure.cc:74 Dynamic e block size because the block size changed from 1 to 9
detect_structure.cc:93 Dynamic f block size because the block size changed from 6 to 9
detect_structure.cc:114 Schur complement static structure <-1,-1,-1>.
detect_structure.cc:63 Dynamic row block size because the block size changed from 2 to 15
detect_structure.cc:74 Dynamic e block size because the block size changed from 1 to 9
detect_structure.cc:93 Dynamic f block size because the block size changed from 6 to 9
detect_structure.cc:114 Schur complement static structure <-1,-1,-1>.
schur_eliminator.cc:155 Template specializations not found for <-1,-1,-1>
[FeatureTracker] F-matrix: 140 → 67 (rejected 73, threshold=1)
block_sparse_matrix.cc:208 Allocating values array with 305400 bytes.
detect_structure.cc:63 Dynamic row block size because the block size changed from 2 to 15
detect_structure.cc:74 Dynamic e block size because the block size changed from 1 to 9
detect_structure.cc:93 Dynamic f block size because the block size changed from 6 to 9
detect_structure.cc:114 Schur complement static structure <-1,-1,-1>.
detect_structure.cc:63 Dynamic row block size because the block size changed from 2 to 15
detect_structure.cc:74 Dynamic e block size because the block size changed from 1 to 9
detect_structure.cc:93 Dynamic f block size because the block size changed from 6 to 9
detect_structure.cc:114 Schur complement static structure <-1,-1,-1>.
schur_eliminator.cc:155 Template specializations not found for <-1,-1,-1>
block_sparse_matrix.cc:208 Allocating values array with 302872 bytes.
detect_structure.cc:63 Dynamic row block size because the block size changed from 2 to 15
detect_structure.cc:74 Dynamic e block size because the block size changed from 1 to 9
detect_structure.cc:93 Dynamic f block size because the block size changed from 6 to 9
detect_structure.cc:114 Schur complement static structure <-1,-1,-1>.
detect_structure.cc:63 Dynamic row block size because the block size changed from 2 to 15
detect_structure.cc:74 Dynamic e block size because the block size changed from 1 to 9
detect_structure.cc:93 Dynamic f block size because the block size changed from 6 to 9
detect_structure.cc:114 Schur complement static structure <-1,-1,-1>.
schur_eliminator.cc:155 Template specializations not found for <-1,-1,-1>
block_sparse_matrix.cc:208 Allocating values array with 295416 bytes.
detect_structure.cc:63 Dynamic row block size because the block size changed from 2 to 15
detect_structure.cc:74 Dynamic e block size because the block size changed from 1 to 9
detect_structure.cc:93 Dynamic f block size because the block size changed from 6 to 9
detect_structure.cc:114 Schur complement static structure <-1,-1,-1>.
detect_structure.cc:63 Dynamic row block size because the block size changed from 2 to 15
detect_structure.cc:74 Dynamic e block size because the block size changed from 1 to 9
detect_structure.cc:93 Dynamic f block size because the block size changed from 6 to 9
detect_structure.cc:114 Schur complement static structure <-1,-1,-1>.
schur_eliminator.cc:155 Template specializations not found for <-1,-1,-1>
block_sparse_matrix.cc:208 Allocating values array with 295000 bytes.
detect_structure.cc:63 Dynamic row block size because the block size changed from 2 to 15
detect_structure.cc:74 Dynamic e block size because the block size changed from 1 to 9
detect_structure.cc:93 Dynamic f block size because the block size changed from 6 to 9
detect_structure.cc:114 Schur complement static structure <-1,-1,-1>.
detect_structure.cc:63 Dynamic row block size because the block size changed from 2 to 15
detect_structure.cc:74 Dynamic e block size because the block size changed from 1 to 9
detect_structure.cc:93 Dynamic f block size because the block size changed from 6 to 9
detect_structure.cc:114 Schur complement static structure <-1,-1,-1>.
schur_eliminator.cc:155 Template specializations not found for <-1,-1,-1>
block_sparse_matrix.cc:208 Allocating values array with 295000 bytes.
detect_structure.cc:63 Dynamic row block size because the block size changed from 2 to 15
detect_structure.cc:74 Dynamic e block size because the block size changed from 1 to 9
detect_structure.cc:93 Dynamic f block size because the block size changed from 6 to 9
detect_structure.cc:114 Schur complement static structure <-1,-1,-1>.
detect_structure.cc:63 Dynamic row block size because the block size changed from 2 to 15
detect_structure.cc:74 Dynamic e block size because the block size changed from 1 to 9
detect_structure.cc:93 Dynamic f block size because the block size changed from 6 to 9
detect_structure.cc:114 Schur complement static structure <-1,-1,-1>.
schur_eliminator.cc:155 Template specializations not found for <-1,-1,-1>
block_sparse_matrix.cc:208 Allocating values array with 288520 bytes.
detect_structure.cc:63 Dynamic row block size because the block size changed from 2 to 15
detect_structure.cc:74 Dynamic e block size because the block size changed from 1 to 9
detect_structure.cc:93 Dynamic f block size because the block size changed from 6 to 9
detect_structure.cc:114 Schur complement static structure <-1,-1,-1>.
detect_structure.cc:63 Dynamic row block size because the block size changed from 2 to 15
detect_structure.cc:74 Dynamic e block size because the block size changed from 1 to 9
detect_structure.cc:93 Dynamic f block size because the block size changed from 6 to 9
detect_structure.cc:114 Schur complement static structure <-1,-1,-1>.
schur_eliminator.cc:155 Template specializations not found for <-1,-1,-1>
block_sparse_matrix.cc:208 Allocating values array with 315976 bytes.
detect_structure.cc:63 Dynamic row block size because the block size changed from 2 to 15
detect_structure.cc:74 Dynamic e block size because the block size changed from 1 to 9
detect_structure.cc:93 Dynamic f block size because the block size changed from 6 to 9
detect_structure.cc:114 Schur complement static structure <-1,-1,-1>.
detect_structure.cc:63 Dynamic row block size because the block size changed from 2 to 15
detect_structure.cc:74 Dynamic e block size because the block size changed from 1 to 9
detect_structure.cc:93 Dynamic f block size because the block size changed from 6 to 9
detect_structure.cc:114 Schur complement static structure <-1,-1,-1>.
schur_eliminator.cc:155 Template specializations not found for <-1,-1,-1>
block_sparse_matrix.cc:208 Allocating values array with 306856 bytes.
detect_structure.cc:63 Dynamic row block size because the block size changed from 2 to 15
detect_structure.cc:74 Dynamic e block size because the block size changed from 1 to 9
detect_structure.cc:93 Dynamic f block size because the block size changed from 6 to 9
detect_structure.cc:114 Schur complement static structure <-1,-1,-1>.
detect_structure.cc:63 Dynamic row block size because the block size changed from 2 to 15
detect_structure.cc:74 Dynamic e block size because the block size changed from 1 to 9
detect_structure.cc:93 Dynamic f block size because the block size changed from 6 to 9
detect_structure.cc:114 Schur complement static structure <-1,-1,-1>.
schur_eliminator.cc:155 Template specializations not found for <-1,-1,-1>
[VIO DIAG] f=300 tri: ok=236 wait=6 fail=0 default=0 depth: avg=1.27402 min=0.333299 max=4.46516 |vel|=0.738328 vel=(-0.347462,0.312604,0.571557) ba=(0.0149635,-0.00357141,-0.0429794) bg=(1.96792e-05,-7.26012e-05,-0.000362909)
block_sparse_matrix.cc:208 Allocating values array with 316184 bytes.
detect_structure.cc:63 Dynamic row block size because the block size changed from 2 to 15
detect_structure.cc:74 Dynamic e block size because the block size changed from 1 to 9
detect_structure.cc:93 Dynamic f block size because the block size changed from 6 to 9
detect_structure.cc:114 Schur complement static structure <-1,-1,-1>.
detect_structure.cc:63 Dynamic row block size because the block size changed from 2 to 15
detect_structure.cc:74 Dynamic e block size because the block size changed from 1 to 9
detect_structure.cc:93 Dynamic f block size because the block size changed from 6 to 9
detect_structure.cc:114 Schur complement static structure <-1,-1,-1>.
schur_eliminator.cc:155 Template specializations not found for <-1,-1,-1>
block_sparse_matrix.cc:208 Allocating values array with 304984 bytes.
detect_structure.cc:63 Dynamic row block size because the block size changed from 2 to 15
detect_structure.cc:74 Dynamic e block size because the block size changed from 1 to 9
detect_structure.cc:93 Dynamic f block size because the block size changed from 6 to 9
detect_structure.cc:114 Schur complement static structure <-1,-1,-1>.
detect_structure.cc:63 Dynamic row block size because the block size changed from 2 to 15
detect_structure.cc:74 Dynamic e block size because the block size changed from 1 to 9
detect_structure.cc:93 Dynamic f block size because the block size changed from 6 to 9
detect_structure.cc:114 Schur complement static structure <-1,-1,-1>.
schur_eliminator.cc:155 Template specializations not found for <-1,-1,-1>
block_sparse_matrix.cc:208 Allocating values array with 313688 bytes.
detect_structure.cc:63 Dynamic row block size because the block size changed from 2 to 15
detect_structure.cc:74 Dynamic e block size because the block size changed from 1 to 9
detect_structure.cc:93 Dynamic f block size because the block size changed from 6 to 9
detect_structure.cc:114 Schur complement static structure <-1,-1,-1>.
detect_structure.cc:63 Dynamic row block size because the block size changed from 2 to 15
detect_structure.cc:74 Dynamic e block size because the block size changed from 1 to 9
detect_structure.cc:93 Dynamic f block size because the block size changed from 6 to 9
detect_structure.cc:114 Schur complement static structure <-1,-1,-1>.
schur_eliminator.cc:155 Template specializations not found for <-1,-1,-1>
block_sparse_matrix.cc:208 Allocating values array with 306024 bytes.
detect_structure.cc:63 Dynamic row block size because the block size changed from 2 to 15
detect_structure.cc:74 Dynamic e block size because the block size changed from 1 to 9
detect_structure.cc:93 Dynamic f block size because the block size changed from 6 to 9
detect_structure.cc:114 Schur complement static structure <-1,-1,-1>.
detect_structure.cc:63 Dynamic row block size because the block size changed from 2 to 15
detect_structure.cc:74 Dynamic e block size because the block size changed from 1 to 9
detect_structure.cc:93 Dynamic f block size because the block size changed from 6 to 9
detect_structure.cc:114 Schur complement static structure <-1,-1,-1>.
schur_eliminator.cc:155 Template specializations not found for <-1,-1,-1>
block_sparse_matrix.cc:208 Allocating values array with 309944 bytes.
detect_structure.cc:63 Dynamic row block size because the block size changed from 2 to 15
detect_structure.cc:74 Dynamic e block size because the block size changed from 1 to 9
detect_structure.cc:93 Dynamic f block size because the block size changed from 6 to 9
detect_structure.cc:114 Schur complement static structure <-1,-1,-1>.
detect_structure.cc:63 Dynamic row block size because the block size changed from 2 to 15
detect_structure.cc:74 Dynamic e block size because the block size changed from 1 to 9
detect_structure.cc:93 Dynamic f block size because the block size changed from 6 to 9
detect_structure.cc:114 Schur complement static structure <-1,-1,-1>.
schur_eliminator.cc:155 Template specializations not found for <-1,-1,-1>
block_sparse_matrix.cc:208 Allocating values array with 300408 bytes.
detect_structure.cc:63 Dynamic row block size because the block size changed from 2 to 15
detect_structure.cc:74 Dynamic e block size because the block size changed from 1 to 9
detect_structure.cc:93 Dynamic f block size because the block size changed from 6 to 9
detect_structure.cc:114 Schur complement static structure <-1,-1,-1>.
detect_structure.cc:63 Dynamic row block size because the block size changed from 2 to 15
detect_structure.cc:74 Dynamic e block size because the block size changed from 1 to 9
detect_structure.cc:93 Dynamic f block size because the block size changed from 6 to 9
detect_structure.cc:114 Schur complement static structure <-1,-1,-1>.
schur_eliminator.cc:155 Template specializations not found for <-1,-1,-1>
block_sparse_matrix.cc:208 Allocating values array with 311816 bytes.
detect_structure.cc:63 Dynamic row block size because the block size changed from 2 to 15
detect_structure.cc:74 Dynamic e block size because the block size changed from 1 to 9
detect_structure.cc:93 Dynamic f block size because the block size changed from 6 to 9
detect_structure.cc:114 Schur complement static structure <-1,-1,-1>.
detect_structure.cc:63 Dynamic row block size because the block size changed from 2 to 15
detect_structure.cc:74 Dynamic e block size because the block size changed from 1 to 9
detect_structure.cc:93 Dynamic f block size because the block size changed from 6 to 9
detect_structure.cc:114 Schur complement static structure <-1,-1,-1>.
schur_eliminator.cc:155 Template specializations not found for <-1,-1,-1>
block_sparse_matrix.cc:208 Allocating values array with 304152 bytes.
detect_structure.cc:63 Dynamic row block size because the block size changed from 2 to 15
detect_structure.cc:74 Dynamic e block size because the block size changed from 1 to 9
detect_structure.cc:93 Dynamic f block size because the block size changed from 6 to 9
detect_structure.cc:114 Schur complement static structure <-1,-1,-1>.
detect_structure.cc:63 Dynamic row block size because the block size changed from 2 to 15
detect_structure.cc:74 Dynamic e block size because the block size changed from 1 to 9
detect_structure.cc:93 Dynamic f block size because the block size changed from 6 to 9
detect_structure.cc:114 Schur complement static structure <-1,-1,-1>.
schur_eliminator.cc:155 Template specializations not found for <-1,-1,-1>
block_sparse_matrix.cc:208 Allocating values array with 311400 bytes.
detect_structure.cc:63 Dynamic row block size because the block size changed from 2 to 15
detect_structure.cc:74 Dynamic e block size because the block size changed from 1 to 9
detect_structure.cc:93 Dynamic f block size because the block size changed from 6 to 9
detect_structure.cc:114 Schur complement static structure <-1,-1,-1>.
detect_structure.cc:63 Dynamic row block size because the block size changed from 2 to 15
detect_structure.cc:74 Dynamic e block size because the block size changed from 1 to 9
detect_structure.cc:93 Dynamic f block size because the block size changed from 6 to 9
detect_structure.cc:114 Schur complement static structure <-1,-1,-1>.
schur_eliminator.cc:155 Template specializations not found for <-1,-1,-1>
block_sparse_matrix.cc:208 Allocating values array with 297496 bytes.
detect_structure.cc:63 Dynamic row block size because the block size changed from 2 to 15
detect_structure.cc:74 Dynamic e block size because the block size changed from 1 to 9
detect_structure.cc:93 Dynamic f block size because the block size changed from 6 to 9
detect_structure.cc:114 Schur complement static structure <-1,-1,-1>.
detect_structure.cc:63 Dynamic row block size because the block size changed from 2 to 15
detect_structure.cc:74 Dynamic e block size because the block size changed from 1 to 9
detect_structure.cc:93 Dynamic f block size because the block size changed from 6 to 9
detect_structure.cc:114 Schur complement static structure <-1,-1,-1>.
schur_eliminator.cc:155 Template specializations not found for <-1,-1,-1>
block_sparse_matrix.cc:208 Allocating values array with 299544 bytes.
detect_structure.cc:63 Dynamic row block size because the block size changed from 2 to 15
detect_structure.cc:74 Dynamic e block size because the block size changed from 1 to 9
detect_structure.cc:93 Dynamic f block size because the block size changed from 6 to 9
detect_structure.cc:114 Schur complement static structure <-1,-1,-1>.
detect_structure.cc:63 Dynamic row block size because the block size changed from 2 to 15
detect_structure.cc:74 Dynamic e block size because the block size changed from 1 to 9
detect_structure.cc:93 Dynamic f block size because the block size changed from 6 to 9
detect_structure.cc:114 Schur complement static structure <-1,-1,-1>.
schur_eliminator.cc:155 Template specializations not found for <-1,-1,-1>
block_sparse_matrix.cc:208 Allocating values array with 291256 bytes.
detect_structure.cc:63 Dynamic row block size because the block size changed from 2 to 15
detect_structure.cc:74 Dynamic e block size because the block size changed from 1 to 9
detect_structure.cc:93 Dynamic f block size because the block size changed from 6 to 9
detect_structure.cc:114 Schur complement static structure <-1,-1,-1>.
detect_structure.cc:63 Dynamic row block size because the block size changed from 2 to 15
detect_structure.cc:74 Dynamic e block size because the block size changed from 1 to 9
detect_structure.cc:93 Dynamic f block size because the block size changed from 6 to 9
detect_structure.cc:114 Schur complement static structure <-1,-1,-1>.
schur_eliminator.cc:155 Template specializations not found for <-1,-1,-1>
block_sparse_matrix.cc:208 Allocating values array with 305576 bytes.
detect_structure.cc:63 Dynamic row block size because the block size changed from 2 to 15
detect_structure.cc:74 Dynamic e block size because the block size changed from 1 to 9
detect_structure.cc:93 Dynamic f block size because the block size changed from 6 to 9
detect_structure.cc:114 Schur complement static structure <-1,-1,-1>.
detect_structure.cc:63 Dynamic row block size because the block size changed from 2 to 15
detect_structure.cc:74 Dynamic e block size because the block size changed from 1 to 9
detect_structure.cc:93 Dynamic f block size because the block size changed from 6 to 9
detect_structure.cc:114 Schur complement static structure <-1,-1,-1>.
schur_eliminator.cc:155 Template specializations not found for <-1,-1,-1>
block_sparse_matrix.cc:208 Allocating values array with 298120 bytes.
detect_structure.cc:63 Dynamic row block size because the block size changed from 2 to 15
detect_structure.cc:74 Dynamic e block size because the block size changed from 1 to 9
detect_structure.cc:93 Dynamic f block size because the block size changed from 6 to 9
detect_structure.cc:114 Schur complement static structure <-1,-1,-1>.
detect_structure.cc:63 Dynamic row block size because the block size changed from 2 to 15
detect_structure.cc:74 Dynamic e block size because the block size changed from 1 to 9
detect_structure.cc:93 Dynamic f block size because the block size changed from 6 to 9
detect_structure.cc:114 Schur complement static structure <-1,-1,-1>.
schur_eliminator.cc:155 Template specializations not found for <-1,-1,-1>
block_sparse_matrix.cc:208 Allocating values array with 315144 bytes.
detect_structure.cc:63 Dynamic row block size because the block size changed from 2 to 15
detect_structure.cc:74 Dynamic e block size because the block size changed from 1 to 9
detect_structure.cc:93 Dynamic f block size because the block size changed from 6 to 9
detect_structure.cc:114 Schur complement static structure <-1,-1,-1>.
detect_structure.cc:63 Dynamic row block size because the block size changed from 2 to 15
detect_structure.cc:74 Dynamic e block size because the block size changed from 1 to 9
detect_structure.cc:93 Dynamic f block size because the block size changed from 6 to 9
detect_structure.cc:114 Schur complement static structure <-1,-1,-1>.
schur_eliminator.cc:155 Template specializations not found for <-1,-1,-1>
block_sparse_matrix.cc:208 Allocating values array with 315144 bytes.
detect_structure.cc:63 Dynamic row block size because the block size changed from 2 to 15
detect_structure.cc:74 Dynamic e block size because the block size changed from 1 to 9
detect_structure.cc:93 Dynamic f block size because the block size changed from 6 to 9
detect_structure.cc:114 Schur complement static structure <-1,-1,-1>.
detect_structure.cc:63 Dynamic row block size because the block size changed from 2 to 15
detect_structure.cc:74 Dynamic e block size because the block size changed from 1 to 9
detect_structure.cc:93 Dynamic f block size because the block size changed from 6 to 9
detect_structure.cc:114 Schur complement static structure <-1,-1,-1>.
schur_eliminator.cc:155 Template specializations not found for <-1,-1,-1>
block_sparse_matrix.cc:208 Allocating values array with 315352 bytes.
detect_structure.cc:63 Dynamic row block size because the block size changed from 2 to 15
detect_structure.cc:74 Dynamic e block size because the block size changed from 1 to 9
detect_structure.cc:93 Dynamic f block size because the block size changed from 6 to 9
detect_structure.cc:114 Schur complement static structure <-1,-1,-1>.
detect_structure.cc:63 Dynamic row block size because the block size changed from 2 to 15
detect_structure.cc:74 Dynamic e block size because the block size changed from 1 to 9
detect_structure.cc:93 Dynamic f block size because the block size changed from 6 to 9
detect_structure.cc:114 Schur complement static structure <-1,-1,-1>.
schur_eliminator.cc:155 Template specializations not found for <-1,-1,-1>
[FeatureTracker] F-matrix: 135 → 85 (rejected 50, threshold=1)
block_sparse_matrix.cc:208 Allocating values array with 309736 bytes.
detect_structure.cc:63 Dynamic row block size because the block size changed from 2 to 15
detect_structure.cc:74 Dynamic e block size because the block size changed from 1 to 9
detect_structure.cc:93 Dynamic f block size because the block size changed from 6 to 9
detect_structure.cc:114 Schur complement static structure <-1,-1,-1>.
detect_structure.cc:63 Dynamic row block size because the block size changed from 2 to 15
detect_structure.cc:74 Dynamic e block size because the block size changed from 1 to 9
detect_structure.cc:93 Dynamic f block size because the block size changed from 6 to 9
detect_structure.cc:114 Schur complement static structure <-1,-1,-1>.
schur_eliminator.cc:155 Template specializations not found for <-1,-1,-1>
block_sparse_matrix.cc:208 Allocating values array with 294792 bytes.
detect_structure.cc:63 Dynamic row block size because the block size changed from 2 to 15
detect_structure.cc:74 Dynamic e block size because the block size changed from 1 to 9
detect_structure.cc:93 Dynamic f block size because the block size changed from 6 to 9
detect_structure.cc:114 Schur complement static structure <-1,-1,-1>.
detect_structure.cc:63 Dynamic row block size because the block size changed from 2 to 15
detect_structure.cc:74 Dynamic e block size because the block size changed from 1 to 9
detect_structure.cc:93 Dynamic f block size because the block size changed from 6 to 9
detect_structure.cc:114 Schur complement static structure <-1,-1,-1>.
schur_eliminator.cc:155 Template specializations not found for <-1,-1,-1>
block_sparse_matrix.cc:208 Allocating values array with 291016 bytes.
detect_structure.cc:63 Dynamic row block size because the block size changed from 2 to 15
detect_structure.cc:74 Dynamic e block size because the block size changed from 1 to 9
detect_structure.cc:93 Dynamic f block size because the block size changed from 6 to 9
detect_structure.cc:114 Schur complement static structure <-1,-1,-1>.
detect_structure.cc:63 Dynamic row block size because the block size changed from 2 to 15
detect_structure.cc:74 Dynamic e block size because the block size changed from 1 to 9
detect_structure.cc:93 Dynamic f block size because the block size changed from 6 to 9
detect_structure.cc:114 Schur complement static structure <-1,-1,-1>.
schur_eliminator.cc:155 Template specializations not found for <-1,-1,-1>
[VIO DIAG] f=320 tri: ok=201 wait=0 fail=0 default=0 depth: avg=1.38178 min=0.504927 max=5.15333 |vel|=0.808867 vel=(0.00146967,0.699281,-0.406533) ba=(0.00179706,-0.00972648,-0.0406579) bg=(-0.000181664,1.8994e-05,-0.000420781)
block_sparse_matrix.cc:208 Allocating values array with 284184 bytes.
detect_structure.cc:63 Dynamic row block size because the block size changed from 2 to 15
detect_structure.cc:74 Dynamic e block size because the block size changed from 1 to 9
detect_structure.cc:93 Dynamic f block size because the block size changed from 6 to 9
detect_structure.cc:114 Schur complement static structure <-1,-1,-1>.
detect_structure.cc:63 Dynamic row block size because the block size changed from 2 to 15
detect_structure.cc:74 Dynamic e block size because the block size changed from 1 to 9
detect_structure.cc:93 Dynamic f block size because the block size changed from 6 to 9
detect_structure.cc:114 Schur complement static structure <-1,-1,-1>.
schur_eliminator.cc:155 Template specializations not found for <-1,-1,-1>
block_sparse_matrix.cc:208 Allocating values array with 283736 bytes.
detect_structure.cc:63 Dynamic row block size because the block size changed from 2 to 15
detect_structure.cc:74 Dynamic e block size because the block size changed from 1 to 9
detect_structure.cc:93 Dynamic f block size because the block size changed from 6 to 9
detect_structure.cc:114 Schur complement static structure <-1,-1,-1>.
detect_structure.cc:63 Dynamic row block size because the block size changed from 2 to 15
detect_structure.cc:74 Dynamic e block size because the block size changed from 1 to 9
detect_structure.cc:93 Dynamic f block size because the block size changed from 6 to 9
detect_structure.cc:114 Schur complement static structure <-1,-1,-1>.
schur_eliminator.cc:155 Template specializations not found for <-1,-1,-1>
block_sparse_matrix.cc:208 Allocating values array with 274824 bytes.
detect_structure.cc:63 Dynamic row block size because the block size changed from 2 to 15
detect_structure.cc:74 Dynamic e block size because the block size changed from 1 to 9
detect_structure.cc:93 Dynamic f block size because the block size changed from 6 to 9
detect_structure.cc:114 Schur complement static structure <-1,-1,-1>.
detect_structure.cc:63 Dynamic row block size because the block size changed from 2 to 15
detect_structure.cc:74 Dynamic e block size because the block size changed from 1 to 9
detect_structure.cc:93 Dynamic f block size because the block size changed from 6 to 9
detect_structure.cc:114 Schur complement static structure <-1,-1,-1>.
schur_eliminator.cc:155 Template specializations not found for <-1,-1,-1>
block_sparse_matrix.cc:208 Allocating values array with 289976 bytes.
detect_structure.cc:63 Dynamic row block size because the block size changed from 2 to 15
detect_structure.cc:74 Dynamic e block size because the block size changed from 1 to 9
detect_structure.cc:93 Dynamic f block size because the block size changed from 6 to 9
detect_structure.cc:114 Schur complement static structure <-1,-1,-1>.
detect_structure.cc:63 Dynamic row block size because the block size changed from 2 to 15
detect_structure.cc:74 Dynamic e block size because the block size changed from 1 to 9
detect_structure.cc:93 Dynamic f block size because the block size changed from 6 to 9
detect_structure.cc:114 Schur complement static structure <-1,-1,-1>.
schur_eliminator.cc:155 Template specializations not found for <-1,-1,-1>
block_sparse_matrix.cc:208 Allocating values array with 299960 bytes.
detect_structure.cc:63 Dynamic row block size because the block size changed from 2 to 15
detect_structure.cc:74 Dynamic e block size because the block size changed from 1 to 9
detect_structure.cc:93 Dynamic f block size because the block size changed from 6 to 9
detect_structure.cc:114 Schur complement static structure <-1,-1,-1>.
detect_structure.cc:63 Dynamic row block size because the block size changed from 2 to 15
detect_structure.cc:74 Dynamic e block size because the block size changed from 1 to 9
detect_structure.cc:93 Dynamic f block size because the block size changed from 6 to 9
detect_structure.cc:114 Schur complement static structure <-1,-1,-1>.
schur_eliminator.cc:155 Template specializations not found for <-1,-1,-1>
block_sparse_matrix.cc:208 Allocating values array with 296840 bytes.
detect_structure.cc:63 Dynamic row block size because the block size changed from 2 to 15
detect_structure.cc:74 Dynamic e block size because the block size changed from 1 to 9
detect_structure.cc:93 Dynamic f block size because the block size changed from 6 to 9
detect_structure.cc:114 Schur complement static structure <-1,-1,-1>.
detect_structure.cc:63 Dynamic row block size because the block size changed from 2 to 15
detect_structure.cc:74 Dynamic e block size because the block size changed from 1 to 9
detect_structure.cc:93 Dynamic f block size because the block size changed from 6 to 9
detect_structure.cc:114 Schur complement static structure <-1,-1,-1>.
schur_eliminator.cc:155 Template specializations not found for <-1,-1,-1>
block_sparse_matrix.cc:208 Allocating values array with 294760 bytes.
detect_structure.cc:63 Dynamic row block size because the block size changed from 2 to 15
detect_structure.cc:74 Dynamic e block size because the block size changed from 1 to 9
detect_structure.cc:93 Dynamic f block size because the block size changed from 6 to 9
detect_structure.cc:114 Schur complement static structure <-1,-1,-1>.
detect_structure.cc:63 Dynamic row block size because the block size changed from 2 to 15
detect_structure.cc:74 Dynamic e block size because the block size changed from 1 to 9
detect_structure.cc:93 Dynamic f block size because the block size changed from 6 to 9
detect_structure.cc:114 Schur complement static structure <-1,-1,-1>.
schur_eliminator.cc:155 Template specializations not found for <-1,-1,-1>
block_sparse_matrix.cc:208 Allocating values array with 286472 bytes.
detect_structure.cc:63 Dynamic row block size because the block size changed from 2 to 15
detect_structure.cc:74 Dynamic e block size because the block size changed from 1 to 9
detect_structure.cc:93 Dynamic f block size because the block size changed from 6 to 9
detect_structure.cc:114 Schur complement static structure <-1,-1,-1>.
detect_structure.cc:63 Dynamic row block size because the block size changed from 2 to 15
detect_structure.cc:74 Dynamic e block size because the block size changed from 1 to 9
detect_structure.cc:93 Dynamic f block size because the block size changed from 6 to 9
detect_structure.cc:114 Schur complement static structure <-1,-1,-1>.
schur_eliminator.cc:155 Template specializations not found for <-1,-1,-1>
block_sparse_matrix.cc:208 Allocating values array with 289144 bytes.
detect_structure.cc:63 Dynamic row block size because the block size changed from 2 to 15
detect_structure.cc:74 Dynamic e block size because the block size changed from 1 to 9
detect_structure.cc:93 Dynamic f block size because the block size changed from 6 to 9
detect_structure.cc:114 Schur complement static structure <-1,-1,-1>.
detect_structure.cc:63 Dynamic row block size because the block size changed from 2 to 15
detect_structure.cc:74 Dynamic e block size because the block size changed from 1 to 9
detect_structure.cc:93 Dynamic f block size because the block size changed from 6 to 9
detect_structure.cc:114 Schur complement static structure <-1,-1,-1>.
schur_eliminator.cc:155 Template specializations not found for <-1,-1,-1>
block_sparse_matrix.cc:208 Allocating values array with 293720 bytes.
detect_structure.cc:63 Dynamic row block size because the block size changed from 2 to 15
detect_structure.cc:74 Dynamic e block size because the block size changed from 1 to 9
detect_structure.cc:93 Dynamic f block size because the block size changed from 6 to 9
detect_structure.cc:114 Schur complement static structure <-1,-1,-1>.
detect_structure.cc:63 Dynamic row block size because the block size changed from 2 to 15
detect_structure.cc:74 Dynamic e block size because the block size changed from 1 to 9
detect_structure.cc:93 Dynamic f block size because the block size changed from 6 to 9
detect_structure.cc:114 Schur complement static structure <-1,-1,-1>.
schur_eliminator.cc:155 Template specializations not found for <-1,-1,-1>
block_sparse_matrix.cc:208 Allocating values array with 299336 bytes.
detect_structure.cc:63 Dynamic row block size because the block size changed from 2 to 15
detect_structure.cc:74 Dynamic e block size because the block size changed from 1 to 9
detect_structure.cc:93 Dynamic f block size because the block size changed from 6 to 9
detect_structure.cc:114 Schur complement static structure <-1,-1,-1>.
detect_structure.cc:63 Dynamic row block size because the block size changed from 2 to 15
detect_structure.cc:74 Dynamic e block size because the block size changed from 1 to 9
detect_structure.cc:93 Dynamic f block size because the block size changed from 6 to 9
detect_structure.cc:114 Schur complement static structure <-1,-1,-1>.
schur_eliminator.cc:155 Template specializations not found for <-1,-1,-1>
block_sparse_matrix.cc:208 Allocating values array with 305368 bytes.
detect_structure.cc:63 Dynamic row block size because the block size changed from 2 to 15
detect_structure.cc:74 Dynamic e block size because the block size changed from 1 to 9
detect_structure.cc:93 Dynamic f block size because the block size changed from 6 to 9
detect_structure.cc:114 Schur complement static structure <-1,-1,-1>.
detect_structure.cc:63 Dynamic row block size because the block size changed from 2 to 15
detect_structure.cc:74 Dynamic e block size because the block size changed from 1 to 9
detect_structure.cc:93 Dynamic f block size because the block size changed from 6 to 9
detect_structure.cc:114 Schur complement static structure <-1,-1,-1>.
schur_eliminator.cc:155 Template specializations not found for <-1,-1,-1>
block_sparse_matrix.cc:208 Allocating values array with 304328 bytes.
detect_structure.cc:63 Dynamic row block size because the block size changed from 2 to 15
detect_structure.cc:74 Dynamic e block size because the block size changed from 1 to 9
detect_structure.cc:93 Dynamic f block size because the block size changed from 6 to 9
detect_structure.cc:114 Schur complement static structure <-1,-1,-1>.
detect_structure.cc:63 Dynamic row block size because the block size changed from 2 to 15
detect_structure.cc:74 Dynamic e block size because the block size changed from 1 to 9
detect_structure.cc:93 Dynamic f block size because the block size changed from 6 to 9
detect_structure.cc:114 Schur complement static structure <-1,-1,-1>.
schur_eliminator.cc:155 Template specializations not found for <-1,-1,-1>
block_sparse_matrix.cc:208 Allocating values array with 301000 bytes.
detect_structure.cc:63 Dynamic row block size because the block size changed from 2 to 15
detect_structure.cc:74 Dynamic e block size because the block size changed from 1 to 9
detect_structure.cc:93 Dynamic f block size because the block size changed from 6 to 9
detect_structure.cc:114 Schur complement static structure <-1,-1,-1>.
detect_structure.cc:63 Dynamic row block size because the block size changed from 2 to 15
detect_structure.cc:74 Dynamic e block size because the block size changed from 1 to 9
detect_structure.cc:93 Dynamic f block size because the block size changed from 6 to 9
detect_structure.cc:114 Schur complement static structure <-1,-1,-1>.
schur_eliminator.cc:155 Template specializations not found for <-1,-1,-1>
block_sparse_matrix.cc:208 Allocating values array with 297672 bytes.
detect_structure.cc:63 Dynamic row block size because the block size changed from 2 to 15
detect_structure.cc:74 Dynamic e block size because the block size changed from 1 to 9
detect_structure.cc:93 Dynamic f block size because the block size changed from 6 to 9
detect_structure.cc:114 Schur complement static structure <-1,-1,-1>.
detect_structure.cc:63 Dynamic row block size because the block size changed from 2 to 15
detect_structure.cc:74 Dynamic e block size because the block size changed from 1 to 9
detect_structure.cc:93 Dynamic f block size because the block size changed from 6 to 9
detect_structure.cc:114 Schur complement static structure <-1,-1,-1>.
schur_eliminator.cc:155 Template specializations not found for <-1,-1,-1>
block_sparse_matrix.cc:208 Allocating values array with 292056 bytes.
detect_structure.cc:63 Dynamic row block size because the block size changed from 2 to 15
detect_structure.cc:74 Dynamic e block size because the block size changed from 1 to 9
detect_structure.cc:93 Dynamic f block size because the block size changed from 6 to 9
detect_structure.cc:114 Schur complement static structure <-1,-1,-1>.
detect_structure.cc:63 Dynamic row block size because the block size changed from 2 to 15
detect_structure.cc:74 Dynamic e block size because the block size changed from 1 to 9
detect_structure.cc:93 Dynamic f block size because the block size changed from 6 to 9
detect_structure.cc:114 Schur complement static structure <-1,-1,-1>.
schur_eliminator.cc:155 Template specializations not found for <-1,-1,-1>
block_sparse_matrix.cc:208 Allocating values array with 297256 bytes.
detect_structure.cc:63 Dynamic row block size because the block size changed from 2 to 15
detect_structure.cc:74 Dynamic e block size because the block size changed from 1 to 9
detect_structure.cc:93 Dynamic f block size because the block size changed from 6 to 9
detect_structure.cc:114 Schur complement static structure <-1,-1,-1>.
detect_structure.cc:63 Dynamic row block size because the block size changed from 2 to 15
detect_structure.cc:74 Dynamic e block size because the block size changed from 1 to 9
detect_structure.cc:93 Dynamic f block size because the block size changed from 6 to 9
detect_structure.cc:114 Schur complement static structure <-1,-1,-1>.
schur_eliminator.cc:155 Template specializations not found for <-1,-1,-1>
block_sparse_matrix.cc:208 Allocating values array with 297672 bytes.
detect_structure.cc:63 Dynamic row block size because the block size changed from 2 to 15
detect_structure.cc:74 Dynamic e block size because the block size changed from 1 to 9
detect_structure.cc:93 Dynamic f block size because the block size changed from 6 to 9
detect_structure.cc:114 Schur complement static structure <-1,-1,-1>.
detect_structure.cc:63 Dynamic row block size because the block size changed from 2 to 15
detect_structure.cc:74 Dynamic e block size because the block size changed from 1 to 9
detect_structure.cc:93 Dynamic f block size because the block size changed from 6 to 9
detect_structure.cc:114 Schur complement static structure <-1,-1,-1>.
schur_eliminator.cc:155 Template specializations not found for <-1,-1,-1>
block_sparse_matrix.cc:208 Allocating values array with 296216 bytes.
detect_structure.cc:63 Dynamic row block size because the block size changed from 2 to 15
detect_structure.cc:74 Dynamic e block size because the block size changed from 1 to 9
detect_structure.cc:93 Dynamic f block size because the block size changed from 6 to 9
detect_structure.cc:114 Schur complement static structure <-1,-1,-1>.
detect_structure.cc:63 Dynamic row block size because the block size changed from 2 to 15
detect_structure.cc:74 Dynamic e block size because the block size changed from 1 to 9
detect_structure.cc:93 Dynamic f block size because the block size changed from 6 to 9
detect_structure.cc:114 Schur complement static structure <-1,-1,-1>.
schur_eliminator.cc:155 Template specializations not found for <-1,-1,-1>
block_sparse_matrix.cc:208 Allocating values array with 298296 bytes.
detect_structure.cc:63 Dynamic row block size because the block size changed from 2 to 15
detect_structure.cc:74 Dynamic e block size because the block size changed from 1 to 9
detect_structure.cc:93 Dynamic f block size because the block size changed from 6 to 9
detect_structure.cc:114 Schur complement static structure <-1,-1,-1>.
detect_structure.cc:63 Dynamic row block size because the block size changed from 2 to 15
detect_structure.cc:74 Dynamic e block size because the block size changed from 1 to 9
detect_structure.cc:93 Dynamic f block size because the block size changed from 6 to 9
detect_structure.cc:114 Schur complement static structure <-1,-1,-1>.
schur_eliminator.cc:155 Template specializations not found for <-1,-1,-1>
[VIO DIAG] f=340 tri: ok=168 wait=10 fail=0 default=0 depth: avg=1.63726 min=0.529703 max=3.9311 |vel|=1.11817 vel=(1.08067,-0.0192918,-0.286502) ba=(0.00505563,-0.0213072,-0.0396883) bg=(-8.60942e-05,4.21082e-05,-0.000446902)
block_sparse_matrix.cc:208 Allocating values array with 302664 bytes.
detect_structure.cc:63 Dynamic row block size because the block size changed from 2 to 15
detect_structure.cc:74 Dynamic e block size because the block size changed from 1 to 9
detect_structure.cc:93 Dynamic f block size because the block size changed from 6 to 9
detect_structure.cc:114 Schur complement static structure <-1,-1,-1>.
detect_structure.cc:63 Dynamic row block size because the block size changed from 2 to 15
detect_structure.cc:74 Dynamic e block size because the block size changed from 1 to 9
detect_structure.cc:93 Dynamic f block size because the block size changed from 6 to 9
detect_structure.cc:114 Schur complement static structure <-1,-1,-1>.
schur_eliminator.cc:155 Template specializations not found for <-1,-1,-1>
[FeatureTracker] F-matrix: 125 → 75 (rejected 50, threshold=1)
block_sparse_matrix.cc:208 Allocating values array with 295800 bytes.
detect_structure.cc:63 Dynamic row block size because the block size changed from 2 to 15
detect_structure.cc:74 Dynamic e block size because the block size changed from 1 to 9
detect_structure.cc:93 Dynamic f block size because the block size changed from 6 to 9
detect_structure.cc:114 Schur complement static structure <-1,-1,-1>.
detect_structure.cc:63 Dynamic row block size because the block size changed from 2 to 15
detect_structure.cc:74 Dynamic e block size because the block size changed from 1 to 9
detect_structure.cc:93 Dynamic f block size because the block size changed from 6 to 9
detect_structure.cc:114 Schur complement static structure <-1,-1,-1>.
schur_eliminator.cc:155 Template specializations not found for <-1,-1,-1>
block_sparse_matrix.cc:208 Allocating values array with 289560 bytes.
detect_structure.cc:63 Dynamic row block size because the block size changed from 2 to 15
detect_structure.cc:74 Dynamic e block size because the block size changed from 1 to 9
detect_structure.cc:93 Dynamic f block size because the block size changed from 6 to 9
detect_structure.cc:114 Schur complement static structure <-1,-1,-1>.
detect_structure.cc:63 Dynamic row block size because the block size changed from 2 to 15
detect_structure.cc:74 Dynamic e block size because the block size changed from 1 to 9
detect_structure.cc:93 Dynamic f block size because the block size changed from 6 to 9
detect_structure.cc:114 Schur complement static structure <-1,-1,-1>.
schur_eliminator.cc:155 Template specializations not found for <-1,-1,-1>
block_sparse_matrix.cc:208 Allocating values array with 283112 bytes.
detect_structure.cc:63 Dynamic row block size because the block size changed from 2 to 15
detect_structure.cc:74 Dynamic e block size because the block size changed from 1 to 9
detect_structure.cc:93 Dynamic f block size because the block size changed from 6 to 9
detect_structure.cc:114 Schur complement static structure <-1,-1,-1>.
detect_structure.cc:63 Dynamic row block size because the block size changed from 2 to 15
detect_structure.cc:74 Dynamic e block size because the block size changed from 1 to 9
detect_structure.cc:93 Dynamic f block size because the block size changed from 6 to 9
detect_structure.cc:114 Schur complement static structure <-1,-1,-1>.
schur_eliminator.cc:155 Template specializations not found for <-1,-1,-1>
block_sparse_matrix.cc:208 Allocating values array with 272504 bytes.
detect_structure.cc:63 Dynamic row block size because the block size changed from 2 to 15
detect_structure.cc:74 Dynamic e block size because the block size changed from 1 to 9
detect_structure.cc:93 Dynamic f block size because the block size changed from 6 to 9
detect_structure.cc:114 Schur complement static structure <-1,-1,-1>.
detect_structure.cc:63 Dynamic row block size because the block size changed from 2 to 15
detect_structure.cc:74 Dynamic e block size because the block size changed from 1 to 9
detect_structure.cc:93 Dynamic f block size because the block size changed from 6 to 9
detect_structure.cc:114 Schur complement static structure <-1,-1,-1>.
schur_eliminator.cc:155 Template specializations not found for <-1,-1,-1>
block_sparse_matrix.cc:208 Allocating values array with 278744 bytes.
detect_structure.cc:63 Dynamic row block size because the block size changed from 2 to 15
detect_structure.cc:74 Dynamic e block size because the block size changed from 1 to 9
detect_structure.cc:93 Dynamic f block size because the block size changed from 6 to 9
detect_structure.cc:114 Schur complement static structure <-1,-1,-1>.
detect_structure.cc:63 Dynamic row block size because the block size changed from 2 to 15
detect_structure.cc:74 Dynamic e block size because the block size changed from 1 to 9
detect_structure.cc:93 Dynamic f block size because the block size changed from 6 to 9
detect_structure.cc:114 Schur complement static structure <-1,-1,-1>.
schur_eliminator.cc:155 Template specializations not found for <-1,-1,-1>
block_sparse_matrix.cc:208 Allocating values array with 272920 bytes.
detect_structure.cc:63 Dynamic row block size because the block size changed from 2 to 15
detect_structure.cc:74 Dynamic e block size because the block size changed from 1 to 9
detect_structure.cc:93 Dynamic f block size because the block size changed from 6 to 9
detect_structure.cc:114 Schur complement static structure <-1,-1,-1>.
detect_structure.cc:63 Dynamic row block size because the block size changed from 2 to 15
detect_structure.cc:74 Dynamic e block size because the block size changed from 1 to 9
detect_structure.cc:93 Dynamic f block size because the block size changed from 6 to 9
detect_structure.cc:114 Schur complement static structure <-1,-1,-1>.
schur_eliminator.cc:155 Template specializations not found for <-1,-1,-1>
block_sparse_matrix.cc:208 Allocating values array with 265432 bytes.
detect_structure.cc:63 Dynamic row block size because the block size changed from 2 to 15
detect_structure.cc:74 Dynamic e block size because the block size changed from 1 to 9
detect_structure.cc:93 Dynamic f block size because the block size changed from 6 to 9
detect_structure.cc:114 Schur complement static structure <-1,-1,-1>.
detect_structure.cc:63 Dynamic row block size because the block size changed from 2 to 15
detect_structure.cc:74 Dynamic e block size because the block size changed from 1 to 9
detect_structure.cc:93 Dynamic f block size because the block size changed from 6 to 9
detect_structure.cc:114 Schur complement static structure <-1,-1,-1>.
schur_eliminator.cc:155 Template specializations not found for <-1,-1,-1>
block_sparse_matrix.cc:208 Allocating values array with 262312 bytes.
detect_structure.cc:63 Dynamic row block size because the block size changed from 2 to 15
detect_structure.cc:74 Dynamic e block size because the block size changed from 1 to 9
detect_structure.cc:93 Dynamic f block size because the block size changed from 6 to 9
detect_structure.cc:114 Schur complement static structure <-1,-1,-1>.
detect_structure.cc:63 Dynamic row block size because the block size changed from 2 to 15
detect_structure.cc:74 Dynamic e block size because the block size changed from 1 to 9
detect_structure.cc:93 Dynamic f block size because the block size changed from 6 to 9
detect_structure.cc:114 Schur complement static structure <-1,-1,-1>.
schur_eliminator.cc:155 Template specializations not found for <-1,-1,-1>
[FeatureTracker] F-matrix: 148 → 98 (rejected 50, threshold=1)
block_sparse_matrix.cc:208 Allocating values array with 255656 bytes.
detect_structure.cc:63 Dynamic row block size because the block size changed from 2 to 15
detect_structure.cc:74 Dynamic e block size because the block size changed from 1 to 9
detect_structure.cc:93 Dynamic f block size because the block size changed from 6 to 9
detect_structure.cc:114 Schur complement static structure <-1,-1,-1>.
detect_structure.cc:63 Dynamic row block size because the block size changed from 2 to 15
detect_structure.cc:74 Dynamic e block size because the block size changed from 1 to 9
detect_structure.cc:93 Dynamic f block size because the block size changed from 6 to 9
detect_structure.cc:114 Schur complement static structure <-1,-1,-1>.
schur_eliminator.cc:155 Template specializations not found for <-1,-1,-1>
[FeatureTracker] F-matrix: 141 → 85 (rejected 56, threshold=1)
block_sparse_matrix.cc:208 Allocating values array with 243800 bytes.
detect_structure.cc:63 Dynamic row block size because the block size changed from 2 to 15
detect_structure.cc:74 Dynamic e block size because the block size changed from 1 to 9
detect_structure.cc:93 Dynamic f block size because the block size changed from 6 to 9
detect_structure.cc:114 Schur complement static structure <-1,-1,-1>.
detect_structure.cc:63 Dynamic row block size because the block size changed from 2 to 15
detect_structure.cc:74 Dynamic e block size because the block size changed from 1 to 9
detect_structure.cc:93 Dynamic f block size because the block size changed from 6 to 9
detect_structure.cc:114 Schur complement static structure <-1,-1,-1>.
schur_eliminator.cc:155 Template specializations not found for <-1,-1,-1>
block_sparse_matrix.cc:208 Allocating values array with 245256 bytes.
detect_structure.cc:63 Dynamic row block size because the block size changed from 2 to 15
detect_structure.cc:74 Dynamic e block size because the block size changed from 1 to 9
detect_structure.cc:93 Dynamic f block size because the block size changed from 6 to 9
detect_structure.cc:114 Schur complement static structure <-1,-1,-1>.
detect_structure.cc:63 Dynamic row block size because the block size changed from 2 to 15
detect_structure.cc:74 Dynamic e block size because the block size changed from 1 to 9
detect_structure.cc:93 Dynamic f block size because the block size changed from 6 to 9
detect_structure.cc:114 Schur complement static structure <-1,-1,-1>.
schur_eliminator.cc:155 Template specializations not found for <-1,-1,-1>
block_sparse_matrix.cc:208 Allocating values array with 244424 bytes.
detect_structure.cc:63 Dynamic row block size because the block size changed from 2 to 15
detect_structure.cc:74 Dynamic e block size because the block size changed from 1 to 9
detect_structure.cc:93 Dynamic f block size because the block size changed from 6 to 9
detect_structure.cc:114 Schur complement static structure <-1,-1,-1>.
detect_structure.cc:63 Dynamic row block size because the block size changed from 2 to 15
detect_structure.cc:74 Dynamic e block size because the block size changed from 1 to 9
detect_structure.cc:93 Dynamic f block size because the block size changed from 6 to 9
detect_structure.cc:114 Schur complement static structure <-1,-1,-1>.
schur_eliminator.cc:155 Template specializations not found for <-1,-1,-1>
block_sparse_matrix.cc:208 Allocating values array with 240472 bytes.
detect_structure.cc:63 Dynamic row block size because the block size changed from 2 to 15
detect_structure.cc:74 Dynamic e block size because the block size changed from 1 to 9
detect_structure.cc:93 Dynamic f block size because the block size changed from 6 to 9
detect_structure.cc:114 Schur complement static structure <-1,-1,-1>.
detect_structure.cc:63 Dynamic row block size because the block size changed from 2 to 15
detect_structure.cc:74 Dynamic e block size because the block size changed from 1 to 9
detect_structure.cc:93 Dynamic f block size because the block size changed from 6 to 9
detect_structure.cc:114 Schur complement static structure <-1,-1,-1>.
schur_eliminator.cc:155 Template specializations not found for <-1,-1,-1>
[Replay] 400/600 frames, 355 valid poses
block_sparse_matrix.cc:208 Allocating values array with 252328 bytes.
detect_structure.cc:63 Dynamic row block size because the block size changed from 2 to 15
detect_structure.cc:74 Dynamic e block size because the block size changed from 1 to 9
detect_structure.cc:93 Dynamic f block size because the block size changed from 6 to 9
detect_structure.cc:114 Schur complement static structure <-1,-1,-1>.
detect_structure.cc:63 Dynamic row block size because the block size changed from 2 to 15
detect_structure.cc:74 Dynamic e block size because the block size changed from 1 to 9
detect_structure.cc:93 Dynamic f block size because the block size changed from 6 to 9
detect_structure.cc:114 Schur complement static structure <-1,-1,-1>.
schur_eliminator.cc:155 Template specializations not found for <-1,-1,-1>
block_sparse_matrix.cc:208 Allocating values array with 259192 bytes.
detect_structure.cc:63 Dynamic row block size because the block size changed from 2 to 15
detect_structure.cc:74 Dynamic e block size because the block size changed from 1 to 9
detect_structure.cc:93 Dynamic f block size because the block size changed from 6 to 9
detect_structure.cc:114 Schur complement static structure <-1,-1,-1>.
detect_structure.cc:63 Dynamic row block size because the block size changed from 2 to 15
detect_structure.cc:74 Dynamic e block size because the block size changed from 1 to 9
detect_structure.cc:93 Dynamic f block size because the block size changed from 6 to 9
detect_structure.cc:114 Schur complement static structure <-1,-1,-1>.
schur_eliminator.cc:155 Template specializations not found for <-1,-1,-1>
block_sparse_matrix.cc:208 Allocating values array with 264808 bytes.
detect_structure.cc:63 Dynamic row block size because the block size changed from 2 to 15
detect_structure.cc:74 Dynamic e block size because the block size changed from 1 to 9
detect_structure.cc:93 Dynamic f block size because the block size changed from 6 to 9
detect_structure.cc:114 Schur complement static structure <-1,-1,-1>.
detect_structure.cc:63 Dynamic row block size because the block size changed from 2 to 15
detect_structure.cc:74 Dynamic e block size because the block size changed from 1 to 9
detect_structure.cc:93 Dynamic f block size because the block size changed from 6 to 9
detect_structure.cc:114 Schur complement static structure <-1,-1,-1>.
schur_eliminator.cc:155 Template specializations not found for <-1,-1,-1>
block_sparse_matrix.cc:208 Allocating values array with 269592 bytes.
detect_structure.cc:63 Dynamic row block size because the block size changed from 2 to 15
detect_structure.cc:74 Dynamic e block size because the block size changed from 1 to 9
detect_structure.cc:93 Dynamic f block size because the block size changed from 6 to 9
detect_structure.cc:114 Schur complement static structure <-1,-1,-1>.
detect_structure.cc:63 Dynamic row block size because the block size changed from 2 to 15
detect_structure.cc:74 Dynamic e block size because the block size changed from 1 to 9
detect_structure.cc:93 Dynamic f block size because the block size changed from 6 to 9
detect_structure.cc:114 Schur complement static structure <-1,-1,-1>.
schur_eliminator.cc:155 Template specializations not found for <-1,-1,-1>
block_sparse_matrix.cc:208 Allocating values array with 272504 bytes.
detect_structure.cc:63 Dynamic row block size because the block size changed from 2 to 15
detect_structure.cc:74 Dynamic e block size because the block size changed from 1 to 9
detect_structure.cc:93 Dynamic f block size because the block size changed from 6 to 9
detect_structure.cc:114 Schur complement static structure <-1,-1,-1>.
detect_structure.cc:63 Dynamic row block size because the block size changed from 2 to 15
detect_structure.cc:74 Dynamic e block size because the block size changed from 1 to 9
detect_structure.cc:93 Dynamic f block size because the block size changed from 6 to 9
detect_structure.cc:114 Schur complement static structure <-1,-1,-1>.
schur_eliminator.cc:155 Template specializations not found for <-1,-1,-1>
block_sparse_matrix.cc:208 Allocating values array with 277288 bytes.
detect_structure.cc:63 Dynamic row block size because the block size changed from 2 to 15
detect_structure.cc:74 Dynamic e block size because the block size changed from 1 to 9
detect_structure.cc:93 Dynamic f block size because the block size changed from 6 to 9
detect_structure.cc:114 Schur complement static structure <-1,-1,-1>.
detect_structure.cc:63 Dynamic row block size because the block size changed from 2 to 15
detect_structure.cc:74 Dynamic e block size because the block size changed from 1 to 9
detect_structure.cc:93 Dynamic f block size because the block size changed from 6 to 9
detect_structure.cc:114 Schur complement static structure <-1,-1,-1>.
schur_eliminator.cc:155 Template specializations not found for <-1,-1,-1>
[VIO DIAG] f=360 tri: ok=152 wait=7 fail=0 default=0 depth: avg=1.37406 min=0.483801 max=5.42492 |vel|=0.562498 vel=(-0.138413,-0.544761,0.0219358) ba=(-0.0244874,-0.0334935,-0.0388685) bg=(0.000218522,6.66062e-05,-0.000506634)
block_sparse_matrix.cc:208 Allocating values array with 282696 bytes.
detect_structure.cc:63 Dynamic row block size because the block size changed from 2 to 15
detect_structure.cc:74 Dynamic e block size because the block size changed from 1 to 9
detect_structure.cc:93 Dynamic f block size because the block size changed from 6 to 9
detect_structure.cc:114 Schur complement static structure <-1,-1,-1>.
detect_structure.cc:63 Dynamic row block size because the block size changed from 2 to 15
detect_structure.cc:74 Dynamic e block size because the block size changed from 1 to 9
detect_structure.cc:93 Dynamic f block size because the block size changed from 6 to 9
detect_structure.cc:114 Schur complement static structure <-1,-1,-1>.
schur_eliminator.cc:155 Template specializations not found for <-1,-1,-1>
block_sparse_matrix.cc:208 Allocating values array with 284568 bytes.
detect_structure.cc:63 Dynamic row block size because the block size changed from 2 to 15
detect_structure.cc:74 Dynamic e block size because the block size changed from 1 to 9
detect_structure.cc:93 Dynamic f block size because the block size changed from 6 to 9
detect_structure.cc:114 Schur complement static structure <-1,-1,-1>.
detect_structure.cc:63 Dynamic row block size because the block size changed from 2 to 15
detect_structure.cc:74 Dynamic e block size because the block size changed from 1 to 9
detect_structure.cc:93 Dynamic f block size because the block size changed from 6 to 9
detect_structure.cc:114 Schur complement static structure <-1,-1,-1>.
schur_eliminator.cc:155 Template specializations not found for <-1,-1,-1>
block_sparse_matrix.cc:208 Allocating values array with 289768 bytes.
detect_structure.cc:63 Dynamic row block size because the block size changed from 2 to 15
detect_structure.cc:74 Dynamic e block size because the block size changed from 1 to 9
detect_structure.cc:93 Dynamic f block size because the block size changed from 6 to 9
detect_structure.cc:114 Schur complement static structure <-1,-1,-1>.
detect_structure.cc:63 Dynamic row block size because the block size changed from 2 to 15
detect_structure.cc:74 Dynamic e block size because the block size changed from 1 to 9
detect_structure.cc:93 Dynamic f block size because the block size changed from 6 to 9
detect_structure.cc:114 Schur complement static structure <-1,-1,-1>.
schur_eliminator.cc:155 Template specializations not found for <-1,-1,-1>
block_sparse_matrix.cc:208 Allocating values array with 284568 bytes.
detect_structure.cc:63 Dynamic row block size because the block size changed from 2 to 15
detect_structure.cc:74 Dynamic e block size because the block size changed from 1 to 9
detect_structure.cc:93 Dynamic f block size because the block size changed from 6 to 9
detect_structure.cc:114 Schur complement static structure <-1,-1,-1>.
detect_structure.cc:63 Dynamic row block size because the block size changed from 2 to 15
detect_structure.cc:74 Dynamic e block size because the block size changed from 1 to 9
detect_structure.cc:93 Dynamic f block size because the block size changed from 6 to 9
detect_structure.cc:114 Schur complement static structure <-1,-1,-1>.
schur_eliminator.cc:155 Template specializations not found for <-1,-1,-1>
block_sparse_matrix.cc:208 Allocating values array with 281656 bytes.
detect_structure.cc:63 Dynamic row block size because the block size changed from 2 to 15
detect_structure.cc:74 Dynamic e block size because the block size changed from 1 to 9
detect_structure.cc:93 Dynamic f block size because the block size changed from 6 to 9
detect_structure.cc:114 Schur complement static structure <-1,-1,-1>.
detect_structure.cc:63 Dynamic row block size because the block size changed from 2 to 15
detect_structure.cc:74 Dynamic e block size because the block size changed from 1 to 9
detect_structure.cc:93 Dynamic f block size because the block size changed from 6 to 9
detect_structure.cc:114 Schur complement static structure <-1,-1,-1>.
schur_eliminator.cc:155 Template specializations not found for <-1,-1,-1>
block_sparse_matrix.cc:208 Allocating values array with 281032 bytes.
detect_structure.cc:63 Dynamic row block size because the block size changed from 2 to 15
detect_structure.cc:74 Dynamic e block size because the block size changed from 1 to 9
detect_structure.cc:93 Dynamic f block size because the block size changed from 6 to 9
detect_structure.cc:114 Schur complement static structure <-1,-1,-1>.
detect_structure.cc:63 Dynamic row block size because the block size changed from 2 to 15
detect_structure.cc:74 Dynamic e block size because the block size changed from 1 to 9
detect_structure.cc:93 Dynamic f block size because the block size changed from 6 to 9
detect_structure.cc:114 Schur complement static structure <-1,-1,-1>.
schur_eliminator.cc:155 Template specializations not found for <-1,-1,-1>
[FeatureTracker] F-matrix: 142 → 89 (rejected 53, threshold=1)
block_sparse_matrix.cc:208 Allocating values array with 272920 bytes.
detect_structure.cc:63 Dynamic row block size because the block size changed from 2 to 15
detect_structure.cc:74 Dynamic e block size because the block size changed from 1 to 9
detect_structure.cc:93 Dynamic f block size because the block size changed from 6 to 9
detect_structure.cc:114 Schur complement static structure <-1,-1,-1>.
detect_structure.cc:63 Dynamic row block size because the block size changed from 2 to 15
detect_structure.cc:74 Dynamic e block size because the block size changed from 1 to 9
detect_structure.cc:93 Dynamic f block size because the block size changed from 6 to 9
detect_structure.cc:114 Schur complement static structure <-1,-1,-1>.
schur_eliminator.cc:155 Template specializations not found for <-1,-1,-1>
block_sparse_matrix.cc:208 Allocating values array with 269800 bytes.
detect_structure.cc:63 Dynamic row block size because the block size changed from 2 to 15
detect_structure.cc:74 Dynamic e block size because the block size changed from 1 to 9
detect_structure.cc:93 Dynamic f block size because the block size changed from 6 to 9
detect_structure.cc:114 Schur complement static structure <-1,-1,-1>.
detect_structure.cc:63 Dynamic row block size because the block size changed from 2 to 15
detect_structure.cc:74 Dynamic e block size because the block size changed from 1 to 9
detect_structure.cc:93 Dynamic f block size because the block size changed from 6 to 9
detect_structure.cc:114 Schur complement static structure <-1,-1,-1>.
schur_eliminator.cc:155 Template specializations not found for <-1,-1,-1>
block_sparse_matrix.cc:208 Allocating values array with 266056 bytes.
detect_structure.cc:63 Dynamic row block size because the block size changed from 2 to 15
detect_structure.cc:74 Dynamic e block size because the block size changed from 1 to 9
detect_structure.cc:93 Dynamic f block size because the block size changed from 6 to 9
detect_structure.cc:114 Schur complement static structure <-1,-1,-1>.
detect_structure.cc:63 Dynamic row block size because the block size changed from 2 to 15
detect_structure.cc:74 Dynamic e block size because the block size changed from 1 to 9
detect_structure.cc:93 Dynamic f block size because the block size changed from 6 to 9
detect_structure.cc:114 Schur complement static structure <-1,-1,-1>.
schur_eliminator.cc:155 Template specializations not found for <-1,-1,-1>
block_sparse_matrix.cc:208 Allocating values array with 267304 bytes.
detect_structure.cc:63 Dynamic row block size because the block size changed from 2 to 15
detect_structure.cc:74 Dynamic e block size because the block size changed from 1 to 9
detect_structure.cc:93 Dynamic f block size because the block size changed from 6 to 9
detect_structure.cc:114 Schur complement static structure <-1,-1,-1>.
detect_structure.cc:63 Dynamic row block size because the block size changed from 2 to 15
detect_structure.cc:74 Dynamic e block size because the block size changed from 1 to 9
detect_structure.cc:93 Dynamic f block size because the block size changed from 6 to 9
detect_structure.cc:114 Schur complement static structure <-1,-1,-1>.
schur_eliminator.cc:155 Template specializations not found for <-1,-1,-1>
block_sparse_matrix.cc:208 Allocating values array with 258600 bytes.
detect_structure.cc:63 Dynamic row block size because the block size changed from 2 to 15
detect_structure.cc:74 Dynamic e block size because the block size changed from 1 to 9
detect_structure.cc:93 Dynamic f block size because the block size changed from 6 to 9
detect_structure.cc:114 Schur complement static structure <-1,-1,-1>.
detect_structure.cc:63 Dynamic row block size because the block size changed from 2 to 15
detect_structure.cc:74 Dynamic e block size because the block size changed from 1 to 9
detect_structure.cc:93 Dynamic f block size because the block size changed from 6 to 9
detect_structure.cc:114 Schur complement static structure <-1,-1,-1>.
schur_eliminator.cc:155 Template specializations not found for <-1,-1,-1>
block_sparse_matrix.cc:208 Allocating values array with 278120 bytes.
detect_structure.cc:63 Dynamic row block size because the block size changed from 2 to 15
detect_structure.cc:74 Dynamic e block size because the block size changed from 1 to 9
detect_structure.cc:93 Dynamic f block size because the block size changed from 6 to 9
detect_structure.cc:114 Schur complement static structure <-1,-1,-1>.
detect_structure.cc:63 Dynamic row block size because the block size changed from 2 to 15
detect_structure.cc:74 Dynamic e block size because the block size changed from 1 to 9
detect_structure.cc:93 Dynamic f block size because the block size changed from 6 to 9
detect_structure.cc:114 Schur complement static structure <-1,-1,-1>.
schur_eliminator.cc:155 Template specializations not found for <-1,-1,-1>
block_sparse_matrix.cc:208 Allocating values array with 278744 bytes.
detect_structure.cc:63 Dynamic row block size because the block size changed from 2 to 15
detect_structure.cc:74 Dynamic e block size because the block size changed from 1 to 9
detect_structure.cc:93 Dynamic f block size because the block size changed from 6 to 9
detect_structure.cc:114 Schur complement static structure <-1,-1,-1>.
detect_structure.cc:63 Dynamic row block size because the block size changed from 2 to 15
detect_structure.cc:74 Dynamic e block size because the block size changed from 1 to 9
detect_structure.cc:93 Dynamic f block size because the block size changed from 6 to 9
detect_structure.cc:114 Schur complement static structure <-1,-1,-1>.
schur_eliminator.cc:155 Template specializations not found for <-1,-1,-1>
block_sparse_matrix.cc:208 Allocating values array with 274168 bytes.
detect_structure.cc:63 Dynamic row block size because the block size changed from 2 to 15
detect_structure.cc:74 Dynamic e block size because the block size changed from 1 to 9
detect_structure.cc:93 Dynamic f block size because the block size changed from 6 to 9
detect_structure.cc:114 Schur complement static structure <-1,-1,-1>.
detect_structure.cc:63 Dynamic row block size because the block size changed from 2 to 15
detect_structure.cc:74 Dynamic e block size because the block size changed from 1 to 9
detect_structure.cc:93 Dynamic f block size because the block size changed from 6 to 9
detect_structure.cc:114 Schur complement static structure <-1,-1,-1>.
schur_eliminator.cc:155 Template specializations not found for <-1,-1,-1>
block_sparse_matrix.cc:208 Allocating values array with 275624 bytes.
detect_structure.cc:63 Dynamic row block size because the block size changed from 2 to 15
detect_structure.cc:74 Dynamic e block size because the block size changed from 1 to 9
detect_structure.cc:93 Dynamic f block size because the block size changed from 6 to 9
detect_structure.cc:114 Schur complement static structure <-1,-1,-1>.
detect_structure.cc:63 Dynamic row block size because the block size changed from 2 to 15
detect_structure.cc:74 Dynamic e block size because the block size changed from 1 to 9
detect_structure.cc:93 Dynamic f block size because the block size changed from 6 to 9
detect_structure.cc:114 Schur complement static structure <-1,-1,-1>.
schur_eliminator.cc:155 Template specializations not found for <-1,-1,-1>
block_sparse_matrix.cc:208 Allocating values array with 264600 bytes.
detect_structure.cc:63 Dynamic row block size because the block size changed from 2 to 15
detect_structure.cc:74 Dynamic e block size because the block size changed from 1 to 9
detect_structure.cc:93 Dynamic f block size because the block size changed from 6 to 9
detect_structure.cc:114 Schur complement static structure <-1,-1,-1>.
detect_structure.cc:63 Dynamic row block size because the block size changed from 2 to 15
detect_structure.cc:74 Dynamic e block size because the block size changed from 1 to 9
detect_structure.cc:93 Dynamic f block size because the block size changed from 6 to 9
detect_structure.cc:114 Schur complement static structure <-1,-1,-1>.
schur_eliminator.cc:155 Template specializations not found for <-1,-1,-1>
block_sparse_matrix.cc:208 Allocating values array with 244632 bytes.
detect_structure.cc:63 Dynamic row block size because the block size changed from 2 to 15
detect_structure.cc:74 Dynamic e block size because the block size changed from 1 to 9
detect_structure.cc:93 Dynamic f block size because the block size changed from 6 to 9
detect_structure.cc:114 Schur complement static structure <-1,-1,-1>.
detect_structure.cc:63 Dynamic row block size because the block size changed from 2 to 15
detect_structure.cc:74 Dynamic e block size because the block size changed from 1 to 9
detect_structure.cc:93 Dynamic f block size because the block size changed from 6 to 9
detect_structure.cc:114 Schur complement static structure <-1,-1,-1>.
schur_eliminator.cc:155 Template specializations not found for <-1,-1,-1>
block_sparse_matrix.cc:208 Allocating values array with 216760 bytes.
detect_structure.cc:63 Dynamic row block size because the block size changed from 2 to 15
detect_structure.cc:74 Dynamic e block size because the block size changed from 1 to 9
detect_structure.cc:93 Dynamic f block size because the block size changed from 6 to 9
detect_structure.cc:114 Schur complement static structure <-1,-1,-1>.
detect_structure.cc:63 Dynamic row block size because the block size changed from 2 to 15
detect_structure.cc:74 Dynamic e block size because the block size changed from 1 to 9
detect_structure.cc:93 Dynamic f block size because the block size changed from 6 to 9
detect_structure.cc:114 Schur complement static structure <-1,-1,-1>.
schur_eliminator.cc:155 Template specializations not found for <-1,-1,-1>
block_sparse_matrix.cc:208 Allocating values array with 213432 bytes.
detect_structure.cc:63 Dynamic row block size because the block size changed from 2 to 15
detect_structure.cc:74 Dynamic e block size because the block size changed from 1 to 9
detect_structure.cc:93 Dynamic f block size because the block size changed from 6 to 9
detect_structure.cc:114 Schur complement static structure <-1,-1,-1>.
detect_structure.cc:63 Dynamic row block size because the block size changed from 2 to 15
detect_structure.cc:74 Dynamic e block size because the block size changed from 1 to 9
detect_structure.cc:93 Dynamic f block size because the block size changed from 6 to 9
detect_structure.cc:114 Schur complement static structure <-1,-1,-1>.
schur_eliminator.cc:155 Template specializations not found for <-1,-1,-1>
block_sparse_matrix.cc:208 Allocating values array with 207608 bytes.
detect_structure.cc:63 Dynamic row block size because the block size changed from 2 to 15
detect_structure.cc:74 Dynamic e block size because the block size changed from 1 to 9
detect_structure.cc:93 Dynamic f block size because the block size changed from 6 to 9
detect_structure.cc:114 Schur complement static structure <-1,-1,-1>.
detect_structure.cc:63 Dynamic row block size because the block size changed from 2 to 15
detect_structure.cc:74 Dynamic e block size because the block size changed from 1 to 9
detect_structure.cc:93 Dynamic f block size because the block size changed from 6 to 9
detect_structure.cc:114 Schur complement static structure <-1,-1,-1>.
schur_eliminator.cc:155 Template specializations not found for <-1,-1,-1>
[VIO DIAG] f=380 tri: ok=122 wait=21 fail=0 default=0 depth: avg=0.851852 min=0.000818894 max=13.8094 |vel|=0.128053 vel=(0.086335,0.0700868,-0.0634959) ba=(-0.0436573,-0.130016,-0.0309676) bg=(9.18783e-05,8.6381e-05,-0.000529142)
block_sparse_matrix.cc:208 Allocating values array with 195544 bytes.
detect_structure.cc:63 Dynamic row block size because the block size changed from 2 to 15
detect_structure.cc:74 Dynamic e block size because the block size changed from 1 to 9
detect_structure.cc:93 Dynamic f block size because the block size changed from 6 to 9
detect_structure.cc:114 Schur complement static structure <-1,-1,-1>.
detect_structure.cc:63 Dynamic row block size because the block size changed from 2 to 15
detect_structure.cc:74 Dynamic e block size because the block size changed from 1 to 9
detect_structure.cc:93 Dynamic f block size because the block size changed from 6 to 9
detect_structure.cc:114 Schur complement static structure <-1,-1,-1>.
schur_eliminator.cc:155 Template specializations not found for <-1,-1,-1>
block_sparse_matrix.cc:208 Allocating values array with 204072 bytes.
detect_structure.cc:63 Dynamic row block size because the block size changed from 2 to 15
detect_structure.cc:74 Dynamic e block size because the block size changed from 1 to 9
detect_structure.cc:93 Dynamic f block size because the block size changed from 6 to 9
detect_structure.cc:114 Schur complement static structure <-1,-1,-1>.
detect_structure.cc:63 Dynamic row block size because the block size changed from 2 to 15
detect_structure.cc:74 Dynamic e block size because the block size changed from 1 to 9
detect_structure.cc:93 Dynamic f block size because the block size changed from 6 to 9
detect_structure.cc:114 Schur complement static structure <-1,-1,-1>.
schur_eliminator.cc:155 Template specializations not found for <-1,-1,-1>
block_sparse_matrix.cc:208 Allocating values array with 193704 bytes.
detect_structure.cc:63 Dynamic row block size because the block size changed from 2 to 15
detect_structure.cc:74 Dynamic e block size because the block size changed from 1 to 9
detect_structure.cc:93 Dynamic f block size because the block size changed from 6 to 9
detect_structure.cc:114 Schur complement static structure <-1,-1,-1>.
detect_structure.cc:63 Dynamic row block size because the block size changed from 2 to 15
detect_structure.cc:74 Dynamic e block size because the block size changed from 1 to 9
detect_structure.cc:93 Dynamic f block size because the block size changed from 6 to 9
detect_structure.cc:114 Schur complement static structure <-1,-1,-1>.
schur_eliminator.cc:155 Template specializations not found for <-1,-1,-1>
block_sparse_matrix.cc:208 Allocating values array with 208232 bytes.
detect_structure.cc:63 Dynamic row block size because the block size changed from 2 to 15
detect_structure.cc:74 Dynamic e block size because the block size changed from 1 to 9
detect_structure.cc:93 Dynamic f block size because the block size changed from 6 to 9
detect_structure.cc:114 Schur complement static structure <-1,-1,-1>.
detect_structure.cc:63 Dynamic row block size because the block size changed from 2 to 15
detect_structure.cc:74 Dynamic e block size because the block size changed from 1 to 9
detect_structure.cc:93 Dynamic f block size because the block size changed from 6 to 9
detect_structure.cc:114 Schur complement static structure <-1,-1,-1>.
schur_eliminator.cc:155 Template specializations not found for <-1,-1,-1>
block_sparse_matrix.cc:208 Allocating values array with 217800 bytes.
detect_structure.cc:63 Dynamic row block size because the block size changed from 2 to 15
detect_structure.cc:74 Dynamic e block size because the block size changed from 1 to 9
detect_structure.cc:93 Dynamic f block size because the block size changed from 6 to 9
detect_structure.cc:114 Schur complement static structure <-1,-1,-1>.
detect_structure.cc:63 Dynamic row block size because the block size changed from 2 to 15
detect_structure.cc:74 Dynamic e block size because the block size changed from 1 to 9
detect_structure.cc:93 Dynamic f block size because the block size changed from 6 to 9
detect_structure.cc:114 Schur complement static structure <-1,-1,-1>.
schur_eliminator.cc:155 Template specializations not found for <-1,-1,-1>
block_sparse_matrix.cc:208 Allocating values array with 218424 bytes.
detect_structure.cc:63 Dynamic row block size because the block size changed from 2 to 15
detect_structure.cc:74 Dynamic e block size because the block size changed from 1 to 9
detect_structure.cc:93 Dynamic f block size because the block size changed from 6 to 9
detect_structure.cc:114 Schur complement static structure <-1,-1,-1>.
detect_structure.cc:63 Dynamic row block size because the block size changed from 2 to 15
detect_structure.cc:74 Dynamic e block size because the block size changed from 1 to 9
detect_structure.cc:93 Dynamic f block size because the block size changed from 6 to 9
detect_structure.cc:114 Schur complement static structure <-1,-1,-1>.
schur_eliminator.cc:155 Template specializations not found for <-1,-1,-1>
block_sparse_matrix.cc:208 Allocating values array with 230280 bytes.
detect_structure.cc:63 Dynamic row block size because the block size changed from 2 to 15
detect_structure.cc:74 Dynamic e block size because the block size changed from 1 to 9
detect_structure.cc:93 Dynamic f block size because the block size changed from 6 to 9
detect_structure.cc:114 Schur complement static structure <-1,-1,-1>.
detect_structure.cc:63 Dynamic row block size because the block size changed from 2 to 15
detect_structure.cc:74 Dynamic e block size because the block size changed from 1 to 9
detect_structure.cc:93 Dynamic f block size because the block size changed from 6 to 9
detect_structure.cc:114 Schur complement static structure <-1,-1,-1>.
schur_eliminator.cc:155 Template specializations not found for <-1,-1,-1>
block_sparse_matrix.cc:208 Allocating values array with 238184 bytes.
detect_structure.cc:63 Dynamic row block size because the block size changed from 2 to 15
detect_structure.cc:74 Dynamic e block size because the block size changed from 1 to 9
detect_structure.cc:93 Dynamic f block size because the block size changed from 6 to 9
detect_structure.cc:114 Schur complement static structure <-1,-1,-1>.
detect_structure.cc:63 Dynamic row block size because the block size changed from 2 to 15
detect_structure.cc:74 Dynamic e block size because the block size changed from 1 to 9
detect_structure.cc:93 Dynamic f block size because the block size changed from 6 to 9
detect_structure.cc:114 Schur complement static structure <-1,-1,-1>.
schur_eliminator.cc:155 Template specializations not found for <-1,-1,-1>
block_sparse_matrix.cc:208 Allocating values array with 248168 bytes.
detect_structure.cc:63 Dynamic row block size because the block size changed from 2 to 15
detect_structure.cc:74 Dynamic e block size because the block size changed from 1 to 9
detect_structure.cc:93 Dynamic f block size because the block size changed from 6 to 9
detect_structure.cc:114 Schur complement static structure <-1,-1,-1>.
detect_structure.cc:63 Dynamic row block size because the block size changed from 2 to 15
detect_structure.cc:74 Dynamic e block size because the block size changed from 1 to 9
detect_structure.cc:93 Dynamic f block size because the block size changed from 6 to 9
detect_structure.cc:114 Schur complement static structure <-1,-1,-1>.
schur_eliminator.cc:155 Template specializations not found for <-1,-1,-1>
block_sparse_matrix.cc:208 Allocating values array with 258984 bytes.
detect_structure.cc:63 Dynamic row block size because the block size changed from 2 to 15
detect_structure.cc:74 Dynamic e block size because the block size changed from 1 to 9
detect_structure.cc:93 Dynamic f block size because the block size changed from 6 to 9
detect_structure.cc:114 Schur complement static structure <-1,-1,-1>.
detect_structure.cc:63 Dynamic row block size because the block size changed from 2 to 15
detect_structure.cc:74 Dynamic e block size because the block size changed from 1 to 9
detect_structure.cc:93 Dynamic f block size because the block size changed from 6 to 9
detect_structure.cc:114 Schur complement static structure <-1,-1,-1>.
schur_eliminator.cc:155 Template specializations not found for <-1,-1,-1>
block_sparse_matrix.cc:208 Allocating values array with 266888 bytes.
detect_structure.cc:63 Dynamic row block size because the block size changed from 2 to 15
detect_structure.cc:74 Dynamic e block size because the block size changed from 1 to 9
detect_structure.cc:93 Dynamic f block size because the block size changed from 6 to 9
detect_structure.cc:114 Schur complement static structure <-1,-1,-1>.
detect_structure.cc:63 Dynamic row block size because the block size changed from 2 to 15
detect_structure.cc:74 Dynamic e block size because the block size changed from 1 to 9
detect_structure.cc:93 Dynamic f block size because the block size changed from 6 to 9
detect_structure.cc:114 Schur complement static structure <-1,-1,-1>.
schur_eliminator.cc:155 Template specializations not found for <-1,-1,-1>
block_sparse_matrix.cc:208 Allocating values array with 269384 bytes.
detect_structure.cc:63 Dynamic row block size because the block size changed from 2 to 15
detect_structure.cc:74 Dynamic e block size because the block size changed from 1 to 9
detect_structure.cc:93 Dynamic f block size because the block size changed from 6 to 9
detect_structure.cc:114 Schur complement static structure <-1,-1,-1>.
detect_structure.cc:63 Dynamic row block size because the block size changed from 2 to 15
detect_structure.cc:74 Dynamic e block size because the block size changed from 1 to 9
detect_structure.cc:93 Dynamic f block size because the block size changed from 6 to 9
detect_structure.cc:114 Schur complement static structure <-1,-1,-1>.
schur_eliminator.cc:155 Template specializations not found for <-1,-1,-1>
block_sparse_matrix.cc:208 Allocating values array with 272504 bytes.
detect_structure.cc:63 Dynamic row block size because the block size changed from 2 to 15
detect_structure.cc:74 Dynamic e block size because the block size changed from 1 to 9
detect_structure.cc:93 Dynamic f block size because the block size changed from 6 to 9
detect_structure.cc:114 Schur complement static structure <-1,-1,-1>.
detect_structure.cc:63 Dynamic row block size because the block size changed from 2 to 15
detect_structure.cc:74 Dynamic e block size because the block size changed from 1 to 9
detect_structure.cc:93 Dynamic f block size because the block size changed from 6 to 9
detect_structure.cc:114 Schur complement static structure <-1,-1,-1>.
schur_eliminator.cc:155 Template specializations not found for <-1,-1,-1>
block_sparse_matrix.cc:208 Allocating values array with 278952 bytes.
detect_structure.cc:63 Dynamic row block size because the block size changed from 2 to 15
detect_structure.cc:74 Dynamic e block size because the block size changed from 1 to 9
detect_structure.cc:93 Dynamic f block size because the block size changed from 6 to 9
detect_structure.cc:114 Schur complement static structure <-1,-1,-1>.
detect_structure.cc:63 Dynamic row block size because the block size changed from 2 to 15
detect_structure.cc:74 Dynamic e block size because the block size changed from 1 to 9
detect_structure.cc:93 Dynamic f block size because the block size changed from 6 to 9
detect_structure.cc:114 Schur complement static structure <-1,-1,-1>.
schur_eliminator.cc:155 Template specializations not found for <-1,-1,-1>
block_sparse_matrix.cc:208 Allocating values array with 276456 bytes.
detect_structure.cc:63 Dynamic row block size because the block size changed from 2 to 15
detect_structure.cc:74 Dynamic e block size because the block size changed from 1 to 9
detect_structure.cc:93 Dynamic f block size because the block size changed from 6 to 9
detect_structure.cc:114 Schur complement static structure <-1,-1,-1>.
detect_structure.cc:63 Dynamic row block size because the block size changed from 2 to 15
detect_structure.cc:74 Dynamic e block size because the block size changed from 1 to 9
detect_structure.cc:93 Dynamic f block size because the block size changed from 6 to 9
detect_structure.cc:114 Schur complement static structure <-1,-1,-1>.
schur_eliminator.cc:155 Template specializations not found for <-1,-1,-1>
block_sparse_matrix.cc:208 Allocating values array with 274584 bytes.
detect_structure.cc:63 Dynamic row block size because the block size changed from 2 to 15
detect_structure.cc:74 Dynamic e block size because the block size changed from 1 to 9
detect_structure.cc:93 Dynamic f block size because the block size changed from 6 to 9
detect_structure.cc:114 Schur complement static structure <-1,-1,-1>.
detect_structure.cc:63 Dynamic row block size because the block size changed from 2 to 15
detect_structure.cc:74 Dynamic e block size because the block size changed from 1 to 9
detect_structure.cc:93 Dynamic f block size because the block size changed from 6 to 9
detect_structure.cc:114 Schur complement static structure <-1,-1,-1>.
schur_eliminator.cc:155 Template specializations not found for <-1,-1,-1>
[FeatureTracker] F-matrix: 150 → 100 (rejected 50, threshold=1)
block_sparse_matrix.cc:208 Allocating values array with 270632 bytes.
detect_structure.cc:63 Dynamic row block size because the block size changed from 2 to 15
detect_structure.cc:74 Dynamic e block size because the block size changed from 1 to 9
detect_structure.cc:93 Dynamic f block size because the block size changed from 6 to 9
detect_structure.cc:114 Schur complement static structure <-1,-1,-1>.
detect_structure.cc:63 Dynamic row block size because the block size changed from 2 to 15
detect_structure.cc:74 Dynamic e block size because the block size changed from 1 to 9
detect_structure.cc:93 Dynamic f block size because the block size changed from 6 to 9
detect_structure.cc:114 Schur complement static structure <-1,-1,-1>.
schur_eliminator.cc:155 Template specializations not found for <-1,-1,-1>
[FeatureTracker] F-matrix: 148 → 94 (rejected 54, threshold=1)
block_sparse_matrix.cc:208 Allocating values array with 264808 bytes.
detect_structure.cc:63 Dynamic row block size because the block size changed from 2 to 15
detect_structure.cc:74 Dynamic e block size because the block size changed from 1 to 9
detect_structure.cc:93 Dynamic f block size because the block size changed from 6 to 9
detect_structure.cc:114 Schur complement static structure <-1,-1,-1>.
detect_structure.cc:63 Dynamic row block size because the block size changed from 2 to 15
detect_structure.cc:74 Dynamic e block size because the block size changed from 1 to 9
detect_structure.cc:93 Dynamic f block size because the block size changed from 6 to 9
detect_structure.cc:114 Schur complement static structure <-1,-1,-1>.
schur_eliminator.cc:155 Template specializations not found for <-1,-1,-1>
[FeatureTracker] F-matrix: 150 → 100 (rejected 50, threshold=1)
block_sparse_matrix.cc:208 Allocating values array with 255032 bytes.
detect_structure.cc:63 Dynamic row block size because the block size changed from 2 to 15
detect_structure.cc:74 Dynamic e block size because the block size changed from 1 to 9
detect_structure.cc:93 Dynamic f block size because the block size changed from 6 to 9
detect_structure.cc:114 Schur complement static structure <-1,-1,-1>.
detect_structure.cc:63 Dynamic row block size because the block size changed from 2 to 15
detect_structure.cc:74 Dynamic e block size because the block size changed from 1 to 9
detect_structure.cc:93 Dynamic f block size because the block size changed from 6 to 9
detect_structure.cc:114 Schur complement static structure <-1,-1,-1>.
schur_eliminator.cc:155 Template specializations not found for <-1,-1,-1>
[FeatureTracker] F-matrix: 143 → 71 (rejected 72, threshold=1)
block_sparse_matrix.cc:208 Allocating values array with 243800 bytes.
detect_structure.cc:63 Dynamic row block size because the block size changed from 2 to 15
detect_structure.cc:74 Dynamic e block size because the block size changed from 1 to 9
detect_structure.cc:93 Dynamic f block size because the block size changed from 6 to 9
detect_structure.cc:114 Schur complement static structure <-1,-1,-1>.
detect_structure.cc:63 Dynamic row block size because the block size changed from 2 to 15
detect_structure.cc:74 Dynamic e block size because the block size changed from 1 to 9
detect_structure.cc:93 Dynamic f block size because the block size changed from 6 to 9
detect_structure.cc:114 Schur complement static structure <-1,-1,-1>.
schur_eliminator.cc:155 Template specializations not found for <-1,-1,-1>
[VIO DIAG] f=400 tri: ok=159 wait=14 fail=0 default=1 depth: avg=1.83985 min=0.280594 max=6.6228 |vel|=0.529141 vel=(-0.492033,0.125077,0.149161) ba=(-0.00896113,-0.151646,-0.0282983) bg=(-4.92886e-05,-9.47323e-05,-0.000409716)
[FeatureTracker] F-matrix: 150 → 100 (rejected 50, threshold=1)
block_sparse_matrix.cc:208 Allocating values array with 232776 bytes.
detect_structure.cc:63 Dynamic row block size because the block size changed from 2 to 15
detect_structure.cc:74 Dynamic e block size because the block size changed from 1 to 9
detect_structure.cc:93 Dynamic f block size because the block size changed from 6 to 9
detect_structure.cc:114 Schur complement static structure <-1,-1,-1>.
detect_structure.cc:63 Dynamic row block size because the block size changed from 2 to 15
detect_structure.cc:74 Dynamic e block size because the block size changed from 1 to 9
detect_structure.cc:93 Dynamic f block size because the block size changed from 6 to 9
detect_structure.cc:114 Schur complement static structure <-1,-1,-1>.
schur_eliminator.cc:155 Template specializations not found for <-1,-1,-1>
block_sparse_matrix.cc:208 Allocating values array with 220712 bytes.
detect_structure.cc:63 Dynamic row block size because the block size changed from 2 to 15
detect_structure.cc:74 Dynamic e block size because the block size changed from 1 to 9
detect_structure.cc:93 Dynamic f block size because the block size changed from 6 to 9
detect_structure.cc:114 Schur complement static structure <-1,-1,-1>.
detect_structure.cc:63 Dynamic row block size because the block size changed from 2 to 15
detect_structure.cc:74 Dynamic e block size because the block size changed from 1 to 9
detect_structure.cc:93 Dynamic f block size because the block size changed from 6 to 9
detect_structure.cc:114 Schur complement static structure <-1,-1,-1>.
schur_eliminator.cc:155 Template specializations not found for <-1,-1,-1>
block_sparse_matrix.cc:208 Allocating values array with 211352 bytes.
detect_structure.cc:63 Dynamic row block size because the block size changed from 2 to 15
detect_structure.cc:74 Dynamic e block size because the block size changed from 1 to 9
detect_structure.cc:93 Dynamic f block size because the block size changed from 6 to 9
detect_structure.cc:114 Schur complement static structure <-1,-1,-1>.
detect_structure.cc:63 Dynamic row block size because the block size changed from 2 to 15
detect_structure.cc:74 Dynamic e block size because the block size changed from 1 to 9
detect_structure.cc:93 Dynamic f block size because the block size changed from 6 to 9
detect_structure.cc:114 Schur complement static structure <-1,-1,-1>.
schur_eliminator.cc:155 Template specializations not found for <-1,-1,-1>
block_sparse_matrix.cc:208 Allocating values array with 222584 bytes.
detect_structure.cc:63 Dynamic row block size because the block size changed from 2 to 15
detect_structure.cc:74 Dynamic e block size because the block size changed from 1 to 9
detect_structure.cc:93 Dynamic f block size because the block size changed from 6 to 9
detect_structure.cc:114 Schur complement static structure <-1,-1,-1>.
detect_structure.cc:63 Dynamic row block size because the block size changed from 2 to 15
detect_structure.cc:74 Dynamic e block size because the block size changed from 1 to 9
detect_structure.cc:93 Dynamic f block size because the block size changed from 6 to 9
detect_structure.cc:114 Schur complement static structure <-1,-1,-1>.
schur_eliminator.cc:155 Template specializations not found for <-1,-1,-1>
block_sparse_matrix.cc:208 Allocating values array with 211144 bytes.
detect_structure.cc:63 Dynamic row block size because the block size changed from 2 to 15
detect_structure.cc:74 Dynamic e block size because the block size changed from 1 to 9
detect_structure.cc:93 Dynamic f block size because the block size changed from 6 to 9
detect_structure.cc:114 Schur complement static structure <-1,-1,-1>.
detect_structure.cc:63 Dynamic row block size because the block size changed from 2 to 15
detect_structure.cc:74 Dynamic e block size because the block size changed from 1 to 9
detect_structure.cc:93 Dynamic f block size because the block size changed from 6 to 9
detect_structure.cc:114 Schur complement static structure <-1,-1,-1>.
schur_eliminator.cc:155 Template specializations not found for <-1,-1,-1>
block_sparse_matrix.cc:208 Allocating values array with 204904 bytes.
detect_structure.cc:63 Dynamic row block size because the block size changed from 2 to 15
detect_structure.cc:74 Dynamic e block size because the block size changed from 1 to 9
detect_structure.cc:93 Dynamic f block size because the block size changed from 6 to 9
detect_structure.cc:114 Schur complement static structure <-1,-1,-1>.
detect_structure.cc:63 Dynamic row block size because the block size changed from 2 to 15
detect_structure.cc:74 Dynamic e block size because the block size changed from 1 to 9
detect_structure.cc:93 Dynamic f block size because the block size changed from 6 to 9
detect_structure.cc:114 Schur complement static structure <-1,-1,-1>.
schur_eliminator.cc:155 Template specializations not found for <-1,-1,-1>
block_sparse_matrix.cc:208 Allocating values array with 202200 bytes.
detect_structure.cc:63 Dynamic row block size because the block size changed from 2 to 15
detect_structure.cc:74 Dynamic e block size because the block size changed from 1 to 9
detect_structure.cc:93 Dynamic f block size because the block size changed from 6 to 9
detect_structure.cc:114 Schur complement static structure <-1,-1,-1>.
detect_structure.cc:63 Dynamic row block size because the block size changed from 2 to 15
detect_structure.cc:74 Dynamic e block size because the block size changed from 1 to 9
detect_structure.cc:93 Dynamic f block size because the block size changed from 6 to 9
detect_structure.cc:114 Schur complement static structure <-1,-1,-1>.
schur_eliminator.cc:155 Template specializations not found for <-1,-1,-1>
[FeatureTracker] F-matrix: 133 → 75 (rejected 58, threshold=1)
block_sparse_matrix.cc:208 Allocating values array with 209272 bytes.
detect_structure.cc:63 Dynamic row block size because the block size changed from 2 to 15
detect_structure.cc:74 Dynamic e block size because the block size changed from 1 to 9
detect_structure.cc:93 Dynamic f block size because the block size changed from 6 to 9
detect_structure.cc:114 Schur complement static structure <-1,-1,-1>.
detect_structure.cc:63 Dynamic row block size because the block size changed from 2 to 15
detect_structure.cc:74 Dynamic e block size because the block size changed from 1 to 9
detect_structure.cc:93 Dynamic f block size because the block size changed from 6 to 9
detect_structure.cc:114 Schur complement static structure <-1,-1,-1>.
schur_eliminator.cc:155 Template specializations not found for <-1,-1,-1>
block_sparse_matrix.cc:208 Allocating values array with 210312 bytes.
detect_structure.cc:63 Dynamic row block size because the block size changed from 2 to 15
detect_structure.cc:74 Dynamic e block size because the block size changed from 1 to 9
detect_structure.cc:93 Dynamic f block size because the block size changed from 6 to 9
detect_structure.cc:114 Schur complement static structure <-1,-1,-1>.
detect_structure.cc:63 Dynamic row block size because the block size changed from 2 to 15
detect_structure.cc:74 Dynamic e block size because the block size changed from 1 to 9
detect_structure.cc:93 Dynamic f block size because the block size changed from 6 to 9
detect_structure.cc:114 Schur complement static structure <-1,-1,-1>.
schur_eliminator.cc:155 Template specializations not found for <-1,-1,-1>
block_sparse_matrix.cc:208 Allocating values array with 209480 bytes.
detect_structure.cc:63 Dynamic row block size because the block size changed from 2 to 15
detect_structure.cc:74 Dynamic e block size because the block size changed from 1 to 9
detect_structure.cc:93 Dynamic f block size because the block size changed from 6 to 9
detect_structure.cc:114 Schur complement static structure <-1,-1,-1>.
detect_structure.cc:63 Dynamic row block size because the block size changed from 2 to 15
detect_structure.cc:74 Dynamic e block size because the block size changed from 1 to 9
detect_structure.cc:93 Dynamic f block size because the block size changed from 6 to 9
detect_structure.cc:114 Schur complement static structure <-1,-1,-1>.
schur_eliminator.cc:155 Template specializations not found for <-1,-1,-1>
block_sparse_matrix.cc:208 Allocating values array with 201992 bytes.
detect_structure.cc:63 Dynamic row block size because the block size changed from 2 to 15
detect_structure.cc:74 Dynamic e block size because the block size changed from 1 to 9
detect_structure.cc:93 Dynamic f block size because the block size changed from 6 to 9
detect_structure.cc:114 Schur complement static structure <-1,-1,-1>.
detect_structure.cc:63 Dynamic row block size because the block size changed from 2 to 15
detect_structure.cc:74 Dynamic e block size because the block size changed from 1 to 9
detect_structure.cc:93 Dynamic f block size because the block size changed from 6 to 9
detect_structure.cc:114 Schur complement static structure <-1,-1,-1>.
schur_eliminator.cc:155 Template specializations not found for <-1,-1,-1>
block_sparse_matrix.cc:208 Allocating values array with 198040 bytes.
detect_structure.cc:63 Dynamic row block size because the block size changed from 2 to 15
detect_structure.cc:74 Dynamic e block size because the block size changed from 1 to 9
detect_structure.cc:93 Dynamic f block size because the block size changed from 6 to 9
detect_structure.cc:114 Schur complement static structure <-1,-1,-1>.
detect_structure.cc:63 Dynamic row block size because the block size changed from 2 to 15
detect_structure.cc:74 Dynamic e block size because the block size changed from 1 to 9
detect_structure.cc:93 Dynamic f block size because the block size changed from 6 to 9
detect_structure.cc:114 Schur complement static structure <-1,-1,-1>.
schur_eliminator.cc:155 Template specializations not found for <-1,-1,-1>
[FeatureTracker] F-matrix: 145 → 100 (rejected 45, threshold=1)
block_sparse_matrix.cc:208 Allocating values array with 202616 bytes.
detect_structure.cc:63 Dynamic row block size because the block size changed from 2 to 15
detect_structure.cc:74 Dynamic e block size because the block size changed from 1 to 9
detect_structure.cc:93 Dynamic f block size because the block size changed from 6 to 9
detect_structure.cc:114 Schur complement static structure <-1,-1,-1>.
detect_structure.cc:63 Dynamic row block size because the block size changed from 2 to 15
detect_structure.cc:74 Dynamic e block size because the block size changed from 1 to 9
detect_structure.cc:93 Dynamic f block size because the block size changed from 6 to 9
detect_structure.cc:114 Schur complement static structure <-1,-1,-1>.
schur_eliminator.cc:155 Template specializations not found for <-1,-1,-1>
[FeatureTracker] F-matrix: 149 → 100 (rejected 49, threshold=1)
block_sparse_matrix.cc:208 Allocating values array with 210936 bytes.
detect_structure.cc:63 Dynamic row block size because the block size changed from 2 to 15
detect_structure.cc:74 Dynamic e block size because the block size changed from 1 to 9
detect_structure.cc:93 Dynamic f block size because the block size changed from 6 to 9
detect_structure.cc:114 Schur complement static structure <-1,-1,-1>.
detect_structure.cc:63 Dynamic row block size because the block size changed from 2 to 15
detect_structure.cc:74 Dynamic e block size because the block size changed from 1 to 9
detect_structure.cc:93 Dynamic f block size because the block size changed from 6 to 9
detect_structure.cc:114 Schur complement static structure <-1,-1,-1>.
schur_eliminator.cc:155 Template specializations not found for <-1,-1,-1>
[FeatureTracker] F-matrix: 149 → 100 (rejected 49, threshold=1)
block_sparse_matrix.cc:208 Allocating values array with 221336 bytes.
detect_structure.cc:63 Dynamic row block size because the block size changed from 2 to 15
detect_structure.cc:74 Dynamic e block size because the block size changed from 1 to 9
detect_structure.cc:93 Dynamic f block size because the block size changed from 6 to 9
detect_structure.cc:114 Schur complement static structure <-1,-1,-1>.
detect_structure.cc:63 Dynamic row block size because the block size changed from 2 to 15
detect_structure.cc:74 Dynamic e block size because the block size changed from 1 to 9
detect_structure.cc:93 Dynamic f block size because the block size changed from 6 to 9
detect_structure.cc:114 Schur complement static structure <-1,-1,-1>.
schur_eliminator.cc:155 Template specializations not found for <-1,-1,-1>
[FeatureTracker] F-matrix: 126 → 61 (rejected 65, threshold=1)
block_sparse_matrix.cc:208 Allocating values array with 218424 bytes.
detect_structure.cc:63 Dynamic row block size because the block size changed from 2 to 15
detect_structure.cc:74 Dynamic e block size because the block size changed from 1 to 9
detect_structure.cc:93 Dynamic f block size because the block size changed from 6 to 9
detect_structure.cc:114 Schur complement static structure <-1,-1,-1>.
detect_structure.cc:63 Dynamic row block size because the block size changed from 2 to 15
detect_structure.cc:74 Dynamic e block size because the block size changed from 1 to 9
detect_structure.cc:93 Dynamic f block size because the block size changed from 6 to 9
detect_structure.cc:114 Schur complement static structure <-1,-1,-1>.
schur_eliminator.cc:155 Template specializations not found for <-1,-1,-1>
block_sparse_matrix.cc:208 Allocating values array with 212600 bytes.
detect_structure.cc:63 Dynamic row block size because the block size changed from 2 to 15
detect_structure.cc:74 Dynamic e block size because the block size changed from 1 to 9
detect_structure.cc:93 Dynamic f block size because the block size changed from 6 to 9
detect_structure.cc:114 Schur complement static structure <-1,-1,-1>.
detect_structure.cc:63 Dynamic row block size because the block size changed from 2 to 15
detect_structure.cc:74 Dynamic e block size because the block size changed from 1 to 9
detect_structure.cc:93 Dynamic f block size because the block size changed from 6 to 9
detect_structure.cc:114 Schur complement static structure <-1,-1,-1>.
schur_eliminator.cc:155 Template specializations not found for <-1,-1,-1>
[FeatureTracker] F-matrix: 144 → 99 (rejected 45, threshold=1)
block_sparse_matrix.cc:208 Allocating values array with 214264 bytes.
detect_structure.cc:63 Dynamic row block size because the block size changed from 2 to 15
detect_structure.cc:74 Dynamic e block size because the block size changed from 1 to 9
detect_structure.cc:93 Dynamic f block size because the block size changed from 6 to 9
detect_structure.cc:114 Schur complement static structure <-1,-1,-1>.
detect_structure.cc:63 Dynamic row block size because the block size changed from 2 to 15
detect_structure.cc:74 Dynamic e block size because the block size changed from 1 to 9
detect_structure.cc:93 Dynamic f block size because the block size changed from 6 to 9
detect_structure.cc:114 Schur complement static structure <-1,-1,-1>.
schur_eliminator.cc:155 Template specializations not found for <-1,-1,-1>
[FeatureTracker] F-matrix: 146 → 90 (rejected 56, threshold=1)
block_sparse_matrix.cc:208 Allocating values array with 213848 bytes.
detect_structure.cc:63 Dynamic row block size because the block size changed from 2 to 15
detect_structure.cc:74 Dynamic e block size because the block size changed from 1 to 9
detect_structure.cc:93 Dynamic f block size because the block size changed from 6 to 9
detect_structure.cc:114 Schur complement static structure <-1,-1,-1>.
detect_structure.cc:63 Dynamic row block size because the block size changed from 2 to 15
detect_structure.cc:74 Dynamic e block size because the block size changed from 1 to 9
detect_structure.cc:93 Dynamic f block size because the block size changed from 6 to 9
detect_structure.cc:114 Schur complement static structure <-1,-1,-1>.
schur_eliminator.cc:155 Template specializations not found for <-1,-1,-1>
[FeatureTracker] F-matrix: 146 → 101 (rejected 45, threshold=1)
block_sparse_matrix.cc:208 Allocating values array with 220712 bytes.
detect_structure.cc:63 Dynamic row block size because the block size changed from 2 to 15
detect_structure.cc:74 Dynamic e block size because the block size changed from 1 to 9
detect_structure.cc:93 Dynamic f block size because the block size changed from 6 to 9
detect_structure.cc:114 Schur complement static structure <-1,-1,-1>.
detect_structure.cc:63 Dynamic row block size because the block size changed from 2 to 15
detect_structure.cc:74 Dynamic e block size because the block size changed from 1 to 9
detect_structure.cc:93 Dynamic f block size because the block size changed from 6 to 9
detect_structure.cc:114 Schur complement static structure <-1,-1,-1>.
schur_eliminator.cc:155 Template specializations not found for <-1,-1,-1>
[VIO DIAG] f=420 tri: ok=154 wait=5 fail=0 default=0 depth: avg=1.31991 min=0.451776 max=14.9904 |vel|=0.480053 vel=(-0.174852,-0.182311,0.408217) ba=(-0.0228428,-0.184091,-0.0267436) bg=(-7.62401e-05,-0.000208029,-0.000412368)
[FeatureTracker] F-matrix: 144 → 83 (rejected 61, threshold=1)
block_sparse_matrix.cc:208 Allocating values array with 216968 bytes.
detect_structure.cc:63 Dynamic row block size because the block size changed from 2 to 15
detect_structure.cc:74 Dynamic e block size because the block size changed from 1 to 9
detect_structure.cc:93 Dynamic f block size because the block size changed from 6 to 9
detect_structure.cc:114 Schur complement static structure <-1,-1,-1>.
detect_structure.cc:63 Dynamic row block size because the block size changed from 2 to 15
detect_structure.cc:74 Dynamic e block size because the block size changed from 1 to 9
detect_structure.cc:93 Dynamic f block size because the block size changed from 6 to 9
detect_structure.cc:114 Schur complement static structure <-1,-1,-1>.
schur_eliminator.cc:155 Template specializations not found for <-1,-1,-1>
[FeatureTracker] F-matrix: 145 → 97 (rejected 48, threshold=1)
block_sparse_matrix.cc:208 Allocating values array with 211352 bytes.
detect_structure.cc:63 Dynamic row block size because the block size changed from 2 to 15
detect_structure.cc:74 Dynamic e block size because the block size changed from 1 to 9
detect_structure.cc:93 Dynamic f block size because the block size changed from 6 to 9
detect_structure.cc:114 Schur complement static structure <-1,-1,-1>.
detect_structure.cc:63 Dynamic row block size because the block size changed from 2 to 15
detect_structure.cc:74 Dynamic e block size because the block size changed from 1 to 9
detect_structure.cc:93 Dynamic f block size because the block size changed from 6 to 9
detect_structure.cc:114 Schur complement static structure <-1,-1,-1>.
schur_eliminator.cc:155 Template specializations not found for <-1,-1,-1>
block_sparse_matrix.cc:208 Allocating values array with 210104 bytes.
detect_structure.cc:63 Dynamic row block size because the block size changed from 2 to 15
detect_structure.cc:74 Dynamic e block size because the block size changed from 1 to 9
detect_structure.cc:93 Dynamic f block size because the block size changed from 6 to 9
detect_structure.cc:114 Schur complement static structure <-1,-1,-1>.
detect_structure.cc:63 Dynamic row block size because the block size changed from 2 to 15
detect_structure.cc:74 Dynamic e block size because the block size changed from 1 to 9
detect_structure.cc:93 Dynamic f block size because the block size changed from 6 to 9
detect_structure.cc:114 Schur complement static structure <-1,-1,-1>.
schur_eliminator.cc:155 Template specializations not found for <-1,-1,-1>
[FeatureTracker] F-matrix: 147 → 93 (rejected 54, threshold=1)
block_sparse_matrix.cc:208 Allocating values array with 205736 bytes.
detect_structure.cc:63 Dynamic row block size because the block size changed from 2 to 15
detect_structure.cc:74 Dynamic e block size because the block size changed from 1 to 9
detect_structure.cc:93 Dynamic f block size because the block size changed from 6 to 9
detect_structure.cc:114 Schur complement static structure <-1,-1,-1>.
detect_structure.cc:63 Dynamic row block size because the block size changed from 2 to 15
detect_structure.cc:74 Dynamic e block size because the block size changed from 1 to 9
detect_structure.cc:93 Dynamic f block size because the block size changed from 6 to 9
detect_structure.cc:114 Schur complement static structure <-1,-1,-1>.
schur_eliminator.cc:155 Template specializations not found for <-1,-1,-1>
block_sparse_matrix.cc:208 Allocating values array with 209896 bytes.
detect_structure.cc:63 Dynamic row block size because the block size changed from 2 to 15
detect_structure.cc:74 Dynamic e block size because the block size changed from 1 to 9
detect_structure.cc:93 Dynamic f block size because the block size changed from 6 to 9
detect_structure.cc:114 Schur complement static structure <-1,-1,-1>.
detect_structure.cc:63 Dynamic row block size because the block size changed from 2 to 15
detect_structure.cc:74 Dynamic e block size because the block size changed from 1 to 9
detect_structure.cc:93 Dynamic f block size because the block size changed from 6 to 9
detect_structure.cc:114 Schur complement static structure <-1,-1,-1>.
schur_eliminator.cc:155 Template specializations not found for <-1,-1,-1>
block_sparse_matrix.cc:208 Allocating values array with 216136 bytes.
detect_structure.cc:63 Dynamic row block size because the block size changed from 2 to 15
detect_structure.cc:74 Dynamic e block size because the block size changed from 1 to 9
detect_structure.cc:93 Dynamic f block size because the block size changed from 6 to 9
detect_structure.cc:114 Schur complement static structure <-1,-1,-1>.
detect_structure.cc:63 Dynamic row block size because the block size changed from 2 to 15
detect_structure.cc:74 Dynamic e block size because the block size changed from 1 to 9
detect_structure.cc:93 Dynamic f block size because the block size changed from 6 to 9
detect_structure.cc:114 Schur complement static structure <-1,-1,-1>.
schur_eliminator.cc:155 Template specializations not found for <-1,-1,-1>
block_sparse_matrix.cc:208 Allocating values array with 226120 bytes.
detect_structure.cc:63 Dynamic row block size because the block size changed from 2 to 15
detect_structure.cc:74 Dynamic e block size because the block size changed from 1 to 9
detect_structure.cc:93 Dynamic f block size because the block size changed from 6 to 9
detect_structure.cc:114 Schur complement static structure <-1,-1,-1>.
detect_structure.cc:63 Dynamic row block size because the block size changed from 2 to 15
detect_structure.cc:74 Dynamic e block size because the block size changed from 1 to 9
detect_structure.cc:93 Dynamic f block size because the block size changed from 6 to 9
detect_structure.cc:114 Schur complement static structure <-1,-1,-1>.
schur_eliminator.cc:155 Template specializations not found for <-1,-1,-1>
block_sparse_matrix.cc:208 Allocating values array with 239224 bytes.
detect_structure.cc:63 Dynamic row block size because the block size changed from 2 to 15
detect_structure.cc:74 Dynamic e block size because the block size changed from 1 to 9
detect_structure.cc:93 Dynamic f block size because the block size changed from 6 to 9
detect_structure.cc:114 Schur complement static structure <-1,-1,-1>.
detect_structure.cc:63 Dynamic row block size because the block size changed from 2 to 15
detect_structure.cc:74 Dynamic e block size because the block size changed from 1 to 9
detect_structure.cc:93 Dynamic f block size because the block size changed from 6 to 9
detect_structure.cc:114 Schur complement static structure <-1,-1,-1>.
schur_eliminator.cc:155 Template specializations not found for <-1,-1,-1>
block_sparse_matrix.cc:208 Allocating values array with 249000 bytes.
detect_structure.cc:63 Dynamic row block size because the block size changed from 2 to 15
detect_structure.cc:74 Dynamic e block size because the block size changed from 1 to 9
detect_structure.cc:93 Dynamic f block size because the block size changed from 6 to 9
detect_structure.cc:114 Schur complement static structure <-1,-1,-1>.
detect_structure.cc:63 Dynamic row block size because the block size changed from 2 to 15
detect_structure.cc:74 Dynamic e block size because the block size changed from 1 to 9
detect_structure.cc:93 Dynamic f block size because the block size changed from 6 to 9
detect_structure.cc:114 Schur complement static structure <-1,-1,-1>.
schur_eliminator.cc:155 Template specializations not found for <-1,-1,-1>
block_sparse_matrix.cc:208 Allocating values array with 259400 bytes.
detect_structure.cc:63 Dynamic row block size because the block size changed from 2 to 15
detect_structure.cc:74 Dynamic e block size because the block size changed from 1 to 9
detect_structure.cc:93 Dynamic f block size because the block size changed from 6 to 9
detect_structure.cc:114 Schur complement static structure <-1,-1,-1>.
detect_structure.cc:63 Dynamic row block size because the block size changed from 2 to 15
detect_structure.cc:74 Dynamic e block size because the block size changed from 1 to 9
detect_structure.cc:93 Dynamic f block size because the block size changed from 6 to 9
detect_structure.cc:114 Schur complement static structure <-1,-1,-1>.
schur_eliminator.cc:155 Template specializations not found for <-1,-1,-1>
block_sparse_matrix.cc:208 Allocating values array with 263352 bytes.
detect_structure.cc:63 Dynamic row block size because the block size changed from 2 to 15
detect_structure.cc:74 Dynamic e block size because the block size changed from 1 to 9
detect_structure.cc:93 Dynamic f block size because the block size changed from 6 to 9
detect_structure.cc:114 Schur complement static structure <-1,-1,-1>.
detect_structure.cc:63 Dynamic row block size because the block size changed from 2 to 15
detect_structure.cc:74 Dynamic e block size because the block size changed from 1 to 9
detect_structure.cc:93 Dynamic f block size because the block size changed from 6 to 9
detect_structure.cc:114 Schur complement static structure <-1,-1,-1>.
schur_eliminator.cc:155 Template specializations not found for <-1,-1,-1>
block_sparse_matrix.cc:208 Allocating values array with 264808 bytes.
detect_structure.cc:63 Dynamic row block size because the block size changed from 2 to 15
detect_structure.cc:74 Dynamic e block size because the block size changed from 1 to 9
detect_structure.cc:93 Dynamic f block size because the block size changed from 6 to 9
detect_structure.cc:114 Schur complement static structure <-1,-1,-1>.
detect_structure.cc:63 Dynamic row block size because the block size changed from 2 to 15
detect_structure.cc:74 Dynamic e block size because the block size changed from 1 to 9
detect_structure.cc:93 Dynamic f block size because the block size changed from 6 to 9
detect_structure.cc:114 Schur complement static structure <-1,-1,-1>.
schur_eliminator.cc:155 Template specializations not found for <-1,-1,-1>
block_sparse_matrix.cc:208 Allocating values array with 266264 bytes.
detect_structure.cc:63 Dynamic row block size because the block size changed from 2 to 15
detect_structure.cc:74 Dynamic e block size because the block size changed from 1 to 9
detect_structure.cc:93 Dynamic f block size because the block size changed from 6 to 9
detect_structure.cc:114 Schur complement static structure <-1,-1,-1>.
detect_structure.cc:63 Dynamic row block size because the block size changed from 2 to 15
detect_structure.cc:74 Dynamic e block size because the block size changed from 1 to 9
detect_structure.cc:93 Dynamic f block size because the block size changed from 6 to 9
detect_structure.cc:114 Schur complement static structure <-1,-1,-1>.
schur_eliminator.cc:155 Template specializations not found for <-1,-1,-1>
block_sparse_matrix.cc:208 Allocating values array with 267512 bytes.
detect_structure.cc:63 Dynamic row block size because the block size changed from 2 to 15
detect_structure.cc:74 Dynamic e block size because the block size changed from 1 to 9
detect_structure.cc:93 Dynamic f block size because the block size changed from 6 to 9
detect_structure.cc:114 Schur complement static structure <-1,-1,-1>.
detect_structure.cc:63 Dynamic row block size because the block size changed from 2 to 15
detect_structure.cc:74 Dynamic e block size because the block size changed from 1 to 9
detect_structure.cc:93 Dynamic f block size because the block size changed from 6 to 9
detect_structure.cc:114 Schur complement static structure <-1,-1,-1>.
schur_eliminator.cc:155 Template specializations not found for <-1,-1,-1>
block_sparse_matrix.cc:208 Allocating values array with 270632 bytes.
detect_structure.cc:63 Dynamic row block size because the block size changed from 2 to 15
detect_structure.cc:74 Dynamic e block size because the block size changed from 1 to 9
detect_structure.cc:93 Dynamic f block size because the block size changed from 6 to 9
detect_structure.cc:114 Schur complement static structure <-1,-1,-1>.
detect_structure.cc:63 Dynamic row block size because the block size changed from 2 to 15
detect_structure.cc:74 Dynamic e block size because the block size changed from 1 to 9
detect_structure.cc:93 Dynamic f block size because the block size changed from 6 to 9
detect_structure.cc:114 Schur complement static structure <-1,-1,-1>.
schur_eliminator.cc:155 Template specializations not found for <-1,-1,-1>
[FeatureTracker] F-matrix: 150 → 96 (rejected 54, threshold=1)
block_sparse_matrix.cc:208 Allocating values array with 266056 bytes.
detect_structure.cc:63 Dynamic row block size because the block size changed from 2 to 15
detect_structure.cc:74 Dynamic e block size because the block size changed from 1 to 9
detect_structure.cc:93 Dynamic f block size because the block size changed from 6 to 9
detect_structure.cc:114 Schur complement static structure <-1,-1,-1>.
detect_structure.cc:63 Dynamic row block size because the block size changed from 2 to 15
detect_structure.cc:74 Dynamic e block size because the block size changed from 1 to 9
detect_structure.cc:93 Dynamic f block size because the block size changed from 6 to 9
detect_structure.cc:114 Schur complement static structure <-1,-1,-1>.
schur_eliminator.cc:155 Template specializations not found for <-1,-1,-1>
[FeatureTracker] F-matrix: 150 → 103 (rejected 47, threshold=1)
block_sparse_matrix.cc:208 Allocating values array with 255240 bytes.
detect_structure.cc:63 Dynamic row block size because the block size changed from 2 to 15
detect_structure.cc:74 Dynamic e block size because the block size changed from 1 to 9
detect_structure.cc:93 Dynamic f block size because the block size changed from 6 to 9
detect_structure.cc:114 Schur complement static structure <-1,-1,-1>.
detect_structure.cc:63 Dynamic row block size because the block size changed from 2 to 15
detect_structure.cc:74 Dynamic e block size because the block size changed from 1 to 9
detect_structure.cc:93 Dynamic f block size because the block size changed from 6 to 9
detect_structure.cc:114 Schur complement static structure <-1,-1,-1>.
schur_eliminator.cc:155 Template specializations not found for <-1,-1,-1>
[FeatureTracker] F-matrix: 150 → 98 (rejected 52, threshold=1)
block_sparse_matrix.cc:208 Allocating values array with 248376 bytes.
detect_structure.cc:63 Dynamic row block size because the block size changed from 2 to 15
detect_structure.cc:74 Dynamic e block size because the block size changed from 1 to 9
detect_structure.cc:93 Dynamic f block size because the block size changed from 6 to 9
detect_structure.cc:114 Schur complement static structure <-1,-1,-1>.
detect_structure.cc:63 Dynamic row block size because the block size changed from 2 to 15
detect_structure.cc:74 Dynamic e block size because the block size changed from 1 to 9
detect_structure.cc:93 Dynamic f block size because the block size changed from 6 to 9
detect_structure.cc:114 Schur complement static structure <-1,-1,-1>.
schur_eliminator.cc:155 Template specializations not found for <-1,-1,-1>
[FeatureTracker] F-matrix: 149 → 100 (rejected 49, threshold=1)
block_sparse_matrix.cc:208 Allocating values array with 242136 bytes.
detect_structure.cc:63 Dynamic row block size because the block size changed from 2 to 15
detect_structure.cc:74 Dynamic e block size because the block size changed from 1 to 9
detect_structure.cc:93 Dynamic f block size because the block size changed from 6 to 9
detect_structure.cc:114 Schur complement static structure <-1,-1,-1>.
detect_structure.cc:63 Dynamic row block size because the block size changed from 2 to 15
detect_structure.cc:74 Dynamic e block size because the block size changed from 1 to 9
detect_structure.cc:93 Dynamic f block size because the block size changed from 6 to 9
detect_structure.cc:114 Schur complement static structure <-1,-1,-1>.
schur_eliminator.cc:155 Template specializations not found for <-1,-1,-1>
block_sparse_matrix.cc:208 Allocating values array with 239848 bytes.
detect_structure.cc:63 Dynamic row block size because the block size changed from 2 to 15
detect_structure.cc:74 Dynamic e block size because the block size changed from 1 to 9
detect_structure.cc:93 Dynamic f block size because the block size changed from 6 to 9
detect_structure.cc:114 Schur complement static structure <-1,-1,-1>.
detect_structure.cc:63 Dynamic row block size because the block size changed from 2 to 15
detect_structure.cc:74 Dynamic e block size because the block size changed from 1 to 9
detect_structure.cc:93 Dynamic f block size because the block size changed from 6 to 9
detect_structure.cc:114 Schur complement static structure <-1,-1,-1>.
schur_eliminator.cc:155 Template specializations not found for <-1,-1,-1>
[VIO DIAG] f=440 tri: ok=152 wait=8 fail=0 default=1 depth: avg=1.93284 min=0.370166 max=13.7793 |vel|=0.527292 vel=(0.351543,-0.0819309,0.384372) ba=(-0.0195842,-0.182603,-0.0259447) bg=(1.80672e-05,-0.000208595,-0.000285233)
[FeatureTracker] F-matrix: 150 → 101 (rejected 49, threshold=1)
block_sparse_matrix.cc:208 Allocating values array with 236728 bytes.
detect_structure.cc:63 Dynamic row block size because the block size changed from 2 to 15
detect_structure.cc:74 Dynamic e block size because the block size changed from 1 to 9
detect_structure.cc:93 Dynamic f block size because the block size changed from 6 to 9
detect_structure.cc:114 Schur complement static structure <-1,-1,-1>.
detect_structure.cc:63 Dynamic row block size because the block size changed from 2 to 15
detect_structure.cc:74 Dynamic e block size because the block size changed from 1 to 9
detect_structure.cc:93 Dynamic f block size because the block size changed from 6 to 9
detect_structure.cc:114 Schur complement static structure <-1,-1,-1>.
schur_eliminator.cc:155 Template specializations not found for <-1,-1,-1>
[FeatureTracker] F-matrix: 146 → 101 (rejected 45, threshold=1)
block_sparse_matrix.cc:208 Allocating values array with 234648 bytes.
detect_structure.cc:63 Dynamic row block size because the block size changed from 2 to 15
detect_structure.cc:74 Dynamic e block size because the block size changed from 1 to 9
detect_structure.cc:93 Dynamic f block size because the block size changed from 6 to 9
detect_structure.cc:114 Schur complement static structure <-1,-1,-1>.
detect_structure.cc:63 Dynamic row block size because the block size changed from 2 to 15
detect_structure.cc:74 Dynamic e block size because the block size changed from 1 to 9
detect_structure.cc:93 Dynamic f block size because the block size changed from 6 to 9
detect_structure.cc:114 Schur complement static structure <-1,-1,-1>.
schur_eliminator.cc:155 Template specializations not found for <-1,-1,-1>
block_sparse_matrix.cc:208 Allocating values array with 228824 bytes.
detect_structure.cc:63 Dynamic row block size because the block size changed from 2 to 15
detect_structure.cc:74 Dynamic e block size because the block size changed from 1 to 9
detect_structure.cc:93 Dynamic f block size because the block size changed from 6 to 9
detect_structure.cc:114 Schur complement static structure <-1,-1,-1>.
detect_structure.cc:63 Dynamic row block size because the block size changed from 2 to 15
detect_structure.cc:74 Dynamic e block size because the block size changed from 1 to 9
detect_structure.cc:93 Dynamic f block size because the block size changed from 6 to 9
detect_structure.cc:114 Schur complement static structure <-1,-1,-1>.
schur_eliminator.cc:155 Template specializations not found for <-1,-1,-1>
block_sparse_matrix.cc:208 Allocating values array with 225080 bytes.
detect_structure.cc:63 Dynamic row block size because the block size changed from 2 to 15
detect_structure.cc:74 Dynamic e block size because the block size changed from 1 to 9
detect_structure.cc:93 Dynamic f block size because the block size changed from 6 to 9
detect_structure.cc:114 Schur complement static structure <-1,-1,-1>.
detect_structure.cc:63 Dynamic row block size because the block size changed from 2 to 15
detect_structure.cc:74 Dynamic e block size because the block size changed from 1 to 9
detect_structure.cc:93 Dynamic f block size because the block size changed from 6 to 9
detect_structure.cc:114 Schur complement static structure <-1,-1,-1>.
schur_eliminator.cc:155 Template specializations not found for <-1,-1,-1>
block_sparse_matrix.cc:208 Allocating values array with 228200 bytes.
detect_structure.cc:63 Dynamic row block size because the block size changed from 2 to 15
detect_structure.cc:74 Dynamic e block size because the block size changed from 1 to 9
detect_structure.cc:93 Dynamic f block size because the block size changed from 6 to 9
detect_structure.cc:114 Schur complement static structure <-1,-1,-1>.
detect_structure.cc:63 Dynamic row block size because the block size changed from 2 to 15
detect_structure.cc:74 Dynamic e block size because the block size changed from 1 to 9
detect_structure.cc:93 Dynamic f block size because the block size changed from 6 to 9
detect_structure.cc:114 Schur complement static structure <-1,-1,-1>.
schur_eliminator.cc:155 Template specializations not found for <-1,-1,-1>
block_sparse_matrix.cc:208 Allocating values array with 239640 bytes.
detect_structure.cc:63 Dynamic row block size because the block size changed from 2 to 15
detect_structure.cc:74 Dynamic e block size because the block size changed from 1 to 9
detect_structure.cc:93 Dynamic f block size because the block size changed from 6 to 9
detect_structure.cc:114 Schur complement static structure <-1,-1,-1>.
detect_structure.cc:63 Dynamic row block size because the block size changed from 2 to 15
detect_structure.cc:74 Dynamic e block size because the block size changed from 1 to 9
detect_structure.cc:93 Dynamic f block size because the block size changed from 6 to 9
detect_structure.cc:114 Schur complement static structure <-1,-1,-1>.
schur_eliminator.cc:155 Template specializations not found for <-1,-1,-1>
block_sparse_matrix.cc:208 Allocating values array with 244424 bytes.
detect_structure.cc:63 Dynamic row block size because the block size changed from 2 to 15
detect_structure.cc:74 Dynamic e block size because the block size changed from 1 to 9
detect_structure.cc:93 Dynamic f block size because the block size changed from 6 to 9
detect_structure.cc:114 Schur complement static structure <-1,-1,-1>.
detect_structure.cc:63 Dynamic row block size because the block size changed from 2 to 15
detect_structure.cc:74 Dynamic e block size because the block size changed from 1 to 9
detect_structure.cc:93 Dynamic f block size because the block size changed from 6 to 9
detect_structure.cc:114 Schur complement static structure <-1,-1,-1>.
schur_eliminator.cc:155 Template specializations not found for <-1,-1,-1>
block_sparse_matrix.cc:208 Allocating values array with 249832 bytes.
detect_structure.cc:63 Dynamic row block size because the block size changed from 2 to 15
detect_structure.cc:74 Dynamic e block size because the block size changed from 1 to 9
detect_structure.cc:93 Dynamic f block size because the block size changed from 6 to 9
detect_structure.cc:114 Schur complement static structure <-1,-1,-1>.
detect_structure.cc:63 Dynamic row block size because the block size changed from 2 to 15
detect_structure.cc:74 Dynamic e block size because the block size changed from 1 to 9
detect_structure.cc:93 Dynamic f block size because the block size changed from 6 to 9
detect_structure.cc:114 Schur complement static structure <-1,-1,-1>.
schur_eliminator.cc:155 Template specializations not found for <-1,-1,-1>
[FeatureTracker] F-matrix: 126 → 68 (rejected 58, threshold=1)
block_sparse_matrix.cc:208 Allocating values array with 248792 bytes.
detect_structure.cc:63 Dynamic row block size because the block size changed from 2 to 15
detect_structure.cc:74 Dynamic e block size because the block size changed from 1 to 9
detect_structure.cc:93 Dynamic f block size because the block size changed from 6 to 9
detect_structure.cc:114 Schur complement static structure <-1,-1,-1>.
detect_structure.cc:63 Dynamic row block size because the block size changed from 2 to 15
detect_structure.cc:74 Dynamic e block size because the block size changed from 1 to 9
detect_structure.cc:93 Dynamic f block size because the block size changed from 6 to 9
detect_structure.cc:114 Schur complement static structure <-1,-1,-1>.
schur_eliminator.cc:155 Template specializations not found for <-1,-1,-1>
block_sparse_matrix.cc:208 Allocating values array with 243384 bytes.
detect_structure.cc:63 Dynamic row block size because the block size changed from 2 to 15
detect_structure.cc:74 Dynamic e block size because the block size changed from 1 to 9
detect_structure.cc:93 Dynamic f block size because the block size changed from 6 to 9
detect_structure.cc:114 Schur complement static structure <-1,-1,-1>.
detect_structure.cc:63 Dynamic row block size because the block size changed from 2 to 15
detect_structure.cc:74 Dynamic e block size because the block size changed from 1 to 9
detect_structure.cc:93 Dynamic f block size because the block size changed from 6 to 9
detect_structure.cc:114 Schur complement static structure <-1,-1,-1>.
schur_eliminator.cc:155 Template specializations not found for <-1,-1,-1>
block_sparse_matrix.cc:208 Allocating values array with 238184 bytes.
detect_structure.cc:63 Dynamic row block size because the block size changed from 2 to 15
detect_structure.cc:74 Dynamic e block size because the block size changed from 1 to 9
detect_structure.cc:93 Dynamic f block size because the block size changed from 6 to 9
detect_structure.cc:114 Schur complement static structure <-1,-1,-1>.
detect_structure.cc:63 Dynamic row block size because the block size changed from 2 to 15
detect_structure.cc:74 Dynamic e block size because the block size changed from 1 to 9
detect_structure.cc:93 Dynamic f block size because the block size changed from 6 to 9
detect_structure.cc:114 Schur complement static structure <-1,-1,-1>.
schur_eliminator.cc:155 Template specializations not found for <-1,-1,-1>
block_sparse_matrix.cc:208 Allocating values array with 234856 bytes.
detect_structure.cc:63 Dynamic row block size because the block size changed from 2 to 15
detect_structure.cc:74 Dynamic e block size because the block size changed from 1 to 9
detect_structure.cc:93 Dynamic f block size because the block size changed from 6 to 9
detect_structure.cc:114 Schur complement static structure <-1,-1,-1>.
detect_structure.cc:63 Dynamic row block size because the block size changed from 2 to 15
detect_structure.cc:74 Dynamic e block size because the block size changed from 1 to 9
detect_structure.cc:93 Dynamic f block size because the block size changed from 6 to 9
detect_structure.cc:114 Schur complement static structure <-1,-1,-1>.
schur_eliminator.cc:155 Template specializations not found for <-1,-1,-1>
block_sparse_matrix.cc:208 Allocating values array with 245256 bytes.
detect_structure.cc:63 Dynamic row block size because the block size changed from 2 to 15
detect_structure.cc:74 Dynamic e block size because the block size changed from 1 to 9
detect_structure.cc:93 Dynamic f block size because the block size changed from 6 to 9
detect_structure.cc:114 Schur complement static structure <-1,-1,-1>.
detect_structure.cc:63 Dynamic row block size because the block size changed from 2 to 15
detect_structure.cc:74 Dynamic e block size because the block size changed from 1 to 9
detect_structure.cc:93 Dynamic f block size because the block size changed from 6 to 9
detect_structure.cc:114 Schur complement static structure <-1,-1,-1>.
schur_eliminator.cc:155 Template specializations not found for <-1,-1,-1>
block_sparse_matrix.cc:208 Allocating values array with 241304 bytes.
detect_structure.cc:63 Dynamic row block size because the block size changed from 2 to 15
detect_structure.cc:74 Dynamic e block size because the block size changed from 1 to 9
detect_structure.cc:93 Dynamic f block size because the block size changed from 6 to 9
detect_structure.cc:114 Schur complement static structure <-1,-1,-1>.
detect_structure.cc:63 Dynamic row block size because the block size changed from 2 to 15
detect_structure.cc:74 Dynamic e block size because the block size changed from 1 to 9
detect_structure.cc:93 Dynamic f block size because the block size changed from 6 to 9
detect_structure.cc:114 Schur complement static structure <-1,-1,-1>.
schur_eliminator.cc:155 Template specializations not found for <-1,-1,-1>
[Replay] 500/600 frames, 455 valid poses
block_sparse_matrix.cc:208 Allocating values array with 236728 bytes.
detect_structure.cc:63 Dynamic row block size because the block size changed from 2 to 15
detect_structure.cc:74 Dynamic e block size because the block size changed from 1 to 9
detect_structure.cc:93 Dynamic f block size because the block size changed from 6 to 9
detect_structure.cc:114 Schur complement static structure <-1,-1,-1>.
detect_structure.cc:63 Dynamic row block size because the block size changed from 2 to 15
detect_structure.cc:74 Dynamic e block size because the block size changed from 1 to 9
detect_structure.cc:93 Dynamic f block size because the block size changed from 6 to 9
detect_structure.cc:114 Schur complement static structure <-1,-1,-1>.
schur_eliminator.cc:155 Template specializations not found for <-1,-1,-1>
block_sparse_matrix.cc:208 Allocating values array with 232360 bytes.
detect_structure.cc:63 Dynamic row block size because the block size changed from 2 to 15
detect_structure.cc:74 Dynamic e block size because the block size changed from 1 to 9
detect_structure.cc:93 Dynamic f block size because the block size changed from 6 to 9
detect_structure.cc:114 Schur complement static structure <-1,-1,-1>.
detect_structure.cc:63 Dynamic row block size because the block size changed from 2 to 15
detect_structure.cc:74 Dynamic e block size because the block size changed from 1 to 9
detect_structure.cc:93 Dynamic f block size because the block size changed from 6 to 9
detect_structure.cc:114 Schur complement static structure <-1,-1,-1>.
schur_eliminator.cc:155 Template specializations not found for <-1,-1,-1>
[FeatureTracker] F-matrix: 110 → 51 (rejected 59, threshold=1)
block_sparse_matrix.cc:208 Allocating values array with 223416 bytes.
detect_structure.cc:63 Dynamic row block size because the block size changed from 2 to 15
detect_structure.cc:74 Dynamic e block size because the block size changed from 1 to 9
detect_structure.cc:93 Dynamic f block size because the block size changed from 6 to 9
detect_structure.cc:114 Schur complement static structure <-1,-1,-1>.
detect_structure.cc:63 Dynamic row block size because the block size changed from 2 to 15
detect_structure.cc:74 Dynamic e block size because the block size changed from 1 to 9
detect_structure.cc:93 Dynamic f block size because the block size changed from 6 to 9
detect_structure.cc:114 Schur complement static structure <-1,-1,-1>.
schur_eliminator.cc:155 Template specializations not found for <-1,-1,-1>
[FeatureTracker] F-matrix: 149 → 99 (rejected 50, threshold=1)
block_sparse_matrix.cc:208 Allocating values array with 210936 bytes.
detect_structure.cc:63 Dynamic row block size because the block size changed from 2 to 15
detect_structure.cc:74 Dynamic e block size because the block size changed from 1 to 9
detect_structure.cc:93 Dynamic f block size because the block size changed from 6 to 9
detect_structure.cc:114 Schur complement static structure <-1,-1,-1>.
detect_structure.cc:63 Dynamic row block size because the block size changed from 2 to 15
detect_structure.cc:74 Dynamic e block size because the block size changed from 1 to 9
detect_structure.cc:93 Dynamic f block size because the block size changed from 6 to 9
detect_structure.cc:114 Schur complement static structure <-1,-1,-1>.
schur_eliminator.cc:155 Template specializations not found for <-1,-1,-1>
[FeatureTracker] F-matrix: 148 → 94 (rejected 54, threshold=1)
block_sparse_matrix.cc:208 Allocating values array with 205112 bytes.
detect_structure.cc:63 Dynamic row block size because the block size changed from 2 to 15
detect_structure.cc:74 Dynamic e block size because the block size changed from 1 to 9
detect_structure.cc:93 Dynamic f block size because the block size changed from 6 to 9
detect_structure.cc:114 Schur complement static structure <-1,-1,-1>.
detect_structure.cc:63 Dynamic row block size because the block size changed from 2 to 15
detect_structure.cc:74 Dynamic e block size because the block size changed from 1 to 9
detect_structure.cc:93 Dynamic f block size because the block size changed from 6 to 9
detect_structure.cc:114 Schur complement static structure <-1,-1,-1>.
schur_eliminator.cc:155 Template specializations not found for <-1,-1,-1>
[FeatureTracker] F-matrix: 146 → 101 (rejected 45, threshold=1)
block_sparse_matrix.cc:208 Allocating values array with 201576 bytes.
detect_structure.cc:63 Dynamic row block size because the block size changed from 2 to 15
detect_structure.cc:74 Dynamic e block size because the block size changed from 1 to 9
detect_structure.cc:93 Dynamic f block size because the block size changed from 6 to 9
detect_structure.cc:114 Schur complement static structure <-1,-1,-1>.
detect_structure.cc:63 Dynamic row block size because the block size changed from 2 to 15
detect_structure.cc:74 Dynamic e block size because the block size changed from 1 to 9
detect_structure.cc:93 Dynamic f block size because the block size changed from 6 to 9
detect_structure.cc:114 Schur complement static structure <-1,-1,-1>.
schur_eliminator.cc:155 Template specializations not found for <-1,-1,-1>
[VIO DIAG] f=460 tri: ok=119 wait=37 fail=0 default=0 depth: avg=1.15363 min=0.359217 max=1.65248 |vel|=0.434197 vel=(-0.184276,-0.0182178,0.39273) ba=(-0.0370547,-0.209046,-0.0231109) bg=(2.61419e-05,-0.000324204,-0.000365891)
block_sparse_matrix.cc:208 Allocating values array with 209272 bytes.
detect_structure.cc:63 Dynamic row block size because the block size changed from 2 to 15
detect_structure.cc:74 Dynamic e block size because the block size changed from 1 to 9
detect_structure.cc:93 Dynamic f block size because the block size changed from 6 to 9
detect_structure.cc:114 Schur complement static structure <-1,-1,-1>.
detect_structure.cc:63 Dynamic row block size because the block size changed from 2 to 15
detect_structure.cc:74 Dynamic e block size because the block size changed from 1 to 9
detect_structure.cc:93 Dynamic f block size because the block size changed from 6 to 9
detect_structure.cc:114 Schur complement static structure <-1,-1,-1>.
schur_eliminator.cc:155 Template specializations not found for <-1,-1,-1>
block_sparse_matrix.cc:208 Allocating values array with 209896 bytes.
detect_structure.cc:63 Dynamic row block size because the block size changed from 2 to 15
detect_structure.cc:74 Dynamic e block size because the block size changed from 1 to 9
detect_structure.cc:93 Dynamic f block size because the block size changed from 6 to 9
detect_structure.cc:114 Schur complement static structure <-1,-1,-1>.
detect_structure.cc:63 Dynamic row block size because the block size changed from 2 to 15
detect_structure.cc:74 Dynamic e block size because the block size changed from 1 to 9
detect_structure.cc:93 Dynamic f block size because the block size changed from 6 to 9
detect_structure.cc:114 Schur complement static structure <-1,-1,-1>.
schur_eliminator.cc:155 Template specializations not found for <-1,-1,-1>
block_sparse_matrix.cc:208 Allocating values array with 214888 bytes.
detect_structure.cc:63 Dynamic row block size because the block size changed from 2 to 15
detect_structure.cc:74 Dynamic e block size because the block size changed from 1 to 9
detect_structure.cc:93 Dynamic f block size because the block size changed from 6 to 9
detect_structure.cc:114 Schur complement static structure <-1,-1,-1>.
detect_structure.cc:63 Dynamic row block size because the block size changed from 2 to 15
detect_structure.cc:74 Dynamic e block size because the block size changed from 1 to 9
detect_structure.cc:93 Dynamic f block size because the block size changed from 6 to 9
detect_structure.cc:114 Schur complement static structure <-1,-1,-1>.
schur_eliminator.cc:155 Template specializations not found for <-1,-1,-1>
block_sparse_matrix.cc:208 Allocating values array with 224248 bytes.
detect_structure.cc:63 Dynamic row block size because the block size changed from 2 to 15
detect_structure.cc:74 Dynamic e block size because the block size changed from 1 to 9
detect_structure.cc:93 Dynamic f block size because the block size changed from 6 to 9
detect_structure.cc:114 Schur complement static structure <-1,-1,-1>.
detect_structure.cc:63 Dynamic row block size because the block size changed from 2 to 15
detect_structure.cc:74 Dynamic e block size because the block size changed from 1 to 9
detect_structure.cc:93 Dynamic f block size because the block size changed from 6 to 9
detect_structure.cc:114 Schur complement static structure <-1,-1,-1>.
schur_eliminator.cc:155 Template specializations not found for <-1,-1,-1>
block_sparse_matrix.cc:208 Allocating values array with 228616 bytes.
detect_structure.cc:63 Dynamic row block size because the block size changed from 2 to 15
detect_structure.cc:74 Dynamic e block size because the block size changed from 1 to 9
detect_structure.cc:93 Dynamic f block size because the block size changed from 6 to 9
detect_structure.cc:114 Schur complement static structure <-1,-1,-1>.
detect_structure.cc:63 Dynamic row block size because the block size changed from 2 to 15
detect_structure.cc:74 Dynamic e block size because the block size changed from 1 to 9
detect_structure.cc:93 Dynamic f block size because the block size changed from 6 to 9
detect_structure.cc:114 Schur complement static structure <-1,-1,-1>.
schur_eliminator.cc:155 Template specializations not found for <-1,-1,-1>
block_sparse_matrix.cc:208 Allocating values array with 228824 bytes.
detect_structure.cc:63 Dynamic row block size because the block size changed from 2 to 15
detect_structure.cc:74 Dynamic e block size because the block size changed from 1 to 9
detect_structure.cc:93 Dynamic f block size because the block size changed from 6 to 9
detect_structure.cc:114 Schur complement static structure <-1,-1,-1>.
detect_structure.cc:63 Dynamic row block size because the block size changed from 2 to 15
detect_structure.cc:74 Dynamic e block size because the block size changed from 1 to 9
detect_structure.cc:93 Dynamic f block size because the block size changed from 6 to 9
detect_structure.cc:114 Schur complement static structure <-1,-1,-1>.
schur_eliminator.cc:155 Template specializations not found for <-1,-1,-1>
block_sparse_matrix.cc:208 Allocating values array with 233608 bytes.
detect_structure.cc:63 Dynamic row block size because the block size changed from 2 to 15
detect_structure.cc:74 Dynamic e block size because the block size changed from 1 to 9
detect_structure.cc:93 Dynamic f block size because the block size changed from 6 to 9
detect_structure.cc:114 Schur complement static structure <-1,-1,-1>.
detect_structure.cc:63 Dynamic row block size because the block size changed from 2 to 15
detect_structure.cc:74 Dynamic e block size because the block size changed from 1 to 9
detect_structure.cc:93 Dynamic f block size because the block size changed from 6 to 9
detect_structure.cc:114 Schur complement static structure <-1,-1,-1>.
schur_eliminator.cc:155 Template specializations not found for <-1,-1,-1>
[FeatureTracker] F-matrix: 145 → 88 (rejected 57, threshold=1)
block_sparse_matrix.cc:208 Allocating values array with 240888 bytes.
detect_structure.cc:63 Dynamic row block size because the block size changed from 2 to 15
detect_structure.cc:74 Dynamic e block size because the block size changed from 1 to 9
detect_structure.cc:93 Dynamic f block size because the block size changed from 6 to 9
detect_structure.cc:114 Schur complement static structure <-1,-1,-1>.
detect_structure.cc:63 Dynamic row block size because the block size changed from 2 to 15
detect_structure.cc:74 Dynamic e block size because the block size changed from 1 to 9
detect_structure.cc:93 Dynamic f block size because the block size changed from 6 to 9
detect_structure.cc:114 Schur complement static structure <-1,-1,-1>.
schur_eliminator.cc:155 Template specializations not found for <-1,-1,-1>
[FeatureTracker] F-matrix: 147 → 88 (rejected 59, threshold=1)
block_sparse_matrix.cc:208 Allocating values array with 240888 bytes.
detect_structure.cc:63 Dynamic row block size because the block size changed from 2 to 15
detect_structure.cc:74 Dynamic e block size because the block size changed from 1 to 9
detect_structure.cc:93 Dynamic f block size because the block size changed from 6 to 9
detect_structure.cc:114 Schur complement static structure <-1,-1,-1>.
detect_structure.cc:63 Dynamic row block size because the block size changed from 2 to 15
detect_structure.cc:74 Dynamic e block size because the block size changed from 1 to 9
detect_structure.cc:93 Dynamic f block size because the block size changed from 6 to 9
detect_structure.cc:114 Schur complement static structure <-1,-1,-1>.
schur_eliminator.cc:155 Template specializations not found for <-1,-1,-1>
[FeatureTracker] F-matrix: 149 → 99 (rejected 50, threshold=1)
block_sparse_matrix.cc:208 Allocating values array with 239640 bytes.
detect_structure.cc:63 Dynamic row block size because the block size changed from 2 to 15
detect_structure.cc:74 Dynamic e block size because the block size changed from 1 to 9
detect_structure.cc:93 Dynamic f block size because the block size changed from 6 to 9
detect_structure.cc:114 Schur complement static structure <-1,-1,-1>.
detect_structure.cc:63 Dynamic row block size because the block size changed from 2 to 15
detect_structure.cc:74 Dynamic e block size because the block size changed from 1 to 9
detect_structure.cc:93 Dynamic f block size because the block size changed from 6 to 9
detect_structure.cc:114 Schur complement static structure <-1,-1,-1>.
schur_eliminator.cc:155 Template specializations not found for <-1,-1,-1>
block_sparse_matrix.cc:208 Allocating values array with 237976 bytes.
detect_structure.cc:63 Dynamic row block size because the block size changed from 2 to 15
detect_structure.cc:74 Dynamic e block size because the block size changed from 1 to 9
detect_structure.cc:93 Dynamic f block size because the block size changed from 6 to 9
detect_structure.cc:114 Schur complement static structure <-1,-1,-1>.
detect_structure.cc:63 Dynamic row block size because the block size changed from 2 to 15
detect_structure.cc:74 Dynamic e block size because the block size changed from 1 to 9
detect_structure.cc:93 Dynamic f block size because the block size changed from 6 to 9
detect_structure.cc:114 Schur complement static structure <-1,-1,-1>.
schur_eliminator.cc:155 Template specializations not found for <-1,-1,-1>
block_sparse_matrix.cc:208 Allocating values array with 233400 bytes.
detect_structure.cc:63 Dynamic row block size because the block size changed from 2 to 15
detect_structure.cc:74 Dynamic e block size because the block size changed from 1 to 9
detect_structure.cc:93 Dynamic f block size because the block size changed from 6 to 9
detect_structure.cc:114 Schur complement static structure <-1,-1,-1>.
detect_structure.cc:63 Dynamic row block size because the block size changed from 2 to 15
detect_structure.cc:74 Dynamic e block size because the block size changed from 1 to 9
detect_structure.cc:93 Dynamic f block size because the block size changed from 6 to 9
detect_structure.cc:114 Schur complement static structure <-1,-1,-1>.
schur_eliminator.cc:155 Template specializations not found for <-1,-1,-1>
[FeatureTracker] F-matrix: 134 → 77 (rejected 57, threshold=1)
block_sparse_matrix.cc:208 Allocating values array with 228408 bytes.
detect_structure.cc:63 Dynamic row block size because the block size changed from 2 to 15
detect_structure.cc:74 Dynamic e block size because the block size changed from 1 to 9
detect_structure.cc:93 Dynamic f block size because the block size changed from 6 to 9
detect_structure.cc:114 Schur complement static structure <-1,-1,-1>.
detect_structure.cc:63 Dynamic row block size because the block size changed from 2 to 15
detect_structure.cc:74 Dynamic e block size because the block size changed from 1 to 9
detect_structure.cc:93 Dynamic f block size because the block size changed from 6 to 9
detect_structure.cc:114 Schur complement static structure <-1,-1,-1>.
schur_eliminator.cc:155 Template specializations not found for <-1,-1,-1>
block_sparse_matrix.cc:208 Allocating values array with 226744 bytes.
detect_structure.cc:63 Dynamic row block size because the block size changed from 2 to 15
detect_structure.cc:74 Dynamic e block size because the block size changed from 1 to 9
detect_structure.cc:93 Dynamic f block size because the block size changed from 6 to 9
detect_structure.cc:114 Schur complement static structure <-1,-1,-1>.
detect_structure.cc:63 Dynamic row block size because the block size changed from 2 to 15
detect_structure.cc:74 Dynamic e block size because the block size changed from 1 to 9
detect_structure.cc:93 Dynamic f block size because the block size changed from 6 to 9
detect_structure.cc:114 Schur complement static structure <-1,-1,-1>.
schur_eliminator.cc:155 Template specializations not found for <-1,-1,-1>
block_sparse_matrix.cc:208 Allocating values array with 227992 bytes.
detect_structure.cc:63 Dynamic row block size because the block size changed from 2 to 15
detect_structure.cc:74 Dynamic e block size because the block size changed from 1 to 9
detect_structure.cc:93 Dynamic f block size because the block size changed from 6 to 9
detect_structure.cc:114 Schur complement static structure <-1,-1,-1>.
detect_structure.cc:63 Dynamic row block size because the block size changed from 2 to 15
detect_structure.cc:74 Dynamic e block size because the block size changed from 1 to 9
detect_structure.cc:93 Dynamic f block size because the block size changed from 6 to 9
detect_structure.cc:114 Schur complement static structure <-1,-1,-1>.
schur_eliminator.cc:155 Template specializations not found for <-1,-1,-1>
block_sparse_matrix.cc:208 Allocating values array with 228200 bytes.
detect_structure.cc:63 Dynamic row block size because the block size changed from 2 to 15
detect_structure.cc:74 Dynamic e block size because the block size changed from 1 to 9
detect_structure.cc:93 Dynamic f block size because the block size changed from 6 to 9
detect_structure.cc:114 Schur complement static structure <-1,-1,-1>.
detect_structure.cc:63 Dynamic row block size because the block size changed from 2 to 15
detect_structure.cc:74 Dynamic e block size because the block size changed from 1 to 9
detect_structure.cc:93 Dynamic f block size because the block size changed from 6 to 9
detect_structure.cc:114 Schur complement static structure <-1,-1,-1>.
schur_eliminator.cc:155 Template specializations not found for <-1,-1,-1>
block_sparse_matrix.cc:208 Allocating values array with 221160 bytes.
detect_structure.cc:63 Dynamic row block size because the block size changed from 2 to 15
detect_structure.cc:74 Dynamic e block size because the block size changed from 1 to 9
detect_structure.cc:93 Dynamic f block size because the block size changed from 6 to 9
detect_structure.cc:114 Schur complement static structure <-1,-1,-1>.
detect_structure.cc:63 Dynamic row block size because the block size changed from 2 to 15
detect_structure.cc:74 Dynamic e block size because the block size changed from 1 to 9
detect_structure.cc:93 Dynamic f block size because the block size changed from 6 to 9
detect_structure.cc:114 Schur complement static structure <-1,-1,-1>.
schur_eliminator.cc:155 Template specializations not found for <-1,-1,-1>
block_sparse_matrix.cc:208 Allocating values array with 239432 bytes.
detect_structure.cc:63 Dynamic row block size because the block size changed from 2 to 15
detect_structure.cc:74 Dynamic e block size because the block size changed from 1 to 9
detect_structure.cc:93 Dynamic f block size because the block size changed from 6 to 9
detect_structure.cc:114 Schur complement static structure <-1,-1,-1>.
detect_structure.cc:63 Dynamic row block size because the block size changed from 2 to 15
detect_structure.cc:74 Dynamic e block size because the block size changed from 1 to 9
detect_structure.cc:93 Dynamic f block size because the block size changed from 6 to 9
detect_structure.cc:114 Schur complement static structure <-1,-1,-1>.
schur_eliminator.cc:155 Template specializations not found for <-1,-1,-1>
[FeatureTracker] F-matrix: 149 → 104 (rejected 45, threshold=1)
block_sparse_matrix.cc:208 Allocating values array with 245464 bytes.
detect_structure.cc:63 Dynamic row block size because the block size changed from 2 to 15
detect_structure.cc:74 Dynamic e block size because the block size changed from 1 to 9
detect_structure.cc:93 Dynamic f block size because the block size changed from 6 to 9
detect_structure.cc:114 Schur complement static structure <-1,-1,-1>.
detect_structure.cc:63 Dynamic row block size because the block size changed from 2 to 15
detect_structure.cc:74 Dynamic e block size because the block size changed from 1 to 9
detect_structure.cc:93 Dynamic f block size because the block size changed from 6 to 9
detect_structure.cc:114 Schur complement static structure <-1,-1,-1>.
schur_eliminator.cc:155 Template specializations not found for <-1,-1,-1>
block_sparse_matrix.cc:208 Allocating values array with 243384 bytes.
detect_structure.cc:63 Dynamic row block size because the block size changed from 2 to 15
detect_structure.cc:74 Dynamic e block size because the block size changed from 1 to 9
detect_structure.cc:93 Dynamic f block size because the block size changed from 6 to 9
detect_structure.cc:114 Schur complement static structure <-1,-1,-1>.
detect_structure.cc:63 Dynamic row block size because the block size changed from 2 to 15
detect_structure.cc:74 Dynamic e block size because the block size changed from 1 to 9
detect_structure.cc:93 Dynamic f block size because the block size changed from 6 to 9
detect_structure.cc:114 Schur complement static structure <-1,-1,-1>.
schur_eliminator.cc:155 Template specializations not found for <-1,-1,-1>
[VIO DIAG] f=480 tri: ok=153 wait=5 fail=0 default=0 depth: avg=1.47873 min=0.0468158 max=32.3952 |vel|=0.377461 vel=(0.0887739,-0.0336366,-0.365328) ba=(-0.0460567,-0.202303,-0.0243129) bg=(7.95341e-05,-0.000430496,-0.000348747)
block_sparse_matrix.cc:208 Allocating values array with 245048 bytes.
detect_structure.cc:63 Dynamic row block size because the block size changed from 2 to 15
detect_structure.cc:74 Dynamic e block size because the block size changed from 1 to 9
detect_structure.cc:93 Dynamic f block size because the block size changed from 6 to 9
detect_structure.cc:114 Schur complement static structure <-1,-1,-1>.
detect_structure.cc:63 Dynamic row block size because the block size changed from 2 to 15
detect_structure.cc:74 Dynamic e block size because the block size changed from 1 to 9
detect_structure.cc:93 Dynamic f block size because the block size changed from 6 to 9
detect_structure.cc:114 Schur complement static structure <-1,-1,-1>.
schur_eliminator.cc:155 Template specializations not found for <-1,-1,-1>
[FeatureTracker] F-matrix: 138 → 96 (rejected 42, threshold=1)
block_sparse_matrix.cc:208 Allocating values array with 244632 bytes.
detect_structure.cc:63 Dynamic row block size because the block size changed from 2 to 15
detect_structure.cc:74 Dynamic e block size because the block size changed from 1 to 9
detect_structure.cc:93 Dynamic f block size because the block size changed from 6 to 9
detect_structure.cc:114 Schur complement static structure <-1,-1,-1>.
detect_structure.cc:63 Dynamic row block size because the block size changed from 2 to 15
detect_structure.cc:74 Dynamic e block size because the block size changed from 1 to 9
detect_structure.cc:93 Dynamic f block size because the block size changed from 6 to 9
detect_structure.cc:114 Schur complement static structure <-1,-1,-1>.
schur_eliminator.cc:155 Template specializations not found for <-1,-1,-1>
block_sparse_matrix.cc:208 Allocating values array with 246712 bytes.
detect_structure.cc:63 Dynamic row block size because the block size changed from 2 to 15
detect_structure.cc:74 Dynamic e block size because the block size changed from 1 to 9
detect_structure.cc:93 Dynamic f block size because the block size changed from 6 to 9
detect_structure.cc:114 Schur complement static structure <-1,-1,-1>.
detect_structure.cc:63 Dynamic row block size because the block size changed from 2 to 15
detect_structure.cc:74 Dynamic e block size because the block size changed from 1 to 9
detect_structure.cc:93 Dynamic f block size because the block size changed from 6 to 9
detect_structure.cc:114 Schur complement static structure <-1,-1,-1>.
schur_eliminator.cc:155 Template specializations not found for <-1,-1,-1>
block_sparse_matrix.cc:208 Allocating values array with 248168 bytes.
detect_structure.cc:63 Dynamic row block size because the block size changed from 2 to 15
detect_structure.cc:74 Dynamic e block size because the block size changed from 1 to 9
detect_structure.cc:93 Dynamic f block size because the block size changed from 6 to 9
detect_structure.cc:114 Schur complement static structure <-1,-1,-1>.
detect_structure.cc:63 Dynamic row block size because the block size changed from 2 to 15
detect_structure.cc:74 Dynamic e block size because the block size changed from 1 to 9
detect_structure.cc:93 Dynamic f block size because the block size changed from 6 to 9
detect_structure.cc:114 Schur complement static structure <-1,-1,-1>.
schur_eliminator.cc:155 Template specializations not found for <-1,-1,-1>
block_sparse_matrix.cc:208 Allocating values array with 248376 bytes.
detect_structure.cc:63 Dynamic row block size because the block size changed from 2 to 15
detect_structure.cc:74 Dynamic e block size because the block size changed from 1 to 9
detect_structure.cc:93 Dynamic f block size because the block size changed from 6 to 9
detect_structure.cc:114 Schur complement static structure <-1,-1,-1>.
detect_structure.cc:63 Dynamic row block size because the block size changed from 2 to 15
detect_structure.cc:74 Dynamic e block size because the block size changed from 1 to 9
detect_structure.cc:93 Dynamic f block size because the block size changed from 6 to 9
detect_structure.cc:114 Schur complement static structure <-1,-1,-1>.
schur_eliminator.cc:155 Template specializations not found for <-1,-1,-1>
[FeatureTracker] F-matrix: 147 → 102 (rejected 45, threshold=1)
block_sparse_matrix.cc:208 Allocating values array with 246712 bytes.
detect_structure.cc:63 Dynamic row block size because the block size changed from 2 to 15
detect_structure.cc:74 Dynamic e block size because the block size changed from 1 to 9
detect_structure.cc:93 Dynamic f block size because the block size changed from 6 to 9
detect_structure.cc:114 Schur complement static structure <-1,-1,-1>.
detect_structure.cc:63 Dynamic row block size because the block size changed from 2 to 15
detect_structure.cc:74 Dynamic e block size because the block size changed from 1 to 9
detect_structure.cc:93 Dynamic f block size because the block size changed from 6 to 9
detect_structure.cc:114 Schur complement static structure <-1,-1,-1>.
schur_eliminator.cc:155 Template specializations not found for <-1,-1,-1>
block_sparse_matrix.cc:208 Allocating values array with 242968 bytes.
detect_structure.cc:63 Dynamic row block size because the block size changed from 2 to 15
detect_structure.cc:74 Dynamic e block size because the block size changed from 1 to 9
detect_structure.cc:93 Dynamic f block size because the block size changed from 6 to 9
detect_structure.cc:114 Schur complement static structure <-1,-1,-1>.
detect_structure.cc:63 Dynamic row block size because the block size changed from 2 to 15
detect_structure.cc:74 Dynamic e block size because the block size changed from 1 to 9
detect_structure.cc:93 Dynamic f block size because the block size changed from 6 to 9
detect_structure.cc:114 Schur complement static structure <-1,-1,-1>.
schur_eliminator.cc:155 Template specializations not found for <-1,-1,-1>
block_sparse_matrix.cc:208 Allocating values array with 245880 bytes.
detect_structure.cc:63 Dynamic row block size because the block size changed from 2 to 15
detect_structure.cc:74 Dynamic e block size because the block size changed from 1 to 9
detect_structure.cc:93 Dynamic f block size because the block size changed from 6 to 9
detect_structure.cc:114 Schur complement static structure <-1,-1,-1>.
detect_structure.cc:63 Dynamic row block size because the block size changed from 2 to 15
detect_structure.cc:74 Dynamic e block size because the block size changed from 1 to 9
detect_structure.cc:93 Dynamic f block size because the block size changed from 6 to 9
detect_structure.cc:114 Schur complement static structure <-1,-1,-1>.
schur_eliminator.cc:155 Template specializations not found for <-1,-1,-1>
block_sparse_matrix.cc:208 Allocating values array with 247128 bytes.
detect_structure.cc:63 Dynamic row block size because the block size changed from 2 to 15
detect_structure.cc:74 Dynamic e block size because the block size changed from 1 to 9
detect_structure.cc:93 Dynamic f block size because the block size changed from 6 to 9
detect_structure.cc:114 Schur complement static structure <-1,-1,-1>.
detect_structure.cc:63 Dynamic row block size because the block size changed from 2 to 15
detect_structure.cc:74 Dynamic e block size because the block size changed from 1 to 9
detect_structure.cc:93 Dynamic f block size because the block size changed from 6 to 9
detect_structure.cc:114 Schur complement static structure <-1,-1,-1>.
schur_eliminator.cc:155 Template specializations not found for <-1,-1,-1>
[FeatureTracker] F-matrix: 90 → 36 (rejected 54, threshold=1)
block_sparse_matrix.cc:208 Allocating values array with 241720 bytes.
detect_structure.cc:63 Dynamic row block size because the block size changed from 2 to 15
detect_structure.cc:74 Dynamic e block size because the block size changed from 1 to 9
detect_structure.cc:93 Dynamic f block size because the block size changed from 6 to 9
detect_structure.cc:114 Schur complement static structure <-1,-1,-1>.
detect_structure.cc:63 Dynamic row block size because the block size changed from 2 to 15
detect_structure.cc:74 Dynamic e block size because the block size changed from 1 to 9
detect_structure.cc:93 Dynamic f block size because the block size changed from 6 to 9
detect_structure.cc:114 Schur complement static structure <-1,-1,-1>.
schur_eliminator.cc:155 Template specializations not found for <-1,-1,-1>
block_sparse_matrix.cc:208 Allocating values array with 228408 bytes.
detect_structure.cc:63 Dynamic row block size because the block size changed from 2 to 15
detect_structure.cc:74 Dynamic e block size because the block size changed from 1 to 9
detect_structure.cc:93 Dynamic f block size because the block size changed from 6 to 9
detect_structure.cc:114 Schur complement static structure <-1,-1,-1>.
detect_structure.cc:63 Dynamic row block size because the block size changed from 2 to 15
detect_structure.cc:74 Dynamic e block size because the block size changed from 1 to 9
detect_structure.cc:93 Dynamic f block size because the block size changed from 6 to 9
detect_structure.cc:114 Schur complement static structure <-1,-1,-1>.
schur_eliminator.cc:155 Template specializations not found for <-1,-1,-1>
block_sparse_matrix.cc:208 Allocating values array with 219672 bytes.
detect_structure.cc:63 Dynamic row block size because the block size changed from 2 to 15
detect_structure.cc:74 Dynamic e block size because the block size changed from 1 to 9
detect_structure.cc:93 Dynamic f block size because the block size changed from 6 to 9
detect_structure.cc:114 Schur complement static structure <-1,-1,-1>.
detect_structure.cc:63 Dynamic row block size because the block size changed from 2 to 15
detect_structure.cc:74 Dynamic e block size because the block size changed from 1 to 9
detect_structure.cc:93 Dynamic f block size because the block size changed from 6 to 9
detect_structure.cc:114 Schur complement static structure <-1,-1,-1>.
schur_eliminator.cc:155 Template specializations not found for <-1,-1,-1>
block_sparse_matrix.cc:208 Allocating values array with 211384 bytes.
detect_structure.cc:63 Dynamic row block size because the block size changed from 2 to 15
detect_structure.cc:74 Dynamic e block size because the block size changed from 1 to 9
detect_structure.cc:93 Dynamic f block size because the block size changed from 6 to 9
detect_structure.cc:114 Schur complement static structure <-1,-1,-1>.
detect_structure.cc:63 Dynamic row block size because the block size changed from 2 to 15
detect_structure.cc:74 Dynamic e block size because the block size changed from 1 to 9
detect_structure.cc:93 Dynamic f block size because the block size changed from 6 to 9
detect_structure.cc:114 Schur complement static structure <-1,-1,-1>.
schur_eliminator.cc:155 Template specializations not found for <-1,-1,-1>
block_sparse_matrix.cc:208 Allocating values array with 207400 bytes.
detect_structure.cc:63 Dynamic row block size because the block size changed from 2 to 15
detect_structure.cc:74 Dynamic e block size because the block size changed from 1 to 9
detect_structure.cc:93 Dynamic f block size because the block size changed from 6 to 9
detect_structure.cc:114 Schur complement static structure <-1,-1,-1>.
detect_structure.cc:63 Dynamic row block size because the block size changed from 2 to 15
detect_structure.cc:74 Dynamic e block size because the block size changed from 1 to 9
detect_structure.cc:93 Dynamic f block size because the block size changed from 6 to 9
detect_structure.cc:114 Schur complement static structure <-1,-1,-1>.
schur_eliminator.cc:155 Template specializations not found for <-1,-1,-1>
[FeatureTracker] F-matrix: 146 → 98 (rejected 48, threshold=1)
block_sparse_matrix.cc:208 Allocating values array with 226328 bytes.
detect_structure.cc:63 Dynamic row block size because the block size changed from 2 to 15
detect_structure.cc:74 Dynamic e block size because the block size changed from 1 to 9
detect_structure.cc:93 Dynamic f block size because the block size changed from 6 to 9
detect_structure.cc:114 Schur complement static structure <-1,-1,-1>.
detect_structure.cc:63 Dynamic row block size because the block size changed from 2 to 15
detect_structure.cc:74 Dynamic e block size because the block size changed from 1 to 9
detect_structure.cc:93 Dynamic f block size because the block size changed from 6 to 9
detect_structure.cc:114 Schur complement static structure <-1,-1,-1>.
schur_eliminator.cc:155 Template specializations not found for <-1,-1,-1>
block_sparse_matrix.cc:208 Allocating values array with 226328 bytes.
detect_structure.cc:63 Dynamic row block size because the block size changed from 2 to 15
detect_structure.cc:74 Dynamic e block size because the block size changed from 1 to 9
detect_structure.cc:93 Dynamic f block size because the block size changed from 6 to 9
detect_structure.cc:114 Schur complement static structure <-1,-1,-1>.
detect_structure.cc:63 Dynamic row block size because the block size changed from 2 to 15
detect_structure.cc:74 Dynamic e block size because the block size changed from 1 to 9
detect_structure.cc:93 Dynamic f block size because the block size changed from 6 to 9
detect_structure.cc:114 Schur complement static structure <-1,-1,-1>.
schur_eliminator.cc:155 Template specializations not found for <-1,-1,-1>
block_sparse_matrix.cc:208 Allocating values array with 223624 bytes.
detect_structure.cc:63 Dynamic row block size because the block size changed from 2 to 15
detect_structure.cc:74 Dynamic e block size because the block size changed from 1 to 9
detect_structure.cc:93 Dynamic f block size because the block size changed from 6 to 9
detect_structure.cc:114 Schur complement static structure <-1,-1,-1>.
detect_structure.cc:63 Dynamic row block size because the block size changed from 2 to 15
detect_structure.cc:74 Dynamic e block size because the block size changed from 1 to 9
detect_structure.cc:93 Dynamic f block size because the block size changed from 6 to 9
detect_structure.cc:114 Schur complement static structure <-1,-1,-1>.
schur_eliminator.cc:155 Template specializations not found for <-1,-1,-1>
block_sparse_matrix.cc:208 Allocating values array with 221544 bytes.
detect_structure.cc:63 Dynamic row block size because the block size changed from 2 to 15
detect_structure.cc:74 Dynamic e block size because the block size changed from 1 to 9
detect_structure.cc:93 Dynamic f block size because the block size changed from 6 to 9
detect_structure.cc:114 Schur complement static structure <-1,-1,-1>.
detect_structure.cc:63 Dynamic row block size because the block size changed from 2 to 15
detect_structure.cc:74 Dynamic e block size because the block size changed from 1 to 9
detect_structure.cc:93 Dynamic f block size because the block size changed from 6 to 9
detect_structure.cc:114 Schur complement static structure <-1,-1,-1>.
schur_eliminator.cc:155 Template specializations not found for <-1,-1,-1>
block_sparse_matrix.cc:208 Allocating values array with 223208 bytes.
detect_structure.cc:63 Dynamic row block size because the block size changed from 2 to 15
detect_structure.cc:74 Dynamic e block size because the block size changed from 1 to 9
detect_structure.cc:93 Dynamic f block size because the block size changed from 6 to 9
detect_structure.cc:114 Schur complement static structure <-1,-1,-1>.
detect_structure.cc:63 Dynamic row block size because the block size changed from 2 to 15
detect_structure.cc:74 Dynamic e block size because the block size changed from 1 to 9
detect_structure.cc:93 Dynamic f block size because the block size changed from 6 to 9
detect_structure.cc:114 Schur complement static structure <-1,-1,-1>.
schur_eliminator.cc:155 Template specializations not found for <-1,-1,-1>
block_sparse_matrix.cc:208 Allocating values array with 223416 bytes.
detect_structure.cc:63 Dynamic row block size because the block size changed from 2 to 15
detect_structure.cc:74 Dynamic e block size because the block size changed from 1 to 9
detect_structure.cc:93 Dynamic f block size because the block size changed from 6 to 9
detect_structure.cc:114 Schur complement static structure <-1,-1,-1>.
detect_structure.cc:63 Dynamic row block size because the block size changed from 2 to 15
detect_structure.cc:74 Dynamic e block size because the block size changed from 1 to 9
detect_structure.cc:93 Dynamic f block size because the block size changed from 6 to 9
detect_structure.cc:114 Schur complement static structure <-1,-1,-1>.
schur_eliminator.cc:155 Template specializations not found for <-1,-1,-1>
[VIO DIAG] f=500 tri: ok=138 wait=18 fail=0 default=0 depth: avg=1.15757 min=0.0742099 max=25.8443 |vel|=0.291567 vel=(0.069604,0.12229,0.255366) ba=(-0.0307199,-0.213625,-0.0234328) bg=(0.000191923,-0.000193753,-0.000409809)
block_sparse_matrix.cc:208 Allocating values array with 233816 bytes.
detect_structure.cc:63 Dynamic row block size because the block size changed from 2 to 15
detect_structure.cc:74 Dynamic e block size because the block size changed from 1 to 9
detect_structure.cc:93 Dynamic f block size because the block size changed from 6 to 9
detect_structure.cc:114 Schur complement static structure <-1,-1,-1>.
detect_structure.cc:63 Dynamic row block size because the block size changed from 2 to 15
detect_structure.cc:74 Dynamic e block size because the block size changed from 1 to 9
detect_structure.cc:93 Dynamic f block size because the block size changed from 6 to 9
detect_structure.cc:114 Schur complement static structure <-1,-1,-1>.
schur_eliminator.cc:155 Template specializations not found for <-1,-1,-1>
block_sparse_matrix.cc:208 Allocating values array with 254824 bytes.
detect_structure.cc:63 Dynamic row block size because the block size changed from 2 to 15
detect_structure.cc:74 Dynamic e block size because the block size changed from 1 to 9
detect_structure.cc:93 Dynamic f block size because the block size changed from 6 to 9
detect_structure.cc:114 Schur complement static structure <-1,-1,-1>.
detect_structure.cc:63 Dynamic row block size because the block size changed from 2 to 15
detect_structure.cc:74 Dynamic e block size because the block size changed from 1 to 9
detect_structure.cc:93 Dynamic f block size because the block size changed from 6 to 9
detect_structure.cc:114 Schur complement static structure <-1,-1,-1>.
schur_eliminator.cc:155 Template specializations not found for <-1,-1,-1>
block_sparse_matrix.cc:208 Allocating values array with 265640 bytes.
detect_structure.cc:63 Dynamic row block size because the block size changed from 2 to 15
detect_structure.cc:74 Dynamic e block size because the block size changed from 1 to 9
detect_structure.cc:93 Dynamic f block size because the block size changed from 6 to 9
detect_structure.cc:114 Schur complement static structure <-1,-1,-1>.
detect_structure.cc:63 Dynamic row block size because the block size changed from 2 to 15
detect_structure.cc:74 Dynamic e block size because the block size changed from 1 to 9
detect_structure.cc:93 Dynamic f block size because the block size changed from 6 to 9
detect_structure.cc:114 Schur complement static structure <-1,-1,-1>.
schur_eliminator.cc:155 Template specializations not found for <-1,-1,-1>
block_sparse_matrix.cc:208 Allocating values array with 274376 bytes.
detect_structure.cc:63 Dynamic row block size because the block size changed from 2 to 15
detect_structure.cc:74 Dynamic e block size because the block size changed from 1 to 9
detect_structure.cc:93 Dynamic f block size because the block size changed from 6 to 9
detect_structure.cc:114 Schur complement static structure <-1,-1,-1>.
detect_structure.cc:63 Dynamic row block size because the block size changed from 2 to 15
detect_structure.cc:74 Dynamic e block size because the block size changed from 1 to 9
detect_structure.cc:93 Dynamic f block size because the block size changed from 6 to 9
detect_structure.cc:114 Schur complement static structure <-1,-1,-1>.
schur_eliminator.cc:155 Template specializations not found for <-1,-1,-1>
block_sparse_matrix.cc:208 Allocating values array with 283320 bytes.
detect_structure.cc:63 Dynamic row block size because the block size changed from 2 to 15
detect_structure.cc:74 Dynamic e block size because the block size changed from 1 to 9
detect_structure.cc:93 Dynamic f block size because the block size changed from 6 to 9
detect_structure.cc:114 Schur complement static structure <-1,-1,-1>.
detect_structure.cc:63 Dynamic row block size because the block size changed from 2 to 15
detect_structure.cc:74 Dynamic e block size because the block size changed from 1 to 9
detect_structure.cc:93 Dynamic f block size because the block size changed from 6 to 9
detect_structure.cc:114 Schur complement static structure <-1,-1,-1>.
schur_eliminator.cc:155 Template specializations not found for <-1,-1,-1>
[FeatureTracker] F-matrix: 113 → 40 (rejected 73, threshold=1)
block_sparse_matrix.cc:208 Allocating values array with 277912 bytes.
detect_structure.cc:63 Dynamic row block size because the block size changed from 2 to 15
detect_structure.cc:74 Dynamic e block size because the block size changed from 1 to 9
detect_structure.cc:93 Dynamic f block size because the block size changed from 6 to 9
detect_structure.cc:114 Schur complement static structure <-1,-1,-1>.
detect_structure.cc:63 Dynamic row block size because the block size changed from 2 to 15
detect_structure.cc:74 Dynamic e block size because the block size changed from 1 to 9
detect_structure.cc:93 Dynamic f block size because the block size changed from 6 to 9
detect_structure.cc:114 Schur complement static structure <-1,-1,-1>.
schur_eliminator.cc:155 Template specializations not found for <-1,-1,-1>
block_sparse_matrix.cc:208 Allocating values array with 270424 bytes.
detect_structure.cc:63 Dynamic row block size because the block size changed from 2 to 15
detect_structure.cc:74 Dynamic e block size because the block size changed from 1 to 9
detect_structure.cc:93 Dynamic f block size because the block size changed from 6 to 9
detect_structure.cc:114 Schur complement static structure <-1,-1,-1>.
detect_structure.cc:63 Dynamic row block size because the block size changed from 2 to 15
detect_structure.cc:74 Dynamic e block size because the block size changed from 1 to 9
detect_structure.cc:93 Dynamic f block size because the block size changed from 6 to 9
detect_structure.cc:114 Schur complement static structure <-1,-1,-1>.
schur_eliminator.cc:155 Template specializations not found for <-1,-1,-1>
block_sparse_matrix.cc:208 Allocating values array with 262968 bytes.
detect_structure.cc:63 Dynamic row block size because the block size changed from 2 to 15
detect_structure.cc:74 Dynamic e block size because the block size changed from 1 to 9
detect_structure.cc:93 Dynamic f block size because the block size changed from 6 to 9
detect_structure.cc:114 Schur complement static structure <-1,-1,-1>.
detect_structure.cc:63 Dynamic row block size because the block size changed from 2 to 15
detect_structure.cc:74 Dynamic e block size because the block size changed from 1 to 9
detect_structure.cc:93 Dynamic f block size because the block size changed from 6 to 9
detect_structure.cc:114 Schur complement static structure <-1,-1,-1>.
schur_eliminator.cc:155 Template specializations not found for <-1,-1,-1>
block_sparse_matrix.cc:208 Allocating values array with 261272 bytes.
detect_structure.cc:63 Dynamic row block size because the block size changed from 2 to 15
detect_structure.cc:74 Dynamic e block size because the block size changed from 1 to 9
detect_structure.cc:93 Dynamic f block size because the block size changed from 6 to 9
detect_structure.cc:114 Schur complement static structure <-1,-1,-1>.
detect_structure.cc:63 Dynamic row block size because the block size changed from 2 to 15
detect_structure.cc:74 Dynamic e block size because the block size changed from 1 to 9
detect_structure.cc:93 Dynamic f block size because the block size changed from 6 to 9
detect_structure.cc:114 Schur complement static structure <-1,-1,-1>.
schur_eliminator.cc:155 Template specializations not found for <-1,-1,-1>
block_sparse_matrix.cc:208 Allocating values array with 283944 bytes.
detect_structure.cc:63 Dynamic row block size because the block size changed from 2 to 15
detect_structure.cc:74 Dynamic e block size because the block size changed from 1 to 9
detect_structure.cc:93 Dynamic f block size because the block size changed from 6 to 9
detect_structure.cc:114 Schur complement static structure <-1,-1,-1>.
detect_structure.cc:63 Dynamic row block size because the block size changed from 2 to 15
detect_structure.cc:74 Dynamic e block size because the block size changed from 1 to 9
detect_structure.cc:93 Dynamic f block size because the block size changed from 6 to 9
detect_structure.cc:114 Schur complement static structure <-1,-1,-1>.
schur_eliminator.cc:155 Template specializations not found for <-1,-1,-1>
block_sparse_matrix.cc:208 Allocating values array with 281240 bytes.
detect_structure.cc:63 Dynamic row block size because the block size changed from 2 to 15
detect_structure.cc:74 Dynamic e block size because the block size changed from 1 to 9
detect_structure.cc:93 Dynamic f block size because the block size changed from 6 to 9
detect_structure.cc:114 Schur complement static structure <-1,-1,-1>.
detect_structure.cc:63 Dynamic row block size because the block size changed from 2 to 15
detect_structure.cc:74 Dynamic e block size because the block size changed from 1 to 9
detect_structure.cc:93 Dynamic f block size because the block size changed from 6 to 9
detect_structure.cc:114 Schur complement static structure <-1,-1,-1>.
schur_eliminator.cc:155 Template specializations not found for <-1,-1,-1>
block_sparse_matrix.cc:208 Allocating values array with 272296 bytes.
detect_structure.cc:63 Dynamic row block size because the block size changed from 2 to 15
detect_structure.cc:74 Dynamic e block size because the block size changed from 1 to 9
detect_structure.cc:93 Dynamic f block size because the block size changed from 6 to 9
detect_structure.cc:114 Schur complement static structure <-1,-1,-1>.
detect_structure.cc:63 Dynamic row block size because the block size changed from 2 to 15
detect_structure.cc:74 Dynamic e block size because the block size changed from 1 to 9
detect_structure.cc:93 Dynamic f block size because the block size changed from 6 to 9
detect_structure.cc:114 Schur complement static structure <-1,-1,-1>.
schur_eliminator.cc:155 Template specializations not found for <-1,-1,-1>
block_sparse_matrix.cc:208 Allocating values array with 265432 bytes.
detect_structure.cc:63 Dynamic row block size because the block size changed from 2 to 15
detect_structure.cc:74 Dynamic e block size because the block size changed from 1 to 9
detect_structure.cc:93 Dynamic f block size because the block size changed from 6 to 9
detect_structure.cc:114 Schur complement static structure <-1,-1,-1>.
detect_structure.cc:63 Dynamic row block size because the block size changed from 2 to 15
detect_structure.cc:74 Dynamic e block size because the block size changed from 1 to 9
detect_structure.cc:93 Dynamic f block size because the block size changed from 6 to 9
detect_structure.cc:114 Schur complement static structure <-1,-1,-1>.
schur_eliminator.cc:155 Template specializations not found for <-1,-1,-1>
block_sparse_matrix.cc:208 Allocating values array with 257528 bytes.
detect_structure.cc:63 Dynamic row block size because the block size changed from 2 to 15
detect_structure.cc:74 Dynamic e block size because the block size changed from 1 to 9
detect_structure.cc:93 Dynamic f block size because the block size changed from 6 to 9
detect_structure.cc:114 Schur complement static structure <-1,-1,-1>.
detect_structure.cc:63 Dynamic row block size because the block size changed from 2 to 15
detect_structure.cc:74 Dynamic e block size because the block size changed from 1 to 9
detect_structure.cc:93 Dynamic f block size because the block size changed from 6 to 9
detect_structure.cc:114 Schur complement static structure <-1,-1,-1>.
schur_eliminator.cc:155 Template specializations not found for <-1,-1,-1>
block_sparse_matrix.cc:208 Allocating values array with 252120 bytes.
detect_structure.cc:63 Dynamic row block size because the block size changed from 2 to 15
detect_structure.cc:74 Dynamic e block size because the block size changed from 1 to 9
detect_structure.cc:93 Dynamic f block size because the block size changed from 6 to 9
detect_structure.cc:114 Schur complement static structure <-1,-1,-1>.
detect_structure.cc:63 Dynamic row block size because the block size changed from 2 to 15
detect_structure.cc:74 Dynamic e block size because the block size changed from 1 to 9
detect_structure.cc:93 Dynamic f block size because the block size changed from 6 to 9
detect_structure.cc:114 Schur complement static structure <-1,-1,-1>.
schur_eliminator.cc:155 Template specializations not found for <-1,-1,-1>
block_sparse_matrix.cc:208 Allocating values array with 246920 bytes.
detect_structure.cc:63 Dynamic row block size because the block size changed from 2 to 15
detect_structure.cc:74 Dynamic e block size because the block size changed from 1 to 9
detect_structure.cc:93 Dynamic f block size because the block size changed from 6 to 9
detect_structure.cc:114 Schur complement static structure <-1,-1,-1>.
detect_structure.cc:63 Dynamic row block size because the block size changed from 2 to 15
detect_structure.cc:74 Dynamic e block size because the block size changed from 1 to 9
detect_structure.cc:93 Dynamic f block size because the block size changed from 6 to 9
detect_structure.cc:114 Schur complement static structure <-1,-1,-1>.
schur_eliminator.cc:155 Template specializations not found for <-1,-1,-1>
block_sparse_matrix.cc:208 Allocating values array with 258360 bytes.
detect_structure.cc:63 Dynamic row block size because the block size changed from 2 to 15
detect_structure.cc:74 Dynamic e block size because the block size changed from 1 to 9
detect_structure.cc:93 Dynamic f block size because the block size changed from 6 to 9
detect_structure.cc:114 Schur complement static structure <-1,-1,-1>.
detect_structure.cc:63 Dynamic row block size because the block size changed from 2 to 15
detect_structure.cc:74 Dynamic e block size because the block size changed from 1 to 9
detect_structure.cc:93 Dynamic f block size because the block size changed from 6 to 9
detect_structure.cc:114 Schur complement static structure <-1,-1,-1>.
schur_eliminator.cc:155 Template specializations not found for <-1,-1,-1>
block_sparse_matrix.cc:208 Allocating values array with 259816 bytes.
detect_structure.cc:63 Dynamic row block size because the block size changed from 2 to 15
detect_structure.cc:74 Dynamic e block size because the block size changed from 1 to 9
detect_structure.cc:93 Dynamic f block size because the block size changed from 6 to 9
detect_structure.cc:114 Schur complement static structure <-1,-1,-1>.
detect_structure.cc:63 Dynamic row block size because the block size changed from 2 to 15
detect_structure.cc:74 Dynamic e block size because the block size changed from 1 to 9
detect_structure.cc:93 Dynamic f block size because the block size changed from 6 to 9
detect_structure.cc:114 Schur complement static structure <-1,-1,-1>.
schur_eliminator.cc:155 Template specializations not found for <-1,-1,-1>
block_sparse_matrix.cc:208 Allocating values array with 255864 bytes.
detect_structure.cc:63 Dynamic row block size because the block size changed from 2 to 15
detect_structure.cc:74 Dynamic e block size because the block size changed from 1 to 9
detect_structure.cc:93 Dynamic f block size because the block size changed from 6 to 9
detect_structure.cc:114 Schur complement static structure <-1,-1,-1>.
detect_structure.cc:63 Dynamic row block size because the block size changed from 2 to 15
detect_structure.cc:74 Dynamic e block size because the block size changed from 1 to 9
detect_structure.cc:93 Dynamic f block size because the block size changed from 6 to 9
detect_structure.cc:114 Schur complement static structure <-1,-1,-1>.
schur_eliminator.cc:155 Template specializations not found for <-1,-1,-1>
block_sparse_matrix.cc:208 Allocating values array with 252536 bytes.
detect_structure.cc:63 Dynamic row block size because the block size changed from 2 to 15
detect_structure.cc:74 Dynamic e block size because the block size changed from 1 to 9
detect_structure.cc:93 Dynamic f block size because the block size changed from 6 to 9
detect_structure.cc:114 Schur complement static structure <-1,-1,-1>.
detect_structure.cc:63 Dynamic row block size because the block size changed from 2 to 15
detect_structure.cc:74 Dynamic e block size because the block size changed from 1 to 9
detect_structure.cc:93 Dynamic f block size because the block size changed from 6 to 9
detect_structure.cc:114 Schur complement static structure <-1,-1,-1>.
schur_eliminator.cc:155 Template specializations not found for <-1,-1,-1>
[VIO DIAG] f=520 tri: ok=136 wait=6 fail=0 default=0 depth: avg=1.15177 min=0.365223 max=2.86545 |vel|=0.625234 vel=(0.428936,0.0883092,0.446244) ba=(-0.0254803,-0.205706,-0.0239016) bg=(7.64319e-05,2.63946e-05,-0.000451718)
block_sparse_matrix.cc:208 Allocating values array with 250248 bytes.
detect_structure.cc:63 Dynamic row block size because the block size changed from 2 to 15
detect_structure.cc:74 Dynamic e block size because the block size changed from 1 to 9
detect_structure.cc:93 Dynamic f block size because the block size changed from 6 to 9
detect_structure.cc:114 Schur complement static structure <-1,-1,-1>.
detect_structure.cc:63 Dynamic row block size because the block size changed from 2 to 15
detect_structure.cc:74 Dynamic e block size because the block size changed from 1 to 9
detect_structure.cc:93 Dynamic f block size because the block size changed from 6 to 9
detect_structure.cc:114 Schur complement static structure <-1,-1,-1>.
schur_eliminator.cc:155 Template specializations not found for <-1,-1,-1>
[FeatureTracker] F-matrix: 97 → 52 (rejected 45, threshold=1)
block_sparse_matrix.cc:208 Allocating values array with 245880 bytes.
detect_structure.cc:63 Dynamic row block size because the block size changed from 2 to 15
detect_structure.cc:74 Dynamic e block size because the block size changed from 1 to 9
detect_structure.cc:93 Dynamic f block size because the block size changed from 6 to 9
detect_structure.cc:114 Schur complement static structure <-1,-1,-1>.
detect_structure.cc:63 Dynamic row block size because the block size changed from 2 to 15
detect_structure.cc:74 Dynamic e block size because the block size changed from 1 to 9
detect_structure.cc:93 Dynamic f block size because the block size changed from 6 to 9
detect_structure.cc:114 Schur complement static structure <-1,-1,-1>.
schur_eliminator.cc:155 Template specializations not found for <-1,-1,-1>
block_sparse_matrix.cc:208 Allocating values array with 238184 bytes.
detect_structure.cc:63 Dynamic row block size because the block size changed from 2 to 15
detect_structure.cc:74 Dynamic e block size because the block size changed from 1 to 9
detect_structure.cc:93 Dynamic f block size because the block size changed from 6 to 9
detect_structure.cc:114 Schur complement static structure <-1,-1,-1>.
detect_structure.cc:63 Dynamic row block size because the block size changed from 2 to 15
detect_structure.cc:74 Dynamic e block size because the block size changed from 1 to 9
detect_structure.cc:93 Dynamic f block size because the block size changed from 6 to 9
detect_structure.cc:114 Schur complement static structure <-1,-1,-1>.
schur_eliminator.cc:155 Template specializations not found for <-1,-1,-1>
block_sparse_matrix.cc:208 Allocating values array with 230904 bytes.
detect_structure.cc:63 Dynamic row block size because the block size changed from 2 to 15
detect_structure.cc:74 Dynamic e block size because the block size changed from 1 to 9
detect_structure.cc:93 Dynamic f block size because the block size changed from 6 to 9
detect_structure.cc:114 Schur complement static structure <-1,-1,-1>.
detect_structure.cc:63 Dynamic row block size because the block size changed from 2 to 15
detect_structure.cc:74 Dynamic e block size because the block size changed from 1 to 9
detect_structure.cc:93 Dynamic f block size because the block size changed from 6 to 9
detect_structure.cc:114 Schur complement static structure <-1,-1,-1>.
schur_eliminator.cc:155 Template specializations not found for <-1,-1,-1>
block_sparse_matrix.cc:208 Allocating values array with 223416 bytes.
detect_structure.cc:63 Dynamic row block size because the block size changed from 2 to 15
detect_structure.cc:74 Dynamic e block size because the block size changed from 1 to 9
detect_structure.cc:93 Dynamic f block size because the block size changed from 6 to 9
detect_structure.cc:114 Schur complement static structure <-1,-1,-1>.
detect_structure.cc:63 Dynamic row block size because the block size changed from 2 to 15
detect_structure.cc:74 Dynamic e block size because the block size changed from 1 to 9
detect_structure.cc:93 Dynamic f block size because the block size changed from 6 to 9
detect_structure.cc:114 Schur complement static structure <-1,-1,-1>.
schur_eliminator.cc:155 Template specializations not found for <-1,-1,-1>
block_sparse_matrix.cc:208 Allocating values array with 234856 bytes.
detect_structure.cc:63 Dynamic row block size because the block size changed from 2 to 15
detect_structure.cc:74 Dynamic e block size because the block size changed from 1 to 9
detect_structure.cc:93 Dynamic f block size because the block size changed from 6 to 9
detect_structure.cc:114 Schur complement static structure <-1,-1,-1>.
detect_structure.cc:63 Dynamic row block size because the block size changed from 2 to 15
detect_structure.cc:74 Dynamic e block size because the block size changed from 1 to 9
detect_structure.cc:93 Dynamic f block size because the block size changed from 6 to 9
detect_structure.cc:114 Schur complement static structure <-1,-1,-1>.
schur_eliminator.cc:155 Template specializations not found for <-1,-1,-1>
block_sparse_matrix.cc:208 Allocating values array with 239432 bytes.
detect_structure.cc:63 Dynamic row block size because the block size changed from 2 to 15
detect_structure.cc:74 Dynamic e block size because the block size changed from 1 to 9
detect_structure.cc:93 Dynamic f block size because the block size changed from 6 to 9
detect_structure.cc:114 Schur complement static structure <-1,-1,-1>.
detect_structure.cc:63 Dynamic row block size because the block size changed from 2 to 15
detect_structure.cc:74 Dynamic e block size because the block size changed from 1 to 9
detect_structure.cc:93 Dynamic f block size because the block size changed from 6 to 9
detect_structure.cc:114 Schur complement static structure <-1,-1,-1>.
schur_eliminator.cc:155 Template specializations not found for <-1,-1,-1>
block_sparse_matrix.cc:208 Allocating values array with 246920 bytes.
detect_structure.cc:63 Dynamic row block size because the block size changed from 2 to 15
detect_structure.cc:74 Dynamic e block size because the block size changed from 1 to 9
detect_structure.cc:93 Dynamic f block size because the block size changed from 6 to 9
detect_structure.cc:114 Schur complement static structure <-1,-1,-1>.
detect_structure.cc:63 Dynamic row block size because the block size changed from 2 to 15
detect_structure.cc:74 Dynamic e block size because the block size changed from 1 to 9
detect_structure.cc:93 Dynamic f block size because the block size changed from 6 to 9
detect_structure.cc:114 Schur complement static structure <-1,-1,-1>.
schur_eliminator.cc:155 Template specializations not found for <-1,-1,-1>
block_sparse_matrix.cc:208 Allocating values array with 254824 bytes.
detect_structure.cc:63 Dynamic row block size because the block size changed from 2 to 15
detect_structure.cc:74 Dynamic e block size because the block size changed from 1 to 9
detect_structure.cc:93 Dynamic f block size because the block size changed from 6 to 9
detect_structure.cc:114 Schur complement static structure <-1,-1,-1>.
detect_structure.cc:63 Dynamic row block size because the block size changed from 2 to 15
detect_structure.cc:74 Dynamic e block size because the block size changed from 1 to 9
detect_structure.cc:93 Dynamic f block size because the block size changed from 6 to 9
detect_structure.cc:114 Schur complement static structure <-1,-1,-1>.
schur_eliminator.cc:155 Template specializations not found for <-1,-1,-1>
block_sparse_matrix.cc:208 Allocating values array with 259608 bytes.
detect_structure.cc:63 Dynamic row block size because the block size changed from 2 to 15
detect_structure.cc:74 Dynamic e block size because the block size changed from 1 to 9
detect_structure.cc:93 Dynamic f block size because the block size changed from 6 to 9
detect_structure.cc:114 Schur complement static structure <-1,-1,-1>.
detect_structure.cc:63 Dynamic row block size because the block size changed from 2 to 15
detect_structure.cc:74 Dynamic e block size because the block size changed from 1 to 9
detect_structure.cc:93 Dynamic f block size because the block size changed from 6 to 9
detect_structure.cc:114 Schur complement static structure <-1,-1,-1>.
schur_eliminator.cc:155 Template specializations not found for <-1,-1,-1>
[FeatureTracker] F-matrix: 135 → 72 (rejected 63, threshold=1)
block_sparse_matrix.cc:208 Allocating values array with 259192 bytes.
detect_structure.cc:63 Dynamic row block size because the block size changed from 2 to 15
detect_structure.cc:74 Dynamic e block size because the block size changed from 1 to 9
detect_structure.cc:93 Dynamic f block size because the block size changed from 6 to 9
detect_structure.cc:114 Schur complement static structure <-1,-1,-1>.
detect_structure.cc:63 Dynamic row block size because the block size changed from 2 to 15
detect_structure.cc:74 Dynamic e block size because the block size changed from 1 to 9
detect_structure.cc:93 Dynamic f block size because the block size changed from 6 to 9
detect_structure.cc:114 Schur complement static structure <-1,-1,-1>.
schur_eliminator.cc:155 Template specializations not found for <-1,-1,-1>
block_sparse_matrix.cc:208 Allocating values array with 263560 bytes.
detect_structure.cc:63 Dynamic row block size because the block size changed from 2 to 15
detect_structure.cc:74 Dynamic e block size because the block size changed from 1 to 9
detect_structure.cc:93 Dynamic f block size because the block size changed from 6 to 9
detect_structure.cc:114 Schur complement static structure <-1,-1,-1>.
detect_structure.cc:63 Dynamic row block size because the block size changed from 2 to 15
detect_structure.cc:74 Dynamic e block size because the block size changed from 1 to 9
detect_structure.cc:93 Dynamic f block size because the block size changed from 6 to 9
detect_structure.cc:114 Schur complement static structure <-1,-1,-1>.
schur_eliminator.cc:155 Template specializations not found for <-1,-1,-1>
block_sparse_matrix.cc:208 Allocating values array with 267096 bytes.
detect_structure.cc:63 Dynamic row block size because the block size changed from 2 to 15
detect_structure.cc:74 Dynamic e block size because the block size changed from 1 to 9
detect_structure.cc:93 Dynamic f block size because the block size changed from 6 to 9
detect_structure.cc:114 Schur complement static structure <-1,-1,-1>.
detect_structure.cc:63 Dynamic row block size because the block size changed from 2 to 15
detect_structure.cc:74 Dynamic e block size because the block size changed from 1 to 9
detect_structure.cc:93 Dynamic f block size because the block size changed from 6 to 9
detect_structure.cc:114 Schur complement static structure <-1,-1,-1>.
schur_eliminator.cc:155 Template specializations not found for <-1,-1,-1>
block_sparse_matrix.cc:208 Allocating values array with 261480 bytes.
detect_structure.cc:63 Dynamic row block size because the block size changed from 2 to 15
detect_structure.cc:74 Dynamic e block size because the block size changed from 1 to 9
detect_structure.cc:93 Dynamic f block size because the block size changed from 6 to 9
detect_structure.cc:114 Schur complement static structure <-1,-1,-1>.
detect_structure.cc:63 Dynamic row block size because the block size changed from 2 to 15
detect_structure.cc:74 Dynamic e block size because the block size changed from 1 to 9
detect_structure.cc:93 Dynamic f block size because the block size changed from 6 to 9
detect_structure.cc:114 Schur complement static structure <-1,-1,-1>.
schur_eliminator.cc:155 Template specializations not found for <-1,-1,-1>
block_sparse_matrix.cc:208 Allocating values array with 262312 bytes.
detect_structure.cc:63 Dynamic row block size because the block size changed from 2 to 15
detect_structure.cc:74 Dynamic e block size because the block size changed from 1 to 9
detect_structure.cc:93 Dynamic f block size because the block size changed from 6 to 9
detect_structure.cc:114 Schur complement static structure <-1,-1,-1>.
detect_structure.cc:63 Dynamic row block size because the block size changed from 2 to 15
detect_structure.cc:74 Dynamic e block size because the block size changed from 1 to 9
detect_structure.cc:93 Dynamic f block size because the block size changed from 6 to 9
detect_structure.cc:114 Schur complement static structure <-1,-1,-1>.
schur_eliminator.cc:155 Template specializations not found for <-1,-1,-1>
block_sparse_matrix.cc:208 Allocating values array with 256696 bytes.
detect_structure.cc:63 Dynamic row block size because the block size changed from 2 to 15
detect_structure.cc:74 Dynamic e block size because the block size changed from 1 to 9
detect_structure.cc:93 Dynamic f block size because the block size changed from 6 to 9
detect_structure.cc:114 Schur complement static structure <-1,-1,-1>.
detect_structure.cc:63 Dynamic row block size because the block size changed from 2 to 15
detect_structure.cc:74 Dynamic e block size because the block size changed from 1 to 9
detect_structure.cc:93 Dynamic f block size because the block size changed from 6 to 9
detect_structure.cc:114 Schur complement static structure <-1,-1,-1>.
schur_eliminator.cc:155 Template specializations not found for <-1,-1,-1>
block_sparse_matrix.cc:208 Allocating values array with 251080 bytes.
detect_structure.cc:63 Dynamic row block size because the block size changed from 2 to 15
detect_structure.cc:74 Dynamic e block size because the block size changed from 1 to 9
detect_structure.cc:93 Dynamic f block size because the block size changed from 6 to 9
detect_structure.cc:114 Schur complement static structure <-1,-1,-1>.
detect_structure.cc:63 Dynamic row block size because the block size changed from 2 to 15
detect_structure.cc:74 Dynamic e block size because the block size changed from 1 to 9
detect_structure.cc:93 Dynamic f block size because the block size changed from 6 to 9
detect_structure.cc:114 Schur complement static structure <-1,-1,-1>.
schur_eliminator.cc:155 Template specializations not found for <-1,-1,-1>
block_sparse_matrix.cc:208 Allocating values array with 245672 bytes.
detect_structure.cc:63 Dynamic row block size because the block size changed from 2 to 15
detect_structure.cc:74 Dynamic e block size because the block size changed from 1 to 9
detect_structure.cc:93 Dynamic f block size because the block size changed from 6 to 9
detect_structure.cc:114 Schur complement static structure <-1,-1,-1>.
detect_structure.cc:63 Dynamic row block size because the block size changed from 2 to 15
detect_structure.cc:74 Dynamic e block size because the block size changed from 1 to 9
detect_structure.cc:93 Dynamic f block size because the block size changed from 6 to 9
detect_structure.cc:114 Schur complement static structure <-1,-1,-1>.
schur_eliminator.cc:155 Template specializations not found for <-1,-1,-1>
block_sparse_matrix.cc:208 Allocating values array with 242344 bytes.
detect_structure.cc:63 Dynamic row block size because the block size changed from 2 to 15
detect_structure.cc:74 Dynamic e block size because the block size changed from 1 to 9
detect_structure.cc:93 Dynamic f block size because the block size changed from 6 to 9
detect_structure.cc:114 Schur complement static structure <-1,-1,-1>.
detect_structure.cc:63 Dynamic row block size because the block size changed from 2 to 15
detect_structure.cc:74 Dynamic e block size because the block size changed from 1 to 9
detect_structure.cc:93 Dynamic f block size because the block size changed from 6 to 9
detect_structure.cc:114 Schur complement static structure <-1,-1,-1>.
schur_eliminator.cc:155 Template specializations not found for <-1,-1,-1>
block_sparse_matrix.cc:208 Allocating values array with 234856 bytes.
detect_structure.cc:63 Dynamic row block size because the block size changed from 2 to 15
detect_structure.cc:74 Dynamic e block size because the block size changed from 1 to 9
detect_structure.cc:93 Dynamic f block size because the block size changed from 6 to 9
detect_structure.cc:114 Schur complement static structure <-1,-1,-1>.
detect_structure.cc:63 Dynamic row block size because the block size changed from 2 to 15
detect_structure.cc:74 Dynamic e block size because the block size changed from 1 to 9
detect_structure.cc:93 Dynamic f block size because the block size changed from 6 to 9
detect_structure.cc:114 Schur complement static structure <-1,-1,-1>.
schur_eliminator.cc:155 Template specializations not found for <-1,-1,-1>
[VIO DIAG] f=540 tri: ok=137 wait=10 fail=0 default=2 depth: avg=1.50978 min=0.62802 max=6.12515 |vel|=1.4234 vel=(-1.05845,0.77054,-0.558604) ba=(-0.0205303,-0.199992,-0.0244925) bg=(9.01115e-05,-0.000149305,-0.00048442)
block_sparse_matrix.cc:208 Allocating values array with 237768 bytes.
detect_structure.cc:63 Dynamic row block size because the block size changed from 2 to 15
detect_structure.cc:74 Dynamic e block size because the block size changed from 1 to 9
detect_structure.cc:93 Dynamic f block size because the block size changed from 6 to 9
detect_structure.cc:114 Schur complement static structure <-1,-1,-1>.
detect_structure.cc:63 Dynamic row block size because the block size changed from 2 to 15
detect_structure.cc:74 Dynamic e block size because the block size changed from 1 to 9
detect_structure.cc:93 Dynamic f block size because the block size changed from 6 to 9
detect_structure.cc:114 Schur complement static structure <-1,-1,-1>.
schur_eliminator.cc:155 Template specializations not found for <-1,-1,-1>
block_sparse_matrix.cc:208 Allocating values array with 242552 bytes.
detect_structure.cc:63 Dynamic row block size because the block size changed from 2 to 15
detect_structure.cc:74 Dynamic e block size because the block size changed from 1 to 9
detect_structure.cc:93 Dynamic f block size because the block size changed from 6 to 9
detect_structure.cc:114 Schur complement static structure <-1,-1,-1>.
detect_structure.cc:63 Dynamic row block size because the block size changed from 2 to 15
detect_structure.cc:74 Dynamic e block size because the block size changed from 1 to 9
detect_structure.cc:93 Dynamic f block size because the block size changed from 6 to 9
detect_structure.cc:114 Schur complement static structure <-1,-1,-1>.
schur_eliminator.cc:155 Template specializations not found for <-1,-1,-1>
block_sparse_matrix.cc:208 Allocating values array with 249624 bytes.
detect_structure.cc:63 Dynamic row block size because the block size changed from 2 to 15
detect_structure.cc:74 Dynamic e block size because the block size changed from 1 to 9
detect_structure.cc:93 Dynamic f block size because the block size changed from 6 to 9
detect_structure.cc:114 Schur complement static structure <-1,-1,-1>.
detect_structure.cc:63 Dynamic row block size because the block size changed from 2 to 15
detect_structure.cc:74 Dynamic e block size because the block size changed from 1 to 9
detect_structure.cc:93 Dynamic f block size because the block size changed from 6 to 9
detect_structure.cc:114 Schur complement static structure <-1,-1,-1>.
schur_eliminator.cc:155 Template specializations not found for <-1,-1,-1>
block_sparse_matrix.cc:208 Allocating values array with 250664 bytes.
detect_structure.cc:63 Dynamic row block size because the block size changed from 2 to 15
detect_structure.cc:74 Dynamic e block size because the block size changed from 1 to 9
detect_structure.cc:93 Dynamic f block size because the block size changed from 6 to 9
detect_structure.cc:114 Schur complement static structure <-1,-1,-1>.
detect_structure.cc:63 Dynamic row block size because the block size changed from 2 to 15
detect_structure.cc:74 Dynamic e block size because the block size changed from 1 to 9
detect_structure.cc:93 Dynamic f block size because the block size changed from 6 to 9
detect_structure.cc:114 Schur complement static structure <-1,-1,-1>.
schur_eliminator.cc:155 Template specializations not found for <-1,-1,-1>
block_sparse_matrix.cc:208 Allocating values array with 251288 bytes.
detect_structure.cc:63 Dynamic row block size because the block size changed from 2 to 15
detect_structure.cc:74 Dynamic e block size because the block size changed from 1 to 9
detect_structure.cc:93 Dynamic f block size because the block size changed from 6 to 9
detect_structure.cc:114 Schur complement static structure <-1,-1,-1>.
detect_structure.cc:63 Dynamic row block size because the block size changed from 2 to 15
detect_structure.cc:74 Dynamic e block size because the block size changed from 1 to 9
detect_structure.cc:93 Dynamic f block size because the block size changed from 6 to 9
detect_structure.cc:114 Schur complement static structure <-1,-1,-1>.
schur_eliminator.cc:155 Template specializations not found for <-1,-1,-1>
block_sparse_matrix.cc:208 Allocating values array with 258152 bytes.
detect_structure.cc:63 Dynamic row block size because the block size changed from 2 to 15
detect_structure.cc:74 Dynamic e block size because the block size changed from 1 to 9
detect_structure.cc:93 Dynamic f block size because the block size changed from 6 to 9
detect_structure.cc:114 Schur complement static structure <-1,-1,-1>.
detect_structure.cc:63 Dynamic row block size because the block size changed from 2 to 15
detect_structure.cc:74 Dynamic e block size because the block size changed from 1 to 9
detect_structure.cc:93 Dynamic f block size because the block size changed from 6 to 9
detect_structure.cc:114 Schur complement static structure <-1,-1,-1>.
schur_eliminator.cc:155 Template specializations not found for <-1,-1,-1>
[FeatureTracker] F-matrix: 121 → 58 (rejected 63, threshold=1)
block_sparse_matrix.cc:208 Allocating values array with 252536 bytes.
detect_structure.cc:63 Dynamic row block size because the block size changed from 2 to 15
detect_structure.cc:74 Dynamic e block size because the block size changed from 1 to 9
detect_structure.cc:93 Dynamic f block size because the block size changed from 6 to 9
detect_structure.cc:114 Schur complement static structure <-1,-1,-1>.
detect_structure.cc:63 Dynamic row block size because the block size changed from 2 to 15
detect_structure.cc:74 Dynamic e block size because the block size changed from 1 to 9
detect_structure.cc:93 Dynamic f block size because the block size changed from 6 to 9
detect_structure.cc:114 Schur complement static structure <-1,-1,-1>.
schur_eliminator.cc:155 Template specializations not found for <-1,-1,-1>
block_sparse_matrix.cc:208 Allocating values array with 244632 bytes.
detect_structure.cc:63 Dynamic row block size because the block size changed from 2 to 15
detect_structure.cc:74 Dynamic e block size because the block size changed from 1 to 9
detect_structure.cc:93 Dynamic f block size because the block size changed from 6 to 9
detect_structure.cc:114 Schur complement static structure <-1,-1,-1>.
detect_structure.cc:63 Dynamic row block size because the block size changed from 2 to 15
detect_structure.cc:74 Dynamic e block size because the block size changed from 1 to 9
detect_structure.cc:93 Dynamic f block size because the block size changed from 6 to 9
detect_structure.cc:114 Schur complement static structure <-1,-1,-1>.
schur_eliminator.cc:155 Template specializations not found for <-1,-1,-1>
block_sparse_matrix.cc:208 Allocating values array with 239848 bytes.
detect_structure.cc:63 Dynamic row block size because the block size changed from 2 to 15
detect_structure.cc:74 Dynamic e block size because the block size changed from 1 to 9
detect_structure.cc:93 Dynamic f block size because the block size changed from 6 to 9
detect_structure.cc:114 Schur complement static structure <-1,-1,-1>.
detect_structure.cc:63 Dynamic row block size because the block size changed from 2 to 15
detect_structure.cc:74 Dynamic e block size because the block size changed from 1 to 9
detect_structure.cc:93 Dynamic f block size because the block size changed from 6 to 9
detect_structure.cc:114 Schur complement static structure <-1,-1,-1>.
schur_eliminator.cc:155 Template specializations not found for <-1,-1,-1>
block_sparse_matrix.cc:208 Allocating values array with 232776 bytes.
detect_structure.cc:63 Dynamic row block size because the block size changed from 2 to 15
detect_structure.cc:74 Dynamic e block size because the block size changed from 1 to 9
detect_structure.cc:93 Dynamic f block size because the block size changed from 6 to 9
detect_structure.cc:114 Schur complement static structure <-1,-1,-1>.
detect_structure.cc:63 Dynamic row block size because the block size changed from 2 to 15
detect_structure.cc:74 Dynamic e block size because the block size changed from 1 to 9
detect_structure.cc:93 Dynamic f block size because the block size changed from 6 to 9
detect_structure.cc:114 Schur complement static structure <-1,-1,-1>.
schur_eliminator.cc:155 Template specializations not found for <-1,-1,-1>
block_sparse_matrix.cc:208 Allocating values array with 254408 bytes.
detect_structure.cc:63 Dynamic row block size because the block size changed from 2 to 15
detect_structure.cc:74 Dynamic e block size because the block size changed from 1 to 9
detect_structure.cc:93 Dynamic f block size because the block size changed from 6 to 9
detect_structure.cc:114 Schur complement static structure <-1,-1,-1>.
detect_structure.cc:63 Dynamic row block size because the block size changed from 2 to 15
detect_structure.cc:74 Dynamic e block size because the block size changed from 1 to 9
detect_structure.cc:93 Dynamic f block size because the block size changed from 6 to 9
detect_structure.cc:114 Schur complement static structure <-1,-1,-1>.
schur_eliminator.cc:155 Template specializations not found for <-1,-1,-1>
block_sparse_matrix.cc:208 Allocating values array with 260024 bytes.
detect_structure.cc:63 Dynamic row block size because the block size changed from 2 to 15
detect_structure.cc:74 Dynamic e block size because the block size changed from 1 to 9
detect_structure.cc:93 Dynamic f block size because the block size changed from 6 to 9
detect_structure.cc:114 Schur complement static structure <-1,-1,-1>.
detect_structure.cc:63 Dynamic row block size because the block size changed from 2 to 15
detect_structure.cc:74 Dynamic e block size because the block size changed from 1 to 9
detect_structure.cc:93 Dynamic f block size because the block size changed from 6 to 9
detect_structure.cc:114 Schur complement static structure <-1,-1,-1>.
schur_eliminator.cc:155 Template specializations not found for <-1,-1,-1>
block_sparse_matrix.cc:208 Allocating values array with 262312 bytes.
detect_structure.cc:63 Dynamic row block size because the block size changed from 2 to 15
detect_structure.cc:74 Dynamic e block size because the block size changed from 1 to 9
detect_structure.cc:93 Dynamic f block size because the block size changed from 6 to 9
detect_structure.cc:114 Schur complement static structure <-1,-1,-1>.
detect_structure.cc:63 Dynamic row block size because the block size changed from 2 to 15
detect_structure.cc:74 Dynamic e block size because the block size changed from 1 to 9
detect_structure.cc:93 Dynamic f block size because the block size changed from 6 to 9
detect_structure.cc:114 Schur complement static structure <-1,-1,-1>.
schur_eliminator.cc:155 Template specializations not found for <-1,-1,-1>
block_sparse_matrix.cc:208 Allocating values array with 260856 bytes.
detect_structure.cc:63 Dynamic row block size because the block size changed from 2 to 15
detect_structure.cc:74 Dynamic e block size because the block size changed from 1 to 9
detect_structure.cc:93 Dynamic f block size because the block size changed from 6 to 9
detect_structure.cc:114 Schur complement static structure <-1,-1,-1>.
detect_structure.cc:63 Dynamic row block size because the block size changed from 2 to 15
detect_structure.cc:74 Dynamic e block size because the block size changed from 1 to 9
detect_structure.cc:93 Dynamic f block size because the block size changed from 6 to 9
detect_structure.cc:114 Schur complement static structure <-1,-1,-1>.
schur_eliminator.cc:155 Template specializations not found for <-1,-1,-1>
[Replay] 600/600 frames, 555 valid poses
[Replay] complete: 555/600 valid poses; 0 invalid; 13217.2 ms wall
	Command being timed: "timeout 120 build/audit-baseline/native-replay/native-replay assets/datasets/tum/dataset-room1_512_16 config/tum_vi_room1.yaml build/audit-baseline/native-replay/room1-until-image-600 600 until-image 0 1"
	User time (seconds): 13.74
	System time (seconds): 2.02
	Percent of CPU this job got: 117%
	Elapsed (wall clock) time (h:mm:ss or m:ss): 0:13.38
	Average shared text size (kbytes): 0
	Average unshared data size (kbytes): 0
	Average stack size (kbytes): 0
	Average total size (kbytes): 0
	Maximum resident set size (kbytes): 358580
	Average resident set size (kbytes): 0
	Major (requiring I/O) page faults: 0
	Minor (reclaiming a frame) page faults: 825662
	Voluntary context switches: 841
	Involuntary context switches: 437600
	Swaps: 0
	File system inputs: 0
	File system outputs: 1144
	Socket messages sent: 0
	Socket messages received: 0
	Signals delivered: 0
	Page size (bytes): 4096
	Exit status: 0
