[==========] Running 3 tests from 1 test suite.
[----------] Global test environment set-up.
[----------] 3 tests from VIOParityTest
[ RUN      ] VIOParityTest.BothProduceTrajectories

=== VIOEngine ===
Loading configuration from: ./config/tum_vi_room1.yaml
Configuration loaded successfully from: ./config/tum_vi_room1.yaml
block_sparse_matrix.cc:208 Allocating values array with 214272 bytes.
detect_structure.cc:114 Schur complement static structure <2,3,3>.
detect_structure.cc:114 Schur complement static structure <2,3,3>.
schur_eliminator.cc:155 Template specializations not found for <2,3,3>
block_sparse_matrix.cc:208 Allocating values array with 214080 bytes.
detect_structure.cc:114 Schur complement static structure <2,3,3>.
detect_structure.cc:114 Schur complement static structure <2,3,3>.
schur_eliminator.cc:155 Template specializations not found for <2,3,3>
block_sparse_matrix.cc:208 Allocating values array with 213792 bytes.
detect_structure.cc:114 Schur complement static structure <2,3,3>.
detect_structure.cc:114 Schur complement static structure <2,3,3>.
schur_eliminator.cc:155 Template specializations not found for <2,3,3>
block_sparse_matrix.cc:208 Allocating values array with 208512 bytes.
detect_structure.cc:114 Schur complement static structure <2,3,3>.
detect_structure.cc:114 Schur complement static structure <2,3,3>.
schur_eliminator.cc:155 Template specializations not found for <2,3,3>
block_sparse_matrix.cc:208 Allocating values array with 207552 bytes.
detect_structure.cc:114 Schur complement static structure <2,3,3>.
detect_structure.cc:114 Schur complement static structure <2,3,3>.
schur_eliminator.cc:155 Template specializations not found for <2,3,3>
[VIO] Initialization SUCCESS
[VIO]   gravity: -1.11022e-16 -3.57527e-15      9.81007 (norm=9.81007)
[VIO]   V[0]:   0.037854 -0.0076367 -0.0199488 (norm=0.0434649)
[VIO]   Ba[0]: 0 0 0
[VIO]   Bg[0]: -0.00351402  0.00545301 -0.00181286
block_sparse_matrix.cc:208 Allocating values array with 326576 bytes.
detect_structure.cc:63 Dynamic row block size because the block size changed from 2 to 15
detect_structure.cc:74 Dynamic e block size because the block size changed from 1 to 9
detect_structure.cc:93 Dynamic f block size because the block size changed from 6 to 9
detect_structure.cc:114 Schur complement static structure <-1,-1,-1>.
detect_structure.cc:63 Dynamic row block size because the block size changed from 2 to 15
detect_structure.cc:74 Dynamic e block size because the block size changed from 1 to 9
detect_structure.cc:93 Dynamic f block size because the block size changed from 6 to 9
detect_structure.cc:114 Schur complement static structure <-1,-1,-1>.
schur_eliminator.cc:155 Template specializations not found for <-1,-1,-1>
[VIO DIAG] f=0 tri: ok=169 wait=0 fail=0 default=1 depth: avg=1.46124 min=0.0399417 max=2.63526 |vel|=0.633377 vel=(0.554791,-0.197239,0.233387) ba=(-0.0576422,-0.0247508,0.0114176) bg=(0.00085848,0.00304799,0.00118938)
block_sparse_matrix.cc:208 Allocating values array with 358824 bytes.
detect_structure.cc:63 Dynamic row block size because the block size changed from 2 to 15
detect_structure.cc:74 Dynamic e block size because the block size changed from 1 to 9
detect_structure.cc:93 Dynamic f block size because the block size changed from 6 to 9
detect_structure.cc:114 Schur complement static structure <-1,-1,-1>.
detect_structure.cc:63 Dynamic row block size because the block size changed from 2 to 15
detect_structure.cc:74 Dynamic e block size because the block size changed from 1 to 9
detect_structure.cc:93 Dynamic f block size because the block size changed from 6 to 9
detect_structure.cc:114 Schur complement static structure <-1,-1,-1>.
schur_eliminator.cc:155 Template specializations not found for <-1,-1,-1>
block_sparse_matrix.cc:208 Allocating values array with 356952 bytes.
detect_structure.cc:63 Dynamic row block size because the block size changed from 2 to 15
detect_structure.cc:74 Dynamic e block size because the block size changed from 1 to 9
detect_structure.cc:93 Dynamic f block size because the block size changed from 6 to 9
detect_structure.cc:114 Schur complement static structure <-1,-1,-1>.
detect_structure.cc:63 Dynamic row block size because the block size changed from 2 to 15
detect_structure.cc:74 Dynamic e block size because the block size changed from 1 to 9
detect_structure.cc:93 Dynamic f block size because the block size changed from 6 to 9
detect_structure.cc:114 Schur complement static structure <-1,-1,-1>.
schur_eliminator.cc:155 Template specializations not found for <-1,-1,-1>
block_sparse_matrix.cc:208 Allocating values array with 351336 bytes.
detect_structure.cc:63 Dynamic row block size because the block size changed from 2 to 15
detect_structure.cc:74 Dynamic e block size because the block size changed from 1 to 9
detect_structure.cc:93 Dynamic f block size because the block size changed from 6 to 9
detect_structure.cc:114 Schur complement static structure <-1,-1,-1>.
detect_structure.cc:63 Dynamic row block size because the block size changed from 2 to 15
detect_structure.cc:74 Dynamic e block size because the block size changed from 1 to 9
detect_structure.cc:93 Dynamic f block size because the block size changed from 6 to 9
detect_structure.cc:114 Schur complement static structure <-1,-1,-1>.
schur_eliminator.cc:155 Template specializations not found for <-1,-1,-1>
block_sparse_matrix.cc:208 Allocating values array with 344680 bytes.
detect_structure.cc:63 Dynamic row block size because the block size changed from 2 to 15
detect_structure.cc:74 Dynamic e block size because the block size changed from 1 to 9
detect_structure.cc:93 Dynamic f block size because the block size changed from 6 to 9
detect_structure.cc:114 Schur complement static structure <-1,-1,-1>.
detect_structure.cc:63 Dynamic row block size because the block size changed from 2 to 15
detect_structure.cc:74 Dynamic e block size because the block size changed from 1 to 9
detect_structure.cc:93 Dynamic f block size because the block size changed from 6 to 9
detect_structure.cc:114 Schur complement static structure <-1,-1,-1>.
schur_eliminator.cc:155 Template specializations not found for <-1,-1,-1>
block_sparse_matrix.cc:208 Allocating values array with 340104 bytes.
detect_structure.cc:63 Dynamic row block size because the block size changed from 2 to 15
detect_structure.cc:74 Dynamic e block size because the block size changed from 1 to 9
detect_structure.cc:93 Dynamic f block size because the block size changed from 6 to 9
detect_structure.cc:114 Schur complement static structure <-1,-1,-1>.
detect_structure.cc:63 Dynamic row block size because the block size changed from 2 to 15
detect_structure.cc:74 Dynamic e block size because the block size changed from 1 to 9
detect_structure.cc:93 Dynamic f block size because the block size changed from 6 to 9
detect_structure.cc:114 Schur complement static structure <-1,-1,-1>.
schur_eliminator.cc:155 Template specializations not found for <-1,-1,-1>
block_sparse_matrix.cc:208 Allocating values array with 334904 bytes.
detect_structure.cc:63 Dynamic row block size because the block size changed from 2 to 15
detect_structure.cc:74 Dynamic e block size because the block size changed from 1 to 9
detect_structure.cc:93 Dynamic f block size because the block size changed from 6 to 9
detect_structure.cc:114 Schur complement static structure <-1,-1,-1>.
detect_structure.cc:63 Dynamic row block size because the block size changed from 2 to 15
detect_structure.cc:74 Dynamic e block size because the block size changed from 1 to 9
detect_structure.cc:93 Dynamic f block size because the block size changed from 6 to 9
detect_structure.cc:114 Schur complement static structure <-1,-1,-1>.
schur_eliminator.cc:155 Template specializations not found for <-1,-1,-1>
block_sparse_matrix.cc:208 Allocating values array with 331784 bytes.
detect_structure.cc:63 Dynamic row block size because the block size changed from 2 to 15
detect_structure.cc:74 Dynamic e block size because the block size changed from 1 to 9
detect_structure.cc:93 Dynamic f block size because the block size changed from 6 to 9
detect_structure.cc:114 Schur complement static structure <-1,-1,-1>.
detect_structure.cc:63 Dynamic row block size because the block size changed from 2 to 15
detect_structure.cc:74 Dynamic e block size because the block size changed from 1 to 9
detect_structure.cc:93 Dynamic f block size because the block size changed from 6 to 9
detect_structure.cc:114 Schur complement static structure <-1,-1,-1>.
schur_eliminator.cc:155 Template specializations not found for <-1,-1,-1>
block_sparse_matrix.cc:208 Allocating values array with 324296 bytes.
detect_structure.cc:63 Dynamic row block size because the block size changed from 2 to 15
detect_structure.cc:74 Dynamic e block size because the block size changed from 1 to 9
detect_structure.cc:93 Dynamic f block size because the block size changed from 6 to 9
detect_structure.cc:114 Schur complement static structure <-1,-1,-1>.
detect_structure.cc:63 Dynamic row block size because the block size changed from 2 to 15
detect_structure.cc:74 Dynamic e block size because the block size changed from 1 to 9
detect_structure.cc:93 Dynamic f block size because the block size changed from 6 to 9
detect_structure.cc:114 Schur complement static structure <-1,-1,-1>.
schur_eliminator.cc:155 Template specializations not found for <-1,-1,-1>
block_sparse_matrix.cc:208 Allocating values array with 318264 bytes.
detect_structure.cc:63 Dynamic row block size because the block size changed from 2 to 15
detect_structure.cc:74 Dynamic e block size because the block size changed from 1 to 9
detect_structure.cc:93 Dynamic f block size because the block size changed from 6 to 9
detect_structure.cc:114 Schur complement static structure <-1,-1,-1>.
detect_structure.cc:63 Dynamic row block size because the block size changed from 2 to 15
detect_structure.cc:74 Dynamic e block size because the block size changed from 1 to 9
detect_structure.cc:93 Dynamic f block size because the block size changed from 6 to 9
detect_structure.cc:114 Schur complement static structure <-1,-1,-1>.
schur_eliminator.cc:155 Template specializations not found for <-1,-1,-1>
block_sparse_matrix.cc:208 Allocating values array with 314520 bytes.
detect_structure.cc:63 Dynamic row block size because the block size changed from 2 to 15
detect_structure.cc:74 Dynamic e block size because the block size changed from 1 to 9
detect_structure.cc:93 Dynamic f block size because the block size changed from 6 to 9
detect_structure.cc:114 Schur complement static structure <-1,-1,-1>.
detect_structure.cc:63 Dynamic row block size because the block size changed from 2 to 15
detect_structure.cc:74 Dynamic e block size because the block size changed from 1 to 9
detect_structure.cc:93 Dynamic f block size because the block size changed from 6 to 9
detect_structure.cc:114 Schur complement static structure <-1,-1,-1>.
schur_eliminator.cc:155 Template specializations not found for <-1,-1,-1>
block_sparse_matrix.cc:208 Allocating values array with 311816 bytes.
detect_structure.cc:63 Dynamic row block size because the block size changed from 2 to 15
detect_structure.cc:74 Dynamic e block size because the block size changed from 1 to 9
detect_structure.cc:93 Dynamic f block size because the block size changed from 6 to 9
detect_structure.cc:114 Schur complement static structure <-1,-1,-1>.
detect_structure.cc:63 Dynamic row block size because the block size changed from 2 to 15
detect_structure.cc:74 Dynamic e block size because the block size changed from 1 to 9
detect_structure.cc:93 Dynamic f block size because the block size changed from 6 to 9
detect_structure.cc:114 Schur complement static structure <-1,-1,-1>.
schur_eliminator.cc:155 Template specializations not found for <-1,-1,-1>
block_sparse_matrix.cc:208 Allocating values array with 304776 bytes.
detect_structure.cc:63 Dynamic row block size because the block size changed from 2 to 15
detect_structure.cc:74 Dynamic e block size because the block size changed from 1 to 9
detect_structure.cc:93 Dynamic f block size because the block size changed from 6 to 9
detect_structure.cc:114 Schur complement static structure <-1,-1,-1>.
detect_structure.cc:63 Dynamic row block size because the block size changed from 2 to 15
detect_structure.cc:74 Dynamic e block size because the block size changed from 1 to 9
detect_structure.cc:93 Dynamic f block size because the block size changed from 6 to 9
detect_structure.cc:114 Schur complement static structure <-1,-1,-1>.
schur_eliminator.cc:155 Template specializations not found for <-1,-1,-1>
block_sparse_matrix.cc:208 Allocating values array with 312232 bytes.
detect_structure.cc:63 Dynamic row block size because the block size changed from 2 to 15
detect_structure.cc:74 Dynamic e block size because the block size changed from 1 to 9
detect_structure.cc:93 Dynamic f block size because the block size changed from 6 to 9
detect_structure.cc:114 Schur complement static structure <-1,-1,-1>.
detect_structure.cc:63 Dynamic row block size because the block size changed from 2 to 15
detect_structure.cc:74 Dynamic e block size because the block size changed from 1 to 9
detect_structure.cc:93 Dynamic f block size because the block size changed from 6 to 9
detect_structure.cc:114 Schur complement static structure <-1,-1,-1>.
schur_eliminator.cc:155 Template specializations not found for <-1,-1,-1>
[FeatureTracker] F-matrix: 145 → 91 (rejected 54, threshold=1)
block_sparse_matrix.cc:208 Allocating values array with 297704 bytes.
detect_structure.cc:63 Dynamic row block size because the block size changed from 2 to 15
detect_structure.cc:74 Dynamic e block size because the block size changed from 1 to 9
detect_structure.cc:93 Dynamic f block size because the block size changed from 6 to 9
detect_structure.cc:114 Schur complement static structure <-1,-1,-1>.
detect_structure.cc:63 Dynamic row block size because the block size changed from 2 to 15
detect_structure.cc:74 Dynamic e block size because the block size changed from 1 to 9
detect_structure.cc:93 Dynamic f block size because the block size changed from 6 to 9
detect_structure.cc:114 Schur complement static structure <-1,-1,-1>.
schur_eliminator.cc:155 Template specializations not found for <-1,-1,-1>
block_sparse_matrix.cc:208 Allocating values array with 289592 bytes.
detect_structure.cc:63 Dynamic row block size because the block size changed from 2 to 15
detect_structure.cc:74 Dynamic e block size because the block size changed from 1 to 9
detect_structure.cc:93 Dynamic f block size because the block size changed from 6 to 9
detect_structure.cc:114 Schur complement static structure <-1,-1,-1>.
detect_structure.cc:63 Dynamic row block size because the block size changed from 2 to 15
detect_structure.cc:74 Dynamic e block size because the block size changed from 1 to 9
detect_structure.cc:93 Dynamic f block size because the block size changed from 6 to 9
detect_structure.cc:114 Schur complement static structure <-1,-1,-1>.
schur_eliminator.cc:155 Template specializations not found for <-1,-1,-1>
block_sparse_matrix.cc:208 Allocating values array with 289384 bytes.
detect_structure.cc:63 Dynamic row block size because the block size changed from 2 to 15
detect_structure.cc:74 Dynamic e block size because the block size changed from 1 to 9
detect_structure.cc:93 Dynamic f block size because the block size changed from 6 to 9
detect_structure.cc:114 Schur complement static structure <-1,-1,-1>.
detect_structure.cc:63 Dynamic row block size because the block size changed from 2 to 15
detect_structure.cc:74 Dynamic e block size because the block size changed from 1 to 9
detect_structure.cc:93 Dynamic f block size because the block size changed from 6 to 9
detect_structure.cc:114 Schur complement static structure <-1,-1,-1>.
schur_eliminator.cc:155 Template specializations not found for <-1,-1,-1>
block_sparse_matrix.cc:208 Allocating values array with 288968 bytes.
detect_structure.cc:63 Dynamic row block size because the block size changed from 2 to 15
detect_structure.cc:74 Dynamic e block size because the block size changed from 1 to 9
detect_structure.cc:93 Dynamic f block size because the block size changed from 6 to 9
detect_structure.cc:114 Schur complement static structure <-1,-1,-1>.
detect_structure.cc:63 Dynamic row block size because the block size changed from 2 to 15
detect_structure.cc:74 Dynamic e block size because the block size changed from 1 to 9
detect_structure.cc:93 Dynamic f block size because the block size changed from 6 to 9
detect_structure.cc:114 Schur complement static structure <-1,-1,-1>.
schur_eliminator.cc:155 Template specializations not found for <-1,-1,-1>
block_sparse_matrix.cc:208 Allocating values array with 288344 bytes.
detect_structure.cc:63 Dynamic row block size because the block size changed from 2 to 15
detect_structure.cc:74 Dynamic e block size because the block size changed from 1 to 9
detect_structure.cc:93 Dynamic f block size because the block size changed from 6 to 9
detect_structure.cc:114 Schur complement static structure <-1,-1,-1>.
detect_structure.cc:63 Dynamic row block size because the block size changed from 2 to 15
detect_structure.cc:74 Dynamic e block size because the block size changed from 1 to 9
detect_structure.cc:93 Dynamic f block size because the block size changed from 6 to 9
detect_structure.cc:114 Schur complement static structure <-1,-1,-1>.
schur_eliminator.cc:155 Template specializations not found for <-1,-1,-1>
block_sparse_matrix.cc:208 Allocating values array with 285608 bytes.
detect_structure.cc:63 Dynamic row block size because the block size changed from 2 to 15
detect_structure.cc:74 Dynamic e block size because the block size changed from 1 to 9
detect_structure.cc:93 Dynamic f block size because the block size changed from 6 to 9
detect_structure.cc:114 Schur complement static structure <-1,-1,-1>.
detect_structure.cc:63 Dynamic row block size because the block size changed from 2 to 15
detect_structure.cc:74 Dynamic e block size because the block size changed from 1 to 9
detect_structure.cc:93 Dynamic f block size because the block size changed from 6 to 9
detect_structure.cc:114 Schur complement static structure <-1,-1,-1>.
schur_eliminator.cc:155 Template specializations not found for <-1,-1,-1>
block_sparse_matrix.cc:208 Allocating values array with 289976 bytes.
detect_structure.cc:63 Dynamic row block size because the block size changed from 2 to 15
detect_structure.cc:74 Dynamic e block size because the block size changed from 1 to 9
detect_structure.cc:93 Dynamic f block size because the block size changed from 6 to 9
detect_structure.cc:114 Schur complement static structure <-1,-1,-1>.
detect_structure.cc:63 Dynamic row block size because the block size changed from 2 to 15
detect_structure.cc:74 Dynamic e block size because the block size changed from 1 to 9
detect_structure.cc:93 Dynamic f block size because the block size changed from 6 to 9
detect_structure.cc:114 Schur complement static structure <-1,-1,-1>.
schur_eliminator.cc:155 Template specializations not found for <-1,-1,-1>
[VIO DIAG] f=20 tri: ok=173 wait=11 fail=0 default=0 depth: avg=1.37282 min=0.433074 max=2.06004 |vel|=0.918963 vel=(-0.46003,0.174455,-0.776165) ba=(0.0890042,-1.10157,0.0422225) bg=(-0.00331672,0.000415018,-0.000204388)
block_sparse_matrix.cc:208 Allocating values array with 287064 bytes.
detect_structure.cc:63 Dynamic row block size because the block size changed from 2 to 15
detect_structure.cc:74 Dynamic e block size because the block size changed from 1 to 9
detect_structure.cc:93 Dynamic f block size because the block size changed from 6 to 9
detect_structure.cc:114 Schur complement static structure <-1,-1,-1>.
detect_structure.cc:63 Dynamic row block size because the block size changed from 2 to 15
detect_structure.cc:74 Dynamic e block size because the block size changed from 1 to 9
detect_structure.cc:93 Dynamic f block size because the block size changed from 6 to 9
detect_structure.cc:114 Schur complement static structure <-1,-1,-1>.
schur_eliminator.cc:155 Template specializations not found for <-1,-1,-1>
block_sparse_matrix.cc:208 Allocating values array with 284152 bytes.
detect_structure.cc:63 Dynamic row block size because the block size changed from 2 to 15
detect_structure.cc:74 Dynamic e block size because the block size changed from 1 to 9
detect_structure.cc:93 Dynamic f block size because the block size changed from 6 to 9
detect_structure.cc:114 Schur complement static structure <-1,-1,-1>.
detect_structure.cc:63 Dynamic row block size because the block size changed from 2 to 15
detect_structure.cc:74 Dynamic e block size because the block size changed from 1 to 9
detect_structure.cc:93 Dynamic f block size because the block size changed from 6 to 9
detect_structure.cc:114 Schur complement static structure <-1,-1,-1>.
schur_eliminator.cc:155 Template specializations not found for <-1,-1,-1>
block_sparse_matrix.cc:208 Allocating values array with 279992 bytes.
detect_structure.cc:63 Dynamic row block size because the block size changed from 2 to 15
detect_structure.cc:74 Dynamic e block size because the block size changed from 1 to 9
detect_structure.cc:93 Dynamic f block size because the block size changed from 6 to 9
detect_structure.cc:114 Schur complement static structure <-1,-1,-1>.
detect_structure.cc:63 Dynamic row block size because the block size changed from 2 to 15
detect_structure.cc:74 Dynamic e block size because the block size changed from 1 to 9
detect_structure.cc:93 Dynamic f block size because the block size changed from 6 to 9
detect_structure.cc:114 Schur complement static structure <-1,-1,-1>.
schur_eliminator.cc:155 Template specializations not found for <-1,-1,-1>
block_sparse_matrix.cc:208 Allocating values array with 276872 bytes.
detect_structure.cc:63 Dynamic row block size because the block size changed from 2 to 15
detect_structure.cc:74 Dynamic e block size because the block size changed from 1 to 9
detect_structure.cc:93 Dynamic f block size because the block size changed from 6 to 9
detect_structure.cc:114 Schur complement static structure <-1,-1,-1>.
detect_structure.cc:63 Dynamic row block size because the block size changed from 2 to 15
detect_structure.cc:74 Dynamic e block size because the block size changed from 1 to 9
detect_structure.cc:93 Dynamic f block size because the block size changed from 6 to 9
detect_structure.cc:114 Schur complement static structure <-1,-1,-1>.
schur_eliminator.cc:155 Template specializations not found for <-1,-1,-1>
block_sparse_matrix.cc:208 Allocating values array with 273128 bytes.
detect_structure.cc:63 Dynamic row block size because the block size changed from 2 to 15
detect_structure.cc:74 Dynamic e block size because the block size changed from 1 to 9
detect_structure.cc:93 Dynamic f block size because the block size changed from 6 to 9
detect_structure.cc:114 Schur complement static structure <-1,-1,-1>.
detect_structure.cc:63 Dynamic row block size because the block size changed from 2 to 15
detect_structure.cc:74 Dynamic e block size because the block size changed from 1 to 9
detect_structure.cc:93 Dynamic f block size because the block size changed from 6 to 9
detect_structure.cc:114 Schur complement static structure <-1,-1,-1>.
schur_eliminator.cc:155 Template specializations not found for <-1,-1,-1>
block_sparse_matrix.cc:208 Allocating values array with 268344 bytes.
detect_structure.cc:63 Dynamic row block size because the block size changed from 2 to 15
detect_structure.cc:74 Dynamic e block size because the block size changed from 1 to 9
detect_structure.cc:93 Dynamic f block size because the block size changed from 6 to 9
detect_structure.cc:114 Schur complement static structure <-1,-1,-1>.
detect_structure.cc:63 Dynamic row block size because the block size changed from 2 to 15
detect_structure.cc:74 Dynamic e block size because the block size changed from 1 to 9
detect_structure.cc:93 Dynamic f block size because the block size changed from 6 to 9
detect_structure.cc:114 Schur complement static structure <-1,-1,-1>.
schur_eliminator.cc:155 Template specializations not found for <-1,-1,-1>
block_sparse_matrix.cc:208 Allocating values array with 273336 bytes.
detect_structure.cc:63 Dynamic row block size because the block size changed from 2 to 15
detect_structure.cc:74 Dynamic e block size because the block size changed from 1 to 9
detect_structure.cc:93 Dynamic f block size because the block size changed from 6 to 9
detect_structure.cc:114 Schur complement static structure <-1,-1,-1>.
detect_structure.cc:63 Dynamic row block size because the block size changed from 2 to 15
detect_structure.cc:74 Dynamic e block size because the block size changed from 1 to 9
detect_structure.cc:93 Dynamic f block size because the block size changed from 6 to 9
detect_structure.cc:114 Schur complement static structure <-1,-1,-1>.
schur_eliminator.cc:155 Template specializations not found for <-1,-1,-1>
block_sparse_matrix.cc:208 Allocating values array with 274376 bytes.
detect_structure.cc:63 Dynamic row block size because the block size changed from 2 to 15
detect_structure.cc:74 Dynamic e block size because the block size changed from 1 to 9
detect_structure.cc:93 Dynamic f block size because the block size changed from 6 to 9
detect_structure.cc:114 Schur complement static structure <-1,-1,-1>.
detect_structure.cc:63 Dynamic row block size because the block size changed from 2 to 15
detect_structure.cc:74 Dynamic e block size because the block size changed from 1 to 9
detect_structure.cc:93 Dynamic f block size because the block size changed from 6 to 9
detect_structure.cc:114 Schur complement static structure <-1,-1,-1>.
schur_eliminator.cc:155 Template specializations not found for <-1,-1,-1>
block_sparse_matrix.cc:208 Allocating values array with 270632 bytes.
detect_structure.cc:63 Dynamic row block size because the block size changed from 2 to 15
detect_structure.cc:74 Dynamic e block size because the block size changed from 1 to 9
detect_structure.cc:93 Dynamic f block size because the block size changed from 6 to 9
detect_structure.cc:114 Schur complement static structure <-1,-1,-1>.
detect_structure.cc:63 Dynamic row block size because the block size changed from 2 to 15
detect_structure.cc:74 Dynamic e block size because the block size changed from 1 to 9
detect_structure.cc:93 Dynamic f block size because the block size changed from 6 to 9
detect_structure.cc:114 Schur complement static structure <-1,-1,-1>.
schur_eliminator.cc:155 Template specializations not found for <-1,-1,-1>
[FeatureTracker] F-matrix: 122 → 60 (rejected 62, threshold=1)
block_sparse_matrix.cc:208 Allocating values array with 263768 bytes.
detect_structure.cc:63 Dynamic row block size because the block size changed from 2 to 15
detect_structure.cc:74 Dynamic e block size because the block size changed from 1 to 9
detect_structure.cc:93 Dynamic f block size because the block size changed from 6 to 9
detect_structure.cc:114 Schur complement static structure <-1,-1,-1>.
detect_structure.cc:63 Dynamic row block size because the block size changed from 2 to 15
detect_structure.cc:74 Dynamic e block size because the block size changed from 1 to 9
detect_structure.cc:93 Dynamic f block size because the block size changed from 6 to 9
detect_structure.cc:114 Schur complement static structure <-1,-1,-1>.
schur_eliminator.cc:155 Template specializations not found for <-1,-1,-1>
block_sparse_matrix.cc:208 Allocating values array with 248408 bytes.
detect_structure.cc:63 Dynamic row block size because the block size changed from 2 to 15
detect_structure.cc:74 Dynamic e block size because the block size changed from 1 to 9
detect_structure.cc:93 Dynamic f block size because the block size changed from 6 to 9
detect_structure.cc:114 Schur complement static structure <-1,-1,-1>.
detect_structure.cc:63 Dynamic row block size because the block size changed from 2 to 15
detect_structure.cc:74 Dynamic e block size because the block size changed from 1 to 9
detect_structure.cc:93 Dynamic f block size because the block size changed from 6 to 9
detect_structure.cc:114 Schur complement static structure <-1,-1,-1>.
schur_eliminator.cc:155 Template specializations not found for <-1,-1,-1>
block_sparse_matrix.cc:208 Allocating values array with 247960 bytes.
detect_structure.cc:63 Dynamic row block size because the block size changed from 2 to 15
detect_structure.cc:74 Dynamic e block size because the block size changed from 1 to 9
detect_structure.cc:93 Dynamic f block size because the block size changed from 6 to 9
detect_structure.cc:114 Schur complement static structure <-1,-1,-1>.
detect_structure.cc:63 Dynamic row block size because the block size changed from 2 to 15
detect_structure.cc:74 Dynamic e block size because the block size changed from 1 to 9
detect_structure.cc:93 Dynamic f block size because the block size changed from 6 to 9
detect_structure.cc:114 Schur complement static structure <-1,-1,-1>.
schur_eliminator.cc:155 Template specializations not found for <-1,-1,-1>
block_sparse_matrix.cc:208 Allocating values array with 241336 bytes.
detect_structure.cc:63 Dynamic row block size because the block size changed from 2 to 15
detect_structure.cc:74 Dynamic e block size because the block size changed from 1 to 9
detect_structure.cc:93 Dynamic f block size because the block size changed from 6 to 9
detect_structure.cc:114 Schur complement static structure <-1,-1,-1>.
detect_structure.cc:63 Dynamic row block size because the block size changed from 2 to 15
detect_structure.cc:74 Dynamic e block size because the block size changed from 1 to 9
detect_structure.cc:93 Dynamic f block size because the block size changed from 6 to 9
detect_structure.cc:114 Schur complement static structure <-1,-1,-1>.
schur_eliminator.cc:155 Template specializations not found for <-1,-1,-1>
block_sparse_matrix.cc:208 Allocating values array with 238808 bytes.
detect_structure.cc:63 Dynamic row block size because the block size changed from 2 to 15
detect_structure.cc:74 Dynamic e block size because the block size changed from 1 to 9
detect_structure.cc:93 Dynamic f block size because the block size changed from 6 to 9
detect_structure.cc:114 Schur complement static structure <-1,-1,-1>.
detect_structure.cc:63 Dynamic row block size because the block size changed from 2 to 15
detect_structure.cc:74 Dynamic e block size because the block size changed from 1 to 9
detect_structure.cc:93 Dynamic f block size because the block size changed from 6 to 9
detect_structure.cc:114 Schur complement static structure <-1,-1,-1>.
schur_eliminator.cc:155 Template specializations not found for <-1,-1,-1>
block_sparse_matrix.cc:208 Allocating values array with 265016 bytes.
detect_structure.cc:63 Dynamic row block size because the block size changed from 2 to 15
detect_structure.cc:74 Dynamic e block size because the block size changed from 1 to 9
detect_structure.cc:93 Dynamic f block size because the block size changed from 6 to 9
detect_structure.cc:114 Schur complement static structure <-1,-1,-1>.
detect_structure.cc:63 Dynamic row block size because the block size changed from 2 to 15
detect_structure.cc:74 Dynamic e block size because the block size changed from 1 to 9
detect_structure.cc:93 Dynamic f block size because the block size changed from 6 to 9
detect_structure.cc:114 Schur complement static structure <-1,-1,-1>.
schur_eliminator.cc:155 Template specializations not found for <-1,-1,-1>
block_sparse_matrix.cc:208 Allocating values array with 269800 bytes.
detect_structure.cc:63 Dynamic row block size because the block size changed from 2 to 15
detect_structure.cc:74 Dynamic e block size because the block size changed from 1 to 9
detect_structure.cc:93 Dynamic f block size because the block size changed from 6 to 9
detect_structure.cc:114 Schur complement static structure <-1,-1,-1>.
detect_structure.cc:63 Dynamic row block size because the block size changed from 2 to 15
detect_structure.cc:74 Dynamic e block size because the block size changed from 1 to 9
detect_structure.cc:93 Dynamic f block size because the block size changed from 6 to 9
detect_structure.cc:114 Schur complement static structure <-1,-1,-1>.
schur_eliminator.cc:155 Template specializations not found for <-1,-1,-1>
block_sparse_matrix.cc:208 Allocating values array with 272920 bytes.
detect_structure.cc:63 Dynamic row block size because the block size changed from 2 to 15
detect_structure.cc:74 Dynamic e block size because the block size changed from 1 to 9
detect_structure.cc:93 Dynamic f block size because the block size changed from 6 to 9
detect_structure.cc:114 Schur complement static structure <-1,-1,-1>.
detect_structure.cc:63 Dynamic row block size because the block size changed from 2 to 15
detect_structure.cc:74 Dynamic e block size because the block size changed from 1 to 9
detect_structure.cc:93 Dynamic f block size because the block size changed from 6 to 9
detect_structure.cc:114 Schur complement static structure <-1,-1,-1>.
schur_eliminator.cc:155 Template specializations not found for <-1,-1,-1>
block_sparse_matrix.cc:208 Allocating values array with 279160 bytes.
detect_structure.cc:63 Dynamic row block size because the block size changed from 2 to 15
detect_structure.cc:74 Dynamic e block size because the block size changed from 1 to 9
detect_structure.cc:93 Dynamic f block size because the block size changed from 6 to 9
detect_structure.cc:114 Schur complement static structure <-1,-1,-1>.
detect_structure.cc:63 Dynamic row block size because the block size changed from 2 to 15
detect_structure.cc:74 Dynamic e block size because the block size changed from 1 to 9
detect_structure.cc:93 Dynamic f block size because the block size changed from 6 to 9
detect_structure.cc:114 Schur complement static structure <-1,-1,-1>.
schur_eliminator.cc:155 Template specializations not found for <-1,-1,-1>
block_sparse_matrix.cc:208 Allocating values array with 285192 bytes.
detect_structure.cc:63 Dynamic row block size because the block size changed from 2 to 15
detect_structure.cc:74 Dynamic e block size because the block size changed from 1 to 9
detect_structure.cc:93 Dynamic f block size because the block size changed from 6 to 9
detect_structure.cc:114 Schur complement static structure <-1,-1,-1>.
detect_structure.cc:63 Dynamic row block size because the block size changed from 2 to 15
detect_structure.cc:74 Dynamic e block size because the block size changed from 1 to 9
detect_structure.cc:93 Dynamic f block size because the block size changed from 6 to 9
detect_structure.cc:114 Schur complement static structure <-1,-1,-1>.
schur_eliminator.cc:155 Template specializations not found for <-1,-1,-1>
block_sparse_matrix.cc:208 Allocating values array with 290600 bytes.
detect_structure.cc:63 Dynamic row block size because the block size changed from 2 to 15
detect_structure.cc:74 Dynamic e block size because the block size changed from 1 to 9
detect_structure.cc:93 Dynamic f block size because the block size changed from 6 to 9
detect_structure.cc:114 Schur complement static structure <-1,-1,-1>.
detect_structure.cc:63 Dynamic row block size because the block size changed from 2 to 15
detect_structure.cc:74 Dynamic e block size because the block size changed from 1 to 9
detect_structure.cc:93 Dynamic f block size because the block size changed from 6 to 9
detect_structure.cc:114 Schur complement static structure <-1,-1,-1>.
schur_eliminator.cc:155 Template specializations not found for <-1,-1,-1>
[VIO DIAG] f=40 tri: ok=148 wait=3 fail=0 default=0 depth: avg=1.43269 min=0.11665 max=2.43014 |vel|=0.929113 vel=(-0.623637,-0.220318,0.652524) ba=(0.246934,-0.822013,0.0266086) bg=(-0.00335572,-0.0010053,0.000399992)
block_sparse_matrix.cc:208 Allocating values array with 301832 bytes.
detect_structure.cc:63 Dynamic row block size because the block size changed from 2 to 15
detect_structure.cc:74 Dynamic e block size because the block size changed from 1 to 9
detect_structure.cc:93 Dynamic f block size because the block size changed from 6 to 9
detect_structure.cc:114 Schur complement static structure <-1,-1,-1>.
detect_structure.cc:63 Dynamic row block size because the block size changed from 2 to 15
detect_structure.cc:74 Dynamic e block size because the block size changed from 1 to 9
detect_structure.cc:93 Dynamic f block size because the block size changed from 6 to 9
detect_structure.cc:114 Schur complement static structure <-1,-1,-1>.
schur_eliminator.cc:155 Template specializations not found for <-1,-1,-1>
block_sparse_matrix.cc:208 Allocating values array with 314728 bytes.
detect_structure.cc:63 Dynamic row block size because the block size changed from 2 to 15
detect_structure.cc:74 Dynamic e block size because the block size changed from 1 to 9
detect_structure.cc:93 Dynamic f block size because the block size changed from 6 to 9
detect_structure.cc:114 Schur complement static structure <-1,-1,-1>.
detect_structure.cc:63 Dynamic row block size because the block size changed from 2 to 15
detect_structure.cc:74 Dynamic e block size because the block size changed from 1 to 9
detect_structure.cc:93 Dynamic f block size because the block size changed from 6 to 9
detect_structure.cc:114 Schur complement static structure <-1,-1,-1>.
schur_eliminator.cc:155 Template specializations not found for <-1,-1,-1>
block_sparse_matrix.cc:208 Allocating values array with 306856 bytes.
detect_structure.cc:63 Dynamic row block size because the block size changed from 2 to 15
detect_structure.cc:74 Dynamic e block size because the block size changed from 1 to 9
detect_structure.cc:93 Dynamic f block size because the block size changed from 6 to 9
detect_structure.cc:114 Schur complement static structure <-1,-1,-1>.
detect_structure.cc:63 Dynamic row block size because the block size changed from 2 to 15
detect_structure.cc:74 Dynamic e block size because the block size changed from 1 to 9
detect_structure.cc:93 Dynamic f block size because the block size changed from 6 to 9
detect_structure.cc:114 Schur complement static structure <-1,-1,-1>.
schur_eliminator.cc:155 Template specializations not found for <-1,-1,-1>
block_sparse_matrix.cc:208 Allocating values array with 314312 bytes.
detect_structure.cc:63 Dynamic row block size because the block size changed from 2 to 15
detect_structure.cc:74 Dynamic e block size because the block size changed from 1 to 9
detect_structure.cc:93 Dynamic f block size because the block size changed from 6 to 9
detect_structure.cc:114 Schur complement static structure <-1,-1,-1>.
detect_structure.cc:63 Dynamic row block size because the block size changed from 2 to 15
detect_structure.cc:74 Dynamic e block size because the block size changed from 1 to 9
detect_structure.cc:93 Dynamic f block size because the block size changed from 6 to 9
detect_structure.cc:114 Schur complement static structure <-1,-1,-1>.
schur_eliminator.cc:155 Template specializations not found for <-1,-1,-1>
block_sparse_matrix.cc:208 Allocating values array with 320968 bytes.
detect_structure.cc:63 Dynamic row block size because the block size changed from 2 to 15
detect_structure.cc:74 Dynamic e block size because the block size changed from 1 to 9
detect_structure.cc:93 Dynamic f block size because the block size changed from 6 to 9
detect_structure.cc:114 Schur complement static structure <-1,-1,-1>.
detect_structure.cc:63 Dynamic row block size because the block size changed from 2 to 15
detect_structure.cc:74 Dynamic e block size because the block size changed from 1 to 9
detect_structure.cc:93 Dynamic f block size because the block size changed from 6 to 9
detect_structure.cc:114 Schur complement static structure <-1,-1,-1>.
schur_eliminator.cc:155 Template specializations not found for <-1,-1,-1>
block_sparse_matrix.cc:208 Allocating values array with 322840 bytes.
detect_structure.cc:63 Dynamic row block size because the block size changed from 2 to 15
detect_structure.cc:74 Dynamic e block size because the block size changed from 1 to 9
detect_structure.cc:93 Dynamic f block size because the block size changed from 6 to 9
detect_structure.cc:114 Schur complement static structure <-1,-1,-1>.
detect_structure.cc:63 Dynamic row block size because the block size changed from 2 to 15
detect_structure.cc:74 Dynamic e block size because the block size changed from 1 to 9
detect_structure.cc:93 Dynamic f block size because the block size changed from 6 to 9
detect_structure.cc:114 Schur complement static structure <-1,-1,-1>.
schur_eliminator.cc:155 Template specializations not found for <-1,-1,-1>
[FeatureTracker] F-matrix: 129 → 68 (rejected 61, threshold=1)
block_sparse_matrix.cc:208 Allocating values array with 312856 bytes.
detect_structure.cc:63 Dynamic row block size because the block size changed from 2 to 15
detect_structure.cc:74 Dynamic e block size because the block size changed from 1 to 9
detect_structure.cc:93 Dynamic f block size because the block size changed from 6 to 9
detect_structure.cc:114 Schur complement static structure <-1,-1,-1>.
detect_structure.cc:63 Dynamic row block size because the block size changed from 2 to 15
detect_structure.cc:74 Dynamic e block size because the block size changed from 1 to 9
detect_structure.cc:93 Dynamic f block size because the block size changed from 6 to 9
detect_structure.cc:114 Schur complement static structure <-1,-1,-1>.
schur_eliminator.cc:155 Template specializations not found for <-1,-1,-1>
block_sparse_matrix.cc:208 Allocating values array with 294376 bytes.
detect_structure.cc:63 Dynamic row block size because the block size changed from 2 to 15
detect_structure.cc:74 Dynamic e block size because the block size changed from 1 to 9
detect_structure.cc:93 Dynamic f block size because the block size changed from 6 to 9
detect_structure.cc:114 Schur complement static structure <-1,-1,-1>.
detect_structure.cc:63 Dynamic row block size because the block size changed from 2 to 15
detect_structure.cc:74 Dynamic e block size because the block size changed from 1 to 9
detect_structure.cc:93 Dynamic f block size because the block size changed from 6 to 9
detect_structure.cc:114 Schur complement static structure <-1,-1,-1>.
schur_eliminator.cc:155 Template specializations not found for <-1,-1,-1>
block_sparse_matrix.cc:208 Allocating values array with 288728 bytes.
detect_structure.cc:63 Dynamic row block size because the block size changed from 2 to 15
detect_structure.cc:74 Dynamic e block size because the block size changed from 1 to 9
detect_structure.cc:93 Dynamic f block size because the block size changed from 6 to 9
detect_structure.cc:114 Schur complement static structure <-1,-1,-1>.
detect_structure.cc:63 Dynamic row block size because the block size changed from 2 to 15
detect_structure.cc:74 Dynamic e block size because the block size changed from 1 to 9
detect_structure.cc:93 Dynamic f block size because the block size changed from 6 to 9
detect_structure.cc:114 Schur complement static structure <-1,-1,-1>.
schur_eliminator.cc:155 Template specializations not found for <-1,-1,-1>
block_sparse_matrix.cc:208 Allocating values array with 281688 bytes.
detect_structure.cc:63 Dynamic row block size because the block size changed from 2 to 15
detect_structure.cc:74 Dynamic e block size because the block size changed from 1 to 9
detect_structure.cc:93 Dynamic f block size because the block size changed from 6 to 9
detect_structure.cc:114 Schur complement static structure <-1,-1,-1>.
detect_structure.cc:63 Dynamic row block size because the block size changed from 2 to 15
detect_structure.cc:74 Dynamic e block size because the block size changed from 1 to 9
detect_structure.cc:93 Dynamic f block size because the block size changed from 6 to 9
detect_structure.cc:114 Schur complement static structure <-1,-1,-1>.
schur_eliminator.cc:155 Template specializations not found for <-1,-1,-1>
block_sparse_matrix.cc:208 Allocating values array with 275416 bytes.
detect_structure.cc:63 Dynamic row block size because the block size changed from 2 to 15
detect_structure.cc:74 Dynamic e block size because the block size changed from 1 to 9
detect_structure.cc:93 Dynamic f block size because the block size changed from 6 to 9
detect_structure.cc:114 Schur complement static structure <-1,-1,-1>.
detect_structure.cc:63 Dynamic row block size because the block size changed from 2 to 15
detect_structure.cc:74 Dynamic e block size because the block size changed from 1 to 9
detect_structure.cc:93 Dynamic f block size because the block size changed from 6 to 9
detect_structure.cc:114 Schur complement static structure <-1,-1,-1>.
schur_eliminator.cc:155 Template specializations not found for <-1,-1,-1>
block_sparse_matrix.cc:208 Allocating values array with 293304 bytes.
detect_structure.cc:63 Dynamic row block size because the block size changed from 2 to 15
detect_structure.cc:74 Dynamic e block size because the block size changed from 1 to 9
detect_structure.cc:93 Dynamic f block size because the block size changed from 6 to 9
detect_structure.cc:114 Schur complement static structure <-1,-1,-1>.
detect_structure.cc:63 Dynamic row block size because the block size changed from 2 to 15
detect_structure.cc:74 Dynamic e block size because the block size changed from 1 to 9
detect_structure.cc:93 Dynamic f block size because the block size changed from 6 to 9
detect_structure.cc:114 Schur complement static structure <-1,-1,-1>.
schur_eliminator.cc:155 Template specializations not found for <-1,-1,-1>
block_sparse_matrix.cc:208 Allocating values array with 284600 bytes.
detect_structure.cc:63 Dynamic row block size because the block size changed from 2 to 15
detect_structure.cc:74 Dynamic e block size because the block size changed from 1 to 9
detect_structure.cc:93 Dynamic f block size because the block size changed from 6 to 9
detect_structure.cc:114 Schur complement static structure <-1,-1,-1>.
detect_structure.cc:63 Dynamic row block size because the block size changed from 2 to 15
detect_structure.cc:74 Dynamic e block size because the block size changed from 1 to 9
detect_structure.cc:93 Dynamic f block size because the block size changed from 6 to 9
detect_structure.cc:114 Schur complement static structure <-1,-1,-1>.
schur_eliminator.cc:155 Template specializations not found for <-1,-1,-1>
block_sparse_matrix.cc:208 Allocating values array with 288520 bytes.
detect_structure.cc:63 Dynamic row block size because the block size changed from 2 to 15
detect_structure.cc:74 Dynamic e block size because the block size changed from 1 to 9
detect_structure.cc:93 Dynamic f block size because the block size changed from 6 to 9
detect_structure.cc:114 Schur complement static structure <-1,-1,-1>.
detect_structure.cc:63 Dynamic row block size because the block size changed from 2 to 15
detect_structure.cc:74 Dynamic e block size because the block size changed from 1 to 9
detect_structure.cc:93 Dynamic f block size because the block size changed from 6 to 9
detect_structure.cc:114 Schur complement static structure <-1,-1,-1>.
schur_eliminator.cc:155 Template specializations not found for <-1,-1,-1>
block_sparse_matrix.cc:208 Allocating values array with 287896 bytes.
detect_structure.cc:63 Dynamic row block size because the block size changed from 2 to 15
detect_structure.cc:74 Dynamic e block size because the block size changed from 1 to 9
detect_structure.cc:93 Dynamic f block size because the block size changed from 6 to 9
detect_structure.cc:114 Schur complement static structure <-1,-1,-1>.
detect_structure.cc:63 Dynamic row block size because the block size changed from 2 to 15
detect_structure.cc:74 Dynamic e block size because the block size changed from 1 to 9
detect_structure.cc:93 Dynamic f block size because the block size changed from 6 to 9
detect_structure.cc:114 Schur complement static structure <-1,-1,-1>.
schur_eliminator.cc:155 Template specializations not found for <-1,-1,-1>
block_sparse_matrix.cc:208 Allocating values array with 281032 bytes.
detect_structure.cc:63 Dynamic row block size because the block size changed from 2 to 15
detect_structure.cc:74 Dynamic e block size because the block size changed from 1 to 9
detect_structure.cc:93 Dynamic f block size because the block size changed from 6 to 9
detect_structure.cc:114 Schur complement static structure <-1,-1,-1>.
detect_structure.cc:63 Dynamic row block size because the block size changed from 2 to 15
detect_structure.cc:74 Dynamic e block size because the block size changed from 1 to 9
detect_structure.cc:93 Dynamic f block size because the block size changed from 6 to 9
detect_structure.cc:114 Schur complement static structure <-1,-1,-1>.
schur_eliminator.cc:155 Template specializations not found for <-1,-1,-1>
block_sparse_matrix.cc:208 Allocating values array with 279368 bytes.
detect_structure.cc:63 Dynamic row block size because the block size changed from 2 to 15
detect_structure.cc:74 Dynamic e block size because the block size changed from 1 to 9
detect_structure.cc:93 Dynamic f block size because the block size changed from 6 to 9
detect_structure.cc:114 Schur complement static structure <-1,-1,-1>.
detect_structure.cc:63 Dynamic row block size because the block size changed from 2 to 15
detect_structure.cc:74 Dynamic e block size because the block size changed from 1 to 9
detect_structure.cc:93 Dynamic f block size because the block size changed from 6 to 9
detect_structure.cc:114 Schur complement static structure <-1,-1,-1>.
schur_eliminator.cc:155 Template specializations not found for <-1,-1,-1>
block_sparse_matrix.cc:208 Allocating values array with 271496 bytes.
detect_structure.cc:63 Dynamic row block size because the block size changed from 2 to 15
detect_structure.cc:74 Dynamic e block size because the block size changed from 1 to 9
detect_structure.cc:93 Dynamic f block size because the block size changed from 6 to 9
detect_structure.cc:114 Schur complement static structure <-1,-1,-1>.
detect_structure.cc:63 Dynamic row block size because the block size changed from 2 to 15
detect_structure.cc:74 Dynamic e block size because the block size changed from 1 to 9
detect_structure.cc:93 Dynamic f block size because the block size changed from 6 to 9
detect_structure.cc:114 Schur complement static structure <-1,-1,-1>.
schur_eliminator.cc:155 Template specializations not found for <-1,-1,-1>
block_sparse_matrix.cc:208 Allocating values array with 272920 bytes.
detect_structure.cc:63 Dynamic row block size because the block size changed from 2 to 15
detect_structure.cc:74 Dynamic e block size because the block size changed from 1 to 9
detect_structure.cc:93 Dynamic f block size because the block size changed from 6 to 9
detect_structure.cc:114 Schur complement static structure <-1,-1,-1>.
detect_structure.cc:63 Dynamic row block size because the block size changed from 2 to 15
detect_structure.cc:74 Dynamic e block size because the block size changed from 1 to 9
detect_structure.cc:93 Dynamic f block size because the block size changed from 6 to 9
detect_structure.cc:114 Schur complement static structure <-1,-1,-1>.
schur_eliminator.cc:155 Template specializations not found for <-1,-1,-1>
block_sparse_matrix.cc:208 Allocating values array with 289768 bytes.
detect_structure.cc:63 Dynamic row block size because the block size changed from 2 to 15
detect_structure.cc:74 Dynamic e block size because the block size changed from 1 to 9
detect_structure.cc:93 Dynamic f block size because the block size changed from 6 to 9
detect_structure.cc:114 Schur complement static structure <-1,-1,-1>.
detect_structure.cc:63 Dynamic row block size because the block size changed from 2 to 15
detect_structure.cc:74 Dynamic e block size because the block size changed from 1 to 9
detect_structure.cc:93 Dynamic f block size because the block size changed from 6 to 9
detect_structure.cc:114 Schur complement static structure <-1,-1,-1>.
schur_eliminator.cc:155 Template specializations not found for <-1,-1,-1>
[VIO DIAG] f=60 tri: ok=154 wait=0 fail=0 default=1 depth: avg=1.38695 min=0.259432 max=3.65918 |vel|=0.929647 vel=(-0.753519,0.183861,-0.512492) ba=(0.163859,-0.444095,-0.0122783) bg=(-0.00130141,-0.00050852,0.000478305)
block_sparse_matrix.cc:208 Allocating values array with 282312 bytes.
detect_structure.cc:63 Dynamic row block size because the block size changed from 2 to 15
detect_structure.cc:74 Dynamic e block size because the block size changed from 1 to 9
detect_structure.cc:93 Dynamic f block size because the block size changed from 6 to 9
detect_structure.cc:114 Schur complement static structure <-1,-1,-1>.
detect_structure.cc:63 Dynamic row block size because the block size changed from 2 to 15
detect_structure.cc:74 Dynamic e block size because the block size changed from 1 to 9
detect_structure.cc:93 Dynamic f block size because the block size changed from 6 to 9
detect_structure.cc:114 Schur complement static structure <-1,-1,-1>.
schur_eliminator.cc:155 Template specializations not found for <-1,-1,-1>
block_sparse_matrix.cc:208 Allocating values array with 300792 bytes.
detect_structure.cc:63 Dynamic row block size because the block size changed from 2 to 15
detect_structure.cc:74 Dynamic e block size because the block size changed from 1 to 9
detect_structure.cc:93 Dynamic f block size because the block size changed from 6 to 9
detect_structure.cc:114 Schur complement static structure <-1,-1,-1>.
detect_structure.cc:63 Dynamic row block size because the block size changed from 2 to 15
detect_structure.cc:74 Dynamic e block size because the block size changed from 1 to 9
detect_structure.cc:93 Dynamic f block size because the block size changed from 6 to 9
detect_structure.cc:114 Schur complement static structure <-1,-1,-1>.
schur_eliminator.cc:155 Template specializations not found for <-1,-1,-1>
[FeatureTracker] F-matrix: 142 → 75 (rejected 67, threshold=1)
block_sparse_matrix.cc:208 Allocating values array with 294968 bytes.
detect_structure.cc:63 Dynamic row block size because the block size changed from 2 to 15
detect_structure.cc:74 Dynamic e block size because the block size changed from 1 to 9
detect_structure.cc:93 Dynamic f block size because the block size changed from 6 to 9
detect_structure.cc:114 Schur complement static structure <-1,-1,-1>.
detect_structure.cc:63 Dynamic row block size because the block size changed from 2 to 15
detect_structure.cc:74 Dynamic e block size because the block size changed from 1 to 9
detect_structure.cc:93 Dynamic f block size because the block size changed from 6 to 9
detect_structure.cc:114 Schur complement static structure <-1,-1,-1>.
schur_eliminator.cc:155 Template specializations not found for <-1,-1,-1>
block_sparse_matrix.cc:208 Allocating values array with 286648 bytes.
detect_structure.cc:63 Dynamic row block size because the block size changed from 2 to 15
detect_structure.cc:74 Dynamic e block size because the block size changed from 1 to 9
detect_structure.cc:93 Dynamic f block size because the block size changed from 6 to 9
detect_structure.cc:114 Schur complement static structure <-1,-1,-1>.
detect_structure.cc:63 Dynamic row block size because the block size changed from 2 to 15
detect_structure.cc:74 Dynamic e block size because the block size changed from 1 to 9
detect_structure.cc:93 Dynamic f block size because the block size changed from 6 to 9
detect_structure.cc:114 Schur complement static structure <-1,-1,-1>.
schur_eliminator.cc:155 Template specializations not found for <-1,-1,-1>
block_sparse_matrix.cc:208 Allocating values array with 278744 bytes.
detect_structure.cc:63 Dynamic row block size because the block size changed from 2 to 15
detect_structure.cc:74 Dynamic e block size because the block size changed from 1 to 9
detect_structure.cc:93 Dynamic f block size because the block size changed from 6 to 9
detect_structure.cc:114 Schur complement static structure <-1,-1,-1>.
detect_structure.cc:63 Dynamic row block size because the block size changed from 2 to 15
detect_structure.cc:74 Dynamic e block size because the block size changed from 1 to 9
detect_structure.cc:93 Dynamic f block size because the block size changed from 6 to 9
detect_structure.cc:114 Schur complement static structure <-1,-1,-1>.
schur_eliminator.cc:155 Template specializations not found for <-1,-1,-1>
block_sparse_matrix.cc:208 Allocating values array with 268344 bytes.
detect_structure.cc:63 Dynamic row block size because the block size changed from 2 to 15
detect_structure.cc:74 Dynamic e block size because the block size changed from 1 to 9
detect_structure.cc:93 Dynamic f block size because the block size changed from 6 to 9
detect_structure.cc:114 Schur complement static structure <-1,-1,-1>.
detect_structure.cc:63 Dynamic row block size because the block size changed from 2 to 15
detect_structure.cc:74 Dynamic e block size because the block size changed from 1 to 9
detect_structure.cc:93 Dynamic f block size because the block size changed from 6 to 9
detect_structure.cc:114 Schur complement static structure <-1,-1,-1>.
schur_eliminator.cc:155 Template specializations not found for <-1,-1,-1>
block_sparse_matrix.cc:208 Allocating values array with 283736 bytes.
detect_structure.cc:63 Dynamic row block size because the block size changed from 2 to 15
detect_structure.cc:74 Dynamic e block size because the block size changed from 1 to 9
detect_structure.cc:93 Dynamic f block size because the block size changed from 6 to 9
detect_structure.cc:114 Schur complement static structure <-1,-1,-1>.
detect_structure.cc:63 Dynamic row block size because the block size changed from 2 to 15
detect_structure.cc:74 Dynamic e block size because the block size changed from 1 to 9
detect_structure.cc:93 Dynamic f block size because the block size changed from 6 to 9
detect_structure.cc:114 Schur complement static structure <-1,-1,-1>.
schur_eliminator.cc:155 Template specializations not found for <-1,-1,-1>
block_sparse_matrix.cc:208 Allocating values array with 284984 bytes.
detect_structure.cc:63 Dynamic row block size because the block size changed from 2 to 15
detect_structure.cc:74 Dynamic e block size because the block size changed from 1 to 9
detect_structure.cc:93 Dynamic f block size because the block size changed from 6 to 9
detect_structure.cc:114 Schur complement static structure <-1,-1,-1>.
detect_structure.cc:63 Dynamic row block size because the block size changed from 2 to 15
detect_structure.cc:74 Dynamic e block size because the block size changed from 1 to 9
detect_structure.cc:93 Dynamic f block size because the block size changed from 6 to 9
detect_structure.cc:114 Schur complement static structure <-1,-1,-1>.
schur_eliminator.cc:155 Template specializations not found for <-1,-1,-1>
block_sparse_matrix.cc:208 Allocating values array with 284360 bytes.
detect_structure.cc:63 Dynamic row block size because the block size changed from 2 to 15
detect_structure.cc:74 Dynamic e block size because the block size changed from 1 to 9
detect_structure.cc:93 Dynamic f block size because the block size changed from 6 to 9
detect_structure.cc:114 Schur complement static structure <-1,-1,-1>.
detect_structure.cc:63 Dynamic row block size because the block size changed from 2 to 15
detect_structure.cc:74 Dynamic e block size because the block size changed from 1 to 9
detect_structure.cc:93 Dynamic f block size because the block size changed from 6 to 9
detect_structure.cc:114 Schur complement static structure <-1,-1,-1>.
schur_eliminator.cc:155 Template specializations not found for <-1,-1,-1>
block_sparse_matrix.cc:208 Allocating values array with 287480 bytes.
detect_structure.cc:63 Dynamic row block size because the block size changed from 2 to 15
detect_structure.cc:74 Dynamic e block size because the block size changed from 1 to 9
detect_structure.cc:93 Dynamic f block size because the block size changed from 6 to 9
detect_structure.cc:114 Schur complement static structure <-1,-1,-1>.
detect_structure.cc:63 Dynamic row block size because the block size changed from 2 to 15
detect_structure.cc:74 Dynamic e block size because the block size changed from 1 to 9
detect_structure.cc:93 Dynamic f block size because the block size changed from 6 to 9
detect_structure.cc:114 Schur complement static structure <-1,-1,-1>.
schur_eliminator.cc:155 Template specializations not found for <-1,-1,-1>
[FeatureTracker] F-matrix: 146 → 87 (rejected 59, threshold=1)
block_sparse_matrix.cc:208 Allocating values array with 279576 bytes.
detect_structure.cc:63 Dynamic row block size because the block size changed from 2 to 15
detect_structure.cc:74 Dynamic e block size because the block size changed from 1 to 9
detect_structure.cc:93 Dynamic f block size because the block size changed from 6 to 9
detect_structure.cc:114 Schur complement static structure <-1,-1,-1>.
detect_structure.cc:63 Dynamic row block size because the block size changed from 2 to 15
detect_structure.cc:74 Dynamic e block size because the block size changed from 1 to 9
detect_structure.cc:93 Dynamic f block size because the block size changed from 6 to 9
detect_structure.cc:114 Schur complement static structure <-1,-1,-1>.
schur_eliminator.cc:155 Template specializations not found for <-1,-1,-1>
block_sparse_matrix.cc:208 Allocating values array with 272920 bytes.
detect_structure.cc:63 Dynamic row block size because the block size changed from 2 to 15
detect_structure.cc:74 Dynamic e block size because the block size changed from 1 to 9
detect_structure.cc:93 Dynamic f block size because the block size changed from 6 to 9
detect_structure.cc:114 Schur complement static structure <-1,-1,-1>.
detect_structure.cc:63 Dynamic row block size because the block size changed from 2 to 15
detect_structure.cc:74 Dynamic e block size because the block size changed from 1 to 9
detect_structure.cc:93 Dynamic f block size because the block size changed from 6 to 9
detect_structure.cc:114 Schur complement static structure <-1,-1,-1>.
schur_eliminator.cc:155 Template specializations not found for <-1,-1,-1>
block_sparse_matrix.cc:208 Allocating values array with 273544 bytes.
detect_structure.cc:63 Dynamic row block size because the block size changed from 2 to 15
detect_structure.cc:74 Dynamic e block size because the block size changed from 1 to 9
detect_structure.cc:93 Dynamic f block size because the block size changed from 6 to 9
detect_structure.cc:114 Schur complement static structure <-1,-1,-1>.
detect_structure.cc:63 Dynamic row block size because the block size changed from 2 to 15
detect_structure.cc:74 Dynamic e block size because the block size changed from 1 to 9
detect_structure.cc:93 Dynamic f block size because the block size changed from 6 to 9
detect_structure.cc:114 Schur complement static structure <-1,-1,-1>.
schur_eliminator.cc:155 Template specializations not found for <-1,-1,-1>
block_sparse_matrix.cc:208 Allocating values array with 277288 bytes.
detect_structure.cc:63 Dynamic row block size because the block size changed from 2 to 15
detect_structure.cc:74 Dynamic e block size because the block size changed from 1 to 9
detect_structure.cc:93 Dynamic f block size because the block size changed from 6 to 9
detect_structure.cc:114 Schur complement static structure <-1,-1,-1>.
detect_structure.cc:63 Dynamic row block size because the block size changed from 2 to 15
detect_structure.cc:74 Dynamic e block size because the block size changed from 1 to 9
detect_structure.cc:93 Dynamic f block size because the block size changed from 6 to 9
detect_structure.cc:114 Schur complement static structure <-1,-1,-1>.
schur_eliminator.cc:155 Template specializations not found for <-1,-1,-1>
block_sparse_matrix.cc:208 Allocating values array with 287064 bytes.
detect_structure.cc:63 Dynamic row block size because the block size changed from 2 to 15
detect_structure.cc:74 Dynamic e block size because the block size changed from 1 to 9
detect_structure.cc:93 Dynamic f block size because the block size changed from 6 to 9
detect_structure.cc:114 Schur complement static structure <-1,-1,-1>.
detect_structure.cc:63 Dynamic row block size because the block size changed from 2 to 15
detect_structure.cc:74 Dynamic e block size because the block size changed from 1 to 9
detect_structure.cc:93 Dynamic f block size because the block size changed from 6 to 9
detect_structure.cc:114 Schur complement static structure <-1,-1,-1>.
schur_eliminator.cc:155 Template specializations not found for <-1,-1,-1>
block_sparse_matrix.cc:208 Allocating values array with 287480 bytes.
detect_structure.cc:63 Dynamic row block size because the block size changed from 2 to 15
detect_structure.cc:74 Dynamic e block size because the block size changed from 1 to 9
detect_structure.cc:93 Dynamic f block size because the block size changed from 6 to 9
detect_structure.cc:114 Schur complement static structure <-1,-1,-1>.
detect_structure.cc:63 Dynamic row block size because the block size changed from 2 to 15
detect_structure.cc:74 Dynamic e block size because the block size changed from 1 to 9
detect_structure.cc:93 Dynamic f block size because the block size changed from 6 to 9
detect_structure.cc:114 Schur complement static structure <-1,-1,-1>.
schur_eliminator.cc:155 Template specializations not found for <-1,-1,-1>
block_sparse_matrix.cc:208 Allocating values array with 287688 bytes.
detect_structure.cc:63 Dynamic row block size because the block size changed from 2 to 15
detect_structure.cc:74 Dynamic e block size because the block size changed from 1 to 9
detect_structure.cc:93 Dynamic f block size because the block size changed from 6 to 9
detect_structure.cc:114 Schur complement static structure <-1,-1,-1>.
detect_structure.cc:63 Dynamic row block size because the block size changed from 2 to 15
detect_structure.cc:74 Dynamic e block size because the block size changed from 1 to 9
detect_structure.cc:93 Dynamic f block size because the block size changed from 6 to 9
detect_structure.cc:114 Schur complement static structure <-1,-1,-1>.
schur_eliminator.cc:155 Template specializations not found for <-1,-1,-1>
block_sparse_matrix.cc:208 Allocating values array with 287896 bytes.
detect_structure.cc:63 Dynamic row block size because the block size changed from 2 to 15
detect_structure.cc:74 Dynamic e block size because the block size changed from 1 to 9
detect_structure.cc:93 Dynamic f block size because the block size changed from 6 to 9
detect_structure.cc:114 Schur complement static structure <-1,-1,-1>.
detect_structure.cc:63 Dynamic row block size because the block size changed from 2 to 15
detect_structure.cc:74 Dynamic e block size because the block size changed from 1 to 9
detect_structure.cc:93 Dynamic f block size because the block size changed from 6 to 9
detect_structure.cc:114 Schur complement static structure <-1,-1,-1>.
schur_eliminator.cc:155 Template specializations not found for <-1,-1,-1>
block_sparse_matrix.cc:208 Allocating values array with 286232 bytes.
detect_structure.cc:63 Dynamic row block size because the block size changed from 2 to 15
detect_structure.cc:74 Dynamic e block size because the block size changed from 1 to 9
detect_structure.cc:93 Dynamic f block size because the block size changed from 6 to 9
detect_structure.cc:114 Schur complement static structure <-1,-1,-1>.
detect_structure.cc:63 Dynamic row block size because the block size changed from 2 to 15
detect_structure.cc:74 Dynamic e block size because the block size changed from 1 to 9
detect_structure.cc:93 Dynamic f block size because the block size changed from 6 to 9
detect_structure.cc:114 Schur complement static structure <-1,-1,-1>.
schur_eliminator.cc:155 Template specializations not found for <-1,-1,-1>
block_sparse_matrix.cc:208 Allocating values array with 286856 bytes.
detect_structure.cc:63 Dynamic row block size because the block size changed from 2 to 15
detect_structure.cc:74 Dynamic e block size because the block size changed from 1 to 9
detect_structure.cc:93 Dynamic f block size because the block size changed from 6 to 9
detect_structure.cc:114 Schur complement static structure <-1,-1,-1>.
detect_structure.cc:63 Dynamic row block size because the block size changed from 2 to 15
detect_structure.cc:74 Dynamic e block size because the block size changed from 1 to 9
detect_structure.cc:93 Dynamic f block size because the block size changed from 6 to 9
detect_structure.cc:114 Schur complement static structure <-1,-1,-1>.
schur_eliminator.cc:155 Template specializations not found for <-1,-1,-1>
[VIO DIAG] f=80 tri: ok=151 wait=13 fail=0 default=1 depth: avg=1.28371 min=0.240995 max=4.14905 |vel|=0.815184 vel=(0.400441,-0.0956411,0.70358) ba=(0.218861,-0.174729,-0.0424266) bg=(-0.00148183,0.000713772,0.000629842)
block_sparse_matrix.cc:208 Allocating values array with 295384 bytes.
detect_structure.cc:63 Dynamic row block size because the block size changed from 2 to 15
detect_structure.cc:74 Dynamic e block size because the block size changed from 1 to 9
detect_structure.cc:93 Dynamic f block size because the block size changed from 6 to 9
detect_structure.cc:114 Schur complement static structure <-1,-1,-1>.
detect_structure.cc:63 Dynamic row block size because the block size changed from 2 to 15
detect_structure.cc:74 Dynamic e block size because the block size changed from 1 to 9
detect_structure.cc:93 Dynamic f block size because the block size changed from 6 to 9
detect_structure.cc:114 Schur complement static structure <-1,-1,-1>.
schur_eliminator.cc:155 Template specializations not found for <-1,-1,-1>
block_sparse_matrix.cc:208 Allocating values array with 298504 bytes.
detect_structure.cc:63 Dynamic row block size because the block size changed from 2 to 15
detect_structure.cc:74 Dynamic e block size because the block size changed from 1 to 9
detect_structure.cc:93 Dynamic f block size because the block size changed from 6 to 9
detect_structure.cc:114 Schur complement static structure <-1,-1,-1>.
detect_structure.cc:63 Dynamic row block size because the block size changed from 2 to 15
detect_structure.cc:74 Dynamic e block size because the block size changed from 1 to 9
detect_structure.cc:93 Dynamic f block size because the block size changed from 6 to 9
detect_structure.cc:114 Schur complement static structure <-1,-1,-1>.
schur_eliminator.cc:155 Template specializations not found for <-1,-1,-1>
block_sparse_matrix.cc:208 Allocating values array with 293928 bytes.
detect_structure.cc:63 Dynamic row block size because the block size changed from 2 to 15
detect_structure.cc:74 Dynamic e block size because the block size changed from 1 to 9
detect_structure.cc:93 Dynamic f block size because the block size changed from 6 to 9
detect_structure.cc:114 Schur complement static structure <-1,-1,-1>.
detect_structure.cc:63 Dynamic row block size because the block size changed from 2 to 15
detect_structure.cc:74 Dynamic e block size because the block size changed from 1 to 9
detect_structure.cc:93 Dynamic f block size because the block size changed from 6 to 9
detect_structure.cc:114 Schur complement static structure <-1,-1,-1>.
schur_eliminator.cc:155 Template specializations not found for <-1,-1,-1>
block_sparse_matrix.cc:208 Allocating values array with 296424 bytes.
detect_structure.cc:63 Dynamic row block size because the block size changed from 2 to 15
detect_structure.cc:74 Dynamic e block size because the block size changed from 1 to 9
detect_structure.cc:93 Dynamic f block size because the block size changed from 6 to 9
detect_structure.cc:114 Schur complement static structure <-1,-1,-1>.
detect_structure.cc:63 Dynamic row block size because the block size changed from 2 to 15
detect_structure.cc:74 Dynamic e block size because the block size changed from 1 to 9
detect_structure.cc:93 Dynamic f block size because the block size changed from 6 to 9
detect_structure.cc:114 Schur complement static structure <-1,-1,-1>.
schur_eliminator.cc:155 Template specializations not found for <-1,-1,-1>
block_sparse_matrix.cc:208 Allocating values array with 297464 bytes.
detect_structure.cc:63 Dynamic row block size because the block size changed from 2 to 15
detect_structure.cc:74 Dynamic e block size because the block size changed from 1 to 9
detect_structure.cc:93 Dynamic f block size because the block size changed from 6 to 9
detect_structure.cc:114 Schur complement static structure <-1,-1,-1>.
detect_structure.cc:63 Dynamic row block size because the block size changed from 2 to 15
detect_structure.cc:74 Dynamic e block size because the block size changed from 1 to 9
detect_structure.cc:93 Dynamic f block size because the block size changed from 6 to 9
detect_structure.cc:114 Schur complement static structure <-1,-1,-1>.
schur_eliminator.cc:155 Template specializations not found for <-1,-1,-1>
block_sparse_matrix.cc:208 Allocating values array with 296216 bytes.
detect_structure.cc:63 Dynamic row block size because the block size changed from 2 to 15
detect_structure.cc:74 Dynamic e block size because the block size changed from 1 to 9
detect_structure.cc:93 Dynamic f block size because the block size changed from 6 to 9
detect_structure.cc:114 Schur complement static structure <-1,-1,-1>.
detect_structure.cc:63 Dynamic row block size because the block size changed from 2 to 15
detect_structure.cc:74 Dynamic e block size because the block size changed from 1 to 9
detect_structure.cc:93 Dynamic f block size because the block size changed from 6 to 9
detect_structure.cc:114 Schur complement static structure <-1,-1,-1>.
schur_eliminator.cc:155 Template specializations not found for <-1,-1,-1>
block_sparse_matrix.cc:208 Allocating values array with 299128 bytes.
detect_structure.cc:63 Dynamic row block size because the block size changed from 2 to 15
detect_structure.cc:74 Dynamic e block size because the block size changed from 1 to 9
detect_structure.cc:93 Dynamic f block size because the block size changed from 6 to 9
detect_structure.cc:114 Schur complement static structure <-1,-1,-1>.
detect_structure.cc:63 Dynamic row block size because the block size changed from 2 to 15
detect_structure.cc:74 Dynamic e block size because the block size changed from 1 to 9
detect_structure.cc:93 Dynamic f block size because the block size changed from 6 to 9
detect_structure.cc:114 Schur complement static structure <-1,-1,-1>.
schur_eliminator.cc:155 Template specializations not found for <-1,-1,-1>
[FeatureTracker] F-matrix: 127 → 74 (rejected 53, threshold=1)
block_sparse_matrix.cc:208 Allocating values array with 289976 bytes.
detect_structure.cc:63 Dynamic row block size because the block size changed from 2 to 15
detect_structure.cc:74 Dynamic e block size because the block size changed from 1 to 9
detect_structure.cc:93 Dynamic f block size because the block size changed from 6 to 9
detect_structure.cc:114 Schur complement static structure <-1,-1,-1>.
detect_structure.cc:63 Dynamic row block size because the block size changed from 2 to 15
detect_structure.cc:74 Dynamic e block size because the block size changed from 1 to 9
detect_structure.cc:93 Dynamic f block size because the block size changed from 6 to 9
detect_structure.cc:114 Schur complement static structure <-1,-1,-1>.
schur_eliminator.cc:155 Template specializations not found for <-1,-1,-1>
block_sparse_matrix.cc:208 Allocating values array with 278952 bytes.
detect_structure.cc:63 Dynamic row block size because the block size changed from 2 to 15
detect_structure.cc:74 Dynamic e block size because the block size changed from 1 to 9
detect_structure.cc:93 Dynamic f block size because the block size changed from 6 to 9
detect_structure.cc:114 Schur complement static structure <-1,-1,-1>.
detect_structure.cc:63 Dynamic row block size because the block size changed from 2 to 15
detect_structure.cc:74 Dynamic e block size because the block size changed from 1 to 9
detect_structure.cc:93 Dynamic f block size because the block size changed from 6 to 9
detect_structure.cc:114 Schur complement static structure <-1,-1,-1>.
schur_eliminator.cc:155 Template specializations not found for <-1,-1,-1>
block_sparse_matrix.cc:208 Allocating values array with 270424 bytes.
detect_structure.cc:63 Dynamic row block size because the block size changed from 2 to 15
detect_structure.cc:74 Dynamic e block size because the block size changed from 1 to 9
detect_structure.cc:93 Dynamic f block size because the block size changed from 6 to 9
detect_structure.cc:114 Schur complement static structure <-1,-1,-1>.
detect_structure.cc:63 Dynamic row block size because the block size changed from 2 to 15
detect_structure.cc:74 Dynamic e block size because the block size changed from 1 to 9
detect_structure.cc:93 Dynamic f block size because the block size changed from 6 to 9
detect_structure.cc:114 Schur complement static structure <-1,-1,-1>.
schur_eliminator.cc:155 Template specializations not found for <-1,-1,-1>
block_sparse_matrix.cc:208 Allocating values array with 265016 bytes.
detect_structure.cc:63 Dynamic row block size because the block size changed from 2 to 15
detect_structure.cc:74 Dynamic e block size because the block size changed from 1 to 9
detect_structure.cc:93 Dynamic f block size because the block size changed from 6 to 9
detect_structure.cc:114 Schur complement static structure <-1,-1,-1>.
detect_structure.cc:63 Dynamic row block size because the block size changed from 2 to 15
detect_structure.cc:74 Dynamic e block size because the block size changed from 1 to 9
detect_structure.cc:93 Dynamic f block size because the block size changed from 6 to 9
detect_structure.cc:114 Schur complement static structure <-1,-1,-1>.
schur_eliminator.cc:155 Template specializations not found for <-1,-1,-1>
block_sparse_matrix.cc:208 Allocating values array with 276456 bytes.
detect_structure.cc:63 Dynamic row block size because the block size changed from 2 to 15
detect_structure.cc:74 Dynamic e block size because the block size changed from 1 to 9
detect_structure.cc:93 Dynamic f block size because the block size changed from 6 to 9
detect_structure.cc:114 Schur complement static structure <-1,-1,-1>.
detect_structure.cc:63 Dynamic row block size because the block size changed from 2 to 15
detect_structure.cc:74 Dynamic e block size because the block size changed from 1 to 9
detect_structure.cc:93 Dynamic f block size because the block size changed from 6 to 9
detect_structure.cc:114 Schur complement static structure <-1,-1,-1>.
schur_eliminator.cc:155 Template specializations not found for <-1,-1,-1>
block_sparse_matrix.cc:208 Allocating values array with 275208 bytes.
detect_structure.cc:63 Dynamic row block size because the block size changed from 2 to 15
detect_structure.cc:74 Dynamic e block size because the block size changed from 1 to 9
detect_structure.cc:93 Dynamic f block size because the block size changed from 6 to 9
detect_structure.cc:114 Schur complement static structure <-1,-1,-1>.
detect_structure.cc:63 Dynamic row block size because the block size changed from 2 to 15
detect_structure.cc:74 Dynamic e block size because the block size changed from 1 to 9
detect_structure.cc:93 Dynamic f block size because the block size changed from 6 to 9
detect_structure.cc:114 Schur complement static structure <-1,-1,-1>.
schur_eliminator.cc:155 Template specializations not found for <-1,-1,-1>
block_sparse_matrix.cc:208 Allocating values array with 271880 bytes.
detect_structure.cc:63 Dynamic row block size because the block size changed from 2 to 15
detect_structure.cc:74 Dynamic e block size because the block size changed from 1 to 9
detect_structure.cc:93 Dynamic f block size because the block size changed from 6 to 9
detect_structure.cc:114 Schur complement static structure <-1,-1,-1>.
detect_structure.cc:63 Dynamic row block size because the block size changed from 2 to 15
detect_structure.cc:74 Dynamic e block size because the block size changed from 1 to 9
detect_structure.cc:93 Dynamic f block size because the block size changed from 6 to 9
detect_structure.cc:114 Schur complement static structure <-1,-1,-1>.
schur_eliminator.cc:155 Template specializations not found for <-1,-1,-1>
block_sparse_matrix.cc:208 Allocating values array with 270216 bytes.
detect_structure.cc:63 Dynamic row block size because the block size changed from 2 to 15
detect_structure.cc:74 Dynamic e block size because the block size changed from 1 to 9
detect_structure.cc:93 Dynamic f block size because the block size changed from 6 to 9
detect_structure.cc:114 Schur complement static structure <-1,-1,-1>.
detect_structure.cc:63 Dynamic row block size because the block size changed from 2 to 15
detect_structure.cc:74 Dynamic e block size because the block size changed from 1 to 9
detect_structure.cc:93 Dynamic f block size because the block size changed from 6 to 9
detect_structure.cc:114 Schur complement static structure <-1,-1,-1>.
schur_eliminator.cc:155 Template specializations not found for <-1,-1,-1>
[FeatureTracker] F-matrix: 141 → 97 (rejected 44, threshold=1)
block_sparse_matrix.cc:208 Allocating values array with 263144 bytes.
detect_structure.cc:63 Dynamic row block size because the block size changed from 2 to 15
detect_structure.cc:74 Dynamic e block size because the block size changed from 1 to 9
detect_structure.cc:93 Dynamic f block size because the block size changed from 6 to 9
detect_structure.cc:114 Schur complement static structure <-1,-1,-1>.
detect_structure.cc:63 Dynamic row block size because the block size changed from 2 to 15
detect_structure.cc:74 Dynamic e block size because the block size changed from 1 to 9
detect_structure.cc:93 Dynamic f block size because the block size changed from 6 to 9
detect_structure.cc:114 Schur complement static structure <-1,-1,-1>.
schur_eliminator.cc:155 Template specializations not found for <-1,-1,-1>
block_sparse_matrix.cc:208 Allocating values array with 256280 bytes.
detect_structure.cc:63 Dynamic row block size because the block size changed from 2 to 15
detect_structure.cc:74 Dynamic e block size because the block size changed from 1 to 9
detect_structure.cc:93 Dynamic f block size because the block size changed from 6 to 9
detect_structure.cc:114 Schur complement static structure <-1,-1,-1>.
detect_structure.cc:63 Dynamic row block size because the block size changed from 2 to 15
detect_structure.cc:74 Dynamic e block size because the block size changed from 1 to 9
detect_structure.cc:93 Dynamic f block size because the block size changed from 6 to 9
detect_structure.cc:114 Schur complement static structure <-1,-1,-1>.
schur_eliminator.cc:155 Template specializations not found for <-1,-1,-1>
block_sparse_matrix.cc:208 Allocating values array with 260440 bytes.
detect_structure.cc:63 Dynamic row block size because the block size changed from 2 to 15
detect_structure.cc:74 Dynamic e block size because the block size changed from 1 to 9
detect_structure.cc:93 Dynamic f block size because the block size changed from 6 to 9
detect_structure.cc:114 Schur complement static structure <-1,-1,-1>.
detect_structure.cc:63 Dynamic row block size because the block size changed from 2 to 15
detect_structure.cc:74 Dynamic e block size because the block size changed from 1 to 9
detect_structure.cc:93 Dynamic f block size because the block size changed from 6 to 9
detect_structure.cc:114 Schur complement static structure <-1,-1,-1>.
schur_eliminator.cc:155 Template specializations not found for <-1,-1,-1>
block_sparse_matrix.cc:208 Allocating values array with 263976 bytes.
detect_structure.cc:63 Dynamic row block size because the block size changed from 2 to 15
detect_structure.cc:74 Dynamic e block size because the block size changed from 1 to 9
detect_structure.cc:93 Dynamic f block size because the block size changed from 6 to 9
detect_structure.cc:114 Schur complement static structure <-1,-1,-1>.
detect_structure.cc:63 Dynamic row block size because the block size changed from 2 to 15
detect_structure.cc:74 Dynamic e block size because the block size changed from 1 to 9
detect_structure.cc:93 Dynamic f block size because the block size changed from 6 to 9
detect_structure.cc:114 Schur complement static structure <-1,-1,-1>.
schur_eliminator.cc:155 Template specializations not found for <-1,-1,-1>
block_sparse_matrix.cc:208 Allocating values array with 264808 bytes.
detect_structure.cc:63 Dynamic row block size because the block size changed from 2 to 15
detect_structure.cc:74 Dynamic e block size because the block size changed from 1 to 9
detect_structure.cc:93 Dynamic f block size because the block size changed from 6 to 9
detect_structure.cc:114 Schur complement static structure <-1,-1,-1>.
detect_structure.cc:63 Dynamic row block size because the block size changed from 2 to 15
detect_structure.cc:74 Dynamic e block size because the block size changed from 1 to 9
detect_structure.cc:93 Dynamic f block size because the block size changed from 6 to 9
detect_structure.cc:114 Schur complement static structure <-1,-1,-1>.
schur_eliminator.cc:155 Template specializations not found for <-1,-1,-1>
[VIO DIAG] f=100 tri: ok=156 wait=11 fail=0 default=1 depth: avg=1.4761 min=0.500388 max=4.31377 |vel|=0.989707 vel=(0.832979,0.187104,-0.500658) ba=(0.0689663,-0.130053,-0.0404948) bg=(-0.000872426,0.00165472,0.00106832)
block_sparse_matrix.cc:208 Allocating values array with 265224 bytes.
detect_structure.cc:63 Dynamic row block size because the block size changed from 2 to 15
detect_structure.cc:74 Dynamic e block size because the block size changed from 1 to 9
detect_structure.cc:93 Dynamic f block size because the block size changed from 6 to 9
detect_structure.cc:114 Schur complement static structure <-1,-1,-1>.
detect_structure.cc:63 Dynamic row block size because the block size changed from 2 to 15
detect_structure.cc:74 Dynamic e block size because the block size changed from 1 to 9
detect_structure.cc:93 Dynamic f block size because the block size changed from 6 to 9
detect_structure.cc:114 Schur complement static structure <-1,-1,-1>.
schur_eliminator.cc:155 Template specializations not found for <-1,-1,-1>
block_sparse_matrix.cc:208 Allocating values array with 270216 bytes.
detect_structure.cc:63 Dynamic row block size because the block size changed from 2 to 15
detect_structure.cc:74 Dynamic e block size because the block size changed from 1 to 9
detect_structure.cc:93 Dynamic f block size because the block size changed from 6 to 9
detect_structure.cc:114 Schur complement static structure <-1,-1,-1>.
detect_structure.cc:63 Dynamic row block size because the block size changed from 2 to 15
detect_structure.cc:74 Dynamic e block size because the block size changed from 1 to 9
detect_structure.cc:93 Dynamic f block size because the block size changed from 6 to 9
detect_structure.cc:114 Schur complement static structure <-1,-1,-1>.
schur_eliminator.cc:155 Template specializations not found for <-1,-1,-1>
block_sparse_matrix.cc:208 Allocating values array with 268136 bytes.
detect_structure.cc:63 Dynamic row block size because the block size changed from 2 to 15
detect_structure.cc:74 Dynamic e block size because the block size changed from 1 to 9
detect_structure.cc:93 Dynamic f block size because the block size changed from 6 to 9
detect_structure.cc:114 Schur complement static structure <-1,-1,-1>.
detect_structure.cc:63 Dynamic row block size because the block size changed from 2 to 15
detect_structure.cc:74 Dynamic e block size because the block size changed from 1 to 9
detect_structure.cc:93 Dynamic f block size because the block size changed from 6 to 9
detect_structure.cc:114 Schur complement static structure <-1,-1,-1>.
schur_eliminator.cc:155 Template specializations not found for <-1,-1,-1>
[FeatureTracker] F-matrix: 136 → 73 (rejected 63, threshold=1)
block_sparse_matrix.cc:208 Allocating values array with 263768 bytes.
detect_structure.cc:63 Dynamic row block size because the block size changed from 2 to 15
detect_structure.cc:74 Dynamic e block size because the block size changed from 1 to 9
detect_structure.cc:93 Dynamic f block size because the block size changed from 6 to 9
detect_structure.cc:114 Schur complement static structure <-1,-1,-1>.
detect_structure.cc:63 Dynamic row block size because the block size changed from 2 to 15
detect_structure.cc:74 Dynamic e block size because the block size changed from 1 to 9
detect_structure.cc:93 Dynamic f block size because the block size changed from 6 to 9
detect_structure.cc:114 Schur complement static structure <-1,-1,-1>.
schur_eliminator.cc:155 Template specializations not found for <-1,-1,-1>
block_sparse_matrix.cc:208 Allocating values array with 258152 bytes.
detect_structure.cc:63 Dynamic row block size because the block size changed from 2 to 15
detect_structure.cc:74 Dynamic e block size because the block size changed from 1 to 9
detect_structure.cc:93 Dynamic f block size because the block size changed from 6 to 9
detect_structure.cc:114 Schur complement static structure <-1,-1,-1>.
detect_structure.cc:63 Dynamic row block size because the block size changed from 2 to 15
detect_structure.cc:74 Dynamic e block size because the block size changed from 1 to 9
detect_structure.cc:93 Dynamic f block size because the block size changed from 6 to 9
detect_structure.cc:114 Schur complement static structure <-1,-1,-1>.
schur_eliminator.cc:155 Template specializations not found for <-1,-1,-1>
block_sparse_matrix.cc:208 Allocating values array with 253992 bytes.
detect_structure.cc:63 Dynamic row block size because the block size changed from 2 to 15
detect_structure.cc:74 Dynamic e block size because the block size changed from 1 to 9
detect_structure.cc:93 Dynamic f block size because the block size changed from 6 to 9
detect_structure.cc:114 Schur complement static structure <-1,-1,-1>.
detect_structure.cc:63 Dynamic row block size because the block size changed from 2 to 15
detect_structure.cc:74 Dynamic e block size because the block size changed from 1 to 9
detect_structure.cc:93 Dynamic f block size because the block size changed from 6 to 9
detect_structure.cc:114 Schur complement static structure <-1,-1,-1>.
schur_eliminator.cc:155 Template specializations not found for <-1,-1,-1>
block_sparse_matrix.cc:208 Allocating values array with 251080 bytes.
detect_structure.cc:63 Dynamic row block size because the block size changed from 2 to 15
detect_structure.cc:74 Dynamic e block size because the block size changed from 1 to 9
detect_structure.cc:93 Dynamic f block size because the block size changed from 6 to 9
detect_structure.cc:114 Schur complement static structure <-1,-1,-1>.
detect_structure.cc:63 Dynamic row block size because the block size changed from 2 to 15
detect_structure.cc:74 Dynamic e block size because the block size changed from 1 to 9
detect_structure.cc:93 Dynamic f block size because the block size changed from 6 to 9
detect_structure.cc:114 Schur complement static structure <-1,-1,-1>.
schur_eliminator.cc:155 Template specializations not found for <-1,-1,-1>
block_sparse_matrix.cc:208 Allocating values array with 266056 bytes.
detect_structure.cc:63 Dynamic row block size because the block size changed from 2 to 15
detect_structure.cc:74 Dynamic e block size because the block size changed from 1 to 9
detect_structure.cc:93 Dynamic f block size because the block size changed from 6 to 9
detect_structure.cc:114 Schur complement static structure <-1,-1,-1>.
detect_structure.cc:63 Dynamic row block size because the block size changed from 2 to 15
detect_structure.cc:74 Dynamic e block size because the block size changed from 1 to 9
detect_structure.cc:93 Dynamic f block size because the block size changed from 6 to 9
detect_structure.cc:114 Schur complement static structure <-1,-1,-1>.
schur_eliminator.cc:155 Template specializations not found for <-1,-1,-1>
block_sparse_matrix.cc:208 Allocating values array with 263976 bytes.
detect_structure.cc:63 Dynamic row block size because the block size changed from 2 to 15
detect_structure.cc:74 Dynamic e block size because the block size changed from 1 to 9
detect_structure.cc:93 Dynamic f block size because the block size changed from 6 to 9
detect_structure.cc:114 Schur complement static structure <-1,-1,-1>.
detect_structure.cc:63 Dynamic row block size because the block size changed from 2 to 15
detect_structure.cc:74 Dynamic e block size because the block size changed from 1 to 9
detect_structure.cc:93 Dynamic f block size because the block size changed from 6 to 9
detect_structure.cc:114 Schur complement static structure <-1,-1,-1>.
schur_eliminator.cc:155 Template specializations not found for <-1,-1,-1>
block_sparse_matrix.cc:208 Allocating values array with 261896 bytes.
detect_structure.cc:63 Dynamic row block size because the block size changed from 2 to 15
detect_structure.cc:74 Dynamic e block size because the block size changed from 1 to 9
detect_structure.cc:93 Dynamic f block size because the block size changed from 6 to 9
detect_structure.cc:114 Schur complement static structure <-1,-1,-1>.
detect_structure.cc:63 Dynamic row block size because the block size changed from 2 to 15
detect_structure.cc:74 Dynamic e block size because the block size changed from 1 to 9
detect_structure.cc:93 Dynamic f block size because the block size changed from 6 to 9
detect_structure.cc:114 Schur complement static structure <-1,-1,-1>.
schur_eliminator.cc:155 Template specializations not found for <-1,-1,-1>
block_sparse_matrix.cc:208 Allocating values array with 260440 bytes.
detect_structure.cc:63 Dynamic row block size because the block size changed from 2 to 15
detect_structure.cc:74 Dynamic e block size because the block size changed from 1 to 9
detect_structure.cc:93 Dynamic f block size because the block size changed from 6 to 9
detect_structure.cc:114 Schur complement static structure <-1,-1,-1>.
detect_structure.cc:63 Dynamic row block size because the block size changed from 2 to 15
detect_structure.cc:74 Dynamic e block size because the block size changed from 1 to 9
detect_structure.cc:93 Dynamic f block size because the block size changed from 6 to 9
detect_structure.cc:114 Schur complement static structure <-1,-1,-1>.
schur_eliminator.cc:155 Template specializations not found for <-1,-1,-1>
block_sparse_matrix.cc:208 Allocating values array with 261688 bytes.
detect_structure.cc:63 Dynamic row block size because the block size changed from 2 to 15
detect_structure.cc:74 Dynamic e block size because the block size changed from 1 to 9
detect_structure.cc:93 Dynamic f block size because the block size changed from 6 to 9
detect_structure.cc:114 Schur complement static structure <-1,-1,-1>.
detect_structure.cc:63 Dynamic row block size because the block size changed from 2 to 15
detect_structure.cc:74 Dynamic e block size because the block size changed from 1 to 9
detect_structure.cc:93 Dynamic f block size because the block size changed from 6 to 9
detect_structure.cc:114 Schur complement static structure <-1,-1,-1>.
schur_eliminator.cc:155 Template specializations not found for <-1,-1,-1>
block_sparse_matrix.cc:208 Allocating values array with 266888 bytes.
detect_structure.cc:63 Dynamic row block size because the block size changed from 2 to 15
detect_structure.cc:74 Dynamic e block size because the block size changed from 1 to 9
detect_structure.cc:93 Dynamic f block size because the block size changed from 6 to 9
detect_structure.cc:114 Schur complement static structure <-1,-1,-1>.
detect_structure.cc:63 Dynamic row block size because the block size changed from 2 to 15
detect_structure.cc:74 Dynamic e block size because the block size changed from 1 to 9
detect_structure.cc:93 Dynamic f block size because the block size changed from 6 to 9
detect_structure.cc:114 Schur complement static structure <-1,-1,-1>.
schur_eliminator.cc:155 Template specializations not found for <-1,-1,-1>
block_sparse_matrix.cc:208 Allocating values array with 282072 bytes.
detect_structure.cc:63 Dynamic row block size because the block size changed from 2 to 15
detect_structure.cc:74 Dynamic e block size because the block size changed from 1 to 9
detect_structure.cc:93 Dynamic f block size because the block size changed from 6 to 9
detect_structure.cc:114 Schur complement static structure <-1,-1,-1>.
detect_structure.cc:63 Dynamic row block size because the block size changed from 2 to 15
detect_structure.cc:74 Dynamic e block size because the block size changed from 1 to 9
detect_structure.cc:93 Dynamic f block size because the block size changed from 6 to 9
detect_structure.cc:114 Schur complement static structure <-1,-1,-1>.
schur_eliminator.cc:155 Template specializations not found for <-1,-1,-1>
block_sparse_matrix.cc:208 Allocating values array with 289976 bytes.
detect_structure.cc:63 Dynamic row block size because the block size changed from 2 to 15
detect_structure.cc:74 Dynamic e block size because the block size changed from 1 to 9
detect_structure.cc:93 Dynamic f block size because the block size changed from 6 to 9
detect_structure.cc:114 Schur complement static structure <-1,-1,-1>.
detect_structure.cc:63 Dynamic row block size because the block size changed from 2 to 15
detect_structure.cc:74 Dynamic e block size because the block size changed from 1 to 9
detect_structure.cc:93 Dynamic f block size because the block size changed from 6 to 9
detect_structure.cc:114 Schur complement static structure <-1,-1,-1>.
schur_eliminator.cc:155 Template specializations not found for <-1,-1,-1>
block_sparse_matrix.cc:208 Allocating values array with 292264 bytes.
detect_structure.cc:63 Dynamic row block size because the block size changed from 2 to 15
detect_structure.cc:74 Dynamic e block size because the block size changed from 1 to 9
detect_structure.cc:93 Dynamic f block size because the block size changed from 6 to 9
detect_structure.cc:114 Schur complement static structure <-1,-1,-1>.
detect_structure.cc:63 Dynamic row block size because the block size changed from 2 to 15
detect_structure.cc:74 Dynamic e block size because the block size changed from 1 to 9
detect_structure.cc:93 Dynamic f block size because the block size changed from 6 to 9
detect_structure.cc:114 Schur complement static structure <-1,-1,-1>.
schur_eliminator.cc:155 Template specializations not found for <-1,-1,-1>
block_sparse_matrix.cc:208 Allocating values array with 299128 bytes.
detect_structure.cc:63 Dynamic row block size because the block size changed from 2 to 15
detect_structure.cc:74 Dynamic e block size because the block size changed from 1 to 9
detect_structure.cc:93 Dynamic f block size because the block size changed from 6 to 9
detect_structure.cc:114 Schur complement static structure <-1,-1,-1>.
detect_structure.cc:63 Dynamic row block size because the block size changed from 2 to 15
detect_structure.cc:74 Dynamic e block size because the block size changed from 1 to 9
detect_structure.cc:93 Dynamic f block size because the block size changed from 6 to 9
detect_structure.cc:114 Schur complement static structure <-1,-1,-1>.
schur_eliminator.cc:155 Template specializations not found for <-1,-1,-1>
block_sparse_matrix.cc:208 Allocating values array with 303080 bytes.
detect_structure.cc:63 Dynamic row block size because the block size changed from 2 to 15
detect_structure.cc:74 Dynamic e block size because the block size changed from 1 to 9
detect_structure.cc:93 Dynamic f block size because the block size changed from 6 to 9
detect_structure.cc:114 Schur complement static structure <-1,-1,-1>.
detect_structure.cc:63 Dynamic row block size because the block size changed from 2 to 15
detect_structure.cc:74 Dynamic e block size because the block size changed from 1 to 9
detect_structure.cc:93 Dynamic f block size because the block size changed from 6 to 9
detect_structure.cc:114 Schur complement static structure <-1,-1,-1>.
schur_eliminator.cc:155 Template specializations not found for <-1,-1,-1>
block_sparse_matrix.cc:208 Allocating values array with 308696 bytes.
detect_structure.cc:63 Dynamic row block size because the block size changed from 2 to 15
detect_structure.cc:74 Dynamic e block size because the block size changed from 1 to 9
detect_structure.cc:93 Dynamic f block size because the block size changed from 6 to 9
detect_structure.cc:114 Schur complement static structure <-1,-1,-1>.
detect_structure.cc:63 Dynamic row block size because the block size changed from 2 to 15
detect_structure.cc:74 Dynamic e block size because the block size changed from 1 to 9
detect_structure.cc:93 Dynamic f block size because the block size changed from 6 to 9
detect_structure.cc:114 Schur complement static structure <-1,-1,-1>.
schur_eliminator.cc:155 Template specializations not found for <-1,-1,-1>
[FeatureTracker] F-matrix: 123 → 67 (rejected 56, threshold=1)
block_sparse_matrix.cc:208 Allocating values array with 302664 bytes.
detect_structure.cc:63 Dynamic row block size because the block size changed from 2 to 15
detect_structure.cc:74 Dynamic e block size because the block size changed from 1 to 9
detect_structure.cc:93 Dynamic f block size because the block size changed from 6 to 9
detect_structure.cc:114 Schur complement static structure <-1,-1,-1>.
detect_structure.cc:63 Dynamic row block size because the block size changed from 2 to 15
detect_structure.cc:74 Dynamic e block size because the block size changed from 1 to 9
detect_structure.cc:93 Dynamic f block size because the block size changed from 6 to 9
detect_structure.cc:114 Schur complement static structure <-1,-1,-1>.
schur_eliminator.cc:155 Template specializations not found for <-1,-1,-1>
[VIO DIAG] f=120 tri: ok=148 wait=4 fail=0 default=2 depth: avg=1.46271 min=0.264479 max=11.7697 |vel|=0.835247 vel=(0.790193,0.088046,0.255892) ba=(-0.0543039,-0.00341843,-0.0648972) bg=(0.000581388,0.000545298,0.00112064)
block_sparse_matrix.cc:208 Allocating values array with 293928 bytes.
detect_structure.cc:63 Dynamic row block size because the block size changed from 2 to 15
detect_structure.cc:74 Dynamic e block size because the block size changed from 1 to 9
detect_structure.cc:93 Dynamic f block size because the block size changed from 6 to 9
detect_structure.cc:114 Schur complement static structure <-1,-1,-1>.
detect_structure.cc:63 Dynamic row block size because the block size changed from 2 to 15
detect_structure.cc:74 Dynamic e block size because the block size changed from 1 to 9
detect_structure.cc:93 Dynamic f block size because the block size changed from 6 to 9
detect_structure.cc:114 Schur complement static structure <-1,-1,-1>.
schur_eliminator.cc:155 Template specializations not found for <-1,-1,-1>
block_sparse_matrix.cc:208 Allocating values array with 283112 bytes.
detect_structure.cc:63 Dynamic row block size because the block size changed from 2 to 15
detect_structure.cc:74 Dynamic e block size because the block size changed from 1 to 9
detect_structure.cc:93 Dynamic f block size because the block size changed from 6 to 9
detect_structure.cc:114 Schur complement static structure <-1,-1,-1>.
detect_structure.cc:63 Dynamic row block size because the block size changed from 2 to 15
detect_structure.cc:74 Dynamic e block size because the block size changed from 1 to 9
detect_structure.cc:93 Dynamic f block size because the block size changed from 6 to 9
detect_structure.cc:114 Schur complement static structure <-1,-1,-1>.
schur_eliminator.cc:155 Template specializations not found for <-1,-1,-1>
block_sparse_matrix.cc:208 Allocating values array with 275656 bytes.
detect_structure.cc:63 Dynamic row block size because the block size changed from 2 to 15
detect_structure.cc:74 Dynamic e block size because the block size changed from 1 to 9
detect_structure.cc:93 Dynamic f block size because the block size changed from 6 to 9
detect_structure.cc:114 Schur complement static structure <-1,-1,-1>.
detect_structure.cc:63 Dynamic row block size because the block size changed from 2 to 15
detect_structure.cc:74 Dynamic e block size because the block size changed from 1 to 9
detect_structure.cc:93 Dynamic f block size because the block size changed from 6 to 9
detect_structure.cc:114 Schur complement static structure <-1,-1,-1>.
schur_eliminator.cc:155 Template specializations not found for <-1,-1,-1>
block_sparse_matrix.cc:208 Allocating values array with 275448 bytes.
detect_structure.cc:63 Dynamic row block size because the block size changed from 2 to 15
detect_structure.cc:74 Dynamic e block size because the block size changed from 1 to 9
detect_structure.cc:93 Dynamic f block size because the block size changed from 6 to 9
detect_structure.cc:114 Schur complement static structure <-1,-1,-1>.
detect_structure.cc:63 Dynamic row block size because the block size changed from 2 to 15
detect_structure.cc:74 Dynamic e block size because the block size changed from 1 to 9
detect_structure.cc:93 Dynamic f block size because the block size changed from 6 to 9
detect_structure.cc:114 Schur complement static structure <-1,-1,-1>.
schur_eliminator.cc:155 Template specializations not found for <-1,-1,-1>
block_sparse_matrix.cc:208 Allocating values array with 271880 bytes.
detect_structure.cc:63 Dynamic row block size because the block size changed from 2 to 15
detect_structure.cc:74 Dynamic e block size because the block size changed from 1 to 9
detect_structure.cc:93 Dynamic f block size because the block size changed from 6 to 9
detect_structure.cc:114 Schur complement static structure <-1,-1,-1>.
detect_structure.cc:63 Dynamic row block size because the block size changed from 2 to 15
detect_structure.cc:74 Dynamic e block size because the block size changed from 1 to 9
detect_structure.cc:93 Dynamic f block size because the block size changed from 6 to 9
detect_structure.cc:114 Schur complement static structure <-1,-1,-1>.
schur_eliminator.cc:155 Template specializations not found for <-1,-1,-1>
block_sparse_matrix.cc:208 Allocating values array with 264216 bytes.
detect_structure.cc:63 Dynamic row block size because the block size changed from 2 to 15
detect_structure.cc:74 Dynamic e block size because the block size changed from 1 to 9
detect_structure.cc:93 Dynamic f block size because the block size changed from 6 to 9
detect_structure.cc:114 Schur complement static structure <-1,-1,-1>.
detect_structure.cc:63 Dynamic row block size because the block size changed from 2 to 15
detect_structure.cc:74 Dynamic e block size because the block size changed from 1 to 9
detect_structure.cc:93 Dynamic f block size because the block size changed from 6 to 9
detect_structure.cc:114 Schur complement static structure <-1,-1,-1>.
schur_eliminator.cc:155 Template specializations not found for <-1,-1,-1>
block_sparse_matrix.cc:208 Allocating values array with 288312 bytes.
detect_structure.cc:63 Dynamic row block size because the block size changed from 2 to 15
detect_structure.cc:74 Dynamic e block size because the block size changed from 1 to 9
detect_structure.cc:93 Dynamic f block size because the block size changed from 6 to 9
detect_structure.cc:114 Schur complement static structure <-1,-1,-1>.
detect_structure.cc:63 Dynamic row block size because the block size changed from 2 to 15
detect_structure.cc:74 Dynamic e block size because the block size changed from 1 to 9
detect_structure.cc:93 Dynamic f block size because the block size changed from 6 to 9
detect_structure.cc:114 Schur complement static structure <-1,-1,-1>.
schur_eliminator.cc:155 Template specializations not found for <-1,-1,-1>
block_sparse_matrix.cc:208 Allocating values array with 283944 bytes.
detect_structure.cc:63 Dynamic row block size because the block size changed from 2 to 15
detect_structure.cc:74 Dynamic e block size because the block size changed from 1 to 9
detect_structure.cc:93 Dynamic f block size because the block size changed from 6 to 9
detect_structure.cc:114 Schur complement static structure <-1,-1,-1>.
detect_structure.cc:63 Dynamic row block size because the block size changed from 2 to 15
detect_structure.cc:74 Dynamic e block size because the block size changed from 1 to 9
detect_structure.cc:93 Dynamic f block size because the block size changed from 6 to 9
detect_structure.cc:114 Schur complement static structure <-1,-1,-1>.
schur_eliminator.cc:155 Template specializations not found for <-1,-1,-1>
[FeatureTracker] F-matrix: 147 → 93 (rejected 54, threshold=1)
block_sparse_matrix.cc:208 Allocating values array with 272120 bytes.
detect_structure.cc:63 Dynamic row block size because the block size changed from 2 to 15
detect_structure.cc:74 Dynamic e block size because the block size changed from 1 to 9
detect_structure.cc:93 Dynamic f block size because the block size changed from 6 to 9
detect_structure.cc:114 Schur complement static structure <-1,-1,-1>.
detect_structure.cc:63 Dynamic row block size because the block size changed from 2 to 15
detect_structure.cc:74 Dynamic e block size because the block size changed from 1 to 9
detect_structure.cc:93 Dynamic f block size because the block size changed from 6 to 9
detect_structure.cc:114 Schur complement static structure <-1,-1,-1>.
schur_eliminator.cc:155 Template specializations not found for <-1,-1,-1>
block_sparse_matrix.cc:208 Allocating values array with 271256 bytes.
detect_structure.cc:63 Dynamic row block size because the block size changed from 2 to 15
detect_structure.cc:74 Dynamic e block size because the block size changed from 1 to 9
detect_structure.cc:93 Dynamic f block size because the block size changed from 6 to 9
detect_structure.cc:114 Schur complement static structure <-1,-1,-1>.
detect_structure.cc:63 Dynamic row block size because the block size changed from 2 to 15
detect_structure.cc:74 Dynamic e block size because the block size changed from 1 to 9
detect_structure.cc:93 Dynamic f block size because the block size changed from 6 to 9
detect_structure.cc:114 Schur complement static structure <-1,-1,-1>.
schur_eliminator.cc:155 Template specializations not found for <-1,-1,-1>
block_sparse_matrix.cc:208 Allocating values array with 264216 bytes.
detect_structure.cc:63 Dynamic row block size because the block size changed from 2 to 15
detect_structure.cc:74 Dynamic e block size because the block size changed from 1 to 9
detect_structure.cc:93 Dynamic f block size because the block size changed from 6 to 9
detect_structure.cc:114 Schur complement static structure <-1,-1,-1>.
detect_structure.cc:63 Dynamic row block size because the block size changed from 2 to 15
detect_structure.cc:74 Dynamic e block size because the block size changed from 1 to 9
detect_structure.cc:93 Dynamic f block size because the block size changed from 6 to 9
detect_structure.cc:114 Schur complement static structure <-1,-1,-1>.
schur_eliminator.cc:155 Template specializations not found for <-1,-1,-1>
block_sparse_matrix.cc:208 Allocating values array with 263592 bytes.
detect_structure.cc:63 Dynamic row block size because the block size changed from 2 to 15
detect_structure.cc:74 Dynamic e block size because the block size changed from 1 to 9
detect_structure.cc:93 Dynamic f block size because the block size changed from 6 to 9
detect_structure.cc:114 Schur complement static structure <-1,-1,-1>.
detect_structure.cc:63 Dynamic row block size because the block size changed from 2 to 15
detect_structure.cc:74 Dynamic e block size because the block size changed from 1 to 9
detect_structure.cc:93 Dynamic f block size because the block size changed from 6 to 9
detect_structure.cc:114 Schur complement static structure <-1,-1,-1>.
schur_eliminator.cc:155 Template specializations not found for <-1,-1,-1>
block_sparse_matrix.cc:208 Allocating values array with 261896 bytes.
detect_structure.cc:63 Dynamic row block size because the block size changed from 2 to 15
detect_structure.cc:74 Dynamic e block size because the block size changed from 1 to 9
detect_structure.cc:93 Dynamic f block size because the block size changed from 6 to 9
detect_structure.cc:114 Schur complement static structure <-1,-1,-1>.
detect_structure.cc:63 Dynamic row block size because the block size changed from 2 to 15
detect_structure.cc:74 Dynamic e block size because the block size changed from 1 to 9
detect_structure.cc:93 Dynamic f block size because the block size changed from 6 to 9
detect_structure.cc:114 Schur complement static structure <-1,-1,-1>.
schur_eliminator.cc:155 Template specializations not found for <-1,-1,-1>
block_sparse_matrix.cc:208 Allocating values array with 253400 bytes.
detect_structure.cc:63 Dynamic row block size because the block size changed from 2 to 15
detect_structure.cc:74 Dynamic e block size because the block size changed from 1 to 9
detect_structure.cc:93 Dynamic f block size because the block size changed from 6 to 9
detect_structure.cc:114 Schur complement static structure <-1,-1,-1>.
detect_structure.cc:63 Dynamic row block size because the block size changed from 2 to 15
detect_structure.cc:74 Dynamic e block size because the block size changed from 1 to 9
detect_structure.cc:93 Dynamic f block size because the block size changed from 6 to 9
detect_structure.cc:114 Schur complement static structure <-1,-1,-1>.
schur_eliminator.cc:155 Template specializations not found for <-1,-1,-1>
block_sparse_matrix.cc:208 Allocating values array with 271048 bytes.
detect_structure.cc:63 Dynamic row block size because the block size changed from 2 to 15
detect_structure.cc:74 Dynamic e block size because the block size changed from 1 to 9
detect_structure.cc:93 Dynamic f block size because the block size changed from 6 to 9
detect_structure.cc:114 Schur complement static structure <-1,-1,-1>.
detect_structure.cc:63 Dynamic row block size because the block size changed from 2 to 15
detect_structure.cc:74 Dynamic e block size because the block size changed from 1 to 9
detect_structure.cc:93 Dynamic f block size because the block size changed from 6 to 9
detect_structure.cc:114 Schur complement static structure <-1,-1,-1>.
schur_eliminator.cc:155 Template specializations not found for <-1,-1,-1>
block_sparse_matrix.cc:208 Allocating values array with 262136 bytes.
detect_structure.cc:63 Dynamic row block size because the block size changed from 2 to 15
detect_structure.cc:74 Dynamic e block size because the block size changed from 1 to 9
detect_structure.cc:93 Dynamic f block size because the block size changed from 6 to 9
detect_structure.cc:114 Schur complement static structure <-1,-1,-1>.
detect_structure.cc:63 Dynamic row block size because the block size changed from 2 to 15
detect_structure.cc:74 Dynamic e block size because the block size changed from 1 to 9
detect_structure.cc:93 Dynamic f block size because the block size changed from 6 to 9
detect_structure.cc:114 Schur complement static structure <-1,-1,-1>.
schur_eliminator.cc:155 Template specializations not found for <-1,-1,-1>
[FeatureTracker] F-matrix: 147 → 100 (rejected 47, threshold=1)
block_sparse_matrix.cc:208 Allocating values array with 261688 bytes.
detect_structure.cc:63 Dynamic row block size because the block size changed from 2 to 15
detect_structure.cc:74 Dynamic e block size because the block size changed from 1 to 9
detect_structure.cc:93 Dynamic f block size because the block size changed from 6 to 9
detect_structure.cc:114 Schur complement static structure <-1,-1,-1>.
detect_structure.cc:63 Dynamic row block size because the block size changed from 2 to 15
detect_structure.cc:74 Dynamic e block size because the block size changed from 1 to 9
detect_structure.cc:93 Dynamic f block size because the block size changed from 6 to 9
detect_structure.cc:114 Schur complement static structure <-1,-1,-1>.
schur_eliminator.cc:155 Template specializations not found for <-1,-1,-1>
block_sparse_matrix.cc:208 Allocating values array with 250280 bytes.
detect_structure.cc:63 Dynamic row block size because the block size changed from 2 to 15
detect_structure.cc:74 Dynamic e block size because the block size changed from 1 to 9
detect_structure.cc:93 Dynamic f block size because the block size changed from 6 to 9
detect_structure.cc:114 Schur complement static structure <-1,-1,-1>.
detect_structure.cc:63 Dynamic row block size because the block size changed from 2 to 15
detect_structure.cc:74 Dynamic e block size because the block size changed from 1 to 9
detect_structure.cc:93 Dynamic f block size because the block size changed from 6 to 9
detect_structure.cc:114 Schur complement static structure <-1,-1,-1>.
schur_eliminator.cc:155 Template specializations not found for <-1,-1,-1>
block_sparse_matrix.cc:208 Allocating values array with 260648 bytes.
detect_structure.cc:63 Dynamic row block size because the block size changed from 2 to 15
detect_structure.cc:74 Dynamic e block size because the block size changed from 1 to 9
detect_structure.cc:93 Dynamic f block size because the block size changed from 6 to 9
detect_structure.cc:114 Schur complement static structure <-1,-1,-1>.
detect_structure.cc:63 Dynamic row block size because the block size changed from 2 to 15
detect_structure.cc:74 Dynamic e block size because the block size changed from 1 to 9
detect_structure.cc:93 Dynamic f block size because the block size changed from 6 to 9
detect_structure.cc:114 Schur complement static structure <-1,-1,-1>.
schur_eliminator.cc:155 Template specializations not found for <-1,-1,-1>
block_sparse_matrix.cc:208 Allocating values array with 252776 bytes.
detect_structure.cc:63 Dynamic row block size because the block size changed from 2 to 15
detect_structure.cc:74 Dynamic e block size because the block size changed from 1 to 9
detect_structure.cc:93 Dynamic f block size because the block size changed from 6 to 9
detect_structure.cc:114 Schur complement static structure <-1,-1,-1>.
detect_structure.cc:63 Dynamic row block size because the block size changed from 2 to 15
detect_structure.cc:74 Dynamic e block size because the block size changed from 1 to 9
detect_structure.cc:93 Dynamic f block size because the block size changed from 6 to 9
detect_structure.cc:114 Schur complement static structure <-1,-1,-1>.
schur_eliminator.cc:155 Template specializations not found for <-1,-1,-1>
[VIO DIAG] f=140 tri: ok=176 wait=7 fail=0 default=0 depth: avg=1.32932 min=0.379642 max=2.35386 |vel|=0.86652 vel=(-0.0577686,0.81389,-0.291725) ba=(0.0212326,-0.0775814,-0.0463967) bg=(-0.000141746,0.000507721,0.00113896)
block_sparse_matrix.cc:208 Allocating values array with 263352 bytes.
detect_structure.cc:63 Dynamic row block size because the block size changed from 2 to 15
detect_structure.cc:74 Dynamic e block size because the block size changed from 1 to 9
detect_structure.cc:93 Dynamic f block size because the block size changed from 6 to 9
detect_structure.cc:114 Schur complement static structure <-1,-1,-1>.
detect_structure.cc:63 Dynamic row block size because the block size changed from 2 to 15
detect_structure.cc:74 Dynamic e block size because the block size changed from 1 to 9
detect_structure.cc:93 Dynamic f block size because the block size changed from 6 to 9
detect_structure.cc:114 Schur complement static structure <-1,-1,-1>.
schur_eliminator.cc:155 Template specializations not found for <-1,-1,-1>
block_sparse_matrix.cc:208 Allocating values array with 267512 bytes.
detect_structure.cc:63 Dynamic row block size because the block size changed from 2 to 15
detect_structure.cc:74 Dynamic e block size because the block size changed from 1 to 9
detect_structure.cc:93 Dynamic f block size because the block size changed from 6 to 9
detect_structure.cc:114 Schur complement static structure <-1,-1,-1>.
detect_structure.cc:63 Dynamic row block size because the block size changed from 2 to 15
detect_structure.cc:74 Dynamic e block size because the block size changed from 1 to 9
detect_structure.cc:93 Dynamic f block size because the block size changed from 6 to 9
detect_structure.cc:114 Schur complement static structure <-1,-1,-1>.
schur_eliminator.cc:155 Template specializations not found for <-1,-1,-1>
block_sparse_matrix.cc:208 Allocating values array with 264184 bytes.
detect_structure.cc:63 Dynamic row block size because the block size changed from 2 to 15
detect_structure.cc:74 Dynamic e block size because the block size changed from 1 to 9
detect_structure.cc:93 Dynamic f block size because the block size changed from 6 to 9
detect_structure.cc:114 Schur complement static structure <-1,-1,-1>.
detect_structure.cc:63 Dynamic row block size because the block size changed from 2 to 15
detect_structure.cc:74 Dynamic e block size because the block size changed from 1 to 9
detect_structure.cc:93 Dynamic f block size because the block size changed from 6 to 9
detect_structure.cc:114 Schur complement static structure <-1,-1,-1>.
schur_eliminator.cc:155 Template specializations not found for <-1,-1,-1>
block_sparse_matrix.cc:208 Allocating values array with 263768 bytes.
detect_structure.cc:63 Dynamic row block size because the block size changed from 2 to 15
detect_structure.cc:74 Dynamic e block size because the block size changed from 1 to 9
detect_structure.cc:93 Dynamic f block size because the block size changed from 6 to 9
detect_structure.cc:114 Schur complement static structure <-1,-1,-1>.
detect_structure.cc:63 Dynamic row block size because the block size changed from 2 to 15
detect_structure.cc:74 Dynamic e block size because the block size changed from 1 to 9
detect_structure.cc:93 Dynamic f block size because the block size changed from 6 to 9
detect_structure.cc:114 Schur complement static structure <-1,-1,-1>.
schur_eliminator.cc:155 Template specializations not found for <-1,-1,-1>
[FeatureTracker] F-matrix: 127 → 73 (rejected 54, threshold=1)
block_sparse_matrix.cc:208 Allocating values array with 264600 bytes.
detect_structure.cc:63 Dynamic row block size because the block size changed from 2 to 15
detect_structure.cc:74 Dynamic e block size because the block size changed from 1 to 9
detect_structure.cc:93 Dynamic f block size because the block size changed from 6 to 9
detect_structure.cc:114 Schur complement static structure <-1,-1,-1>.
detect_structure.cc:63 Dynamic row block size because the block size changed from 2 to 15
detect_structure.cc:74 Dynamic e block size because the block size changed from 1 to 9
detect_structure.cc:93 Dynamic f block size because the block size changed from 6 to 9
detect_structure.cc:114 Schur complement static structure <-1,-1,-1>.
schur_eliminator.cc:155 Template specializations not found for <-1,-1,-1>
block_sparse_matrix.cc:208 Allocating values array with 257736 bytes.
detect_structure.cc:63 Dynamic row block size because the block size changed from 2 to 15
detect_structure.cc:74 Dynamic e block size because the block size changed from 1 to 9
detect_structure.cc:93 Dynamic f block size because the block size changed from 6 to 9
detect_structure.cc:114 Schur complement static structure <-1,-1,-1>.
detect_structure.cc:63 Dynamic row block size because the block size changed from 2 to 15
detect_structure.cc:74 Dynamic e block size because the block size changed from 1 to 9
detect_structure.cc:93 Dynamic f block size because the block size changed from 6 to 9
detect_structure.cc:114 Schur complement static structure <-1,-1,-1>.
schur_eliminator.cc:155 Template specializations not found for <-1,-1,-1>
block_sparse_matrix.cc:208 Allocating values array with 250488 bytes.
detect_structure.cc:63 Dynamic row block size because the block size changed from 2 to 15
detect_structure.cc:74 Dynamic e block size because the block size changed from 1 to 9
detect_structure.cc:93 Dynamic f block size because the block size changed from 6 to 9
detect_structure.cc:114 Schur complement static structure <-1,-1,-1>.
detect_structure.cc:63 Dynamic row block size because the block size changed from 2 to 15
detect_structure.cc:74 Dynamic e block size because the block size changed from 1 to 9
detect_structure.cc:93 Dynamic f block size because the block size changed from 6 to 9
detect_structure.cc:114 Schur complement static structure <-1,-1,-1>.
schur_eliminator.cc:155 Template specializations not found for <-1,-1,-1>
block_sparse_matrix.cc:208 Allocating values array with 248792 bytes.
detect_structure.cc:63 Dynamic row block size because the block size changed from 2 to 15
detect_structure.cc:74 Dynamic e block size because the block size changed from 1 to 9
detect_structure.cc:93 Dynamic f block size because the block size changed from 6 to 9
detect_structure.cc:114 Schur complement static structure <-1,-1,-1>.
detect_structure.cc:63 Dynamic row block size because the block size changed from 2 to 15
detect_structure.cc:74 Dynamic e block size because the block size changed from 1 to 9
detect_structure.cc:93 Dynamic f block size because the block size changed from 6 to 9
detect_structure.cc:114 Schur complement static structure <-1,-1,-1>.
schur_eliminator.cc:155 Template specializations not found for <-1,-1,-1>
block_sparse_matrix.cc:208 Allocating values array with 262104 bytes.
detect_structure.cc:63 Dynamic row block size because the block size changed from 2 to 15
detect_structure.cc:74 Dynamic e block size because the block size changed from 1 to 9
detect_structure.cc:93 Dynamic f block size because the block size changed from 6 to 9
detect_structure.cc:114 Schur complement static structure <-1,-1,-1>.
detect_structure.cc:63 Dynamic row block size because the block size changed from 2 to 15
detect_structure.cc:74 Dynamic e block size because the block size changed from 1 to 9
detect_structure.cc:93 Dynamic f block size because the block size changed from 6 to 9
detect_structure.cc:114 Schur complement static structure <-1,-1,-1>.
schur_eliminator.cc:155 Template specializations not found for <-1,-1,-1>
block_sparse_matrix.cc:208 Allocating values array with 264184 bytes.
detect_structure.cc:63 Dynamic row block size because the block size changed from 2 to 15
detect_structure.cc:74 Dynamic e block size because the block size changed from 1 to 9
detect_structure.cc:93 Dynamic f block size because the block size changed from 6 to 9
detect_structure.cc:114 Schur complement static structure <-1,-1,-1>.
detect_structure.cc:63 Dynamic row block size because the block size changed from 2 to 15
detect_structure.cc:74 Dynamic e block size because the block size changed from 1 to 9
detect_structure.cc:93 Dynamic f block size because the block size changed from 6 to 9
detect_structure.cc:114 Schur complement static structure <-1,-1,-1>.
schur_eliminator.cc:155 Template specializations not found for <-1,-1,-1>
block_sparse_matrix.cc:208 Allocating values array with 263768 bytes.
detect_structure.cc:63 Dynamic row block size because the block size changed from 2 to 15
detect_structure.cc:74 Dynamic e block size because the block size changed from 1 to 9
detect_structure.cc:93 Dynamic f block size because the block size changed from 6 to 9
detect_structure.cc:114 Schur complement static structure <-1,-1,-1>.
detect_structure.cc:63 Dynamic row block size because the block size changed from 2 to 15
detect_structure.cc:74 Dynamic e block size because the block size changed from 1 to 9
detect_structure.cc:93 Dynamic f block size because the block size changed from 6 to 9
detect_structure.cc:114 Schur complement static structure <-1,-1,-1>.
schur_eliminator.cc:155 Template specializations not found for <-1,-1,-1>
block_sparse_matrix.cc:208 Allocating values array with 266680 bytes.
detect_structure.cc:63 Dynamic row block size because the block size changed from 2 to 15
detect_structure.cc:74 Dynamic e block size because the block size changed from 1 to 9
detect_structure.cc:93 Dynamic f block size because the block size changed from 6 to 9
detect_structure.cc:114 Schur complement static structure <-1,-1,-1>.
detect_structure.cc:63 Dynamic row block size because the block size changed from 2 to 15
detect_structure.cc:74 Dynamic e block size because the block size changed from 1 to 9
detect_structure.cc:93 Dynamic f block size because the block size changed from 6 to 9
detect_structure.cc:114 Schur complement static structure <-1,-1,-1>.
schur_eliminator.cc:155 Template specializations not found for <-1,-1,-1>
block_sparse_matrix.cc:208 Allocating values array with 272504 bytes.
detect_structure.cc:63 Dynamic row block size because the block size changed from 2 to 15
detect_structure.cc:74 Dynamic e block size because the block size changed from 1 to 9
detect_structure.cc:93 Dynamic f block size because the block size changed from 6 to 9
detect_structure.cc:114 Schur complement static structure <-1,-1,-1>.
detect_structure.cc:63 Dynamic row block size because the block size changed from 2 to 15
detect_structure.cc:74 Dynamic e block size because the block size changed from 1 to 9
detect_structure.cc:93 Dynamic f block size because the block size changed from 6 to 9
detect_structure.cc:114 Schur complement static structure <-1,-1,-1>.
schur_eliminator.cc:155 Template specializations not found for <-1,-1,-1>
block_sparse_matrix.cc:208 Allocating values array with 272712 bytes.
detect_structure.cc:63 Dynamic row block size because the block size changed from 2 to 15
detect_structure.cc:74 Dynamic e block size because the block size changed from 1 to 9
detect_structure.cc:93 Dynamic f block size because the block size changed from 6 to 9
detect_structure.cc:114 Schur complement static structure <-1,-1,-1>.
detect_structure.cc:63 Dynamic row block size because the block size changed from 2 to 15
detect_structure.cc:74 Dynamic e block size because the block size changed from 1 to 9
detect_structure.cc:93 Dynamic f block size because the block size changed from 6 to 9
detect_structure.cc:114 Schur complement static structure <-1,-1,-1>.
schur_eliminator.cc:155 Template specializations not found for <-1,-1,-1>
block_sparse_matrix.cc:208 Allocating values array with 276664 bytes.
detect_structure.cc:63 Dynamic row block size because the block size changed from 2 to 15
detect_structure.cc:74 Dynamic e block size because the block size changed from 1 to 9
detect_structure.cc:93 Dynamic f block size because the block size changed from 6 to 9
detect_structure.cc:114 Schur complement static structure <-1,-1,-1>.
detect_structure.cc:63 Dynamic row block size because the block size changed from 2 to 15
detect_structure.cc:74 Dynamic e block size because the block size changed from 1 to 9
detect_structure.cc:93 Dynamic f block size because the block size changed from 6 to 9
detect_structure.cc:114 Schur complement static structure <-1,-1,-1>.
schur_eliminator.cc:155 Template specializations not found for <-1,-1,-1>
block_sparse_matrix.cc:208 Allocating values array with 268584 bytes.
detect_structure.cc:63 Dynamic row block size because the block size changed from 2 to 15
detect_structure.cc:74 Dynamic e block size because the block size changed from 1 to 9
detect_structure.cc:93 Dynamic f block size because the block size changed from 6 to 9
detect_structure.cc:114 Schur complement static structure <-1,-1,-1>.
detect_structure.cc:63 Dynamic row block size because the block size changed from 2 to 15
detect_structure.cc:74 Dynamic e block size because the block size changed from 1 to 9
detect_structure.cc:93 Dynamic f block size because the block size changed from 6 to 9
detect_structure.cc:114 Schur complement static structure <-1,-1,-1>.
schur_eliminator.cc:155 Template specializations not found for <-1,-1,-1>
block_sparse_matrix.cc:208 Allocating values array with 282280 bytes.
detect_structure.cc:63 Dynamic row block size because the block size changed from 2 to 15
detect_structure.cc:74 Dynamic e block size because the block size changed from 1 to 9
detect_structure.cc:93 Dynamic f block size because the block size changed from 6 to 9
detect_structure.cc:114 Schur complement static structure <-1,-1,-1>.
detect_structure.cc:63 Dynamic row block size because the block size changed from 2 to 15
detect_structure.cc:74 Dynamic e block size because the block size changed from 1 to 9
detect_structure.cc:93 Dynamic f block size because the block size changed from 6 to 9
detect_structure.cc:114 Schur complement static structure <-1,-1,-1>.
schur_eliminator.cc:155 Template specializations not found for <-1,-1,-1>
block_sparse_matrix.cc:208 Allocating values array with 274824 bytes.
detect_structure.cc:63 Dynamic row block size because the block size changed from 2 to 15
detect_structure.cc:74 Dynamic e block size because the block size changed from 1 to 9
detect_structure.cc:93 Dynamic f block size because the block size changed from 6 to 9
detect_structure.cc:114 Schur complement static structure <-1,-1,-1>.
detect_structure.cc:63 Dynamic row block size because the block size changed from 2 to 15
detect_structure.cc:74 Dynamic e block size because the block size changed from 1 to 9
detect_structure.cc:93 Dynamic f block size because the block size changed from 6 to 9
detect_structure.cc:114 Schur complement static structure <-1,-1,-1>.
schur_eliminator.cc:155 Template specializations not found for <-1,-1,-1>
block_sparse_matrix.cc:208 Allocating values array with 291848 bytes.
detect_structure.cc:63 Dynamic row block size because the block size changed from 2 to 15
detect_structure.cc:74 Dynamic e block size because the block size changed from 1 to 9
detect_structure.cc:93 Dynamic f block size because the block size changed from 6 to 9
detect_structure.cc:114 Schur complement static structure <-1,-1,-1>.
detect_structure.cc:63 Dynamic row block size because the block size changed from 2 to 15
detect_structure.cc:74 Dynamic e block size because the block size changed from 1 to 9
detect_structure.cc:93 Dynamic f block size because the block size changed from 6 to 9
detect_structure.cc:114 Schur complement static structure <-1,-1,-1>.
schur_eliminator.cc:155 Template specializations not found for <-1,-1,-1>
block_sparse_matrix.cc:208 Allocating values array with 284392 bytes.
detect_structure.cc:63 Dynamic row block size because the block size changed from 2 to 15
detect_structure.cc:74 Dynamic e block size because the block size changed from 1 to 9
detect_structure.cc:93 Dynamic f block size because the block size changed from 6 to 9
detect_structure.cc:114 Schur complement static structure <-1,-1,-1>.
detect_structure.cc:63 Dynamic row block size because the block size changed from 2 to 15
detect_structure.cc:74 Dynamic e block size because the block size changed from 1 to 9
detect_structure.cc:93 Dynamic f block size because the block size changed from 6 to 9
detect_structure.cc:114 Schur complement static structure <-1,-1,-1>.
schur_eliminator.cc:155 Template specializations not found for <-1,-1,-1>
[VIO DIAG] f=160 tri: ok=165 wait=7 fail=0 default=2 depth: avg=1.45848 min=0.233559 max=3.17625 |vel|=0.762457 vel=(-0.578522,0.0254399,-0.495989) ba=(0.0324072,-0.0792948,-0.0433644) bg=(-0.000682533,-0.000169304,0.000932229)
[FeatureTracker] F-matrix: 143 → 88 (rejected 55, threshold=1)
block_sparse_matrix.cc:208 Allocating values array with 291848 bytes.
detect_structure.cc:63 Dynamic row block size because the block size changed from 2 to 15
detect_structure.cc:74 Dynamic e block size because the block size changed from 1 to 9
detect_structure.cc:93 Dynamic f block size because the block size changed from 6 to 9
detect_structure.cc:114 Schur complement static structure <-1,-1,-1>.
detect_structure.cc:63 Dynamic row block size because the block size changed from 2 to 15
detect_structure.cc:74 Dynamic e block size because the block size changed from 1 to 9
detect_structure.cc:93 Dynamic f block size because the block size changed from 6 to 9
detect_structure.cc:114 Schur complement static structure <-1,-1,-1>.
schur_eliminator.cc:155 Template specializations not found for <-1,-1,-1>
block_sparse_matrix.cc:208 Allocating values array with 291432 bytes.
detect_structure.cc:63 Dynamic row block size because the block size changed from 2 to 15
detect_structure.cc:74 Dynamic e block size because the block size changed from 1 to 9
detect_structure.cc:93 Dynamic f block size because the block size changed from 6 to 9
detect_structure.cc:114 Schur complement static structure <-1,-1,-1>.
detect_structure.cc:63 Dynamic row block size because the block size changed from 2 to 15
detect_structure.cc:74 Dynamic e block size because the block size changed from 1 to 9
detect_structure.cc:93 Dynamic f block size because the block size changed from 6 to 9
detect_structure.cc:114 Schur complement static structure <-1,-1,-1>.
schur_eliminator.cc:155 Template specializations not found for <-1,-1,-1>
block_sparse_matrix.cc:208 Allocating values array with 284184 bytes.
detect_structure.cc:63 Dynamic row block size because the block size changed from 2 to 15
detect_structure.cc:74 Dynamic e block size because the block size changed from 1 to 9
detect_structure.cc:93 Dynamic f block size because the block size changed from 6 to 9
detect_structure.cc:114 Schur complement static structure <-1,-1,-1>.
detect_structure.cc:63 Dynamic row block size because the block size changed from 2 to 15
detect_structure.cc:74 Dynamic e block size because the block size changed from 1 to 9
detect_structure.cc:93 Dynamic f block size because the block size changed from 6 to 9
detect_structure.cc:114 Schur complement static structure <-1,-1,-1>.
schur_eliminator.cc:155 Template specializations not found for <-1,-1,-1>
block_sparse_matrix.cc:208 Allocating values array with 288728 bytes.
detect_structure.cc:63 Dynamic row block size because the block size changed from 2 to 15
detect_structure.cc:74 Dynamic e block size because the block size changed from 1 to 9
detect_structure.cc:93 Dynamic f block size because the block size changed from 6 to 9
detect_structure.cc:114 Schur complement static structure <-1,-1,-1>.
detect_structure.cc:63 Dynamic row block size because the block size changed from 2 to 15
detect_structure.cc:74 Dynamic e block size because the block size changed from 1 to 9
detect_structure.cc:93 Dynamic f block size because the block size changed from 6 to 9
detect_structure.cc:114 Schur complement static structure <-1,-1,-1>.
schur_eliminator.cc:155 Template specializations not found for <-1,-1,-1>
block_sparse_matrix.cc:208 Allocating values array with 297880 bytes.
detect_structure.cc:63 Dynamic row block size because the block size changed from 2 to 15
detect_structure.cc:74 Dynamic e block size because the block size changed from 1 to 9
detect_structure.cc:93 Dynamic f block size because the block size changed from 6 to 9
detect_structure.cc:114 Schur complement static structure <-1,-1,-1>.
detect_structure.cc:63 Dynamic row block size because the block size changed from 2 to 15
detect_structure.cc:74 Dynamic e block size because the block size changed from 1 to 9
detect_structure.cc:93 Dynamic f block size because the block size changed from 6 to 9
detect_structure.cc:114 Schur complement static structure <-1,-1,-1>.
schur_eliminator.cc:155 Template specializations not found for <-1,-1,-1>
block_sparse_matrix.cc:208 Allocating values array with 298712 bytes.
detect_structure.cc:63 Dynamic row block size because the block size changed from 2 to 15
detect_structure.cc:74 Dynamic e block size because the block size changed from 1 to 9
detect_structure.cc:93 Dynamic f block size because the block size changed from 6 to 9
detect_structure.cc:114 Schur complement static structure <-1,-1,-1>.
detect_structure.cc:63 Dynamic row block size because the block size changed from 2 to 15
detect_structure.cc:74 Dynamic e block size because the block size changed from 1 to 9
detect_structure.cc:93 Dynamic f block size because the block size changed from 6 to 9
detect_structure.cc:114 Schur complement static structure <-1,-1,-1>.
schur_eliminator.cc:155 Template specializations not found for <-1,-1,-1>
block_sparse_matrix.cc:208 Allocating values array with 299128 bytes.
detect_structure.cc:63 Dynamic row block size because the block size changed from 2 to 15
detect_structure.cc:74 Dynamic e block size because the block size changed from 1 to 9
detect_structure.cc:93 Dynamic f block size because the block size changed from 6 to 9
detect_structure.cc:114 Schur complement static structure <-1,-1,-1>.
detect_structure.cc:63 Dynamic row block size because the block size changed from 2 to 15
detect_structure.cc:74 Dynamic e block size because the block size changed from 1 to 9
detect_structure.cc:93 Dynamic f block size because the block size changed from 6 to 9
detect_structure.cc:114 Schur complement static structure <-1,-1,-1>.
schur_eliminator.cc:155 Template specializations not found for <-1,-1,-1>
block_sparse_matrix.cc:208 Allocating values array with 299544 bytes.
detect_structure.cc:63 Dynamic row block size because the block size changed from 2 to 15
detect_structure.cc:74 Dynamic e block size because the block size changed from 1 to 9
detect_structure.cc:93 Dynamic f block size because the block size changed from 6 to 9
detect_structure.cc:114 Schur complement static structure <-1,-1,-1>.
detect_structure.cc:63 Dynamic row block size because the block size changed from 2 to 15
detect_structure.cc:74 Dynamic e block size because the block size changed from 1 to 9
detect_structure.cc:93 Dynamic f block size because the block size changed from 6 to 9
detect_structure.cc:114 Schur complement static structure <-1,-1,-1>.
schur_eliminator.cc:155 Template specializations not found for <-1,-1,-1>
block_sparse_matrix.cc:208 Allocating values array with 294344 bytes.
detect_structure.cc:63 Dynamic row block size because the block size changed from 2 to 15
detect_structure.cc:74 Dynamic e block size because the block size changed from 1 to 9
detect_structure.cc:93 Dynamic f block size because the block size changed from 6 to 9
detect_structure.cc:114 Schur complement static structure <-1,-1,-1>.
detect_structure.cc:63 Dynamic row block size because the block size changed from 2 to 15
detect_structure.cc:74 Dynamic e block size because the block size changed from 1 to 9
detect_structure.cc:93 Dynamic f block size because the block size changed from 6 to 9
detect_structure.cc:114 Schur complement static structure <-1,-1,-1>.
schur_eliminator.cc:155 Template specializations not found for <-1,-1,-1>
block_sparse_matrix.cc:208 Allocating values array with 288936 bytes.
detect_structure.cc:63 Dynamic row block size because the block size changed from 2 to 15
detect_structure.cc:74 Dynamic e block size because the block size changed from 1 to 9
detect_structure.cc:93 Dynamic f block size because the block size changed from 6 to 9
detect_structure.cc:114 Schur complement static structure <-1,-1,-1>.
detect_structure.cc:63 Dynamic row block size because the block size changed from 2 to 15
detect_structure.cc:74 Dynamic e block size because the block size changed from 1 to 9
detect_structure.cc:93 Dynamic f block size because the block size changed from 6 to 9
detect_structure.cc:114 Schur complement static structure <-1,-1,-1>.
schur_eliminator.cc:155 Template specializations not found for <-1,-1,-1>
block_sparse_matrix.cc:208 Allocating values array with 282072 bytes.
detect_structure.cc:63 Dynamic row block size because the block size changed from 2 to 15
detect_structure.cc:74 Dynamic e block size because the block size changed from 1 to 9
detect_structure.cc:93 Dynamic f block size because the block size changed from 6 to 9
detect_structure.cc:114 Schur complement static structure <-1,-1,-1>.
detect_structure.cc:63 Dynamic row block size because the block size changed from 2 to 15
detect_structure.cc:74 Dynamic e block size because the block size changed from 1 to 9
detect_structure.cc:93 Dynamic f block size because the block size changed from 6 to 9
detect_structure.cc:114 Schur complement static structure <-1,-1,-1>.
schur_eliminator.cc:155 Template specializations not found for <-1,-1,-1>
[VIOEngine] 300 frames → 172 poses

=== Native Pipeline ===
Loading configuration from: ./config/tum_vi_room1.yaml
Configuration loaded successfully from: ./config/tum_vi_room1.yaml
[INFO ] measurement_processor.cpp:21 === MeasurementProcessor Initialization ===
Loading configuration from: ./config/tum_vi_room1.yaml
Configuration loaded successfully from: ./config/tum_vi_room1.yaml
=== Configuration ===
Processing:
  frame_skip: 0
  start_frame: 0
  end_frame: -1
Camera:
  focal_length: 190.976
  row: 512
  col: 512
  fx: 190.978
  fy: 190.973
  cx: 254.932
  cy: 256.897
  t_ic:  0.0451759  0.0725159 -0.0439599
Feature Tracker:
  max_cnt: 150
  min_dist: 20
  window_size: 20
  f_threshold: 1
  show_track: 1
  equalize: 1
  fisheye: 1
Estimator:
  window_size: 10
  num_iterations: 10
  solver_time: 0.1
  min_parallax: 10
  init_depth: 2
  acc_n: 0.04
  acc_w: 0.0004
  gyr_n: 0.004
  gyr_w: 2e-05
  gravity:       0       0 9.81007
  num_of_features: 1000
===================
[INFO ] measurement_processor.cpp:54 1. Loading IMU data...
[INFO ] measurement_processor.cpp:104 Loaded 28122 IMU data entries
[INFO ] measurement_processor.cpp:109 2. Loading image data...
[INFO ] measurement_processor.cpp:153 Loaded 2821 image data entries

3. Data range information:
IMU data range: 1520530308.181901 (2018-03-08 17:31:48 UTC) ~ 1520530449.232329 (2018-03-08 17:34:09 UTC)
Image data range: 1520530308.199448 (2018-03-08 17:31:48 UTC) ~ 1520530449.203911 (2018-03-08 17:34:09 UTC)
unknown file: Failure
C++ exception with description "OpenCV(4.5.4) ./modules/highgui/src/window_gtk.cpp:635: error: (-2:Unspecified error) Can't initialize GTK backend in function 'cvInitSystem'
" thrown in the test body.

[  FAILED  ] VIOParityTest.BothProduceTrajectories (5312 ms)
[ RUN      ] VIOParityTest.TrajectoryComparison
Loading configuration from: ./config/tum_vi_room1.yaml
Configuration loaded successfully from: ./config/tum_vi_room1.yaml
block_sparse_matrix.cc:208 Allocating values array with 214272 bytes.
detect_structure.cc:114 Schur complement static structure <2,3,3>.
detect_structure.cc:114 Schur complement static structure <2,3,3>.
schur_eliminator.cc:155 Template specializations not found for <2,3,3>
block_sparse_matrix.cc:208 Allocating values array with 214080 bytes.
detect_structure.cc:114 Schur complement static structure <2,3,3>.
detect_structure.cc:114 Schur complement static structure <2,3,3>.
schur_eliminator.cc:155 Template specializations not found for <2,3,3>
block_sparse_matrix.cc:208 Allocating values array with 213792 bytes.
detect_structure.cc:114 Schur complement static structure <2,3,3>.
detect_structure.cc:114 Schur complement static structure <2,3,3>.
schur_eliminator.cc:155 Template specializations not found for <2,3,3>
block_sparse_matrix.cc:208 Allocating values array with 208512 bytes.
detect_structure.cc:114 Schur complement static structure <2,3,3>.
detect_structure.cc:114 Schur complement static structure <2,3,3>.
schur_eliminator.cc:155 Template specializations not found for <2,3,3>
block_sparse_matrix.cc:208 Allocating values array with 207552 bytes.
detect_structure.cc:114 Schur complement static structure <2,3,3>.
detect_structure.cc:114 Schur complement static structure <2,3,3>.
schur_eliminator.cc:155 Template specializations not found for <2,3,3>
[VIO] Initialization SUCCESS
[VIO]   gravity: -0.000000 -0.000000  9.810070 (norm=9.810070)
[VIO]   V[0]:  0.037854 -0.007637 -0.019949 (norm=0.043465)
[VIO]   Ba[0]: 0.000000 0.000000 0.000000
[VIO]   Bg[0]: -0.003514  0.005453 -0.001813
block_sparse_matrix.cc:208 Allocating values array with 326576 bytes.
detect_structure.cc:63 Dynamic row block size because the block size changed from 2 to 15
detect_structure.cc:74 Dynamic e block size because the block size changed from 1 to 9
detect_structure.cc:93 Dynamic f block size because the block size changed from 6 to 9
detect_structure.cc:114 Schur complement static structure <-1,-1,-1>.
detect_structure.cc:63 Dynamic row block size because the block size changed from 2 to 15
detect_structure.cc:74 Dynamic e block size because the block size changed from 1 to 9
detect_structure.cc:93 Dynamic f block size because the block size changed from 6 to 9
detect_structure.cc:114 Schur complement static structure <-1,-1,-1>.
schur_eliminator.cc:155 Template specializations not found for <-1,-1,-1>
block_sparse_matrix.cc:208 Allocating values array with 358824 bytes.
detect_structure.cc:63 Dynamic row block size because the block size changed from 2 to 15
detect_structure.cc:74 Dynamic e block size because the block size changed from 1 to 9
detect_structure.cc:93 Dynamic f block size because the block size changed from 6 to 9
detect_structure.cc:114 Schur complement static structure <-1,-1,-1>.
detect_structure.cc:63 Dynamic row block size because the block size changed from 2 to 15
detect_structure.cc:74 Dynamic e block size because the block size changed from 1 to 9
detect_structure.cc:93 Dynamic f block size because the block size changed from 6 to 9
detect_structure.cc:114 Schur complement static structure <-1,-1,-1>.
schur_eliminator.cc:155 Template specializations not found for <-1,-1,-1>
block_sparse_matrix.cc:208 Allocating values array with 356952 bytes.
detect_structure.cc:63 Dynamic row block size because the block size changed from 2 to 15
detect_structure.cc:74 Dynamic e block size because the block size changed from 1 to 9
detect_structure.cc:93 Dynamic f block size because the block size changed from 6 to 9
detect_structure.cc:114 Schur complement static structure <-1,-1,-1>.
detect_structure.cc:63 Dynamic row block size because the block size changed from 2 to 15
detect_structure.cc:74 Dynamic e block size because the block size changed from 1 to 9
detect_structure.cc:93 Dynamic f block size because the block size changed from 6 to 9
detect_structure.cc:114 Schur complement static structure <-1,-1,-1>.
schur_eliminator.cc:155 Template specializations not found for <-1,-1,-1>
block_sparse_matrix.cc:208 Allocating values array with 351336 bytes.
detect_structure.cc:63 Dynamic row block size because the block size changed from 2 to 15
detect_structure.cc:74 Dynamic e block size because the block size changed from 1 to 9
detect_structure.cc:93 Dynamic f block size because the block size changed from 6 to 9
detect_structure.cc:114 Schur complement static structure <-1,-1,-1>.
detect_structure.cc:63 Dynamic row block size because the block size changed from 2 to 15
detect_structure.cc:74 Dynamic e block size because the block size changed from 1 to 9
detect_structure.cc:93 Dynamic f block size because the block size changed from 6 to 9
detect_structure.cc:114 Schur complement static structure <-1,-1,-1>.
schur_eliminator.cc:155 Template specializations not found for <-1,-1,-1>
block_sparse_matrix.cc:208 Allocating values array with 344680 bytes.
detect_structure.cc:63 Dynamic row block size because the block size changed from 2 to 15
detect_structure.cc:74 Dynamic e block size because the block size changed from 1 to 9
detect_structure.cc:93 Dynamic f block size because the block size changed from 6 to 9
detect_structure.cc:114 Schur complement static structure <-1,-1,-1>.
detect_structure.cc:63 Dynamic row block size because the block size changed from 2 to 15
detect_structure.cc:74 Dynamic e block size because the block size changed from 1 to 9
detect_structure.cc:93 Dynamic f block size because the block size changed from 6 to 9
detect_structure.cc:114 Schur complement static structure <-1,-1,-1>.
schur_eliminator.cc:155 Template specializations not found for <-1,-1,-1>
block_sparse_matrix.cc:208 Allocating values array with 340104 bytes.
detect_structure.cc:63 Dynamic row block size because the block size changed from 2 to 15
detect_structure.cc:74 Dynamic e block size because the block size changed from 1 to 9
detect_structure.cc:93 Dynamic f block size because the block size changed from 6 to 9
detect_structure.cc:114 Schur complement static structure <-1,-1,-1>.
detect_structure.cc:63 Dynamic row block size because the block size changed from 2 to 15
detect_structure.cc:74 Dynamic e block size because the block size changed from 1 to 9
detect_structure.cc:93 Dynamic f block size because the block size changed from 6 to 9
detect_structure.cc:114 Schur complement static structure <-1,-1,-1>.
schur_eliminator.cc:155 Template specializations not found for <-1,-1,-1>
block_sparse_matrix.cc:208 Allocating values array with 334904 bytes.
detect_structure.cc:63 Dynamic row block size because the block size changed from 2 to 15
detect_structure.cc:74 Dynamic e block size because the block size changed from 1 to 9
detect_structure.cc:93 Dynamic f block size because the block size changed from 6 to 9
detect_structure.cc:114 Schur complement static structure <-1,-1,-1>.
detect_structure.cc:63 Dynamic row block size because the block size changed from 2 to 15
detect_structure.cc:74 Dynamic e block size because the block size changed from 1 to 9
detect_structure.cc:93 Dynamic f block size because the block size changed from 6 to 9
detect_structure.cc:114 Schur complement static structure <-1,-1,-1>.
schur_eliminator.cc:155 Template specializations not found for <-1,-1,-1>
block_sparse_matrix.cc:208 Allocating values array with 331784 bytes.
detect_structure.cc:63 Dynamic row block size because the block size changed from 2 to 15
detect_structure.cc:74 Dynamic e block size because the block size changed from 1 to 9
detect_structure.cc:93 Dynamic f block size because the block size changed from 6 to 9
detect_structure.cc:114 Schur complement static structure <-1,-1,-1>.
detect_structure.cc:63 Dynamic row block size because the block size changed from 2 to 15
detect_structure.cc:74 Dynamic e block size because the block size changed from 1 to 9
detect_structure.cc:93 Dynamic f block size because the block size changed from 6 to 9
detect_structure.cc:114 Schur complement static structure <-1,-1,-1>.
schur_eliminator.cc:155 Template specializations not found for <-1,-1,-1>
block_sparse_matrix.cc:208 Allocating values array with 324296 bytes.
detect_structure.cc:63 Dynamic row block size because the block size changed from 2 to 15
detect_structure.cc:74 Dynamic e block size because the block size changed from 1 to 9
detect_structure.cc:93 Dynamic f block size because the block size changed from 6 to 9
detect_structure.cc:114 Schur complement static structure <-1,-1,-1>.
detect_structure.cc:63 Dynamic row block size because the block size changed from 2 to 15
detect_structure.cc:74 Dynamic e block size because the block size changed from 1 to 9
detect_structure.cc:93 Dynamic f block size because the block size changed from 6 to 9
detect_structure.cc:114 Schur complement static structure <-1,-1,-1>.
schur_eliminator.cc:155 Template specializations not found for <-1,-1,-1>
[VIO DIAG] f=180 tri: ok=165 wait=6 fail=0 default=0 depth: avg=1.391549 min=0.332539 max=2.300947 |vel|=0.610575 vel=(0.276571,-0.066723,0.540239) ba=(-0.176617,-0.024209,0.004818) bg=(-0.002833,0.000071,-0.000618)
block_sparse_matrix.cc:208 Allocating values array with 318264 bytes.
detect_structure.cc:63 Dynamic row block size because the block size changed from 2 to 15
detect_structure.cc:74 Dynamic e block size because the block size changed from 1 to 9
detect_structure.cc:93 Dynamic f block size because the block size changed from 6 to 9
detect_structure.cc:114 Schur complement static structure <-1,-1,-1>.
detect_structure.cc:63 Dynamic row block size because the block size changed from 2 to 15
detect_structure.cc:74 Dynamic e block size because the block size changed from 1 to 9
detect_structure.cc:93 Dynamic f block size because the block size changed from 6 to 9
detect_structure.cc:114 Schur complement static structure <-1,-1,-1>.
schur_eliminator.cc:155 Template specializations not found for <-1,-1,-1>
block_sparse_matrix.cc:208 Allocating values array with 314520 bytes.
detect_structure.cc:63 Dynamic row block size because the block size changed from 2 to 15
detect_structure.cc:74 Dynamic e block size because the block size changed from 1 to 9
detect_structure.cc:93 Dynamic f block size because the block size changed from 6 to 9
detect_structure.cc:114 Schur complement static structure <-1,-1,-1>.
detect_structure.cc:63 Dynamic row block size because the block size changed from 2 to 15
detect_structure.cc:74 Dynamic e block size because the block size changed from 1 to 9
detect_structure.cc:93 Dynamic f block size because the block size changed from 6 to 9
detect_structure.cc:114 Schur complement static structure <-1,-1,-1>.
schur_eliminator.cc:155 Template specializations not found for <-1,-1,-1>
block_sparse_matrix.cc:208 Allocating values array with 311816 bytes.
detect_structure.cc:63 Dynamic row block size because the block size changed from 2 to 15
detect_structure.cc:74 Dynamic e block size because the block size changed from 1 to 9
detect_structure.cc:93 Dynamic f block size because the block size changed from 6 to 9
detect_structure.cc:114 Schur complement static structure <-1,-1,-1>.
detect_structure.cc:63 Dynamic row block size because the block size changed from 2 to 15
detect_structure.cc:74 Dynamic e block size because the block size changed from 1 to 9
detect_structure.cc:93 Dynamic f block size because the block size changed from 6 to 9
detect_structure.cc:114 Schur complement static structure <-1,-1,-1>.
schur_eliminator.cc:155 Template specializations not found for <-1,-1,-1>
block_sparse_matrix.cc:208 Allocating values array with 304776 bytes.
detect_structure.cc:63 Dynamic row block size because the block size changed from 2 to 15
detect_structure.cc:74 Dynamic e block size because the block size changed from 1 to 9
detect_structure.cc:93 Dynamic f block size because the block size changed from 6 to 9
detect_structure.cc:114 Schur complement static structure <-1,-1,-1>.
detect_structure.cc:63 Dynamic row block size because the block size changed from 2 to 15
detect_structure.cc:74 Dynamic e block size because the block size changed from 1 to 9
detect_structure.cc:93 Dynamic f block size because the block size changed from 6 to 9
detect_structure.cc:114 Schur complement static structure <-1,-1,-1>.
schur_eliminator.cc:155 Template specializations not found for <-1,-1,-1>
block_sparse_matrix.cc:208 Allocating values array with 312232 bytes.
detect_structure.cc:63 Dynamic row block size because the block size changed from 2 to 15
detect_structure.cc:74 Dynamic e block size because the block size changed from 1 to 9
detect_structure.cc:93 Dynamic f block size because the block size changed from 6 to 9
detect_structure.cc:114 Schur complement static structure <-1,-1,-1>.
detect_structure.cc:63 Dynamic row block size because the block size changed from 2 to 15
detect_structure.cc:74 Dynamic e block size because the block size changed from 1 to 9
detect_structure.cc:93 Dynamic f block size because the block size changed from 6 to 9
detect_structure.cc:114 Schur complement static structure <-1,-1,-1>.
schur_eliminator.cc:155 Template specializations not found for <-1,-1,-1>
[FeatureTracker] F-matrix: 145 → 91 (rejected 54, threshold=1.000000)
block_sparse_matrix.cc:208 Allocating values array with 297704 bytes.
detect_structure.cc:63 Dynamic row block size because the block size changed from 2 to 15
detect_structure.cc:74 Dynamic e block size because the block size changed from 1 to 9
detect_structure.cc:93 Dynamic f block size because the block size changed from 6 to 9
detect_structure.cc:114 Schur complement static structure <-1,-1,-1>.
detect_structure.cc:63 Dynamic row block size because the block size changed from 2 to 15
detect_structure.cc:74 Dynamic e block size because the block size changed from 1 to 9
detect_structure.cc:93 Dynamic f block size because the block size changed from 6 to 9
detect_structure.cc:114 Schur complement static structure <-1,-1,-1>.
schur_eliminator.cc:155 Template specializations not found for <-1,-1,-1>
block_sparse_matrix.cc:208 Allocating values array with 289592 bytes.
detect_structure.cc:63 Dynamic row block size because the block size changed from 2 to 15
detect_structure.cc:74 Dynamic e block size because the block size changed from 1 to 9
detect_structure.cc:93 Dynamic f block size because the block size changed from 6 to 9
detect_structure.cc:114 Schur complement static structure <-1,-1,-1>.
detect_structure.cc:63 Dynamic row block size because the block size changed from 2 to 15
detect_structure.cc:74 Dynamic e block size because the block size changed from 1 to 9
detect_structure.cc:93 Dynamic f block size because the block size changed from 6 to 9
detect_structure.cc:114 Schur complement static structure <-1,-1,-1>.
schur_eliminator.cc:155 Template specializations not found for <-1,-1,-1>
block_sparse_matrix.cc:208 Allocating values array with 289384 bytes.
detect_structure.cc:63 Dynamic row block size because the block size changed from 2 to 15
detect_structure.cc:74 Dynamic e block size because the block size changed from 1 to 9
detect_structure.cc:93 Dynamic f block size because the block size changed from 6 to 9
detect_structure.cc:114 Schur complement static structure <-1,-1,-1>.
detect_structure.cc:63 Dynamic row block size because the block size changed from 2 to 15
detect_structure.cc:74 Dynamic e block size because the block size changed from 1 to 9
detect_structure.cc:93 Dynamic f block size because the block size changed from 6 to 9
detect_structure.cc:114 Schur complement static structure <-1,-1,-1>.
schur_eliminator.cc:155 Template specializations not found for <-1,-1,-1>
block_sparse_matrix.cc:208 Allocating values array with 288968 bytes.
detect_structure.cc:63 Dynamic row block size because the block size changed from 2 to 15
detect_structure.cc:74 Dynamic e block size because the block size changed from 1 to 9
detect_structure.cc:93 Dynamic f block size because the block size changed from 6 to 9
detect_structure.cc:114 Schur complement static structure <-1,-1,-1>.
detect_structure.cc:63 Dynamic row block size because the block size changed from 2 to 15
detect_structure.cc:74 Dynamic e block size because the block size changed from 1 to 9
detect_structure.cc:93 Dynamic f block size because the block size changed from 6 to 9
detect_structure.cc:114 Schur complement static structure <-1,-1,-1>.
schur_eliminator.cc:155 Template specializations not found for <-1,-1,-1>
block_sparse_matrix.cc:208 Allocating values array with 288344 bytes.
detect_structure.cc:63 Dynamic row block size because the block size changed from 2 to 15
detect_structure.cc:74 Dynamic e block size because the block size changed from 1 to 9
detect_structure.cc:93 Dynamic f block size because the block size changed from 6 to 9
detect_structure.cc:114 Schur complement static structure <-1,-1,-1>.
detect_structure.cc:63 Dynamic row block size because the block size changed from 2 to 15
detect_structure.cc:74 Dynamic e block size because the block size changed from 1 to 9
detect_structure.cc:93 Dynamic f block size because the block size changed from 6 to 9
detect_structure.cc:114 Schur complement static structure <-1,-1,-1>.
schur_eliminator.cc:155 Template specializations not found for <-1,-1,-1>
block_sparse_matrix.cc:208 Allocating values array with 285608 bytes.
detect_structure.cc:63 Dynamic row block size because the block size changed from 2 to 15
detect_structure.cc:74 Dynamic e block size because the block size changed from 1 to 9
detect_structure.cc:93 Dynamic f block size because the block size changed from 6 to 9
detect_structure.cc:114 Schur complement static structure <-1,-1,-1>.
detect_structure.cc:63 Dynamic row block size because the block size changed from 2 to 15
detect_structure.cc:74 Dynamic e block size because the block size changed from 1 to 9
detect_structure.cc:93 Dynamic f block size because the block size changed from 6 to 9
detect_structure.cc:114 Schur complement static structure <-1,-1,-1>.
schur_eliminator.cc:155 Template specializations not found for <-1,-1,-1>
block_sparse_matrix.cc:208 Allocating values array with 289976 bytes.
detect_structure.cc:63 Dynamic row block size because the block size changed from 2 to 15
detect_structure.cc:74 Dynamic e block size because the block size changed from 1 to 9
detect_structure.cc:93 Dynamic f block size because the block size changed from 6 to 9
detect_structure.cc:114 Schur complement static structure <-1,-1,-1>.
detect_structure.cc:63 Dynamic row block size because the block size changed from 2 to 15
detect_structure.cc:74 Dynamic e block size because the block size changed from 1 to 9
detect_structure.cc:93 Dynamic f block size because the block size changed from 6 to 9
detect_structure.cc:114 Schur complement static structure <-1,-1,-1>.
schur_eliminator.cc:155 Template specializations not found for <-1,-1,-1>
block_sparse_matrix.cc:208 Allocating values array with 287064 bytes.
detect_structure.cc:63 Dynamic row block size because the block size changed from 2 to 15
detect_structure.cc:74 Dynamic e block size because the block size changed from 1 to 9
detect_structure.cc:93 Dynamic f block size because the block size changed from 6 to 9
detect_structure.cc:114 Schur complement static structure <-1,-1,-1>.
detect_structure.cc:63 Dynamic row block size because the block size changed from 2 to 15
detect_structure.cc:74 Dynamic e block size because the block size changed from 1 to 9
detect_structure.cc:93 Dynamic f block size because the block size changed from 6 to 9
detect_structure.cc:114 Schur complement static structure <-1,-1,-1>.
schur_eliminator.cc:155 Template specializations not found for <-1,-1,-1>
block_sparse_matrix.cc:208 Allocating values array with 284152 bytes.
detect_structure.cc:63 Dynamic row block size because the block size changed from 2 to 15
detect_structure.cc:74 Dynamic e block size because the block size changed from 1 to 9
detect_structure.cc:93 Dynamic f block size because the block size changed from 6 to 9
detect_structure.cc:114 Schur complement static structure <-1,-1,-1>.
detect_structure.cc:63 Dynamic row block size because the block size changed from 2 to 15
detect_structure.cc:74 Dynamic e block size because the block size changed from 1 to 9
detect_structure.cc:93 Dynamic f block size because the block size changed from 6 to 9
detect_structure.cc:114 Schur complement static structure <-1,-1,-1>.
schur_eliminator.cc:155 Template specializations not found for <-1,-1,-1>
block_sparse_matrix.cc:208 Allocating values array with 279992 bytes.
detect_structure.cc:63 Dynamic row block size because the block size changed from 2 to 15
detect_structure.cc:74 Dynamic e block size because the block size changed from 1 to 9
detect_structure.cc:93 Dynamic f block size because the block size changed from 6 to 9
detect_structure.cc:114 Schur complement static structure <-1,-1,-1>.
detect_structure.cc:63 Dynamic row block size because the block size changed from 2 to 15
detect_structure.cc:74 Dynamic e block size because the block size changed from 1 to 9
detect_structure.cc:93 Dynamic f block size because the block size changed from 6 to 9
detect_structure.cc:114 Schur complement static structure <-1,-1,-1>.
schur_eliminator.cc:155 Template specializations not found for <-1,-1,-1>
block_sparse_matrix.cc:208 Allocating values array with 276872 bytes.
detect_structure.cc:63 Dynamic row block size because the block size changed from 2 to 15
detect_structure.cc:74 Dynamic e block size because the block size changed from 1 to 9
detect_structure.cc:93 Dynamic f block size because the block size changed from 6 to 9
detect_structure.cc:114 Schur complement static structure <-1,-1,-1>.
detect_structure.cc:63 Dynamic row block size because the block size changed from 2 to 15
detect_structure.cc:74 Dynamic e block size because the block size changed from 1 to 9
detect_structure.cc:93 Dynamic f block size because the block size changed from 6 to 9
detect_structure.cc:114 Schur complement static structure <-1,-1,-1>.
schur_eliminator.cc:155 Template specializations not found for <-1,-1,-1>
block_sparse_matrix.cc:208 Allocating values array with 273128 bytes.
detect_structure.cc:63 Dynamic row block size because the block size changed from 2 to 15
detect_structure.cc:74 Dynamic e block size because the block size changed from 1 to 9
detect_structure.cc:93 Dynamic f block size because the block size changed from 6 to 9
detect_structure.cc:114 Schur complement static structure <-1,-1,-1>.
detect_structure.cc:63 Dynamic row block size because the block size changed from 2 to 15
detect_structure.cc:74 Dynamic e block size because the block size changed from 1 to 9
detect_structure.cc:93 Dynamic f block size because the block size changed from 6 to 9
detect_structure.cc:114 Schur complement static structure <-1,-1,-1>.
schur_eliminator.cc:155 Template specializations not found for <-1,-1,-1>
block_sparse_matrix.cc:208 Allocating values array with 268344 bytes.
detect_structure.cc:63 Dynamic row block size because the block size changed from 2 to 15
detect_structure.cc:74 Dynamic e block size because the block size changed from 1 to 9
detect_structure.cc:93 Dynamic f block size because the block size changed from 6 to 9
detect_structure.cc:114 Schur complement static structure <-1,-1,-1>.
detect_structure.cc:63 Dynamic row block size because the block size changed from 2 to 15
detect_structure.cc:74 Dynamic e block size because the block size changed from 1 to 9
detect_structure.cc:93 Dynamic f block size because the block size changed from 6 to 9
detect_structure.cc:114 Schur complement static structure <-1,-1,-1>.
schur_eliminator.cc:155 Template specializations not found for <-1,-1,-1>
block_sparse_matrix.cc:208 Allocating values array with 273336 bytes.
detect_structure.cc:63 Dynamic row block size because the block size changed from 2 to 15
detect_structure.cc:74 Dynamic e block size because the block size changed from 1 to 9
detect_structure.cc:93 Dynamic f block size because the block size changed from 6 to 9
detect_structure.cc:114 Schur complement static structure <-1,-1,-1>.
detect_structure.cc:63 Dynamic row block size because the block size changed from 2 to 15
detect_structure.cc:74 Dynamic e block size because the block size changed from 1 to 9
detect_structure.cc:93 Dynamic f block size because the block size changed from 6 to 9
detect_structure.cc:114 Schur complement static structure <-1,-1,-1>.
schur_eliminator.cc:155 Template specializations not found for <-1,-1,-1>
block_sparse_matrix.cc:208 Allocating values array with 274376 bytes.
detect_structure.cc:63 Dynamic row block size because the block size changed from 2 to 15
detect_structure.cc:74 Dynamic e block size because the block size changed from 1 to 9
detect_structure.cc:93 Dynamic f block size because the block size changed from 6 to 9
detect_structure.cc:114 Schur complement static structure <-1,-1,-1>.
detect_structure.cc:63 Dynamic row block size because the block size changed from 2 to 15
detect_structure.cc:74 Dynamic e block size because the block size changed from 1 to 9
detect_structure.cc:93 Dynamic f block size because the block size changed from 6 to 9
detect_structure.cc:114 Schur complement static structure <-1,-1,-1>.
schur_eliminator.cc:155 Template specializations not found for <-1,-1,-1>
[VIO DIAG] f=200 tri: ok=152 wait=1 fail=0 default=0 depth: avg=1.367951 min=0.233657 max=2.478874 |vel|=0.860244 vel=(-0.857543,0.046681,0.049605) ba=(0.343885,-1.141953,0.054912) bg=(-0.004401,-0.000799,0.000258)
block_sparse_matrix.cc:208 Allocating values array with 270632 bytes.
detect_structure.cc:63 Dynamic row block size because the block size changed from 2 to 15
detect_structure.cc:74 Dynamic e block size because the block size changed from 1 to 9
detect_structure.cc:93 Dynamic f block size because the block size changed from 6 to 9
detect_structure.cc:114 Schur complement static structure <-1,-1,-1>.
detect_structure.cc:63 Dynamic row block size because the block size changed from 2 to 15
detect_structure.cc:74 Dynamic e block size because the block size changed from 1 to 9
detect_structure.cc:93 Dynamic f block size because the block size changed from 6 to 9
detect_structure.cc:114 Schur complement static structure <-1,-1,-1>.
schur_eliminator.cc:155 Template specializations not found for <-1,-1,-1>
[FeatureTracker] F-matrix: 122 → 60 (rejected 62, threshold=1.000000)
block_sparse_matrix.cc:208 Allocating values array with 263768 bytes.
detect_structure.cc:63 Dynamic row block size because the block size changed from 2 to 15
detect_structure.cc:74 Dynamic e block size because the block size changed from 1 to 9
detect_structure.cc:93 Dynamic f block size because the block size changed from 6 to 9
detect_structure.cc:114 Schur complement static structure <-1,-1,-1>.
detect_structure.cc:63 Dynamic row block size because the block size changed from 2 to 15
detect_structure.cc:74 Dynamic e block size because the block size changed from 1 to 9
detect_structure.cc:93 Dynamic f block size because the block size changed from 6 to 9
detect_structure.cc:114 Schur complement static structure <-1,-1,-1>.
schur_eliminator.cc:155 Template specializations not found for <-1,-1,-1>
block_sparse_matrix.cc:208 Allocating values array with 248408 bytes.
detect_structure.cc:63 Dynamic row block size because the block size changed from 2 to 15
detect_structure.cc:74 Dynamic e block size because the block size changed from 1 to 9
detect_structure.cc:93 Dynamic f block size because the block size changed from 6 to 9
detect_structure.cc:114 Schur complement static structure <-1,-1,-1>.
detect_structure.cc:63 Dynamic row block size because the block size changed from 2 to 15
detect_structure.cc:74 Dynamic e block size because the block size changed from 1 to 9
detect_structure.cc:93 Dynamic f block size because the block size changed from 6 to 9
detect_structure.cc:114 Schur complement static structure <-1,-1,-1>.
schur_eliminator.cc:155 Template specializations not found for <-1,-1,-1>
block_sparse_matrix.cc:208 Allocating values array with 247960 bytes.
detect_structure.cc:63 Dynamic row block size because the block size changed from 2 to 15
detect_structure.cc:74 Dynamic e block size because the block size changed from 1 to 9
detect_structure.cc:93 Dynamic f block size because the block size changed from 6 to 9
detect_structure.cc:114 Schur complement static structure <-1,-1,-1>.
detect_structure.cc:63 Dynamic row block size because the block size changed from 2 to 15
detect_structure.cc:74 Dynamic e block size because the block size changed from 1 to 9
detect_structure.cc:93 Dynamic f block size because the block size changed from 6 to 9
detect_structure.cc:114 Schur complement static structure <-1,-1,-1>.
schur_eliminator.cc:155 Template specializations not found for <-1,-1,-1>
block_sparse_matrix.cc:208 Allocating values array with 241336 bytes.
detect_structure.cc:63 Dynamic row block size because the block size changed from 2 to 15
detect_structure.cc:74 Dynamic e block size because the block size changed from 1 to 9
detect_structure.cc:93 Dynamic f block size because the block size changed from 6 to 9
detect_structure.cc:114 Schur complement static structure <-1,-1,-1>.
detect_structure.cc:63 Dynamic row block size because the block size changed from 2 to 15
detect_structure.cc:74 Dynamic e block size because the block size changed from 1 to 9
detect_structure.cc:93 Dynamic f block size because the block size changed from 6 to 9
detect_structure.cc:114 Schur complement static structure <-1,-1,-1>.
schur_eliminator.cc:155 Template specializations not found for <-1,-1,-1>
block_sparse_matrix.cc:208 Allocating values array with 238808 bytes.
detect_structure.cc:63 Dynamic row block size because the block size changed from 2 to 15
detect_structure.cc:74 Dynamic e block size because the block size changed from 1 to 9
detect_structure.cc:93 Dynamic f block size because the block size changed from 6 to 9
detect_structure.cc:114 Schur complement static structure <-1,-1,-1>.
detect_structure.cc:63 Dynamic row block size because the block size changed from 2 to 15
detect_structure.cc:74 Dynamic e block size because the block size changed from 1 to 9
detect_structure.cc:93 Dynamic f block size because the block size changed from 6 to 9
detect_structure.cc:114 Schur complement static structure <-1,-1,-1>.
schur_eliminator.cc:155 Template specializations not found for <-1,-1,-1>
block_sparse_matrix.cc:208 Allocating values array with 265016 bytes.
detect_structure.cc:63 Dynamic row block size because the block size changed from 2 to 15
detect_structure.cc:74 Dynamic e block size because the block size changed from 1 to 9
detect_structure.cc:93 Dynamic f block size because the block size changed from 6 to 9
detect_structure.cc:114 Schur complement static structure <-1,-1,-1>.
detect_structure.cc:63 Dynamic row block size because the block size changed from 2 to 15
detect_structure.cc:74 Dynamic e block size because the block size changed from 1 to 9
detect_structure.cc:93 Dynamic f block size because the block size changed from 6 to 9
detect_structure.cc:114 Schur complement static structure <-1,-1,-1>.
schur_eliminator.cc:155 Template specializations not found for <-1,-1,-1>
block_sparse_matrix.cc:208 Allocating values array with 269800 bytes.
detect_structure.cc:63 Dynamic row block size because the block size changed from 2 to 15
detect_structure.cc:74 Dynamic e block size because the block size changed from 1 to 9
detect_structure.cc:93 Dynamic f block size because the block size changed from 6 to 9
detect_structure.cc:114 Schur complement static structure <-1,-1,-1>.
detect_structure.cc:63 Dynamic row block size because the block size changed from 2 to 15
detect_structure.cc:74 Dynamic e block size because the block size changed from 1 to 9
detect_structure.cc:93 Dynamic f block size because the block size changed from 6 to 9
detect_structure.cc:114 Schur complement static structure <-1,-1,-1>.
schur_eliminator.cc:155 Template specializations not found for <-1,-1,-1>
block_sparse_matrix.cc:208 Allocating values array with 272920 bytes.
detect_structure.cc:63 Dynamic row block size because the block size changed from 2 to 15
detect_structure.cc:74 Dynamic e block size because the block size changed from 1 to 9
detect_structure.cc:93 Dynamic f block size because the block size changed from 6 to 9
detect_structure.cc:114 Schur complement static structure <-1,-1,-1>.
detect_structure.cc:63 Dynamic row block size because the block size changed from 2 to 15
detect_structure.cc:74 Dynamic e block size because the block size changed from 1 to 9
detect_structure.cc:93 Dynamic f block size because the block size changed from 6 to 9
detect_structure.cc:114 Schur complement static structure <-1,-1,-1>.
schur_eliminator.cc:155 Template specializations not found for <-1,-1,-1>
block_sparse_matrix.cc:208 Allocating values array with 279160 bytes.
detect_structure.cc:63 Dynamic row block size because the block size changed from 2 to 15
detect_structure.cc:74 Dynamic e block size because the block size changed from 1 to 9
detect_structure.cc:93 Dynamic f block size because the block size changed from 6 to 9
detect_structure.cc:114 Schur complement static structure <-1,-1,-1>.
detect_structure.cc:63 Dynamic row block size because the block size changed from 2 to 15
detect_structure.cc:74 Dynamic e block size because the block size changed from 1 to 9
detect_structure.cc:93 Dynamic f block size because the block size changed from 6 to 9
detect_structure.cc:114 Schur complement static structure <-1,-1,-1>.
schur_eliminator.cc:155 Template specializations not found for <-1,-1,-1>
block_sparse_matrix.cc:208 Allocating values array with 285192 bytes.
detect_structure.cc:63 Dynamic row block size because the block size changed from 2 to 15
detect_structure.cc:74 Dynamic e block size because the block size changed from 1 to 9
detect_structure.cc:93 Dynamic f block size because the block size changed from 6 to 9
detect_structure.cc:114 Schur complement static structure <-1,-1,-1>.
detect_structure.cc:63 Dynamic row block size because the block size changed from 2 to 15
detect_structure.cc:74 Dynamic e block size because the block size changed from 1 to 9
detect_structure.cc:93 Dynamic f block size because the block size changed from 6 to 9
detect_structure.cc:114 Schur complement static structure <-1,-1,-1>.
schur_eliminator.cc:155 Template specializations not found for <-1,-1,-1>
block_sparse_matrix.cc:208 Allocating values array with 290600 bytes.
detect_structure.cc:63 Dynamic row block size because the block size changed from 2 to 15
detect_structure.cc:74 Dynamic e block size because the block size changed from 1 to 9
detect_structure.cc:93 Dynamic f block size because the block size changed from 6 to 9
detect_structure.cc:114 Schur complement static structure <-1,-1,-1>.
detect_structure.cc:63 Dynamic row block size because the block size changed from 2 to 15
detect_structure.cc:74 Dynamic e block size because the block size changed from 1 to 9
detect_structure.cc:93 Dynamic f block size because the block size changed from 6 to 9
detect_structure.cc:114 Schur complement static structure <-1,-1,-1>.
schur_eliminator.cc:155 Template specializations not found for <-1,-1,-1>
block_sparse_matrix.cc:208 Allocating values array with 301832 bytes.
detect_structure.cc:63 Dynamic row block size because the block size changed from 2 to 15
detect_structure.cc:74 Dynamic e block size because the block size changed from 1 to 9
detect_structure.cc:93 Dynamic f block size because the block size changed from 6 to 9
detect_structure.cc:114 Schur complement static structure <-1,-1,-1>.
detect_structure.cc:63 Dynamic row block size because the block size changed from 2 to 15
detect_structure.cc:74 Dynamic e block size because the block size changed from 1 to 9
detect_structure.cc:93 Dynamic f block size because the block size changed from 6 to 9
detect_structure.cc:114 Schur complement static structure <-1,-1,-1>.
schur_eliminator.cc:155 Template specializations not found for <-1,-1,-1>
block_sparse_matrix.cc:208 Allocating values array with 314728 bytes.
detect_structure.cc:63 Dynamic row block size because the block size changed from 2 to 15
detect_structure.cc:74 Dynamic e block size because the block size changed from 1 to 9
detect_structure.cc:93 Dynamic f block size because the block size changed from 6 to 9
detect_structure.cc:114 Schur complement static structure <-1,-1,-1>.
detect_structure.cc:63 Dynamic row block size because the block size changed from 2 to 15
detect_structure.cc:74 Dynamic e block size because the block size changed from 1 to 9
detect_structure.cc:93 Dynamic f block size because the block size changed from 6 to 9
detect_structure.cc:114 Schur complement static structure <-1,-1,-1>.
schur_eliminator.cc:155 Template specializations not found for <-1,-1,-1>
block_sparse_matrix.cc:208 Allocating values array with 306856 bytes.
detect_structure.cc:63 Dynamic row block size because the block size changed from 2 to 15
detect_structure.cc:74 Dynamic e block size because the block size changed from 1 to 9
detect_structure.cc:93 Dynamic f block size because the block size changed from 6 to 9
detect_structure.cc:114 Schur complement static structure <-1,-1,-1>.
detect_structure.cc:63 Dynamic row block size because the block size changed from 2 to 15
detect_structure.cc:74 Dynamic e block size because the block size changed from 1 to 9
detect_structure.cc:93 Dynamic f block size because the block size changed from 6 to 9
detect_structure.cc:114 Schur complement static structure <-1,-1,-1>.
schur_eliminator.cc:155 Template specializations not found for <-1,-1,-1>
block_sparse_matrix.cc:208 Allocating values array with 314312 bytes.
detect_structure.cc:63 Dynamic row block size because the block size changed from 2 to 15
detect_structure.cc:74 Dynamic e block size because the block size changed from 1 to 9
detect_structure.cc:93 Dynamic f block size because the block size changed from 6 to 9
detect_structure.cc:114 Schur complement static structure <-1,-1,-1>.
detect_structure.cc:63 Dynamic row block size because the block size changed from 2 to 15
detect_structure.cc:74 Dynamic e block size because the block size changed from 1 to 9
detect_structure.cc:93 Dynamic f block size because the block size changed from 6 to 9
detect_structure.cc:114 Schur complement static structure <-1,-1,-1>.
schur_eliminator.cc:155 Template specializations not found for <-1,-1,-1>
block_sparse_matrix.cc:208 Allocating values array with 320968 bytes.
detect_structure.cc:63 Dynamic row block size because the block size changed from 2 to 15
detect_structure.cc:74 Dynamic e block size because the block size changed from 1 to 9
detect_structure.cc:93 Dynamic f block size because the block size changed from 6 to 9
detect_structure.cc:114 Schur complement static structure <-1,-1,-1>.
detect_structure.cc:63 Dynamic row block size because the block size changed from 2 to 15
detect_structure.cc:74 Dynamic e block size because the block size changed from 1 to 9
detect_structure.cc:93 Dynamic f block size because the block size changed from 6 to 9
detect_structure.cc:114 Schur complement static structure <-1,-1,-1>.
schur_eliminator.cc:155 Template specializations not found for <-1,-1,-1>
block_sparse_matrix.cc:208 Allocating values array with 322840 bytes.
detect_structure.cc:63 Dynamic row block size because the block size changed from 2 to 15
detect_structure.cc:74 Dynamic e block size because the block size changed from 1 to 9
detect_structure.cc:93 Dynamic f block size because the block size changed from 6 to 9
detect_structure.cc:114 Schur complement static structure <-1,-1,-1>.
detect_structure.cc:63 Dynamic row block size because the block size changed from 2 to 15
detect_structure.cc:74 Dynamic e block size because the block size changed from 1 to 9
detect_structure.cc:93 Dynamic f block size because the block size changed from 6 to 9
detect_structure.cc:114 Schur complement static structure <-1,-1,-1>.
schur_eliminator.cc:155 Template specializations not found for <-1,-1,-1>
[FeatureTracker] F-matrix: 129 → 68 (rejected 61, threshold=1.000000)
block_sparse_matrix.cc:208 Allocating values array with 312856 bytes.
detect_structure.cc:63 Dynamic row block size because the block size changed from 2 to 15
detect_structure.cc:74 Dynamic e block size because the block size changed from 1 to 9
detect_structure.cc:93 Dynamic f block size because the block size changed from 6 to 9
detect_structure.cc:114 Schur complement static structure <-1,-1,-1>.
detect_structure.cc:63 Dynamic row block size because the block size changed from 2 to 15
detect_structure.cc:74 Dynamic e block size because the block size changed from 1 to 9
detect_structure.cc:93 Dynamic f block size because the block size changed from 6 to 9
detect_structure.cc:114 Schur complement static structure <-1,-1,-1>.
schur_eliminator.cc:155 Template specializations not found for <-1,-1,-1>
block_sparse_matrix.cc:208 Allocating values array with 294376 bytes.
detect_structure.cc:63 Dynamic row block size because the block size changed from 2 to 15
detect_structure.cc:74 Dynamic e block size because the block size changed from 1 to 9
detect_structure.cc:93 Dynamic f block size because the block size changed from 6 to 9
detect_structure.cc:114 Schur complement static structure <-1,-1,-1>.
detect_structure.cc:63 Dynamic row block size because the block size changed from 2 to 15
detect_structure.cc:74 Dynamic e block size because the block size changed from 1 to 9
detect_structure.cc:93 Dynamic f block size because the block size changed from 6 to 9
detect_structure.cc:114 Schur complement static structure <-1,-1,-1>.
schur_eliminator.cc:155 Template specializations not found for <-1,-1,-1>
[VIO DIAG] f=220 tri: ok=164 wait=0 fail=0 default=1 depth: avg=1.490923 min=0.412505 max=9.936293 |vel|=0.714287 vel=(-0.648865,-0.216048,-0.206166) ba=(0.248367,-0.649482,0.008437) bg=(-0.002098,-0.000341,0.000474)
block_sparse_matrix.cc:208 Allocating values array with 288728 bytes.
detect_structure.cc:63 Dynamic row block size because the block size changed from 2 to 15
detect_structure.cc:74 Dynamic e block size because the block size changed from 1 to 9
detect_structure.cc:93 Dynamic f block size because the block size changed from 6 to 9
detect_structure.cc:114 Schur complement static structure <-1,-1,-1>.
detect_structure.cc:63 Dynamic row block size because the block size changed from 2 to 15
detect_structure.cc:74 Dynamic e block size because the block size changed from 1 to 9
detect_structure.cc:93 Dynamic f block size because the block size changed from 6 to 9
detect_structure.cc:114 Schur complement static structure <-1,-1,-1>.
schur_eliminator.cc:155 Template specializations not found for <-1,-1,-1>
block_sparse_matrix.cc:208 Allocating values array with 281688 bytes.
detect_structure.cc:63 Dynamic row block size because the block size changed from 2 to 15
detect_structure.cc:74 Dynamic e block size because the block size changed from 1 to 9
detect_structure.cc:93 Dynamic f block size because the block size changed from 6 to 9
detect_structure.cc:114 Schur complement static structure <-1,-1,-1>.
detect_structure.cc:63 Dynamic row block size because the block size changed from 2 to 15
detect_structure.cc:74 Dynamic e block size because the block size changed from 1 to 9
detect_structure.cc:93 Dynamic f block size because the block size changed from 6 to 9
detect_structure.cc:114 Schur complement static structure <-1,-1,-1>.
schur_eliminator.cc:155 Template specializations not found for <-1,-1,-1>
block_sparse_matrix.cc:208 Allocating values array with 275416 bytes.
detect_structure.cc:63 Dynamic row block size because the block size changed from 2 to 15
detect_structure.cc:74 Dynamic e block size because the block size changed from 1 to 9
detect_structure.cc:93 Dynamic f block size because the block size changed from 6 to 9
detect_structure.cc:114 Schur complement static structure <-1,-1,-1>.
detect_structure.cc:63 Dynamic row block size because the block size changed from 2 to 15
detect_structure.cc:74 Dynamic e block size because the block size changed from 1 to 9
detect_structure.cc:93 Dynamic f block size because the block size changed from 6 to 9
detect_structure.cc:114 Schur complement static structure <-1,-1,-1>.
schur_eliminator.cc:155 Template specializations not found for <-1,-1,-1>
block_sparse_matrix.cc:208 Allocating values array with 293304 bytes.
detect_structure.cc:63 Dynamic row block size because the block size changed from 2 to 15
detect_structure.cc:74 Dynamic e block size because the block size changed from 1 to 9
detect_structure.cc:93 Dynamic f block size because the block size changed from 6 to 9
detect_structure.cc:114 Schur complement static structure <-1,-1,-1>.
detect_structure.cc:63 Dynamic row block size because the block size changed from 2 to 15
detect_structure.cc:74 Dynamic e block size because the block size changed from 1 to 9
detect_structure.cc:93 Dynamic f block size because the block size changed from 6 to 9
detect_structure.cc:114 Schur complement static structure <-1,-1,-1>.
schur_eliminator.cc:155 Template specializations not found for <-1,-1,-1>
block_sparse_matrix.cc:208 Allocating values array with 284600 bytes.
detect_structure.cc:63 Dynamic row block size because the block size changed from 2 to 15
detect_structure.cc:74 Dynamic e block size because the block size changed from 1 to 9
detect_structure.cc:93 Dynamic f block size because the block size changed from 6 to 9
detect_structure.cc:114 Schur complement static structure <-1,-1,-1>.
detect_structure.cc:63 Dynamic row block size because the block size changed from 2 to 15
detect_structure.cc:74 Dynamic e block size because the block size changed from 1 to 9
detect_structure.cc:93 Dynamic f block size because the block size changed from 6 to 9
detect_structure.cc:114 Schur complement static structure <-1,-1,-1>.
schur_eliminator.cc:155 Template specializations not found for <-1,-1,-1>
block_sparse_matrix.cc:208 Allocating values array with 288520 bytes.
detect_structure.cc:63 Dynamic row block size because the block size changed from 2 to 15
detect_structure.cc:74 Dynamic e block size because the block size changed from 1 to 9
detect_structure.cc:93 Dynamic f block size because the block size changed from 6 to 9
detect_structure.cc:114 Schur complement static structure <-1,-1,-1>.
detect_structure.cc:63 Dynamic row block size because the block size changed from 2 to 15
detect_structure.cc:74 Dynamic e block size because the block size changed from 1 to 9
detect_structure.cc:93 Dynamic f block size because the block size changed from 6 to 9
detect_structure.cc:114 Schur complement static structure <-1,-1,-1>.
schur_eliminator.cc:155 Template specializations not found for <-1,-1,-1>
block_sparse_matrix.cc:208 Allocating values array with 287896 bytes.
detect_structure.cc:63 Dynamic row block size because the block size changed from 2 to 15
detect_structure.cc:74 Dynamic e block size because the block size changed from 1 to 9
detect_structure.cc:93 Dynamic f block size because the block size changed from 6 to 9
detect_structure.cc:114 Schur complement static structure <-1,-1,-1>.
detect_structure.cc:63 Dynamic row block size because the block size changed from 2 to 15
detect_structure.cc:74 Dynamic e block size because the block size changed from 1 to 9
detect_structure.cc:93 Dynamic f block size because the block size changed from 6 to 9
detect_structure.cc:114 Schur complement static structure <-1,-1,-1>.
schur_eliminator.cc:155 Template specializations not found for <-1,-1,-1>
block_sparse_matrix.cc:208 Allocating values array with 281032 bytes.
detect_structure.cc:63 Dynamic row block size because the block size changed from 2 to 15
detect_structure.cc:74 Dynamic e block size because the block size changed from 1 to 9
detect_structure.cc:93 Dynamic f block size because the block size changed from 6 to 9
detect_structure.cc:114 Schur complement static structure <-1,-1,-1>.
detect_structure.cc:63 Dynamic row block size because the block size changed from 2 to 15
detect_structure.cc:74 Dynamic e block size because the block size changed from 1 to 9
detect_structure.cc:93 Dynamic f block size because the block size changed from 6 to 9
detect_structure.cc:114 Schur complement static structure <-1,-1,-1>.
schur_eliminator.cc:155 Template specializations not found for <-1,-1,-1>
block_sparse_matrix.cc:208 Allocating values array with 279368 bytes.
detect_structure.cc:63 Dynamic row block size because the block size changed from 2 to 15
detect_structure.cc:74 Dynamic e block size because the block size changed from 1 to 9
detect_structure.cc:93 Dynamic f block size because the block size changed from 6 to 9
detect_structure.cc:114 Schur complement static structure <-1,-1,-1>.
detect_structure.cc:63 Dynamic row block size because the block size changed from 2 to 15
detect_structure.cc:74 Dynamic e block size because the block size changed from 1 to 9
detect_structure.cc:93 Dynamic f block size because the block size changed from 6 to 9
detect_structure.cc:114 Schur complement static structure <-1,-1,-1>.
schur_eliminator.cc:155 Template specializations not found for <-1,-1,-1>
block_sparse_matrix.cc:208 Allocating values array with 271496 bytes.
detect_structure.cc:63 Dynamic row block size because the block size changed from 2 to 15
detect_structure.cc:74 Dynamic e block size because the block size changed from 1 to 9
detect_structure.cc:93 Dynamic f block size because the block size changed from 6 to 9
detect_structure.cc:114 Schur complement static structure <-1,-1,-1>.
detect_structure.cc:63 Dynamic row block size because the block size changed from 2 to 15
detect_structure.cc:74 Dynamic e block size because the block size changed from 1 to 9
detect_structure.cc:93 Dynamic f block size because the block size changed from 6 to 9
detect_structure.cc:114 Schur complement static structure <-1,-1,-1>.
schur_eliminator.cc:155 Template specializations not found for <-1,-1,-1>
block_sparse_matrix.cc:208 Allocating values array with 272920 bytes.
detect_structure.cc:63 Dynamic row block size because the block size changed from 2 to 15
detect_structure.cc:74 Dynamic e block size because the block size changed from 1 to 9
detect_structure.cc:93 Dynamic f block size because the block size changed from 6 to 9
detect_structure.cc:114 Schur complement static structure <-1,-1,-1>.
detect_structure.cc:63 Dynamic row block size because the block size changed from 2 to 15
detect_structure.cc:74 Dynamic e block size because the block size changed from 1 to 9
detect_structure.cc:93 Dynamic f block size because the block size changed from 6 to 9
detect_structure.cc:114 Schur complement static structure <-1,-1,-1>.
schur_eliminator.cc:155 Template specializations not found for <-1,-1,-1>
block_sparse_matrix.cc:208 Allocating values array with 289768 bytes.
detect_structure.cc:63 Dynamic row block size because the block size changed from 2 to 15
detect_structure.cc:74 Dynamic e block size because the block size changed from 1 to 9
detect_structure.cc:93 Dynamic f block size because the block size changed from 6 to 9
detect_structure.cc:114 Schur complement static structure <-1,-1,-1>.
detect_structure.cc:63 Dynamic row block size because the block size changed from 2 to 15
detect_structure.cc:74 Dynamic e block size because the block size changed from 1 to 9
detect_structure.cc:93 Dynamic f block size because the block size changed from 6 to 9
detect_structure.cc:114 Schur complement static structure <-1,-1,-1>.
schur_eliminator.cc:155 Template specializations not found for <-1,-1,-1>
block_sparse_matrix.cc:208 Allocating values array with 282312 bytes.
detect_structure.cc:63 Dynamic row block size because the block size changed from 2 to 15
detect_structure.cc:74 Dynamic e block size because the block size changed from 1 to 9
detect_structure.cc:93 Dynamic f block size because the block size changed from 6 to 9
detect_structure.cc:114 Schur complement static structure <-1,-1,-1>.
detect_structure.cc:63 Dynamic row block size because the block size changed from 2 to 15
detect_structure.cc:74 Dynamic e block size because the block size changed from 1 to 9
detect_structure.cc:93 Dynamic f block size because the block size changed from 6 to 9
detect_structure.cc:114 Schur complement static structure <-1,-1,-1>.
schur_eliminator.cc:155 Template specializations not found for <-1,-1,-1>
block_sparse_matrix.cc:208 Allocating values array with 300792 bytes.
detect_structure.cc:63 Dynamic row block size because the block size changed from 2 to 15
detect_structure.cc:74 Dynamic e block size because the block size changed from 1 to 9
detect_structure.cc:93 Dynamic f block size because the block size changed from 6 to 9
detect_structure.cc:114 Schur complement static structure <-1,-1,-1>.
detect_structure.cc:63 Dynamic row block size because the block size changed from 2 to 15
detect_structure.cc:74 Dynamic e block size because the block size changed from 1 to 9
detect_structure.cc:93 Dynamic f block size because the block size changed from 6 to 9
detect_structure.cc:114 Schur complement static structure <-1,-1,-1>.
schur_eliminator.cc:155 Template specializations not found for <-1,-1,-1>
[FeatureTracker] F-matrix: 142 → 75 (rejected 67, threshold=1.000000)
block_sparse_matrix.cc:208 Allocating values array with 294968 bytes.
detect_structure.cc:63 Dynamic row block size because the block size changed from 2 to 15
detect_structure.cc:74 Dynamic e block size because the block size changed from 1 to 9
detect_structure.cc:93 Dynamic f block size because the block size changed from 6 to 9
detect_structure.cc:114 Schur complement static structure <-1,-1,-1>.
detect_structure.cc:63 Dynamic row block size because the block size changed from 2 to 15
detect_structure.cc:74 Dynamic e block size because the block size changed from 1 to 9
detect_structure.cc:93 Dynamic f block size because the block size changed from 6 to 9
detect_structure.cc:114 Schur complement static structure <-1,-1,-1>.
schur_eliminator.cc:155 Template specializations not found for <-1,-1,-1>
block_sparse_matrix.cc:208 Allocating values array with 286648 bytes.
detect_structure.cc:63 Dynamic row block size because the block size changed from 2 to 15
detect_structure.cc:74 Dynamic e block size because the block size changed from 1 to 9
detect_structure.cc:93 Dynamic f block size because the block size changed from 6 to 9
detect_structure.cc:114 Schur complement static structure <-1,-1,-1>.
detect_structure.cc:63 Dynamic row block size because the block size changed from 2 to 15
detect_structure.cc:74 Dynamic e block size because the block size changed from 1 to 9
detect_structure.cc:93 Dynamic f block size because the block size changed from 6 to 9
detect_structure.cc:114 Schur complement static structure <-1,-1,-1>.
schur_eliminator.cc:155 Template specializations not found for <-1,-1,-1>
block_sparse_matrix.cc:208 Allocating values array with 278744 bytes.
detect_structure.cc:63 Dynamic row block size because the block size changed from 2 to 15
detect_structure.cc:74 Dynamic e block size because the block size changed from 1 to 9
detect_structure.cc:93 Dynamic f block size because the block size changed from 6 to 9
detect_structure.cc:114 Schur complement static structure <-1,-1,-1>.
detect_structure.cc:63 Dynamic row block size because the block size changed from 2 to 15
detect_structure.cc:74 Dynamic e block size because the block size changed from 1 to 9
detect_structure.cc:93 Dynamic f block size because the block size changed from 6 to 9
detect_structure.cc:114 Schur complement static structure <-1,-1,-1>.
schur_eliminator.cc:155 Template specializations not found for <-1,-1,-1>
block_sparse_matrix.cc:208 Allocating values array with 268344 bytes.
detect_structure.cc:63 Dynamic row block size because the block size changed from 2 to 15
detect_structure.cc:74 Dynamic e block size because the block size changed from 1 to 9
detect_structure.cc:93 Dynamic f block size because the block size changed from 6 to 9
detect_structure.cc:114 Schur complement static structure <-1,-1,-1>.
detect_structure.cc:63 Dynamic row block size because the block size changed from 2 to 15
detect_structure.cc:74 Dynamic e block size because the block size changed from 1 to 9
detect_structure.cc:93 Dynamic f block size because the block size changed from 6 to 9
detect_structure.cc:114 Schur complement static structure <-1,-1,-1>.
schur_eliminator.cc:155 Template specializations not found for <-1,-1,-1>
block_sparse_matrix.cc:208 Allocating values array with 283736 bytes.
detect_structure.cc:63 Dynamic row block size because the block size changed from 2 to 15
detect_structure.cc:74 Dynamic e block size because the block size changed from 1 to 9
detect_structure.cc:93 Dynamic f block size because the block size changed from 6 to 9
detect_structure.cc:114 Schur complement static structure <-1,-1,-1>.
detect_structure.cc:63 Dynamic row block size because the block size changed from 2 to 15
detect_structure.cc:74 Dynamic e block size because the block size changed from 1 to 9
detect_structure.cc:93 Dynamic f block size because the block size changed from 6 to 9
detect_structure.cc:114 Schur complement static structure <-1,-1,-1>.
schur_eliminator.cc:155 Template specializations not found for <-1,-1,-1>
block_sparse_matrix.cc:208 Allocating values array with 284984 bytes.
detect_structure.cc:63 Dynamic row block size because the block size changed from 2 to 15
detect_structure.cc:74 Dynamic e block size because the block size changed from 1 to 9
detect_structure.cc:93 Dynamic f block size because the block size changed from 6 to 9
detect_structure.cc:114 Schur complement static structure <-1,-1,-1>.
detect_structure.cc:63 Dynamic row block size because the block size changed from 2 to 15
detect_structure.cc:74 Dynamic e block size because the block size changed from 1 to 9
detect_structure.cc:93 Dynamic f block size because the block size changed from 6 to 9
detect_structure.cc:114 Schur complement static structure <-1,-1,-1>.
schur_eliminator.cc:155 Template specializations not found for <-1,-1,-1>
[VIO DIAG] f=240 tri: ok=179 wait=9 fail=0 default=0 depth: avg=1.313078 min=0.184621 max=4.410522 |vel|=0.802842 vel=(-0.792459,0.101601,0.078999) ba=(0.131143,-0.360050,-0.022869) bg=(-0.001842,-0.000229,0.000656)
block_sparse_matrix.cc:208 Allocating values array with 284360 bytes.
detect_structure.cc:63 Dynamic row block size because the block size changed from 2 to 15
detect_structure.cc:74 Dynamic e block size because the block size changed from 1 to 9
detect_structure.cc:93 Dynamic f block size because the block size changed from 6 to 9
detect_structure.cc:114 Schur complement static structure <-1,-1,-1>.
detect_structure.cc:63 Dynamic row block size because the block size changed from 2 to 15
detect_structure.cc:74 Dynamic e block size because the block size changed from 1 to 9
detect_structure.cc:93 Dynamic f block size because the block size changed from 6 to 9
detect_structure.cc:114 Schur complement static structure <-1,-1,-1>.
schur_eliminator.cc:155 Template specializations not found for <-1,-1,-1>
block_sparse_matrix.cc:208 Allocating values array with 287480 bytes.
detect_structure.cc:63 Dynamic row block size because the block size changed from 2 to 15
detect_structure.cc:74 Dynamic e block size because the block size changed from 1 to 9
detect_structure.cc:93 Dynamic f block size because the block size changed from 6 to 9
detect_structure.cc:114 Schur complement static structure <-1,-1,-1>.
detect_structure.cc:63 Dynamic row block size because the block size changed from 2 to 15
detect_structure.cc:74 Dynamic e block size because the block size changed from 1 to 9
detect_structure.cc:93 Dynamic f block size because the block size changed from 6 to 9
detect_structure.cc:114 Schur complement static structure <-1,-1,-1>.
schur_eliminator.cc:155 Template specializations not found for <-1,-1,-1>
[FeatureTracker] F-matrix: 146 → 87 (rejected 59, threshold=1.000000)
block_sparse_matrix.cc:208 Allocating values array with 279576 bytes.
detect_structure.cc:63 Dynamic row block size because the block size changed from 2 to 15
detect_structure.cc:74 Dynamic e block size because the block size changed from 1 to 9
detect_structure.cc:93 Dynamic f block size because the block size changed from 6 to 9
detect_structure.cc:114 Schur complement static structure <-1,-1,-1>.
detect_structure.cc:63 Dynamic row block size because the block size changed from 2 to 15
detect_structure.cc:74 Dynamic e block size because the block size changed from 1 to 9
detect_structure.cc:93 Dynamic f block size because the block size changed from 6 to 9
detect_structure.cc:114 Schur complement static structure <-1,-1,-1>.
schur_eliminator.cc:155 Template specializations not found for <-1,-1,-1>
block_sparse_matrix.cc:208 Allocating values array with 272920 bytes.
detect_structure.cc:63 Dynamic row block size because the block size changed from 2 to 15
detect_structure.cc:74 Dynamic e block size because the block size changed from 1 to 9
detect_structure.cc:93 Dynamic f block size because the block size changed from 6 to 9
detect_structure.cc:114 Schur complement static structure <-1,-1,-1>.
detect_structure.cc:63 Dynamic row block size because the block size changed from 2 to 15
detect_structure.cc:74 Dynamic e block size because the block size changed from 1 to 9
detect_structure.cc:93 Dynamic f block size because the block size changed from 6 to 9
detect_structure.cc:114 Schur complement static structure <-1,-1,-1>.
schur_eliminator.cc:155 Template specializations not found for <-1,-1,-1>
block_sparse_matrix.cc:208 Allocating values array with 273544 bytes.
detect_structure.cc:63 Dynamic row block size because the block size changed from 2 to 15
detect_structure.cc:74 Dynamic e block size because the block size changed from 1 to 9
detect_structure.cc:93 Dynamic f block size because the block size changed from 6 to 9
detect_structure.cc:114 Schur complement static structure <-1,-1,-1>.
detect_structure.cc:63 Dynamic row block size because the block size changed from 2 to 15
detect_structure.cc:74 Dynamic e block size because the block size changed from 1 to 9
detect_structure.cc:93 Dynamic f block size because the block size changed from 6 to 9
detect_structure.cc:114 Schur complement static structure <-1,-1,-1>.
schur_eliminator.cc:155 Template specializations not found for <-1,-1,-1>
block_sparse_matrix.cc:208 Allocating values array with 277288 bytes.
detect_structure.cc:63 Dynamic row block size because the block size changed from 2 to 15
detect_structure.cc:74 Dynamic e block size because the block size changed from 1 to 9
detect_structure.cc:93 Dynamic f block size because the block size changed from 6 to 9
detect_structure.cc:114 Schur complement static structure <-1,-1,-1>.
detect_structure.cc:63 Dynamic row block size because the block size changed from 2 to 15
detect_structure.cc:74 Dynamic e block size because the block size changed from 1 to 9
detect_structure.cc:93 Dynamic f block size because the block size changed from 6 to 9
detect_structure.cc:114 Schur complement static structure <-1,-1,-1>.
schur_eliminator.cc:155 Template specializations not found for <-1,-1,-1>
block_sparse_matrix.cc:208 Allocating values array with 287064 bytes.
detect_structure.cc:63 Dynamic row block size because the block size changed from 2 to 15
detect_structure.cc:74 Dynamic e block size because the block size changed from 1 to 9
detect_structure.cc:93 Dynamic f block size because the block size changed from 6 to 9
detect_structure.cc:114 Schur complement static structure <-1,-1,-1>.
detect_structure.cc:63 Dynamic row block size because the block size changed from 2 to 15
detect_structure.cc:74 Dynamic e block size because the block size changed from 1 to 9
detect_structure.cc:93 Dynamic f block size because the block size changed from 6 to 9
detect_structure.cc:114 Schur complement static structure <-1,-1,-1>.
schur_eliminator.cc:155 Template specializations not found for <-1,-1,-1>
block_sparse_matrix.cc:208 Allocating values array with 287480 bytes.
detect_structure.cc:63 Dynamic row block size because the block size changed from 2 to 15
detect_structure.cc:74 Dynamic e block size because the block size changed from 1 to 9
detect_structure.cc:93 Dynamic f block size because the block size changed from 6 to 9
detect_structure.cc:114 Schur complement static structure <-1,-1,-1>.
detect_structure.cc:63 Dynamic row block size because the block size changed from 2 to 15
detect_structure.cc:74 Dynamic e block size because the block size changed from 1 to 9
detect_structure.cc:93 Dynamic f block size because the block size changed from 6 to 9
detect_structure.cc:114 Schur complement static structure <-1,-1,-1>.
schur_eliminator.cc:155 Template specializations not found for <-1,-1,-1>
block_sparse_matrix.cc:208 Allocating values array with 287688 bytes.
detect_structure.cc:63 Dynamic row block size because the block size changed from 2 to 15
detect_structure.cc:74 Dynamic e block size because the block size changed from 1 to 9
detect_structure.cc:93 Dynamic f block size because the block size changed from 6 to 9
detect_structure.cc:114 Schur complement static structure <-1,-1,-1>.
detect_structure.cc:63 Dynamic row block size because the block size changed from 2 to 15
detect_structure.cc:74 Dynamic e block size because the block size changed from 1 to 9
detect_structure.cc:93 Dynamic f block size because the block size changed from 6 to 9
detect_structure.cc:114 Schur complement static structure <-1,-1,-1>.
schur_eliminator.cc:155 Template specializations not found for <-1,-1,-1>
block_sparse_matrix.cc:208 Allocating values array with 287896 bytes.
detect_structure.cc:63 Dynamic row block size because the block size changed from 2 to 15
detect_structure.cc:74 Dynamic e block size because the block size changed from 1 to 9
detect_structure.cc:93 Dynamic f block size because the block size changed from 6 to 9
detect_structure.cc:114 Schur complement static structure <-1,-1,-1>.
detect_structure.cc:63 Dynamic row block size because the block size changed from 2 to 15
detect_structure.cc:74 Dynamic e block size because the block size changed from 1 to 9
detect_structure.cc:93 Dynamic f block size because the block size changed from 6 to 9
detect_structure.cc:114 Schur complement static structure <-1,-1,-1>.
schur_eliminator.cc:155 Template specializations not found for <-1,-1,-1>
block_sparse_matrix.cc:208 Allocating values array with 286232 bytes.
detect_structure.cc:63 Dynamic row block size because the block size changed from 2 to 15
detect_structure.cc:74 Dynamic e block size because the block size changed from 1 to 9
detect_structure.cc:93 Dynamic f block size because the block size changed from 6 to 9
detect_structure.cc:114 Schur complement static structure <-1,-1,-1>.
detect_structure.cc:63 Dynamic row block size because the block size changed from 2 to 15
detect_structure.cc:74 Dynamic e block size because the block size changed from 1 to 9
detect_structure.cc:93 Dynamic f block size because the block size changed from 6 to 9
detect_structure.cc:114 Schur complement static structure <-1,-1,-1>.
schur_eliminator.cc:155 Template specializations not found for <-1,-1,-1>
block_sparse_matrix.cc:208 Allocating values array with 286856 bytes.
detect_structure.cc:63 Dynamic row block size because the block size changed from 2 to 15
detect_structure.cc:74 Dynamic e block size because the block size changed from 1 to 9
detect_structure.cc:93 Dynamic f block size because the block size changed from 6 to 9
detect_structure.cc:114 Schur complement static structure <-1,-1,-1>.
detect_structure.cc:63 Dynamic row block size because the block size changed from 2 to 15
detect_structure.cc:74 Dynamic e block size because the block size changed from 1 to 9
detect_structure.cc:93 Dynamic f block size because the block size changed from 6 to 9
detect_structure.cc:114 Schur complement static structure <-1,-1,-1>.
schur_eliminator.cc:155 Template specializations not found for <-1,-1,-1>
block_sparse_matrix.cc:208 Allocating values array with 295384 bytes.
detect_structure.cc:63 Dynamic row block size because the block size changed from 2 to 15
detect_structure.cc:74 Dynamic e block size because the block size changed from 1 to 9
detect_structure.cc:93 Dynamic f block size because the block size changed from 6 to 9
detect_structure.cc:114 Schur complement static structure <-1,-1,-1>.
detect_structure.cc:63 Dynamic row block size because the block size changed from 2 to 15
detect_structure.cc:74 Dynamic e block size because the block size changed from 1 to 9
detect_structure.cc:93 Dynamic f block size because the block size changed from 6 to 9
detect_structure.cc:114 Schur complement static structure <-1,-1,-1>.
schur_eliminator.cc:155 Template specializations not found for <-1,-1,-1>
block_sparse_matrix.cc:208 Allocating values array with 298504 bytes.
detect_structure.cc:63 Dynamic row block size because the block size changed from 2 to 15
detect_structure.cc:74 Dynamic e block size because the block size changed from 1 to 9
detect_structure.cc:93 Dynamic f block size because the block size changed from 6 to 9
detect_structure.cc:114 Schur complement static structure <-1,-1,-1>.
detect_structure.cc:63 Dynamic row block size because the block size changed from 2 to 15
detect_structure.cc:74 Dynamic e block size because the block size changed from 1 to 9
detect_structure.cc:93 Dynamic f block size because the block size changed from 6 to 9
detect_structure.cc:114 Schur complement static structure <-1,-1,-1>.
schur_eliminator.cc:155 Template specializations not found for <-1,-1,-1>
block_sparse_matrix.cc:208 Allocating values array with 293928 bytes.
detect_structure.cc:63 Dynamic row block size because the block size changed from 2 to 15
detect_structure.cc:74 Dynamic e block size because the block size changed from 1 to 9
detect_structure.cc:93 Dynamic f block size because the block size changed from 6 to 9
detect_structure.cc:114 Schur complement static structure <-1,-1,-1>.
detect_structure.cc:63 Dynamic row block size because the block size changed from 2 to 15
detect_structure.cc:74 Dynamic e block size because the block size changed from 1 to 9
detect_structure.cc:93 Dynamic f block size because the block size changed from 6 to 9
detect_structure.cc:114 Schur complement static structure <-1,-1,-1>.
schur_eliminator.cc:155 Template specializations not found for <-1,-1,-1>
block_sparse_matrix.cc:208 Allocating values array with 296424 bytes.
detect_structure.cc:63 Dynamic row block size because the block size changed from 2 to 15
detect_structure.cc:74 Dynamic e block size because the block size changed from 1 to 9
detect_structure.cc:93 Dynamic f block size because the block size changed from 6 to 9
detect_structure.cc:114 Schur complement static structure <-1,-1,-1>.
detect_structure.cc:63 Dynamic row block size because the block size changed from 2 to 15
detect_structure.cc:74 Dynamic e block size because the block size changed from 1 to 9
detect_structure.cc:93 Dynamic f block size because the block size changed from 6 to 9
detect_structure.cc:114 Schur complement static structure <-1,-1,-1>.
schur_eliminator.cc:155 Template specializations not found for <-1,-1,-1>
block_sparse_matrix.cc:208 Allocating values array with 297464 bytes.
detect_structure.cc:63 Dynamic row block size because the block size changed from 2 to 15
detect_structure.cc:74 Dynamic e block size because the block size changed from 1 to 9
detect_structure.cc:93 Dynamic f block size because the block size changed from 6 to 9
detect_structure.cc:114 Schur complement static structure <-1,-1,-1>.
detect_structure.cc:63 Dynamic row block size because the block size changed from 2 to 15
detect_structure.cc:74 Dynamic e block size because the block size changed from 1 to 9
detect_structure.cc:93 Dynamic f block size because the block size changed from 6 to 9
detect_structure.cc:114 Schur complement static structure <-1,-1,-1>.
schur_eliminator.cc:155 Template specializations not found for <-1,-1,-1>
block_sparse_matrix.cc:208 Allocating values array with 296216 bytes.
detect_structure.cc:63 Dynamic row block size because the block size changed from 2 to 15
detect_structure.cc:74 Dynamic e block size because the block size changed from 1 to 9
detect_structure.cc:93 Dynamic f block size because the block size changed from 6 to 9
detect_structure.cc:114 Schur complement static structure <-1,-1,-1>.
detect_structure.cc:63 Dynamic row block size because the block size changed from 2 to 15
detect_structure.cc:74 Dynamic e block size because the block size changed from 1 to 9
detect_structure.cc:93 Dynamic f block size because the block size changed from 6 to 9
detect_structure.cc:114 Schur complement static structure <-1,-1,-1>.
schur_eliminator.cc:155 Template specializations not found for <-1,-1,-1>
block_sparse_matrix.cc:208 Allocating values array with 299128 bytes.
detect_structure.cc:63 Dynamic row block size because the block size changed from 2 to 15
detect_structure.cc:74 Dynamic e block size because the block size changed from 1 to 9
detect_structure.cc:93 Dynamic f block size because the block size changed from 6 to 9
detect_structure.cc:114 Schur complement static structure <-1,-1,-1>.
detect_structure.cc:63 Dynamic row block size because the block size changed from 2 to 15
detect_structure.cc:74 Dynamic e block size because the block size changed from 1 to 9
detect_structure.cc:93 Dynamic f block size because the block size changed from 6 to 9
detect_structure.cc:114 Schur complement static structure <-1,-1,-1>.
schur_eliminator.cc:155 Template specializations not found for <-1,-1,-1>
[FeatureTracker] F-matrix: 127 → 74 (rejected 53, threshold=1.000000)
block_sparse_matrix.cc:208 Allocating values array with 289976 bytes.
detect_structure.cc:63 Dynamic row block size because the block size changed from 2 to 15
detect_structure.cc:74 Dynamic e block size because the block size changed from 1 to 9
detect_structure.cc:93 Dynamic f block size because the block size changed from 6 to 9
detect_structure.cc:114 Schur complement static structure <-1,-1,-1>.
detect_structure.cc:63 Dynamic row block size because the block size changed from 2 to 15
detect_structure.cc:74 Dynamic e block size because the block size changed from 1 to 9
detect_structure.cc:93 Dynamic f block size because the block size changed from 6 to 9
detect_structure.cc:114 Schur complement static structure <-1,-1,-1>.
schur_eliminator.cc:155 Template specializations not found for <-1,-1,-1>
[VIO DIAG] f=260 tri: ok=157 wait=7 fail=0 default=0 depth: avg=1.382016 min=0.068030 max=4.612768 |vel|=0.988212 vel=(0.943344,0.124190,-0.266913) ba=(0.177739,-0.157941,-0.044820) bg=(-0.001257,0.001167,0.000463)
block_sparse_matrix.cc:208 Allocating values array with 278952 bytes.
detect_structure.cc:63 Dynamic row block size because the block size changed from 2 to 15
detect_structure.cc:74 Dynamic e block size because the block size changed from 1 to 9
detect_structure.cc:93 Dynamic f block size because the block size changed from 6 to 9
detect_structure.cc:114 Schur complement static structure <-1,-1,-1>.
detect_structure.cc:63 Dynamic row block size because the block size changed from 2 to 15
detect_structure.cc:74 Dynamic e block size because the block size changed from 1 to 9
detect_structure.cc:93 Dynamic f block size because the block size changed from 6 to 9
detect_structure.cc:114 Schur complement static structure <-1,-1,-1>.
schur_eliminator.cc:155 Template specializations not found for <-1,-1,-1>
block_sparse_matrix.cc:208 Allocating values array with 270424 bytes.
detect_structure.cc:63 Dynamic row block size because the block size changed from 2 to 15
detect_structure.cc:74 Dynamic e block size because the block size changed from 1 to 9
detect_structure.cc:93 Dynamic f block size because the block size changed from 6 to 9
detect_structure.cc:114 Schur complement static structure <-1,-1,-1>.
detect_structure.cc:63 Dynamic row block size because the block size changed from 2 to 15
detect_structure.cc:74 Dynamic e block size because the block size changed from 1 to 9
detect_structure.cc:93 Dynamic f block size because the block size changed from 6 to 9
detect_structure.cc:114 Schur complement static structure <-1,-1,-1>.
schur_eliminator.cc:155 Template specializations not found for <-1,-1,-1>
block_sparse_matrix.cc:208 Allocating values array with 265016 bytes.
detect_structure.cc:63 Dynamic row block size because the block size changed from 2 to 15
detect_structure.cc:74 Dynamic e block size because the block size changed from 1 to 9
detect_structure.cc:93 Dynamic f block size because the block size changed from 6 to 9
detect_structure.cc:114 Schur complement static structure <-1,-1,-1>.
detect_structure.cc:63 Dynamic row block size because the block size changed from 2 to 15
detect_structure.cc:74 Dynamic e block size because the block size changed from 1 to 9
detect_structure.cc:93 Dynamic f block size because the block size changed from 6 to 9
detect_structure.cc:114 Schur complement static structure <-1,-1,-1>.
schur_eliminator.cc:155 Template specializations not found for <-1,-1,-1>
block_sparse_matrix.cc:208 Allocating values array with 276456 bytes.
detect_structure.cc:63 Dynamic row block size because the block size changed from 2 to 15
detect_structure.cc:74 Dynamic e block size because the block size changed from 1 to 9
detect_structure.cc:93 Dynamic f block size because the block size changed from 6 to 9
detect_structure.cc:114 Schur complement static structure <-1,-1,-1>.
detect_structure.cc:63 Dynamic row block size because the block size changed from 2 to 15
detect_structure.cc:74 Dynamic e block size because the block size changed from 1 to 9
detect_structure.cc:93 Dynamic f block size because the block size changed from 6 to 9
detect_structure.cc:114 Schur complement static structure <-1,-1,-1>.
schur_eliminator.cc:155 Template specializations not found for <-1,-1,-1>
block_sparse_matrix.cc:208 Allocating values array with 275208 bytes.
detect_structure.cc:63 Dynamic row block size because the block size changed from 2 to 15
detect_structure.cc:74 Dynamic e block size because the block size changed from 1 to 9
detect_structure.cc:93 Dynamic f block size because the block size changed from 6 to 9
detect_structure.cc:114 Schur complement static structure <-1,-1,-1>.
detect_structure.cc:63 Dynamic row block size because the block size changed from 2 to 15
detect_structure.cc:74 Dynamic e block size because the block size changed from 1 to 9
detect_structure.cc:93 Dynamic f block size because the block size changed from 6 to 9
detect_structure.cc:114 Schur complement static structure <-1,-1,-1>.
schur_eliminator.cc:155 Template specializations not found for <-1,-1,-1>
block_sparse_matrix.cc:208 Allocating values array with 271880 bytes.
detect_structure.cc:63 Dynamic row block size because the block size changed from 2 to 15
detect_structure.cc:74 Dynamic e block size because the block size changed from 1 to 9
detect_structure.cc:93 Dynamic f block size because the block size changed from 6 to 9
detect_structure.cc:114 Schur complement static structure <-1,-1,-1>.
detect_structure.cc:63 Dynamic row block size because the block size changed from 2 to 15
detect_structure.cc:74 Dynamic e block size because the block size changed from 1 to 9
detect_structure.cc:93 Dynamic f block size because the block size changed from 6 to 9
detect_structure.cc:114 Schur complement static structure <-1,-1,-1>.
schur_eliminator.cc:155 Template specializations not found for <-1,-1,-1>
block_sparse_matrix.cc:208 Allocating values array with 270216 bytes.
detect_structure.cc:63 Dynamic row block size because the block size changed from 2 to 15
detect_structure.cc:74 Dynamic e block size because the block size changed from 1 to 9
detect_structure.cc:93 Dynamic f block size because the block size changed from 6 to 9
detect_structure.cc:114 Schur complement static structure <-1,-1,-1>.
detect_structure.cc:63 Dynamic row block size because the block size changed from 2 to 15
detect_structure.cc:74 Dynamic e block size because the block size changed from 1 to 9
detect_structure.cc:93 Dynamic f block size because the block size changed from 6 to 9
detect_structure.cc:114 Schur complement static structure <-1,-1,-1>.
schur_eliminator.cc:155 Template specializations not found for <-1,-1,-1>
[FeatureTracker] F-matrix: 141 → 97 (rejected 44, threshold=1.000000)
block_sparse_matrix.cc:208 Allocating values array with 263144 bytes.
detect_structure.cc:63 Dynamic row block size because the block size changed from 2 to 15
detect_structure.cc:74 Dynamic e block size because the block size changed from 1 to 9
detect_structure.cc:93 Dynamic f block size because the block size changed from 6 to 9
detect_structure.cc:114 Schur complement static structure <-1,-1,-1>.
detect_structure.cc:63 Dynamic row block size because the block size changed from 2 to 15
detect_structure.cc:74 Dynamic e block size because the block size changed from 1 to 9
detect_structure.cc:93 Dynamic f block size because the block size changed from 6 to 9
detect_structure.cc:114 Schur complement static structure <-1,-1,-1>.
schur_eliminator.cc:155 Template specializations not found for <-1,-1,-1>
block_sparse_matrix.cc:208 Allocating values array with 256280 bytes.
detect_structure.cc:63 Dynamic row block size because the block size changed from 2 to 15
detect_structure.cc:74 Dynamic e block size because the block size changed from 1 to 9
detect_structure.cc:93 Dynamic f block size because the block size changed from 6 to 9
detect_structure.cc:114 Schur complement static structure <-1,-1,-1>.
detect_structure.cc:63 Dynamic row block size because the block size changed from 2 to 15
detect_structure.cc:74 Dynamic e block size because the block size changed from 1 to 9
detect_structure.cc:93 Dynamic f block size because the block size changed from 6 to 9
detect_structure.cc:114 Schur complement static structure <-1,-1,-1>.
schur_eliminator.cc:155 Template specializations not found for <-1,-1,-1>
block_sparse_matrix.cc:208 Allocating values array with 260440 bytes.
detect_structure.cc:63 Dynamic row block size because the block size changed from 2 to 15
detect_structure.cc:74 Dynamic e block size because the block size changed from 1 to 9
detect_structure.cc:93 Dynamic f block size because the block size changed from 6 to 9
detect_structure.cc:114 Schur complement static structure <-1,-1,-1>.
detect_structure.cc:63 Dynamic row block size because the block size changed from 2 to 15
detect_structure.cc:74 Dynamic e block size because the block size changed from 1 to 9
detect_structure.cc:93 Dynamic f block size because the block size changed from 6 to 9
detect_structure.cc:114 Schur complement static structure <-1,-1,-1>.
schur_eliminator.cc:155 Template specializations not found for <-1,-1,-1>
block_sparse_matrix.cc:208 Allocating values array with 263976 bytes.
detect_structure.cc:63 Dynamic row block size because the block size changed from 2 to 15
detect_structure.cc:74 Dynamic e block size because the block size changed from 1 to 9
detect_structure.cc:93 Dynamic f block size because the block size changed from 6 to 9
detect_structure.cc:114 Schur complement static structure <-1,-1,-1>.
detect_structure.cc:63 Dynamic row block size because the block size changed from 2 to 15
detect_structure.cc:74 Dynamic e block size because the block size changed from 1 to 9
detect_structure.cc:93 Dynamic f block size because the block size changed from 6 to 9
detect_structure.cc:114 Schur complement static structure <-1,-1,-1>.
schur_eliminator.cc:155 Template specializations not found for <-1,-1,-1>
block_sparse_matrix.cc:208 Allocating values array with 264808 bytes.
detect_structure.cc:63 Dynamic row block size because the block size changed from 2 to 15
detect_structure.cc:74 Dynamic e block size because the block size changed from 1 to 9
detect_structure.cc:93 Dynamic f block size because the block size changed from 6 to 9
detect_structure.cc:114 Schur complement static structure <-1,-1,-1>.
detect_structure.cc:63 Dynamic row block size because the block size changed from 2 to 15
detect_structure.cc:74 Dynamic e block size because the block size changed from 1 to 9
detect_structure.cc:93 Dynamic f block size because the block size changed from 6 to 9
detect_structure.cc:114 Schur complement static structure <-1,-1,-1>.
schur_eliminator.cc:155 Template specializations not found for <-1,-1,-1>
block_sparse_matrix.cc:208 Allocating values array with 265224 bytes.
detect_structure.cc:63 Dynamic row block size because the block size changed from 2 to 15
detect_structure.cc:74 Dynamic e block size because the block size changed from 1 to 9
detect_structure.cc:93 Dynamic f block size because the block size changed from 6 to 9
detect_structure.cc:114 Schur complement static structure <-1,-1,-1>.
detect_structure.cc:63 Dynamic row block size because the block size changed from 2 to 15
detect_structure.cc:74 Dynamic e block size because the block size changed from 1 to 9
detect_structure.cc:93 Dynamic f block size because the block size changed from 6 to 9
detect_structure.cc:114 Schur complement static structure <-1,-1,-1>.
schur_eliminator.cc:155 Template specializations not found for <-1,-1,-1>
block_sparse_matrix.cc:208 Allocating values array with 270216 bytes.
detect_structure.cc:63 Dynamic row block size because the block size changed from 2 to 15
detect_structure.cc:74 Dynamic e block size because the block size changed from 1 to 9
detect_structure.cc:93 Dynamic f block size because the block size changed from 6 to 9
detect_structure.cc:114 Schur complement static structure <-1,-1,-1>.
detect_structure.cc:63 Dynamic row block size because the block size changed from 2 to 15
detect_structure.cc:74 Dynamic e block size because the block size changed from 1 to 9
detect_structure.cc:93 Dynamic f block size because the block size changed from 6 to 9
detect_structure.cc:114 Schur complement static structure <-1,-1,-1>.
schur_eliminator.cc:155 Template specializations not found for <-1,-1,-1>
block_sparse_matrix.cc:208 Allocating values array with 268136 bytes.
detect_structure.cc:63 Dynamic row block size because the block size changed from 2 to 15
detect_structure.cc:74 Dynamic e block size because the block size changed from 1 to 9
detect_structure.cc:93 Dynamic f block size because the block size changed from 6 to 9
detect_structure.cc:114 Schur complement static structure <-1,-1,-1>.
detect_structure.cc:63 Dynamic row block size because the block size changed from 2 to 15
detect_structure.cc:74 Dynamic e block size because the block size changed from 1 to 9
detect_structure.cc:93 Dynamic f block size because the block size changed from 6 to 9
detect_structure.cc:114 Schur complement static structure <-1,-1,-1>.
schur_eliminator.cc:155 Template specializations not found for <-1,-1,-1>
[FeatureTracker] F-matrix: 136 → 73 (rejected 63, threshold=1.000000)
block_sparse_matrix.cc:208 Allocating values array with 263768 bytes.
detect_structure.cc:63 Dynamic row block size because the block size changed from 2 to 15
detect_structure.cc:74 Dynamic e block size because the block size changed from 1 to 9
detect_structure.cc:93 Dynamic f block size because the block size changed from 6 to 9
detect_structure.cc:114 Schur complement static structure <-1,-1,-1>.
detect_structure.cc:63 Dynamic row block size because the block size changed from 2 to 15
detect_structure.cc:74 Dynamic e block size because the block size changed from 1 to 9
detect_structure.cc:93 Dynamic f block size because the block size changed from 6 to 9
detect_structure.cc:114 Schur complement static structure <-1,-1,-1>.
schur_eliminator.cc:155 Template specializations not found for <-1,-1,-1>
block_sparse_matrix.cc:208 Allocating values array with 258152 bytes.
detect_structure.cc:63 Dynamic row block size because the block size changed from 2 to 15
detect_structure.cc:74 Dynamic e block size because the block size changed from 1 to 9
detect_structure.cc:93 Dynamic f block size because the block size changed from 6 to 9
detect_structure.cc:114 Schur complement static structure <-1,-1,-1>.
detect_structure.cc:63 Dynamic row block size because the block size changed from 2 to 15
detect_structure.cc:74 Dynamic e block size because the block size changed from 1 to 9
detect_structure.cc:93 Dynamic f block size because the block size changed from 6 to 9
detect_structure.cc:114 Schur complement static structure <-1,-1,-1>.
schur_eliminator.cc:155 Template specializations not found for <-1,-1,-1>
block_sparse_matrix.cc:208 Allocating values array with 253992 bytes.
detect_structure.cc:63 Dynamic row block size because the block size changed from 2 to 15
detect_structure.cc:74 Dynamic e block size because the block size changed from 1 to 9
detect_structure.cc:93 Dynamic f block size because the block size changed from 6 to 9
detect_structure.cc:114 Schur complement static structure <-1,-1,-1>.
detect_structure.cc:63 Dynamic row block size because the block size changed from 2 to 15
detect_structure.cc:74 Dynamic e block size because the block size changed from 1 to 9
detect_structure.cc:93 Dynamic f block size because the block size changed from 6 to 9
detect_structure.cc:114 Schur complement static structure <-1,-1,-1>.
schur_eliminator.cc:155 Template specializations not found for <-1,-1,-1>
block_sparse_matrix.cc:208 Allocating values array with 251080 bytes.
detect_structure.cc:63 Dynamic row block size because the block size changed from 2 to 15
detect_structure.cc:74 Dynamic e block size because the block size changed from 1 to 9
detect_structure.cc:93 Dynamic f block size because the block size changed from 6 to 9
detect_structure.cc:114 Schur complement static structure <-1,-1,-1>.
detect_structure.cc:63 Dynamic row block size because the block size changed from 2 to 15
detect_structure.cc:74 Dynamic e block size because the block size changed from 1 to 9
detect_structure.cc:93 Dynamic f block size because the block size changed from 6 to 9
detect_structure.cc:114 Schur complement static structure <-1,-1,-1>.
schur_eliminator.cc:155 Template specializations not found for <-1,-1,-1>
block_sparse_matrix.cc:208 Allocating values array with 266056 bytes.
detect_structure.cc:63 Dynamic row block size because the block size changed from 2 to 15
detect_structure.cc:74 Dynamic e block size because the block size changed from 1 to 9
detect_structure.cc:93 Dynamic f block size because the block size changed from 6 to 9
detect_structure.cc:114 Schur complement static structure <-1,-1,-1>.
detect_structure.cc:63 Dynamic row block size because the block size changed from 2 to 15
detect_structure.cc:74 Dynamic e block size because the block size changed from 1 to 9
detect_structure.cc:93 Dynamic f block size because the block size changed from 6 to 9
detect_structure.cc:114 Schur complement static structure <-1,-1,-1>.
schur_eliminator.cc:155 Template specializations not found for <-1,-1,-1>
[VIO DIAG] f=280 tri: ok=174 wait=8 fail=0 default=0 depth: avg=1.409946 min=0.288300 max=6.164820 |vel|=1.277664 vel=(0.998039,-0.246785,0.758577) ba=(-0.010188,-0.042063,-0.059373) bg=(0.000044,0.000736,0.001079)
block_sparse_matrix.cc:208 Allocating values array with 263976 bytes.
detect_structure.cc:63 Dynamic row block size because the block size changed from 2 to 15
detect_structure.cc:74 Dynamic e block size because the block size changed from 1 to 9
detect_structure.cc:93 Dynamic f block size because the block size changed from 6 to 9
detect_structure.cc:114 Schur complement static structure <-1,-1,-1>.
detect_structure.cc:63 Dynamic row block size because the block size changed from 2 to 15
detect_structure.cc:74 Dynamic e block size because the block size changed from 1 to 9
detect_structure.cc:93 Dynamic f block size because the block size changed from 6 to 9
detect_structure.cc:114 Schur complement static structure <-1,-1,-1>.
schur_eliminator.cc:155 Template specializations not found for <-1,-1,-1>
block_sparse_matrix.cc:208 Allocating values array with 261896 bytes.
detect_structure.cc:63 Dynamic row block size because the block size changed from 2 to 15
detect_structure.cc:74 Dynamic e block size because the block size changed from 1 to 9
detect_structure.cc:93 Dynamic f block size because the block size changed from 6 to 9
detect_structure.cc:114 Schur complement static structure <-1,-1,-1>.
detect_structure.cc:63 Dynamic row block size because the block size changed from 2 to 15
detect_structure.cc:74 Dynamic e block size because the block size changed from 1 to 9
detect_structure.cc:93 Dynamic f block size because the block size changed from 6 to 9
detect_structure.cc:114 Schur complement static structure <-1,-1,-1>.
schur_eliminator.cc:155 Template specializations not found for <-1,-1,-1>
block_sparse_matrix.cc:208 Allocating values array with 260440 bytes.
detect_structure.cc:63 Dynamic row block size because the block size changed from 2 to 15
detect_structure.cc:74 Dynamic e block size because the block size changed from 1 to 9
detect_structure.cc:93 Dynamic f block size because the block size changed from 6 to 9
detect_structure.cc:114 Schur complement static structure <-1,-1,-1>.
detect_structure.cc:63 Dynamic row block size because the block size changed from 2 to 15
detect_structure.cc:74 Dynamic e block size because the block size changed from 1 to 9
detect_structure.cc:93 Dynamic f block size because the block size changed from 6 to 9
detect_structure.cc:114 Schur complement static structure <-1,-1,-1>.
schur_eliminator.cc:155 Template specializations not found for <-1,-1,-1>
block_sparse_matrix.cc:208 Allocating values array with 261688 bytes.
detect_structure.cc:63 Dynamic row block size because the block size changed from 2 to 15
detect_structure.cc:74 Dynamic e block size because the block size changed from 1 to 9
detect_structure.cc:93 Dynamic f block size because the block size changed from 6 to 9
detect_structure.cc:114 Schur complement static structure <-1,-1,-1>.
detect_structure.cc:63 Dynamic row block size because the block size changed from 2 to 15
detect_structure.cc:74 Dynamic e block size because the block size changed from 1 to 9
detect_structure.cc:93 Dynamic f block size because the block size changed from 6 to 9
detect_structure.cc:114 Schur complement static structure <-1,-1,-1>.
schur_eliminator.cc:155 Template specializations not found for <-1,-1,-1>
block_sparse_matrix.cc:208 Allocating values array with 266888 bytes.
detect_structure.cc:63 Dynamic row block size because the block size changed from 2 to 15
detect_structure.cc:74 Dynamic e block size because the block size changed from 1 to 9
detect_structure.cc:93 Dynamic f block size because the block size changed from 6 to 9
detect_structure.cc:114 Schur complement static structure <-1,-1,-1>.
detect_structure.cc:63 Dynamic row block size because the block size changed from 2 to 15
detect_structure.cc:74 Dynamic e block size because the block size changed from 1 to 9
detect_structure.cc:93 Dynamic f block size because the block size changed from 6 to 9
detect_structure.cc:114 Schur complement static structure <-1,-1,-1>.
schur_eliminator.cc:155 Template specializations not found for <-1,-1,-1>
block_sparse_matrix.cc:208 Allocating values array with 282072 bytes.
detect_structure.cc:63 Dynamic row block size because the block size changed from 2 to 15
detect_structure.cc:74 Dynamic e block size because the block size changed from 1 to 9
detect_structure.cc:93 Dynamic f block size because the block size changed from 6 to 9
detect_structure.cc:114 Schur complement static structure <-1,-1,-1>.
detect_structure.cc:63 Dynamic row block size because the block size changed from 2 to 15
detect_structure.cc:74 Dynamic e block size because the block size changed from 1 to 9
detect_structure.cc:93 Dynamic f block size because the block size changed from 6 to 9
detect_structure.cc:114 Schur complement static structure <-1,-1,-1>.
schur_eliminator.cc:155 Template specializations not found for <-1,-1,-1>
block_sparse_matrix.cc:208 Allocating values array with 289976 bytes.
detect_structure.cc:63 Dynamic row block size because the block size changed from 2 to 15
detect_structure.cc:74 Dynamic e block size because the block size changed from 1 to 9
detect_structure.cc:93 Dynamic f block size because the block size changed from 6 to 9
detect_structure.cc:114 Schur complement static structure <-1,-1,-1>.
detect_structure.cc:63 Dynamic row block size because the block size changed from 2 to 15
detect_structure.cc:74 Dynamic e block size because the block size changed from 1 to 9
detect_structure.cc:93 Dynamic f block size because the block size changed from 6 to 9
detect_structure.cc:114 Schur complement static structure <-1,-1,-1>.
schur_eliminator.cc:155 Template specializations not found for <-1,-1,-1>
block_sparse_matrix.cc:208 Allocating values array with 292264 bytes.
detect_structure.cc:63 Dynamic row block size because the block size changed from 2 to 15
detect_structure.cc:74 Dynamic e block size because the block size changed from 1 to 9
detect_structure.cc:93 Dynamic f block size because the block size changed from 6 to 9
detect_structure.cc:114 Schur complement static structure <-1,-1,-1>.
detect_structure.cc:63 Dynamic row block size because the block size changed from 2 to 15
detect_structure.cc:74 Dynamic e block size because the block size changed from 1 to 9
detect_structure.cc:93 Dynamic f block size because the block size changed from 6 to 9
detect_structure.cc:114 Schur complement static structure <-1,-1,-1>.
schur_eliminator.cc:155 Template specializations not found for <-1,-1,-1>
block_sparse_matrix.cc:208 Allocating values array with 299128 bytes.
detect_structure.cc:63 Dynamic row block size because the block size changed from 2 to 15
detect_structure.cc:74 Dynamic e block size because the block size changed from 1 to 9
detect_structure.cc:93 Dynamic f block size because the block size changed from 6 to 9
detect_structure.cc:114 Schur complement static structure <-1,-1,-1>.
detect_structure.cc:63 Dynamic row block size because the block size changed from 2 to 15
detect_structure.cc:74 Dynamic e block size because the block size changed from 1 to 9
detect_structure.cc:93 Dynamic f block size because the block size changed from 6 to 9
detect_structure.cc:114 Schur complement static structure <-1,-1,-1>.
schur_eliminator.cc:155 Template specializations not found for <-1,-1,-1>
block_sparse_matrix.cc:208 Allocating values array with 303080 bytes.
detect_structure.cc:63 Dynamic row block size because the block size changed from 2 to 15
detect_structure.cc:74 Dynamic e block size because the block size changed from 1 to 9
detect_structure.cc:93 Dynamic f block size because the block size changed from 6 to 9
detect_structure.cc:114 Schur complement static structure <-1,-1,-1>.
detect_structure.cc:63 Dynamic row block size because the block size changed from 2 to 15
detect_structure.cc:74 Dynamic e block size because the block size changed from 1 to 9
detect_structure.cc:93 Dynamic f block size because the block size changed from 6 to 9
detect_structure.cc:114 Schur complement static structure <-1,-1,-1>.
schur_eliminator.cc:155 Template specializations not found for <-1,-1,-1>
block_sparse_matrix.cc:208 Allocating values array with 308696 bytes.
detect_structure.cc:63 Dynamic row block size because the block size changed from 2 to 15
detect_structure.cc:74 Dynamic e block size because the block size changed from 1 to 9
detect_structure.cc:93 Dynamic f block size because the block size changed from 6 to 9
detect_structure.cc:114 Schur complement static structure <-1,-1,-1>.
detect_structure.cc:63 Dynamic row block size because the block size changed from 2 to 15
detect_structure.cc:74 Dynamic e block size because the block size changed from 1 to 9
detect_structure.cc:93 Dynamic f block size because the block size changed from 6 to 9
detect_structure.cc:114 Schur complement static structure <-1,-1,-1>.
schur_eliminator.cc:155 Template specializations not found for <-1,-1,-1>
[FeatureTracker] F-matrix: 123 → 67 (rejected 56, threshold=1.000000)
block_sparse_matrix.cc:208 Allocating values array with 302664 bytes.
detect_structure.cc:63 Dynamic row block size because the block size changed from 2 to 15
detect_structure.cc:74 Dynamic e block size because the block size changed from 1 to 9
detect_structure.cc:93 Dynamic f block size because the block size changed from 6 to 9
detect_structure.cc:114 Schur complement static structure <-1,-1,-1>.
detect_structure.cc:63 Dynamic row block size because the block size changed from 2 to 15
detect_structure.cc:74 Dynamic e block size because the block size changed from 1 to 9
detect_structure.cc:93 Dynamic f block size because the block size changed from 6 to 9
detect_structure.cc:114 Schur complement static structure <-1,-1,-1>.
schur_eliminator.cc:155 Template specializations not found for <-1,-1,-1>
block_sparse_matrix.cc:208 Allocating values array with 293928 bytes.
detect_structure.cc:63 Dynamic row block size because the block size changed from 2 to 15
detect_structure.cc:74 Dynamic e block size because the block size changed from 1 to 9
detect_structure.cc:93 Dynamic f block size because the block size changed from 6 to 9
detect_structure.cc:114 Schur complement static structure <-1,-1,-1>.
detect_structure.cc:63 Dynamic row block size because the block size changed from 2 to 15
detect_structure.cc:74 Dynamic e block size because the block size changed from 1 to 9
detect_structure.cc:93 Dynamic f block size because the block size changed from 6 to 9
detect_structure.cc:114 Schur complement static structure <-1,-1,-1>.
schur_eliminator.cc:155 Template specializations not found for <-1,-1,-1>
block_sparse_matrix.cc:208 Allocating values array with 283112 bytes.
detect_structure.cc:63 Dynamic row block size because the block size changed from 2 to 15
detect_structure.cc:74 Dynamic e block size because the block size changed from 1 to 9
detect_structure.cc:93 Dynamic f block size because the block size changed from 6 to 9
detect_structure.cc:114 Schur complement static structure <-1,-1,-1>.
detect_structure.cc:63 Dynamic row block size because the block size changed from 2 to 15
detect_structure.cc:74 Dynamic e block size because the block size changed from 1 to 9
detect_structure.cc:93 Dynamic f block size because the block size changed from 6 to 9
detect_structure.cc:114 Schur complement static structure <-1,-1,-1>.
schur_eliminator.cc:155 Template specializations not found for <-1,-1,-1>
block_sparse_matrix.cc:208 Allocating values array with 275656 bytes.
detect_structure.cc:63 Dynamic row block size because the block size changed from 2 to 15
detect_structure.cc:74 Dynamic e block size because the block size changed from 1 to 9
detect_structure.cc:93 Dynamic f block size because the block size changed from 6 to 9
detect_structure.cc:114 Schur complement static structure <-1,-1,-1>.
detect_structure.cc:63 Dynamic row block size because the block size changed from 2 to 15
detect_structure.cc:74 Dynamic e block size because the block size changed from 1 to 9
detect_structure.cc:93 Dynamic f block size because the block size changed from 6 to 9
detect_structure.cc:114 Schur complement static structure <-1,-1,-1>.
schur_eliminator.cc:155 Template specializations not found for <-1,-1,-1>
block_sparse_matrix.cc:208 Allocating values array with 275448 bytes.
detect_structure.cc:63 Dynamic row block size because the block size changed from 2 to 15
detect_structure.cc:74 Dynamic e block size because the block size changed from 1 to 9
detect_structure.cc:93 Dynamic f block size because the block size changed from 6 to 9
detect_structure.cc:114 Schur complement static structure <-1,-1,-1>.
detect_structure.cc:63 Dynamic row block size because the block size changed from 2 to 15
detect_structure.cc:74 Dynamic e block size because the block size changed from 1 to 9
detect_structure.cc:93 Dynamic f block size because the block size changed from 6 to 9
detect_structure.cc:114 Schur complement static structure <-1,-1,-1>.
schur_eliminator.cc:155 Template specializations not found for <-1,-1,-1>
block_sparse_matrix.cc:208 Allocating values array with 271880 bytes.
detect_structure.cc:63 Dynamic row block size because the block size changed from 2 to 15
detect_structure.cc:74 Dynamic e block size because the block size changed from 1 to 9
detect_structure.cc:93 Dynamic f block size because the block size changed from 6 to 9
detect_structure.cc:114 Schur complement static structure <-1,-1,-1>.
detect_structure.cc:63 Dynamic row block size because the block size changed from 2 to 15
detect_structure.cc:74 Dynamic e block size because the block size changed from 1 to 9
detect_structure.cc:93 Dynamic f block size because the block size changed from 6 to 9
detect_structure.cc:114 Schur complement static structure <-1,-1,-1>.
schur_eliminator.cc:155 Template specializations not found for <-1,-1,-1>
block_sparse_matrix.cc:208 Allocating values array with 264216 bytes.
detect_structure.cc:63 Dynamic row block size because the block size changed from 2 to 15
detect_structure.cc:74 Dynamic e block size because the block size changed from 1 to 9
detect_structure.cc:93 Dynamic f block size because the block size changed from 6 to 9
detect_structure.cc:114 Schur complement static structure <-1,-1,-1>.
detect_structure.cc:63 Dynamic row block size because the block size changed from 2 to 15
detect_structure.cc:74 Dynamic e block size because the block size changed from 1 to 9
detect_structure.cc:93 Dynamic f block size because the block size changed from 6 to 9
detect_structure.cc:114 Schur complement static structure <-1,-1,-1>.
schur_eliminator.cc:155 Template specializations not found for <-1,-1,-1>
block_sparse_matrix.cc:208 Allocating values array with 288312 bytes.
detect_structure.cc:63 Dynamic row block size because the block size changed from 2 to 15
detect_structure.cc:74 Dynamic e block size because the block size changed from 1 to 9
detect_structure.cc:93 Dynamic f block size because the block size changed from 6 to 9
detect_structure.cc:114 Schur complement static structure <-1,-1,-1>.
detect_structure.cc:63 Dynamic row block size because the block size changed from 2 to 15
detect_structure.cc:74 Dynamic e block size because the block size changed from 1 to 9
detect_structure.cc:93 Dynamic f block size because the block size changed from 6 to 9
detect_structure.cc:114 Schur complement static structure <-1,-1,-1>.
schur_eliminator.cc:155 Template specializations not found for <-1,-1,-1>
block_sparse_matrix.cc:208 Allocating values array with 283944 bytes.
detect_structure.cc:63 Dynamic row block size because the block size changed from 2 to 15
detect_structure.cc:74 Dynamic e block size because the block size changed from 1 to 9
detect_structure.cc:93 Dynamic f block size because the block size changed from 6 to 9
detect_structure.cc:114 Schur complement static structure <-1,-1,-1>.
detect_structure.cc:63 Dynamic row block size because the block size changed from 2 to 15
detect_structure.cc:74 Dynamic e block size because the block size changed from 1 to 9
detect_structure.cc:93 Dynamic f block size because the block size changed from 6 to 9
detect_structure.cc:114 Schur complement static structure <-1,-1,-1>.
schur_eliminator.cc:155 Template specializations not found for <-1,-1,-1>
[VIO DIAG] f=300 tri: ok=198 wait=0 fail=0 default=2 depth: avg=1.427024 min=0.345184 max=11.371831 |vel|=0.764261 vel=(0.432569,0.163869,-0.608380) ba=(-0.016826,-0.069790,-0.051120) bg=(0.000345,0.000803,0.001203)
[FeatureTracker] F-matrix: 147 → 93 (rejected 54, threshold=1.000000)
block_sparse_matrix.cc:208 Allocating values array with 272120 bytes.
detect_structure.cc:63 Dynamic row block size because the block size changed from 2 to 15
detect_structure.cc:74 Dynamic e block size because the block size changed from 1 to 9
detect_structure.cc:93 Dynamic f block size because the block size changed from 6 to 9
detect_structure.cc:114 Schur complement static structure <-1,-1,-1>.
detect_structure.cc:63 Dynamic row block size because the block size changed from 2 to 15
detect_structure.cc:74 Dynamic e block size because the block size changed from 1 to 9
detect_structure.cc:93 Dynamic f block size because the block size changed from 6 to 9
detect_structure.cc:114 Schur complement static structure <-1,-1,-1>.
schur_eliminator.cc:155 Template specializations not found for <-1,-1,-1>
block_sparse_matrix.cc:208 Allocating values array with 271256 bytes.
detect_structure.cc:63 Dynamic row block size because the block size changed from 2 to 15
detect_structure.cc:74 Dynamic e block size because the block size changed from 1 to 9
detect_structure.cc:93 Dynamic f block size because the block size changed from 6 to 9
detect_structure.cc:114 Schur complement static structure <-1,-1,-1>.
detect_structure.cc:63 Dynamic row block size because the block size changed from 2 to 15
detect_structure.cc:74 Dynamic e block size because the block size changed from 1 to 9
detect_structure.cc:93 Dynamic f block size because the block size changed from 6 to 9
detect_structure.cc:114 Schur complement static structure <-1,-1,-1>.
schur_eliminator.cc:155 Template specializations not found for <-1,-1,-1>
block_sparse_matrix.cc:208 Allocating values array with 264216 bytes.
detect_structure.cc:63 Dynamic row block size because the block size changed from 2 to 15
detect_structure.cc:74 Dynamic e block size because the block size changed from 1 to 9
detect_structure.cc:93 Dynamic f block size because the block size changed from 6 to 9
detect_structure.cc:114 Schur complement static structure <-1,-1,-1>.
detect_structure.cc:63 Dynamic row block size because the block size changed from 2 to 15
detect_structure.cc:74 Dynamic e block size because the block size changed from 1 to 9
detect_structure.cc:93 Dynamic f block size because the block size changed from 6 to 9
detect_structure.cc:114 Schur complement static structure <-1,-1,-1>.
schur_eliminator.cc:155 Template specializations not found for <-1,-1,-1>
block_sparse_matrix.cc:208 Allocating values array with 263592 bytes.
detect_structure.cc:63 Dynamic row block size because the block size changed from 2 to 15
detect_structure.cc:74 Dynamic e block size because the block size changed from 1 to 9
detect_structure.cc:93 Dynamic f block size because the block size changed from 6 to 9
detect_structure.cc:114 Schur complement static structure <-1,-1,-1>.
detect_structure.cc:63 Dynamic row block size because the block size changed from 2 to 15
detect_structure.cc:74 Dynamic e block size because the block size changed from 1 to 9
detect_structure.cc:93 Dynamic f block size because the block size changed from 6 to 9
detect_structure.cc:114 Schur complement static structure <-1,-1,-1>.
schur_eliminator.cc:155 Template specializations not found for <-1,-1,-1>
block_sparse_matrix.cc:208 Allocating values array with 261896 bytes.
detect_structure.cc:63 Dynamic row block size because the block size changed from 2 to 15
detect_structure.cc:74 Dynamic e block size because the block size changed from 1 to 9
detect_structure.cc:93 Dynamic f block size because the block size changed from 6 to 9
detect_structure.cc:114 Schur complement static structure <-1,-1,-1>.
detect_structure.cc:63 Dynamic row block size because the block size changed from 2 to 15
detect_structure.cc:74 Dynamic e block size because the block size changed from 1 to 9
detect_structure.cc:93 Dynamic f block size because the block size changed from 6 to 9
detect_structure.cc:114 Schur complement static structure <-1,-1,-1>.
schur_eliminator.cc:155 Template specializations not found for <-1,-1,-1>
block_sparse_matrix.cc:208 Allocating values array with 253400 bytes.
detect_structure.cc:63 Dynamic row block size because the block size changed from 2 to 15
detect_structure.cc:74 Dynamic e block size because the block size changed from 1 to 9
detect_structure.cc:93 Dynamic f block size because the block size changed from 6 to 9
detect_structure.cc:114 Schur complement static structure <-1,-1,-1>.
detect_structure.cc:63 Dynamic row block size because the block size changed from 2 to 15
detect_structure.cc:74 Dynamic e block size because the block size changed from 1 to 9
detect_structure.cc:93 Dynamic f block size because the block size changed from 6 to 9
detect_structure.cc:114 Schur complement static structure <-1,-1,-1>.
schur_eliminator.cc:155 Template specializations not found for <-1,-1,-1>
block_sparse_matrix.cc:208 Allocating values array with 271048 bytes.
detect_structure.cc:63 Dynamic row block size because the block size changed from 2 to 15
detect_structure.cc:74 Dynamic e block size because the block size changed from 1 to 9
detect_structure.cc:93 Dynamic f block size because the block size changed from 6 to 9
detect_structure.cc:114 Schur complement static structure <-1,-1,-1>.
detect_structure.cc:63 Dynamic row block size because the block size changed from 2 to 15
detect_structure.cc:74 Dynamic e block size because the block size changed from 1 to 9
detect_structure.cc:93 Dynamic f block size because the block size changed from 6 to 9
detect_structure.cc:114 Schur complement static structure <-1,-1,-1>.
schur_eliminator.cc:155 Template specializations not found for <-1,-1,-1>
block_sparse_matrix.cc:208 Allocating values array with 262136 bytes.
detect_structure.cc:63 Dynamic row block size because the block size changed from 2 to 15
detect_structure.cc:74 Dynamic e block size because the block size changed from 1 to 9
detect_structure.cc:93 Dynamic f block size because the block size changed from 6 to 9
detect_structure.cc:114 Schur complement static structure <-1,-1,-1>.
detect_structure.cc:63 Dynamic row block size because the block size changed from 2 to 15
detect_structure.cc:74 Dynamic e block size because the block size changed from 1 to 9
detect_structure.cc:93 Dynamic f block size because the block size changed from 6 to 9
detect_structure.cc:114 Schur complement static structure <-1,-1,-1>.
schur_eliminator.cc:155 Template specializations not found for <-1,-1,-1>
[FeatureTracker] F-matrix: 147 → 100 (rejected 47, threshold=1.000000)
block_sparse_matrix.cc:208 Allocating values array with 261688 bytes.
detect_structure.cc:63 Dynamic row block size because the block size changed from 2 to 15
detect_structure.cc:74 Dynamic e block size because the block size changed from 1 to 9
detect_structure.cc:93 Dynamic f block size because the block size changed from 6 to 9
detect_structure.cc:114 Schur complement static structure <-1,-1,-1>.
detect_structure.cc:63 Dynamic row block size because the block size changed from 2 to 15
detect_structure.cc:74 Dynamic e block size because the block size changed from 1 to 9
detect_structure.cc:93 Dynamic f block size because the block size changed from 6 to 9
detect_structure.cc:114 Schur complement static structure <-1,-1,-1>.
schur_eliminator.cc:155 Template specializations not found for <-1,-1,-1>
block_sparse_matrix.cc:208 Allocating values array with 250280 bytes.
detect_structure.cc:63 Dynamic row block size because the block size changed from 2 to 15
detect_structure.cc:74 Dynamic e block size because the block size changed from 1 to 9
detect_structure.cc:93 Dynamic f block size because the block size changed from 6 to 9
detect_structure.cc:114 Schur complement static structure <-1,-1,-1>.
detect_structure.cc:63 Dynamic row block size because the block size changed from 2 to 15
detect_structure.cc:74 Dynamic e block size because the block size changed from 1 to 9
detect_structure.cc:93 Dynamic f block size because the block size changed from 6 to 9
detect_structure.cc:114 Schur complement static structure <-1,-1,-1>.
schur_eliminator.cc:155 Template specializations not found for <-1,-1,-1>
block_sparse_matrix.cc:208 Allocating values array with 260648 bytes.
detect_structure.cc:63 Dynamic row block size because the block size changed from 2 to 15
detect_structure.cc:74 Dynamic e block size because the block size changed from 1 to 9
detect_structure.cc:93 Dynamic f block size because the block size changed from 6 to 9
detect_structure.cc:114 Schur complement static structure <-1,-1,-1>.
detect_structure.cc:63 Dynamic row block size because the block size changed from 2 to 15
detect_structure.cc:74 Dynamic e block size because the block size changed from 1 to 9
detect_structure.cc:93 Dynamic f block size because the block size changed from 6 to 9
detect_structure.cc:114 Schur complement static structure <-1,-1,-1>.
schur_eliminator.cc:155 Template specializations not found for <-1,-1,-1>
block_sparse_matrix.cc:208 Allocating values array with 252776 bytes.
detect_structure.cc:63 Dynamic row block size because the block size changed from 2 to 15
detect_structure.cc:74 Dynamic e block size because the block size changed from 1 to 9
detect_structure.cc:93 Dynamic f block size because the block size changed from 6 to 9
detect_structure.cc:114 Schur complement static structure <-1,-1,-1>.
detect_structure.cc:63 Dynamic row block size because the block size changed from 2 to 15
detect_structure.cc:74 Dynamic e block size because the block size changed from 1 to 9
detect_structure.cc:93 Dynamic f block size because the block size changed from 6 to 9
detect_structure.cc:114 Schur complement static structure <-1,-1,-1>.
schur_eliminator.cc:155 Template specializations not found for <-1,-1,-1>
block_sparse_matrix.cc:208 Allocating values array with 263352 bytes.
detect_structure.cc:63 Dynamic row block size because the block size changed from 2 to 15
detect_structure.cc:74 Dynamic e block size because the block size changed from 1 to 9
detect_structure.cc:93 Dynamic f block size because the block size changed from 6 to 9
detect_structure.cc:114 Schur complement static structure <-1,-1,-1>.
detect_structure.cc:63 Dynamic row block size because the block size changed from 2 to 15
detect_structure.cc:74 Dynamic e block size because the block size changed from 1 to 9
detect_structure.cc:93 Dynamic f block size because the block size changed from 6 to 9
detect_structure.cc:114 Schur complement static structure <-1,-1,-1>.
schur_eliminator.cc:155 Template specializations not found for <-1,-1,-1>
block_sparse_matrix.cc:208 Allocating values array with 267512 bytes.
detect_structure.cc:63 Dynamic row block size because the block size changed from 2 to 15
detect_structure.cc:74 Dynamic e block size because the block size changed from 1 to 9
detect_structure.cc:93 Dynamic f block size because the block size changed from 6 to 9
detect_structure.cc:114 Schur complement static structure <-1,-1,-1>.
detect_structure.cc:63 Dynamic row block size because the block size changed from 2 to 15
detect_structure.cc:74 Dynamic e block size because the block size changed from 1 to 9
detect_structure.cc:93 Dynamic f block size because the block size changed from 6 to 9
detect_structure.cc:114 Schur complement static structure <-1,-1,-1>.
schur_eliminator.cc:155 Template specializations not found for <-1,-1,-1>
block_sparse_matrix.cc:208 Allocating values array with 264184 bytes.
detect_structure.cc:63 Dynamic row block size because the block size changed from 2 to 15
detect_structure.cc:74 Dynamic e block size because the block size changed from 1 to 9
detect_structure.cc:93 Dynamic f block size because the block size changed from 6 to 9
detect_structure.cc:114 Schur complement static structure <-1,-1,-1>.
detect_structure.cc:63 Dynamic row block size because the block size changed from 2 to 15
detect_structure.cc:74 Dynamic e block size because the block size changed from 1 to 9
detect_structure.cc:93 Dynamic f block size because the block size changed from 6 to 9
detect_structure.cc:114 Schur complement static structure <-1,-1,-1>.
schur_eliminator.cc:155 Template specializations not found for <-1,-1,-1>
block_sparse_matrix.cc:208 Allocating values array with 263768 bytes.
detect_structure.cc:63 Dynamic row block size because the block size changed from 2 to 15
detect_structure.cc:74 Dynamic e block size because the block size changed from 1 to 9
detect_structure.cc:93 Dynamic f block size because the block size changed from 6 to 9
detect_structure.cc:114 Schur complement static structure <-1,-1,-1>.
detect_structure.cc:63 Dynamic row block size because the block size changed from 2 to 15
detect_structure.cc:74 Dynamic e block size because the block size changed from 1 to 9
detect_structure.cc:93 Dynamic f block size because the block size changed from 6 to 9
detect_structure.cc:114 Schur complement static structure <-1,-1,-1>.
schur_eliminator.cc:155 Template specializations not found for <-1,-1,-1>
[FeatureTracker] F-matrix: 127 → 73 (rejected 54, threshold=1.000000)
block_sparse_matrix.cc:208 Allocating values array with 264600 bytes.
detect_structure.cc:63 Dynamic row block size because the block size changed from 2 to 15
detect_structure.cc:74 Dynamic e block size because the block size changed from 1 to 9
detect_structure.cc:93 Dynamic f block size because the block size changed from 6 to 9
detect_structure.cc:114 Schur complement static structure <-1,-1,-1>.
detect_structure.cc:63 Dynamic row block size because the block size changed from 2 to 15
detect_structure.cc:74 Dynamic e block size because the block size changed from 1 to 9
detect_structure.cc:93 Dynamic f block size because the block size changed from 6 to 9
detect_structure.cc:114 Schur complement static structure <-1,-1,-1>.
schur_eliminator.cc:155 Template specializations not found for <-1,-1,-1>
block_sparse_matrix.cc:208 Allocating values array with 257736 bytes.
detect_structure.cc:63 Dynamic row block size because the block size changed from 2 to 15
detect_structure.cc:74 Dynamic e block size because the block size changed from 1 to 9
detect_structure.cc:93 Dynamic f block size because the block size changed from 6 to 9
detect_structure.cc:114 Schur complement static structure <-1,-1,-1>.
detect_structure.cc:63 Dynamic row block size because the block size changed from 2 to 15
detect_structure.cc:74 Dynamic e block size because the block size changed from 1 to 9
detect_structure.cc:93 Dynamic f block size because the block size changed from 6 to 9
detect_structure.cc:114 Schur complement static structure <-1,-1,-1>.
schur_eliminator.cc:155 Template specializations not found for <-1,-1,-1>
block_sparse_matrix.cc:208 Allocating values array with 250488 bytes.
detect_structure.cc:63 Dynamic row block size because the block size changed from 2 to 15
detect_structure.cc:74 Dynamic e block size because the block size changed from 1 to 9
detect_structure.cc:93 Dynamic f block size because the block size changed from 6 to 9
detect_structure.cc:114 Schur complement static structure <-1,-1,-1>.
detect_structure.cc:63 Dynamic row block size because the block size changed from 2 to 15
detect_structure.cc:74 Dynamic e block size because the block size changed from 1 to 9
detect_structure.cc:93 Dynamic f block size because the block size changed from 6 to 9
detect_structure.cc:114 Schur complement static structure <-1,-1,-1>.
schur_eliminator.cc:155 Template specializations not found for <-1,-1,-1>
block_sparse_matrix.cc:208 Allocating values array with 248792 bytes.
detect_structure.cc:63 Dynamic row block size because the block size changed from 2 to 15
detect_structure.cc:74 Dynamic e block size because the block size changed from 1 to 9
detect_structure.cc:93 Dynamic f block size because the block size changed from 6 to 9
detect_structure.cc:114 Schur complement static structure <-1,-1,-1>.
detect_structure.cc:63 Dynamic row block size because the block size changed from 2 to 15
detect_structure.cc:74 Dynamic e block size because the block size changed from 1 to 9
detect_structure.cc:93 Dynamic f block size because the block size changed from 6 to 9
detect_structure.cc:114 Schur complement static structure <-1,-1,-1>.
schur_eliminator.cc:155 Template specializations not found for <-1,-1,-1>
[VIO DIAG] f=320 tri: ok=142 wait=40 fail=0 default=1 depth: avg=1.389037 min=0.218413 max=2.222895 |vel|=0.847634 vel=(-0.173730,0.412180,0.720006) ba=(0.033337,-0.085716,-0.040464) bg=(-0.000351,-0.000081,0.001013)
block_sparse_matrix.cc:208 Allocating values array with 262104 bytes.
detect_structure.cc:63 Dynamic row block size because the block size changed from 2 to 15
detect_structure.cc:74 Dynamic e block size because the block size changed from 1 to 9
detect_structure.cc:93 Dynamic f block size because the block size changed from 6 to 9
detect_structure.cc:114 Schur complement static structure <-1,-1,-1>.
detect_structure.cc:63 Dynamic row block size because the block size changed from 2 to 15
detect_structure.cc:74 Dynamic e block size because the block size changed from 1 to 9
detect_structure.cc:93 Dynamic f block size because the block size changed from 6 to 9
detect_structure.cc:114 Schur complement static structure <-1,-1,-1>.
schur_eliminator.cc:155 Template specializations not found for <-1,-1,-1>
block_sparse_matrix.cc:208 Allocating values array with 264184 bytes.
detect_structure.cc:63 Dynamic row block size because the block size changed from 2 to 15
detect_structure.cc:74 Dynamic e block size because the block size changed from 1 to 9
detect_structure.cc:93 Dynamic f block size because the block size changed from 6 to 9
detect_structure.cc:114 Schur complement static structure <-1,-1,-1>.
detect_structure.cc:63 Dynamic row block size because the block size changed from 2 to 15
detect_structure.cc:74 Dynamic e block size because the block size changed from 1 to 9
detect_structure.cc:93 Dynamic f block size because the block size changed from 6 to 9
detect_structure.cc:114 Schur complement static structure <-1,-1,-1>.
schur_eliminator.cc:155 Template specializations not found for <-1,-1,-1>
block_sparse_matrix.cc:208 Allocating values array with 263768 bytes.
detect_structure.cc:63 Dynamic row block size because the block size changed from 2 to 15
detect_structure.cc:74 Dynamic e block size because the block size changed from 1 to 9
detect_structure.cc:93 Dynamic f block size because the block size changed from 6 to 9
detect_structure.cc:114 Schur complement static structure <-1,-1,-1>.
detect_structure.cc:63 Dynamic row block size because the block size changed from 2 to 15
detect_structure.cc:74 Dynamic e block size because the block size changed from 1 to 9
detect_structure.cc:93 Dynamic f block size because the block size changed from 6 to 9
detect_structure.cc:114 Schur complement static structure <-1,-1,-1>.
schur_eliminator.cc:155 Template specializations not found for <-1,-1,-1>
block_sparse_matrix.cc:208 Allocating values array with 266680 bytes.
detect_structure.cc:63 Dynamic row block size because the block size changed from 2 to 15
detect_structure.cc:74 Dynamic e block size because the block size changed from 1 to 9
detect_structure.cc:93 Dynamic f block size because the block size changed from 6 to 9
detect_structure.cc:114 Schur complement static structure <-1,-1,-1>.
detect_structure.cc:63 Dynamic row block size because the block size changed from 2 to 15
detect_structure.cc:74 Dynamic e block size because the block size changed from 1 to 9
detect_structure.cc:93 Dynamic f block size because the block size changed from 6 to 9
detect_structure.cc:114 Schur complement static structure <-1,-1,-1>.
schur_eliminator.cc:155 Template specializations not found for <-1,-1,-1>
block_sparse_matrix.cc:208 Allocating values array with 272504 bytes.
detect_structure.cc:63 Dynamic row block size because the block size changed from 2 to 15
detect_structure.cc:74 Dynamic e block size because the block size changed from 1 to 9
detect_structure.cc:93 Dynamic f block size because the block size changed from 6 to 9
detect_structure.cc:114 Schur complement static structure <-1,-1,-1>.
detect_structure.cc:63 Dynamic row block size because the block size changed from 2 to 15
detect_structure.cc:74 Dynamic e block size because the block size changed from 1 to 9
detect_structure.cc:93 Dynamic f block size because the block size changed from 6 to 9
detect_structure.cc:114 Schur complement static structure <-1,-1,-1>.
schur_eliminator.cc:155 Template specializations not found for <-1,-1,-1>
block_sparse_matrix.cc:208 Allocating values array with 272712 bytes.
detect_structure.cc:63 Dynamic row block size because the block size changed from 2 to 15
detect_structure.cc:74 Dynamic e block size because the block size changed from 1 to 9
detect_structure.cc:93 Dynamic f block size because the block size changed from 6 to 9
detect_structure.cc:114 Schur complement static structure <-1,-1,-1>.
detect_structure.cc:63 Dynamic row block size because the block size changed from 2 to 15
detect_structure.cc:74 Dynamic e block size because the block size changed from 1 to 9
detect_structure.cc:93 Dynamic f block size because the block size changed from 6 to 9
detect_structure.cc:114 Schur complement static structure <-1,-1,-1>.
schur_eliminator.cc:155 Template specializations not found for <-1,-1,-1>
block_sparse_matrix.cc:208 Allocating values array with 276664 bytes.
detect_structure.cc:63 Dynamic row block size because the block size changed from 2 to 15
detect_structure.cc:74 Dynamic e block size because the block size changed from 1 to 9
detect_structure.cc:93 Dynamic f block size because the block size changed from 6 to 9
detect_structure.cc:114 Schur complement static structure <-1,-1,-1>.
detect_structure.cc:63 Dynamic row block size because the block size changed from 2 to 15
detect_structure.cc:74 Dynamic e block size because the block size changed from 1 to 9
detect_structure.cc:93 Dynamic f block size because the block size changed from 6 to 9
detect_structure.cc:114 Schur complement static structure <-1,-1,-1>.
schur_eliminator.cc:155 Template specializations not found for <-1,-1,-1>
block_sparse_matrix.cc:208 Allocating values array with 268584 bytes.
detect_structure.cc:63 Dynamic row block size because the block size changed from 2 to 15
detect_structure.cc:74 Dynamic e block size because the block size changed from 1 to 9
detect_structure.cc:93 Dynamic f block size because the block size changed from 6 to 9
detect_structure.cc:114 Schur complement static structure <-1,-1,-1>.
detect_structure.cc:63 Dynamic row block size because the block size changed from 2 to 15
detect_structure.cc:74 Dynamic e block size because the block size changed from 1 to 9
detect_structure.cc:93 Dynamic f block size because the block size changed from 6 to 9
detect_structure.cc:114 Schur complement static structure <-1,-1,-1>.
schur_eliminator.cc:155 Template specializations not found for <-1,-1,-1>
block_sparse_matrix.cc:208 Allocating values array with 282280 bytes.
detect_structure.cc:63 Dynamic row block size because the block size changed from 2 to 15
detect_structure.cc:74 Dynamic e block size because the block size changed from 1 to 9
detect_structure.cc:93 Dynamic f block size because the block size changed from 6 to 9
detect_structure.cc:114 Schur complement static structure <-1,-1,-1>.
detect_structure.cc:63 Dynamic row block size because the block size changed from 2 to 15
detect_structure.cc:74 Dynamic e block size because the block size changed from 1 to 9
detect_structure.cc:93 Dynamic f block size because the block size changed from 6 to 9
detect_structure.cc:114 Schur complement static structure <-1,-1,-1>.
schur_eliminator.cc:155 Template specializations not found for <-1,-1,-1>
block_sparse_matrix.cc:208 Allocating values array with 274824 bytes.
detect_structure.cc:63 Dynamic row block size because the block size changed from 2 to 15
detect_structure.cc:74 Dynamic e block size because the block size changed from 1 to 9
detect_structure.cc:93 Dynamic f block size because the block size changed from 6 to 9
detect_structure.cc:114 Schur complement static structure <-1,-1,-1>.
detect_structure.cc:63 Dynamic row block size because the block size changed from 2 to 15
detect_structure.cc:74 Dynamic e block size because the block size changed from 1 to 9
detect_structure.cc:93 Dynamic f block size because the block size changed from 6 to 9
detect_structure.cc:114 Schur complement static structure <-1,-1,-1>.
schur_eliminator.cc:155 Template specializations not found for <-1,-1,-1>
block_sparse_matrix.cc:208 Allocating values array with 291848 bytes.
detect_structure.cc:63 Dynamic row block size because the block size changed from 2 to 15
detect_structure.cc:74 Dynamic e block size because the block size changed from 1 to 9
detect_structure.cc:93 Dynamic f block size because the block size changed from 6 to 9
detect_structure.cc:114 Schur complement static structure <-1,-1,-1>.
detect_structure.cc:63 Dynamic row block size because the block size changed from 2 to 15
detect_structure.cc:74 Dynamic e block size because the block size changed from 1 to 9
detect_structure.cc:93 Dynamic f block size because the block size changed from 6 to 9
detect_structure.cc:114 Schur complement static structure <-1,-1,-1>.
schur_eliminator.cc:155 Template specializations not found for <-1,-1,-1>
block_sparse_matrix.cc:208 Allocating values array with 284392 bytes.
detect_structure.cc:63 Dynamic row block size because the block size changed from 2 to 15
detect_structure.cc:74 Dynamic e block size because the block size changed from 1 to 9
detect_structure.cc:93 Dynamic f block size because the block size changed from 6 to 9
detect_structure.cc:114 Schur complement static structure <-1,-1,-1>.
detect_structure.cc:63 Dynamic row block size because the block size changed from 2 to 15
detect_structure.cc:74 Dynamic e block size because the block size changed from 1 to 9
detect_structure.cc:93 Dynamic f block size because the block size changed from 6 to 9
detect_structure.cc:114 Schur complement static structure <-1,-1,-1>.
schur_eliminator.cc:155 Template specializations not found for <-1,-1,-1>
[FeatureTracker] F-matrix: 143 → 88 (rejected 55, threshold=1.000000)
block_sparse_matrix.cc:208 Allocating values array with 291848 bytes.
detect_structure.cc:63 Dynamic row block size because the block size changed from 2 to 15
detect_structure.cc:74 Dynamic e block size because the block size changed from 1 to 9
detect_structure.cc:93 Dynamic f block size because the block size changed from 6 to 9
detect_structure.cc:114 Schur complement static structure <-1,-1,-1>.
detect_structure.cc:63 Dynamic row block size because the block size changed from 2 to 15
detect_structure.cc:74 Dynamic e block size because the block size changed from 1 to 9
detect_structure.cc:93 Dynamic f block size because the block size changed from 6 to 9
detect_structure.cc:114 Schur complement static structure <-1,-1,-1>.
schur_eliminator.cc:155 Template specializations not found for <-1,-1,-1>
block_sparse_matrix.cc:208 Allocating values array with 291432 bytes.
detect_structure.cc:63 Dynamic row block size because the block size changed from 2 to 15
detect_structure.cc:74 Dynamic e block size because the block size changed from 1 to 9
detect_structure.cc:93 Dynamic f block size because the block size changed from 6 to 9
detect_structure.cc:114 Schur complement static structure <-1,-1,-1>.
detect_structure.cc:63 Dynamic row block size because the block size changed from 2 to 15
detect_structure.cc:74 Dynamic e block size because the block size changed from 1 to 9
detect_structure.cc:93 Dynamic f block size because the block size changed from 6 to 9
detect_structure.cc:114 Schur complement static structure <-1,-1,-1>.
schur_eliminator.cc:155 Template specializations not found for <-1,-1,-1>
block_sparse_matrix.cc:208 Allocating values array with 284184 bytes.
detect_structure.cc:63 Dynamic row block size because the block size changed from 2 to 15
detect_structure.cc:74 Dynamic e block size because the block size changed from 1 to 9
detect_structure.cc:93 Dynamic f block size because the block size changed from 6 to 9
detect_structure.cc:114 Schur complement static structure <-1,-1,-1>.
detect_structure.cc:63 Dynamic row block size because the block size changed from 2 to 15
detect_structure.cc:74 Dynamic e block size because the block size changed from 1 to 9
detect_structure.cc:93 Dynamic f block size because the block size changed from 6 to 9
detect_structure.cc:114 Schur complement static structure <-1,-1,-1>.
schur_eliminator.cc:155 Template specializations not found for <-1,-1,-1>
block_sparse_matrix.cc:208 Allocating values array with 288728 bytes.
detect_structure.cc:63 Dynamic row block size because the block size changed from 2 to 15
detect_structure.cc:74 Dynamic e block size because the block size changed from 1 to 9
detect_structure.cc:93 Dynamic f block size because the block size changed from 6 to 9
detect_structure.cc:114 Schur complement static structure <-1,-1,-1>.
detect_structure.cc:63 Dynamic row block size because the block size changed from 2 to 15
detect_structure.cc:74 Dynamic e block size because the block size changed from 1 to 9
detect_structure.cc:93 Dynamic f block size because the block size changed from 6 to 9
detect_structure.cc:114 Schur complement static structure <-1,-1,-1>.
schur_eliminator.cc:155 Template specializations not found for <-1,-1,-1>
block_sparse_matrix.cc:208 Allocating values array with 297880 bytes.
detect_structure.cc:63 Dynamic row block size because the block size changed from 2 to 15
detect_structure.cc:74 Dynamic e block size because the block size changed from 1 to 9
detect_structure.cc:93 Dynamic f block size because the block size changed from 6 to 9
detect_structure.cc:114 Schur complement static structure <-1,-1,-1>.
detect_structure.cc:63 Dynamic row block size because the block size changed from 2 to 15
detect_structure.cc:74 Dynamic e block size because the block size changed from 1 to 9
detect_structure.cc:93 Dynamic f block size because the block size changed from 6 to 9
detect_structure.cc:114 Schur complement static structure <-1,-1,-1>.
schur_eliminator.cc:155 Template specializations not found for <-1,-1,-1>
block_sparse_matrix.cc:208 Allocating values array with 298712 bytes.
detect_structure.cc:63 Dynamic row block size because the block size changed from 2 to 15
detect_structure.cc:74 Dynamic e block size because the block size changed from 1 to 9
detect_structure.cc:93 Dynamic f block size because the block size changed from 6 to 9
detect_structure.cc:114 Schur complement static structure <-1,-1,-1>.
detect_structure.cc:63 Dynamic row block size because the block size changed from 2 to 15
detect_structure.cc:74 Dynamic e block size because the block size changed from 1 to 9
detect_structure.cc:93 Dynamic f block size because the block size changed from 6 to 9
detect_structure.cc:114 Schur complement static structure <-1,-1,-1>.
schur_eliminator.cc:155 Template specializations not found for <-1,-1,-1>
block_sparse_matrix.cc:208 Allocating values array with 299128 bytes.
detect_structure.cc:63 Dynamic row block size because the block size changed from 2 to 15
detect_structure.cc:74 Dynamic e block size because the block size changed from 1 to 9
detect_structure.cc:93 Dynamic f block size because the block size changed from 6 to 9
detect_structure.cc:114 Schur complement static structure <-1,-1,-1>.
detect_structure.cc:63 Dynamic row block size because the block size changed from 2 to 15
detect_structure.cc:74 Dynamic e block size because the block size changed from 1 to 9
detect_structure.cc:93 Dynamic f block size because the block size changed from 6 to 9
detect_structure.cc:114 Schur complement static structure <-1,-1,-1>.
schur_eliminator.cc:155 Template specializations not found for <-1,-1,-1>
block_sparse_matrix.cc:208 Allocating values array with 299544 bytes.
detect_structure.cc:63 Dynamic row block size because the block size changed from 2 to 15
detect_structure.cc:74 Dynamic e block size because the block size changed from 1 to 9
detect_structure.cc:93 Dynamic f block size because the block size changed from 6 to 9
detect_structure.cc:114 Schur complement static structure <-1,-1,-1>.
detect_structure.cc:63 Dynamic row block size because the block size changed from 2 to 15
detect_structure.cc:74 Dynamic e block size because the block size changed from 1 to 9
detect_structure.cc:93 Dynamic f block size because the block size changed from 6 to 9
detect_structure.cc:114 Schur complement static structure <-1,-1,-1>.
schur_eliminator.cc:155 Template specializations not found for <-1,-1,-1>
[VIO DIAG] f=340 tri: ok=172 wait=3 fail=0 default=0 depth: avg=1.738551 min=0.031085 max=5.909894 |vel|=0.937935 vel=(-0.745857,-0.127787,-0.554158) ba=(0.034160,-0.093732,-0.042319) bg=(-0.000289,-0.000326,0.001015)
block_sparse_matrix.cc:208 Allocating values array with 294344 bytes.
detect_structure.cc:63 Dynamic row block size because the block size changed from 2 to 15
detect_structure.cc:74 Dynamic e block size because the block size changed from 1 to 9
detect_structure.cc:93 Dynamic f block size because the block size changed from 6 to 9
detect_structure.cc:114 Schur complement static structure <-1,-1,-1>.
detect_structure.cc:63 Dynamic row block size because the block size changed from 2 to 15
detect_structure.cc:74 Dynamic e block size because the block size changed from 1 to 9
detect_structure.cc:93 Dynamic f block size because the block size changed from 6 to 9
detect_structure.cc:114 Schur complement static structure <-1,-1,-1>.
schur_eliminator.cc:155 Template specializations not found for <-1,-1,-1>
block_sparse_matrix.cc:208 Allocating values array with 288936 bytes.
detect_structure.cc:63 Dynamic row block size because the block size changed from 2 to 15
detect_structure.cc:74 Dynamic e block size because the block size changed from 1 to 9
detect_structure.cc:93 Dynamic f block size because the block size changed from 6 to 9
detect_structure.cc:114 Schur complement static structure <-1,-1,-1>.
detect_structure.cc:63 Dynamic row block size because the block size changed from 2 to 15
detect_structure.cc:74 Dynamic e block size because the block size changed from 1 to 9
detect_structure.cc:93 Dynamic f block size because the block size changed from 6 to 9
detect_structure.cc:114 Schur complement static structure <-1,-1,-1>.
schur_eliminator.cc:155 Template specializations not found for <-1,-1,-1>
block_sparse_matrix.cc:208 Allocating values array with 282072 bytes.
detect_structure.cc:63 Dynamic row block size because the block size changed from 2 to 15
detect_structure.cc:74 Dynamic e block size because the block size changed from 1 to 9
detect_structure.cc:93 Dynamic f block size because the block size changed from 6 to 9
detect_structure.cc:114 Schur complement static structure <-1,-1,-1>.
detect_structure.cc:63 Dynamic row block size because the block size changed from 2 to 15
detect_structure.cc:74 Dynamic e block size because the block size changed from 1 to 9
detect_structure.cc:93 Dynamic f block size because the block size changed from 6 to 9
detect_structure.cc:114 Schur complement static structure <-1,-1,-1>.
schur_eliminator.cc:155 Template specializations not found for <-1,-1,-1>
[VIOEngine] 300 frames → 172 poses
Loading configuration from: ./config/tum_vi_room1.yaml
Configuration loaded successfully from: ./config/tum_vi_room1.yaml
[INFO ] measurement_processor.cpp:21 === MeasurementProcessor Initialization ===
Loading configuration from: ./config/tum_vi_room1.yaml
Configuration loaded successfully from: ./config/tum_vi_room1.yaml
=== Configuration ===
Processing:
  frame_skip: 0
  start_frame: 0
  end_frame: -1
Camera:
  focal_length: 190.975892
  row: 512.000000
  col: 512.000000
  fx: 190.978477
  fy: 190.973307
  cx: 254.931706
  cy: 256.897443
  t_ic:  0.045176  0.072516 -0.043960
Feature Tracker:
  max_cnt: 150
  min_dist: 20
  window_size: 20
  f_threshold: 1.000000
  show_track: 1
  equalize: 1
  fisheye: 1
Estimator:
  window_size: 10
  num_iterations: 10
  solver_time: 0.100000
  min_parallax: 10.000000
  init_depth: 2.000000
  acc_n: 0.040000
  acc_w: 0.000400
  gyr_n: 0.004000
  gyr_w: 0.000020
  gravity: 0.000000 0.000000 9.810070
  num_of_features: 1000
===================
[INFO ] measurement_processor.cpp:54 1. Loading IMU data...
[INFO ] measurement_processor.cpp:104 Loaded 28122 IMU data entries
[INFO ] measurement_processor.cpp:109 2. Loading image data...
[INFO ] measurement_processor.cpp:153 Loaded 2821 image data entries

3. Data range information:
IMU data range: 1520530308.181901 (2018-03-08 17:31:48 UTC) ~ 1520530449.232329 (2018-03-08 17:34:09 UTC)
Image data range: 1520530308.199448 (2018-03-08 17:31:48 UTC) ~ 1520530449.203911 (2018-03-08 17:34:09 UTC)
unknown file: Failure
C++ exception with description "OpenCV(4.5.4) ./modules/highgui/src/window_gtk.cpp:652: error: (-2:Unspecified error) GTK backend is not available in function 'cvInitSystem'
" thrown in the test body.

[  FAILED  ] VIOParityTest.TrajectoryComparison (5327 ms)
[ RUN      ] VIOParityTest.VIOEngineSanity
Loading configuration from: ./config/tum_vi_room1.yaml
Configuration loaded successfully from: ./config/tum_vi_room1.yaml
block_sparse_matrix.cc:208 Allocating values array with 214272 bytes.
detect_structure.cc:114 Schur complement static structure <2,3,3>.
detect_structure.cc:114 Schur complement static structure <2,3,3>.
schur_eliminator.cc:155 Template specializations not found for <2,3,3>
block_sparse_matrix.cc:208 Allocating values array with 214080 bytes.
detect_structure.cc:114 Schur complement static structure <2,3,3>.
detect_structure.cc:114 Schur complement static structure <2,3,3>.
schur_eliminator.cc:155 Template specializations not found for <2,3,3>
block_sparse_matrix.cc:208 Allocating values array with 213792 bytes.
detect_structure.cc:114 Schur complement static structure <2,3,3>.
detect_structure.cc:114 Schur complement static structure <2,3,3>.
schur_eliminator.cc:155 Template specializations not found for <2,3,3>
block_sparse_matrix.cc:208 Allocating values array with 208512 bytes.
detect_structure.cc:114 Schur complement static structure <2,3,3>.
detect_structure.cc:114 Schur complement static structure <2,3,3>.
schur_eliminator.cc:155 Template specializations not found for <2,3,3>
block_sparse_matrix.cc:208 Allocating values array with 207552 bytes.
detect_structure.cc:114 Schur complement static structure <2,3,3>.
detect_structure.cc:114 Schur complement static structure <2,3,3>.
schur_eliminator.cc:155 Template specializations not found for <2,3,3>
[VIO] Initialization SUCCESS
[VIO]   gravity: -0.000000 -0.000000  9.810070 (norm=9.810070)
[VIO]   V[0]:  0.037854 -0.007637 -0.019949 (norm=0.043465)
[VIO]   Ba[0]: 0.000000 0.000000 0.000000
[VIO]   Bg[0]: -0.003514  0.005453 -0.001813
block_sparse_matrix.cc:208 Allocating values array with 326576 bytes.
detect_structure.cc:63 Dynamic row block size because the block size changed from 2 to 15
detect_structure.cc:74 Dynamic e block size because the block size changed from 1 to 9
detect_structure.cc:93 Dynamic f block size because the block size changed from 6 to 9
detect_structure.cc:114 Schur complement static structure <-1,-1,-1>.
detect_structure.cc:63 Dynamic row block size because the block size changed from 2 to 15
detect_structure.cc:74 Dynamic e block size because the block size changed from 1 to 9
detect_structure.cc:93 Dynamic f block size because the block size changed from 6 to 9
detect_structure.cc:114 Schur complement static structure <-1,-1,-1>.
schur_eliminator.cc:155 Template specializations not found for <-1,-1,-1>
block_sparse_matrix.cc:208 Allocating values array with 358824 bytes.
detect_structure.cc:63 Dynamic row block size because the block size changed from 2 to 15
detect_structure.cc:74 Dynamic e block size because the block size changed from 1 to 9
detect_structure.cc:93 Dynamic f block size because the block size changed from 6 to 9
detect_structure.cc:114 Schur complement static structure <-1,-1,-1>.
detect_structure.cc:63 Dynamic row block size because the block size changed from 2 to 15
detect_structure.cc:74 Dynamic e block size because the block size changed from 1 to 9
detect_structure.cc:93 Dynamic f block size because the block size changed from 6 to 9
detect_structure.cc:114 Schur complement static structure <-1,-1,-1>.
schur_eliminator.cc:155 Template specializations not found for <-1,-1,-1>
block_sparse_matrix.cc:208 Allocating values array with 356952 bytes.
detect_structure.cc:63 Dynamic row block size because the block size changed from 2 to 15
detect_structure.cc:74 Dynamic e block size because the block size changed from 1 to 9
detect_structure.cc:93 Dynamic f block size because the block size changed from 6 to 9
detect_structure.cc:114 Schur complement static structure <-1,-1,-1>.
detect_structure.cc:63 Dynamic row block size because the block size changed from 2 to 15
detect_structure.cc:74 Dynamic e block size because the block size changed from 1 to 9
detect_structure.cc:93 Dynamic f block size because the block size changed from 6 to 9
detect_structure.cc:114 Schur complement static structure <-1,-1,-1>.
schur_eliminator.cc:155 Template specializations not found for <-1,-1,-1>
block_sparse_matrix.cc:208 Allocating values array with 351336 bytes.
detect_structure.cc:63 Dynamic row block size because the block size changed from 2 to 15
detect_structure.cc:74 Dynamic e block size because the block size changed from 1 to 9
detect_structure.cc:93 Dynamic f block size because the block size changed from 6 to 9
detect_structure.cc:114 Schur complement static structure <-1,-1,-1>.
detect_structure.cc:63 Dynamic row block size because the block size changed from 2 to 15
detect_structure.cc:74 Dynamic e block size because the block size changed from 1 to 9
detect_structure.cc:93 Dynamic f block size because the block size changed from 6 to 9
detect_structure.cc:114 Schur complement static structure <-1,-1,-1>.
schur_eliminator.cc:155 Template specializations not found for <-1,-1,-1>
block_sparse_matrix.cc:208 Allocating values array with 344680 bytes.
detect_structure.cc:63 Dynamic row block size because the block size changed from 2 to 15
detect_structure.cc:74 Dynamic e block size because the block size changed from 1 to 9
detect_structure.cc:93 Dynamic f block size because the block size changed from 6 to 9
detect_structure.cc:114 Schur complement static structure <-1,-1,-1>.
detect_structure.cc:63 Dynamic row block size because the block size changed from 2 to 15
detect_structure.cc:74 Dynamic e block size because the block size changed from 1 to 9
detect_structure.cc:93 Dynamic f block size because the block size changed from 6 to 9
detect_structure.cc:114 Schur complement static structure <-1,-1,-1>.
schur_eliminator.cc:155 Template specializations not found for <-1,-1,-1>
block_sparse_matrix.cc:208 Allocating values array with 340104 bytes.
detect_structure.cc:63 Dynamic row block size because the block size changed from 2 to 15
detect_structure.cc:74 Dynamic e block size because the block size changed from 1 to 9
detect_structure.cc:93 Dynamic f block size because the block size changed from 6 to 9
detect_structure.cc:114 Schur complement static structure <-1,-1,-1>.
detect_structure.cc:63 Dynamic row block size because the block size changed from 2 to 15
detect_structure.cc:74 Dynamic e block size because the block size changed from 1 to 9
detect_structure.cc:93 Dynamic f block size because the block size changed from 6 to 9
detect_structure.cc:114 Schur complement static structure <-1,-1,-1>.
schur_eliminator.cc:155 Template specializations not found for <-1,-1,-1>
block_sparse_matrix.cc:208 Allocating values array with 334904 bytes.
detect_structure.cc:63 Dynamic row block size because the block size changed from 2 to 15
detect_structure.cc:74 Dynamic e block size because the block size changed from 1 to 9
detect_structure.cc:93 Dynamic f block size because the block size changed from 6 to 9
detect_structure.cc:114 Schur complement static structure <-1,-1,-1>.
detect_structure.cc:63 Dynamic row block size because the block size changed from 2 to 15
detect_structure.cc:74 Dynamic e block size because the block size changed from 1 to 9
detect_structure.cc:93 Dynamic f block size because the block size changed from 6 to 9
detect_structure.cc:114 Schur complement static structure <-1,-1,-1>.
schur_eliminator.cc:155 Template specializations not found for <-1,-1,-1>
block_sparse_matrix.cc:208 Allocating values array with 331784 bytes.
detect_structure.cc:63 Dynamic row block size because the block size changed from 2 to 15
detect_structure.cc:74 Dynamic e block size because the block size changed from 1 to 9
detect_structure.cc:93 Dynamic f block size because the block size changed from 6 to 9
detect_structure.cc:114 Schur complement static structure <-1,-1,-1>.
detect_structure.cc:63 Dynamic row block size because the block size changed from 2 to 15
detect_structure.cc:74 Dynamic e block size because the block size changed from 1 to 9
detect_structure.cc:93 Dynamic f block size because the block size changed from 6 to 9
detect_structure.cc:114 Schur complement static structure <-1,-1,-1>.
schur_eliminator.cc:155 Template specializations not found for <-1,-1,-1>
block_sparse_matrix.cc:208 Allocating values array with 324296 bytes.
detect_structure.cc:63 Dynamic row block size because the block size changed from 2 to 15
detect_structure.cc:74 Dynamic e block size because the block size changed from 1 to 9
detect_structure.cc:93 Dynamic f block size because the block size changed from 6 to 9
detect_structure.cc:114 Schur complement static structure <-1,-1,-1>.
detect_structure.cc:63 Dynamic row block size because the block size changed from 2 to 15
detect_structure.cc:74 Dynamic e block size because the block size changed from 1 to 9
detect_structure.cc:93 Dynamic f block size because the block size changed from 6 to 9
detect_structure.cc:114 Schur complement static structure <-1,-1,-1>.
schur_eliminator.cc:155 Template specializations not found for <-1,-1,-1>
block_sparse_matrix.cc:208 Allocating values array with 318264 bytes.
detect_structure.cc:63 Dynamic row block size because the block size changed from 2 to 15
detect_structure.cc:74 Dynamic e block size because the block size changed from 1 to 9
detect_structure.cc:93 Dynamic f block size because the block size changed from 6 to 9
detect_structure.cc:114 Schur complement static structure <-1,-1,-1>.
detect_structure.cc:63 Dynamic row block size because the block size changed from 2 to 15
detect_structure.cc:74 Dynamic e block size because the block size changed from 1 to 9
detect_structure.cc:93 Dynamic f block size because the block size changed from 6 to 9
detect_structure.cc:114 Schur complement static structure <-1,-1,-1>.
schur_eliminator.cc:155 Template specializations not found for <-1,-1,-1>
block_sparse_matrix.cc:208 Allocating values array with 314520 bytes.
detect_structure.cc:63 Dynamic row block size because the block size changed from 2 to 15
detect_structure.cc:74 Dynamic e block size because the block size changed from 1 to 9
detect_structure.cc:93 Dynamic f block size because the block size changed from 6 to 9
detect_structure.cc:114 Schur complement static structure <-1,-1,-1>.
detect_structure.cc:63 Dynamic row block size because the block size changed from 2 to 15
detect_structure.cc:74 Dynamic e block size because the block size changed from 1 to 9
detect_structure.cc:93 Dynamic f block size because the block size changed from 6 to 9
detect_structure.cc:114 Schur complement static structure <-1,-1,-1>.
schur_eliminator.cc:155 Template specializations not found for <-1,-1,-1>
block_sparse_matrix.cc:208 Allocating values array with 311816 bytes.
detect_structure.cc:63 Dynamic row block size because the block size changed from 2 to 15
detect_structure.cc:74 Dynamic e block size because the block size changed from 1 to 9
detect_structure.cc:93 Dynamic f block size because the block size changed from 6 to 9
detect_structure.cc:114 Schur complement static structure <-1,-1,-1>.
detect_structure.cc:63 Dynamic row block size because the block size changed from 2 to 15
detect_structure.cc:74 Dynamic e block size because the block size changed from 1 to 9
detect_structure.cc:93 Dynamic f block size because the block size changed from 6 to 9
detect_structure.cc:114 Schur complement static structure <-1,-1,-1>.
schur_eliminator.cc:155 Template specializations not found for <-1,-1,-1>
block_sparse_matrix.cc:208 Allocating values array with 304776 bytes.
detect_structure.cc:63 Dynamic row block size because the block size changed from 2 to 15
detect_structure.cc:74 Dynamic e block size because the block size changed from 1 to 9
detect_structure.cc:93 Dynamic f block size because the block size changed from 6 to 9
detect_structure.cc:114 Schur complement static structure <-1,-1,-1>.
detect_structure.cc:63 Dynamic row block size because the block size changed from 2 to 15
detect_structure.cc:74 Dynamic e block size because the block size changed from 1 to 9
detect_structure.cc:93 Dynamic f block size because the block size changed from 6 to 9
detect_structure.cc:114 Schur complement static structure <-1,-1,-1>.
schur_eliminator.cc:155 Template specializations not found for <-1,-1,-1>
block_sparse_matrix.cc:208 Allocating values array with 312232 bytes.
detect_structure.cc:63 Dynamic row block size because the block size changed from 2 to 15
detect_structure.cc:74 Dynamic e block size because the block size changed from 1 to 9
detect_structure.cc:93 Dynamic f block size because the block size changed from 6 to 9
detect_structure.cc:114 Schur complement static structure <-1,-1,-1>.
detect_structure.cc:63 Dynamic row block size because the block size changed from 2 to 15
detect_structure.cc:74 Dynamic e block size because the block size changed from 1 to 9
detect_structure.cc:93 Dynamic f block size because the block size changed from 6 to 9
detect_structure.cc:114 Schur complement static structure <-1,-1,-1>.
schur_eliminator.cc:155 Template specializations not found for <-1,-1,-1>
[FeatureTracker] F-matrix: 145 → 91 (rejected 54, threshold=1.000000)
block_sparse_matrix.cc:208 Allocating values array with 297704 bytes.
detect_structure.cc:63 Dynamic row block size because the block size changed from 2 to 15
detect_structure.cc:74 Dynamic e block size because the block size changed from 1 to 9
detect_structure.cc:93 Dynamic f block size because the block size changed from 6 to 9
detect_structure.cc:114 Schur complement static structure <-1,-1,-1>.
detect_structure.cc:63 Dynamic row block size because the block size changed from 2 to 15
detect_structure.cc:74 Dynamic e block size because the block size changed from 1 to 9
detect_structure.cc:93 Dynamic f block size because the block size changed from 6 to 9
detect_structure.cc:114 Schur complement static structure <-1,-1,-1>.
schur_eliminator.cc:155 Template specializations not found for <-1,-1,-1>
block_sparse_matrix.cc:208 Allocating values array with 289592 bytes.
detect_structure.cc:63 Dynamic row block size because the block size changed from 2 to 15
detect_structure.cc:74 Dynamic e block size because the block size changed from 1 to 9
detect_structure.cc:93 Dynamic f block size because the block size changed from 6 to 9
detect_structure.cc:114 Schur complement static structure <-1,-1,-1>.
detect_structure.cc:63 Dynamic row block size because the block size changed from 2 to 15
detect_structure.cc:74 Dynamic e block size because the block size changed from 1 to 9
detect_structure.cc:93 Dynamic f block size because the block size changed from 6 to 9
detect_structure.cc:114 Schur complement static structure <-1,-1,-1>.
schur_eliminator.cc:155 Template specializations not found for <-1,-1,-1>
block_sparse_matrix.cc:208 Allocating values array with 289384 bytes.
detect_structure.cc:63 Dynamic row block size because the block size changed from 2 to 15
detect_structure.cc:74 Dynamic e block size because the block size changed from 1 to 9
detect_structure.cc:93 Dynamic f block size because the block size changed from 6 to 9
detect_structure.cc:114 Schur complement static structure <-1,-1,-1>.
detect_structure.cc:63 Dynamic row block size because the block size changed from 2 to 15
detect_structure.cc:74 Dynamic e block size because the block size changed from 1 to 9
detect_structure.cc:93 Dynamic f block size because the block size changed from 6 to 9
detect_structure.cc:114 Schur complement static structure <-1,-1,-1>.
schur_eliminator.cc:155 Template specializations not found for <-1,-1,-1>
[VIO DIAG] f=360 tri: ok=171 wait=0 fail=0 default=1 depth: avg=1.401577 min=0.432032 max=2.000282 |vel|=0.532985 vel=(-0.160778,0.060738,-0.504514) ba=(-0.117774,-0.904417,0.016560) bg=(-0.002752,0.000543,-0.000370)
block_sparse_matrix.cc:208 Allocating values array with 288968 bytes.
detect_structure.cc:63 Dynamic row block size because the block size changed from 2 to 15
detect_structure.cc:74 Dynamic e block size because the block size changed from 1 to 9
detect_structure.cc:93 Dynamic f block size because the block size changed from 6 to 9
detect_structure.cc:114 Schur complement static structure <-1,-1,-1>.
detect_structure.cc:63 Dynamic row block size because the block size changed from 2 to 15
detect_structure.cc:74 Dynamic e block size because the block size changed from 1 to 9
detect_structure.cc:93 Dynamic f block size because the block size changed from 6 to 9
detect_structure.cc:114 Schur complement static structure <-1,-1,-1>.
schur_eliminator.cc:155 Template specializations not found for <-1,-1,-1>
block_sparse_matrix.cc:208 Allocating values array with 288344 bytes.
detect_structure.cc:63 Dynamic row block size because the block size changed from 2 to 15
detect_structure.cc:74 Dynamic e block size because the block size changed from 1 to 9
detect_structure.cc:93 Dynamic f block size because the block size changed from 6 to 9
detect_structure.cc:114 Schur complement static structure <-1,-1,-1>.
detect_structure.cc:63 Dynamic row block size because the block size changed from 2 to 15
detect_structure.cc:74 Dynamic e block size because the block size changed from 1 to 9
detect_structure.cc:93 Dynamic f block size because the block size changed from 6 to 9
detect_structure.cc:114 Schur complement static structure <-1,-1,-1>.
schur_eliminator.cc:155 Template specializations not found for <-1,-1,-1>
block_sparse_matrix.cc:208 Allocating values array with 285608 bytes.
detect_structure.cc:63 Dynamic row block size because the block size changed from 2 to 15
detect_structure.cc:74 Dynamic e block size because the block size changed from 1 to 9
detect_structure.cc:93 Dynamic f block size because the block size changed from 6 to 9
detect_structure.cc:114 Schur complement static structure <-1,-1,-1>.
detect_structure.cc:63 Dynamic row block size because the block size changed from 2 to 15
detect_structure.cc:74 Dynamic e block size because the block size changed from 1 to 9
detect_structure.cc:93 Dynamic f block size because the block size changed from 6 to 9
detect_structure.cc:114 Schur complement static structure <-1,-1,-1>.
schur_eliminator.cc:155 Template specializations not found for <-1,-1,-1>
block_sparse_matrix.cc:208 Allocating values array with 289976 bytes.
detect_structure.cc:63 Dynamic row block size because the block size changed from 2 to 15
detect_structure.cc:74 Dynamic e block size because the block size changed from 1 to 9
detect_structure.cc:93 Dynamic f block size because the block size changed from 6 to 9
detect_structure.cc:114 Schur complement static structure <-1,-1,-1>.
detect_structure.cc:63 Dynamic row block size because the block size changed from 2 to 15
detect_structure.cc:74 Dynamic e block size because the block size changed from 1 to 9
detect_structure.cc:93 Dynamic f block size because the block size changed from 6 to 9
detect_structure.cc:114 Schur complement static structure <-1,-1,-1>.
schur_eliminator.cc:155 Template specializations not found for <-1,-1,-1>
block_sparse_matrix.cc:208 Allocating values array with 287064 bytes.
detect_structure.cc:63 Dynamic row block size because the block size changed from 2 to 15
detect_structure.cc:74 Dynamic e block size because the block size changed from 1 to 9
detect_structure.cc:93 Dynamic f block size because the block size changed from 6 to 9
detect_structure.cc:114 Schur complement static structure <-1,-1,-1>.
detect_structure.cc:63 Dynamic row block size because the block size changed from 2 to 15
detect_structure.cc:74 Dynamic e block size because the block size changed from 1 to 9
detect_structure.cc:93 Dynamic f block size because the block size changed from 6 to 9
detect_structure.cc:114 Schur complement static structure <-1,-1,-1>.
schur_eliminator.cc:155 Template specializations not found for <-1,-1,-1>
block_sparse_matrix.cc:208 Allocating values array with 284152 bytes.
detect_structure.cc:63 Dynamic row block size because the block size changed from 2 to 15
detect_structure.cc:74 Dynamic e block size because the block size changed from 1 to 9
detect_structure.cc:93 Dynamic f block size because the block size changed from 6 to 9
detect_structure.cc:114 Schur complement static structure <-1,-1,-1>.
detect_structure.cc:63 Dynamic row block size because the block size changed from 2 to 15
detect_structure.cc:74 Dynamic e block size because the block size changed from 1 to 9
detect_structure.cc:93 Dynamic f block size because the block size changed from 6 to 9
detect_structure.cc:114 Schur complement static structure <-1,-1,-1>.
schur_eliminator.cc:155 Template specializations not found for <-1,-1,-1>
block_sparse_matrix.cc:208 Allocating values array with 279992 bytes.
detect_structure.cc:63 Dynamic row block size because the block size changed from 2 to 15
detect_structure.cc:74 Dynamic e block size because the block size changed from 1 to 9
detect_structure.cc:93 Dynamic f block size because the block size changed from 6 to 9
detect_structure.cc:114 Schur complement static structure <-1,-1,-1>.
detect_structure.cc:63 Dynamic row block size because the block size changed from 2 to 15
detect_structure.cc:74 Dynamic e block size because the block size changed from 1 to 9
detect_structure.cc:93 Dynamic f block size because the block size changed from 6 to 9
detect_structure.cc:114 Schur complement static structure <-1,-1,-1>.
schur_eliminator.cc:155 Template specializations not found for <-1,-1,-1>
block_sparse_matrix.cc:208 Allocating values array with 276872 bytes.
detect_structure.cc:63 Dynamic row block size because the block size changed from 2 to 15
detect_structure.cc:74 Dynamic e block size because the block size changed from 1 to 9
detect_structure.cc:93 Dynamic f block size because the block size changed from 6 to 9
detect_structure.cc:114 Schur complement static structure <-1,-1,-1>.
detect_structure.cc:63 Dynamic row block size because the block size changed from 2 to 15
detect_structure.cc:74 Dynamic e block size because the block size changed from 1 to 9
detect_structure.cc:93 Dynamic f block size because the block size changed from 6 to 9
detect_structure.cc:114 Schur complement static structure <-1,-1,-1>.
schur_eliminator.cc:155 Template specializations not found for <-1,-1,-1>
block_sparse_matrix.cc:208 Allocating values array with 273128 bytes.
detect_structure.cc:63 Dynamic row block size because the block size changed from 2 to 15
detect_structure.cc:74 Dynamic e block size because the block size changed from 1 to 9
detect_structure.cc:93 Dynamic f block size because the block size changed from 6 to 9
detect_structure.cc:114 Schur complement static structure <-1,-1,-1>.
detect_structure.cc:63 Dynamic row block size because the block size changed from 2 to 15
detect_structure.cc:74 Dynamic e block size because the block size changed from 1 to 9
detect_structure.cc:93 Dynamic f block size because the block size changed from 6 to 9
detect_structure.cc:114 Schur complement static structure <-1,-1,-1>.
schur_eliminator.cc:155 Template specializations not found for <-1,-1,-1>
block_sparse_matrix.cc:208 Allocating values array with 268344 bytes.
detect_structure.cc:63 Dynamic row block size because the block size changed from 2 to 15
detect_structure.cc:74 Dynamic e block size because the block size changed from 1 to 9
detect_structure.cc:93 Dynamic f block size because the block size changed from 6 to 9
detect_structure.cc:114 Schur complement static structure <-1,-1,-1>.
detect_structure.cc:63 Dynamic row block size because the block size changed from 2 to 15
detect_structure.cc:74 Dynamic e block size because the block size changed from 1 to 9
detect_structure.cc:93 Dynamic f block size because the block size changed from 6 to 9
detect_structure.cc:114 Schur complement static structure <-1,-1,-1>.
schur_eliminator.cc:155 Template specializations not found for <-1,-1,-1>
block_sparse_matrix.cc:208 Allocating values array with 273336 bytes.
detect_structure.cc:63 Dynamic row block size because the block size changed from 2 to 15
detect_structure.cc:74 Dynamic e block size because the block size changed from 1 to 9
detect_structure.cc:93 Dynamic f block size because the block size changed from 6 to 9
detect_structure.cc:114 Schur complement static structure <-1,-1,-1>.
detect_structure.cc:63 Dynamic row block size because the block size changed from 2 to 15
detect_structure.cc:74 Dynamic e block size because the block size changed from 1 to 9
detect_structure.cc:93 Dynamic f block size because the block size changed from 6 to 9
detect_structure.cc:114 Schur complement static structure <-1,-1,-1>.
schur_eliminator.cc:155 Template specializations not found for <-1,-1,-1>
block_sparse_matrix.cc:208 Allocating values array with 274376 bytes.
detect_structure.cc:63 Dynamic row block size because the block size changed from 2 to 15
detect_structure.cc:74 Dynamic e block size because the block size changed from 1 to 9
detect_structure.cc:93 Dynamic f block size because the block size changed from 6 to 9
detect_structure.cc:114 Schur complement static structure <-1,-1,-1>.
detect_structure.cc:63 Dynamic row block size because the block size changed from 2 to 15
detect_structure.cc:74 Dynamic e block size because the block size changed from 1 to 9
detect_structure.cc:93 Dynamic f block size because the block size changed from 6 to 9
detect_structure.cc:114 Schur complement static structure <-1,-1,-1>.
schur_eliminator.cc:155 Template specializations not found for <-1,-1,-1>
block_sparse_matrix.cc:208 Allocating values array with 270632 bytes.
detect_structure.cc:63 Dynamic row block size because the block size changed from 2 to 15
detect_structure.cc:74 Dynamic e block size because the block size changed from 1 to 9
detect_structure.cc:93 Dynamic f block size because the block size changed from 6 to 9
detect_structure.cc:114 Schur complement static structure <-1,-1,-1>.
detect_structure.cc:63 Dynamic row block size because the block size changed from 2 to 15
detect_structure.cc:74 Dynamic e block size because the block size changed from 1 to 9
detect_structure.cc:93 Dynamic f block size because the block size changed from 6 to 9
detect_structure.cc:114 Schur complement static structure <-1,-1,-1>.
schur_eliminator.cc:155 Template specializations not found for <-1,-1,-1>
[FeatureTracker] F-matrix: 122 → 60 (rejected 62, threshold=1.000000)
block_sparse_matrix.cc:208 Allocating values array with 263768 bytes.
detect_structure.cc:63 Dynamic row block size because the block size changed from 2 to 15
detect_structure.cc:74 Dynamic e block size because the block size changed from 1 to 9
detect_structure.cc:93 Dynamic f block size because the block size changed from 6 to 9
detect_structure.cc:114 Schur complement static structure <-1,-1,-1>.
detect_structure.cc:63 Dynamic row block size because the block size changed from 2 to 15
detect_structure.cc:74 Dynamic e block size because the block size changed from 1 to 9
detect_structure.cc:93 Dynamic f block size because the block size changed from 6 to 9
detect_structure.cc:114 Schur complement static structure <-1,-1,-1>.
schur_eliminator.cc:155 Template specializations not found for <-1,-1,-1>
block_sparse_matrix.cc:208 Allocating values array with 248408 bytes.
detect_structure.cc:63 Dynamic row block size because the block size changed from 2 to 15
detect_structure.cc:74 Dynamic e block size because the block size changed from 1 to 9
detect_structure.cc:93 Dynamic f block size because the block size changed from 6 to 9
detect_structure.cc:114 Schur complement static structure <-1,-1,-1>.
detect_structure.cc:63 Dynamic row block size because the block size changed from 2 to 15
detect_structure.cc:74 Dynamic e block size because the block size changed from 1 to 9
detect_structure.cc:93 Dynamic f block size because the block size changed from 6 to 9
detect_structure.cc:114 Schur complement static structure <-1,-1,-1>.
schur_eliminator.cc:155 Template specializations not found for <-1,-1,-1>
block_sparse_matrix.cc:208 Allocating values array with 247960 bytes.
detect_structure.cc:63 Dynamic row block size because the block size changed from 2 to 15
detect_structure.cc:74 Dynamic e block size because the block size changed from 1 to 9
detect_structure.cc:93 Dynamic f block size because the block size changed from 6 to 9
detect_structure.cc:114 Schur complement static structure <-1,-1,-1>.
detect_structure.cc:63 Dynamic row block size because the block size changed from 2 to 15
detect_structure.cc:74 Dynamic e block size because the block size changed from 1 to 9
detect_structure.cc:93 Dynamic f block size because the block size changed from 6 to 9
detect_structure.cc:114 Schur complement static structure <-1,-1,-1>.
schur_eliminator.cc:155 Template specializations not found for <-1,-1,-1>
block_sparse_matrix.cc:208 Allocating values array with 241336 bytes.
detect_structure.cc:63 Dynamic row block size because the block size changed from 2 to 15
detect_structure.cc:74 Dynamic e block size because the block size changed from 1 to 9
detect_structure.cc:93 Dynamic f block size because the block size changed from 6 to 9
detect_structure.cc:114 Schur complement static structure <-1,-1,-1>.
detect_structure.cc:63 Dynamic row block size because the block size changed from 2 to 15
detect_structure.cc:74 Dynamic e block size because the block size changed from 1 to 9
detect_structure.cc:93 Dynamic f block size because the block size changed from 6 to 9
detect_structure.cc:114 Schur complement static structure <-1,-1,-1>.
schur_eliminator.cc:155 Template specializations not found for <-1,-1,-1>
block_sparse_matrix.cc:208 Allocating values array with 238808 bytes.
detect_structure.cc:63 Dynamic row block size because the block size changed from 2 to 15
detect_structure.cc:74 Dynamic e block size because the block size changed from 1 to 9
detect_structure.cc:93 Dynamic f block size because the block size changed from 6 to 9
detect_structure.cc:114 Schur complement static structure <-1,-1,-1>.
detect_structure.cc:63 Dynamic row block size because the block size changed from 2 to 15
detect_structure.cc:74 Dynamic e block size because the block size changed from 1 to 9
detect_structure.cc:93 Dynamic f block size because the block size changed from 6 to 9
detect_structure.cc:114 Schur complement static structure <-1,-1,-1>.
schur_eliminator.cc:155 Template specializations not found for <-1,-1,-1>
block_sparse_matrix.cc:208 Allocating values array with 265016 bytes.
detect_structure.cc:63 Dynamic row block size because the block size changed from 2 to 15
detect_structure.cc:74 Dynamic e block size because the block size changed from 1 to 9
detect_structure.cc:93 Dynamic f block size because the block size changed from 6 to 9
detect_structure.cc:114 Schur complement static structure <-1,-1,-1>.
detect_structure.cc:63 Dynamic row block size because the block size changed from 2 to 15
detect_structure.cc:74 Dynamic e block size because the block size changed from 1 to 9
detect_structure.cc:93 Dynamic f block size because the block size changed from 6 to 9
detect_structure.cc:114 Schur complement static structure <-1,-1,-1>.
schur_eliminator.cc:155 Template specializations not found for <-1,-1,-1>
block_sparse_matrix.cc:208 Allocating values array with 269800 bytes.
detect_structure.cc:63 Dynamic row block size because the block size changed from 2 to 15
detect_structure.cc:74 Dynamic e block size because the block size changed from 1 to 9
detect_structure.cc:93 Dynamic f block size because the block size changed from 6 to 9
detect_structure.cc:114 Schur complement static structure <-1,-1,-1>.
detect_structure.cc:63 Dynamic row block size because the block size changed from 2 to 15
detect_structure.cc:74 Dynamic e block size because the block size changed from 1 to 9
detect_structure.cc:93 Dynamic f block size because the block size changed from 6 to 9
detect_structure.cc:114 Schur complement static structure <-1,-1,-1>.
schur_eliminator.cc:155 Template specializations not found for <-1,-1,-1>
[VIO DIAG] f=380 tri: ok=168 wait=4 fail=0 default=0 depth: avg=1.437605 min=0.113790 max=2.288423 |vel|=1.108264 vel=(-0.669460,-0.270514,0.840770) ba=(0.248395,-0.845073,0.028572) bg=(-0.003690,-0.001308,0.000345)
block_sparse_matrix.cc:208 Allocating values array with 272920 bytes.
detect_structure.cc:63 Dynamic row block size because the block size changed from 2 to 15
detect_structure.cc:74 Dynamic e block size because the block size changed from 1 to 9
detect_structure.cc:93 Dynamic f block size because the block size changed from 6 to 9
detect_structure.cc:114 Schur complement static structure <-1,-1,-1>.
detect_structure.cc:63 Dynamic row block size because the block size changed from 2 to 15
detect_structure.cc:74 Dynamic e block size because the block size changed from 1 to 9
detect_structure.cc:93 Dynamic f block size because the block size changed from 6 to 9
detect_structure.cc:114 Schur complement static structure <-1,-1,-1>.
schur_eliminator.cc:155 Template specializations not found for <-1,-1,-1>
block_sparse_matrix.cc:208 Allocating values array with 279160 bytes.
detect_structure.cc:63 Dynamic row block size because the block size changed from 2 to 15
detect_structure.cc:74 Dynamic e block size because the block size changed from 1 to 9
detect_structure.cc:93 Dynamic f block size because the block size changed from 6 to 9
detect_structure.cc:114 Schur complement static structure <-1,-1,-1>.
detect_structure.cc:63 Dynamic row block size because the block size changed from 2 to 15
detect_structure.cc:74 Dynamic e block size because the block size changed from 1 to 9
detect_structure.cc:93 Dynamic f block size because the block size changed from 6 to 9
detect_structure.cc:114 Schur complement static structure <-1,-1,-1>.
schur_eliminator.cc:155 Template specializations not found for <-1,-1,-1>
block_sparse_matrix.cc:208 Allocating values array with 285192 bytes.
detect_structure.cc:63 Dynamic row block size because the block size changed from 2 to 15
detect_structure.cc:74 Dynamic e block size because the block size changed from 1 to 9
detect_structure.cc:93 Dynamic f block size because the block size changed from 6 to 9
detect_structure.cc:114 Schur complement static structure <-1,-1,-1>.
detect_structure.cc:63 Dynamic row block size because the block size changed from 2 to 15
detect_structure.cc:74 Dynamic e block size because the block size changed from 1 to 9
detect_structure.cc:93 Dynamic f block size because the block size changed from 6 to 9
detect_structure.cc:114 Schur complement static structure <-1,-1,-1>.
schur_eliminator.cc:155 Template specializations not found for <-1,-1,-1>
block_sparse_matrix.cc:208 Allocating values array with 290600 bytes.
detect_structure.cc:63 Dynamic row block size because the block size changed from 2 to 15
detect_structure.cc:74 Dynamic e block size because the block size changed from 1 to 9
detect_structure.cc:93 Dynamic f block size because the block size changed from 6 to 9
detect_structure.cc:114 Schur complement static structure <-1,-1,-1>.
detect_structure.cc:63 Dynamic row block size because the block size changed from 2 to 15
detect_structure.cc:74 Dynamic e block size because the block size changed from 1 to 9
detect_structure.cc:93 Dynamic f block size because the block size changed from 6 to 9
detect_structure.cc:114 Schur complement static structure <-1,-1,-1>.
schur_eliminator.cc:155 Template specializations not found for <-1,-1,-1>
block_sparse_matrix.cc:208 Allocating values array with 301832 bytes.
detect_structure.cc:63 Dynamic row block size because the block size changed from 2 to 15
detect_structure.cc:74 Dynamic e block size because the block size changed from 1 to 9
detect_structure.cc:93 Dynamic f block size because the block size changed from 6 to 9
detect_structure.cc:114 Schur complement static structure <-1,-1,-1>.
detect_structure.cc:63 Dynamic row block size because the block size changed from 2 to 15
detect_structure.cc:74 Dynamic e block size because the block size changed from 1 to 9
detect_structure.cc:93 Dynamic f block size because the block size changed from 6 to 9
detect_structure.cc:114 Schur complement static structure <-1,-1,-1>.
schur_eliminator.cc:155 Template specializations not found for <-1,-1,-1>
block_sparse_matrix.cc:208 Allocating values array with 314728 bytes.
detect_structure.cc:63 Dynamic row block size because the block size changed from 2 to 15
detect_structure.cc:74 Dynamic e block size because the block size changed from 1 to 9
detect_structure.cc:93 Dynamic f block size because the block size changed from 6 to 9
detect_structure.cc:114 Schur complement static structure <-1,-1,-1>.
detect_structure.cc:63 Dynamic row block size because the block size changed from 2 to 15
detect_structure.cc:74 Dynamic e block size because the block size changed from 1 to 9
detect_structure.cc:93 Dynamic f block size because the block size changed from 6 to 9
detect_structure.cc:114 Schur complement static structure <-1,-1,-1>.
schur_eliminator.cc:155 Template specializations not found for <-1,-1,-1>
block_sparse_matrix.cc:208 Allocating values array with 306856 bytes.
detect_structure.cc:63 Dynamic row block size because the block size changed from 2 to 15
detect_structure.cc:74 Dynamic e block size because the block size changed from 1 to 9
detect_structure.cc:93 Dynamic f block size because the block size changed from 6 to 9
detect_structure.cc:114 Schur complement static structure <-1,-1,-1>.
detect_structure.cc:63 Dynamic row block size because the block size changed from 2 to 15
detect_structure.cc:74 Dynamic e block size because the block size changed from 1 to 9
detect_structure.cc:93 Dynamic f block size because the block size changed from 6 to 9
detect_structure.cc:114 Schur complement static structure <-1,-1,-1>.
schur_eliminator.cc:155 Template specializations not found for <-1,-1,-1>
block_sparse_matrix.cc:208 Allocating values array with 314312 bytes.
detect_structure.cc:63 Dynamic row block size because the block size changed from 2 to 15
detect_structure.cc:74 Dynamic e block size because the block size changed from 1 to 9
detect_structure.cc:93 Dynamic f block size because the block size changed from 6 to 9
detect_structure.cc:114 Schur complement static structure <-1,-1,-1>.
detect_structure.cc:63 Dynamic row block size because the block size changed from 2 to 15
detect_structure.cc:74 Dynamic e block size because the block size changed from 1 to 9
detect_structure.cc:93 Dynamic f block size because the block size changed from 6 to 9
detect_structure.cc:114 Schur complement static structure <-1,-1,-1>.
schur_eliminator.cc:155 Template specializations not found for <-1,-1,-1>
block_sparse_matrix.cc:208 Allocating values array with 320968 bytes.
detect_structure.cc:63 Dynamic row block size because the block size changed from 2 to 15
detect_structure.cc:74 Dynamic e block size because the block size changed from 1 to 9
detect_structure.cc:93 Dynamic f block size because the block size changed from 6 to 9
detect_structure.cc:114 Schur complement static structure <-1,-1,-1>.
detect_structure.cc:63 Dynamic row block size because the block size changed from 2 to 15
detect_structure.cc:74 Dynamic e block size because the block size changed from 1 to 9
detect_structure.cc:93 Dynamic f block size because the block size changed from 6 to 9
detect_structure.cc:114 Schur complement static structure <-1,-1,-1>.
schur_eliminator.cc:155 Template specializations not found for <-1,-1,-1>
block_sparse_matrix.cc:208 Allocating values array with 322840 bytes.
detect_structure.cc:63 Dynamic row block size because the block size changed from 2 to 15
detect_structure.cc:74 Dynamic e block size because the block size changed from 1 to 9
detect_structure.cc:93 Dynamic f block size because the block size changed from 6 to 9
detect_structure.cc:114 Schur complement static structure <-1,-1,-1>.
detect_structure.cc:63 Dynamic row block size because the block size changed from 2 to 15
detect_structure.cc:74 Dynamic e block size because the block size changed from 1 to 9
detect_structure.cc:93 Dynamic f block size because the block size changed from 6 to 9
detect_structure.cc:114 Schur complement static structure <-1,-1,-1>.
schur_eliminator.cc:155 Template specializations not found for <-1,-1,-1>
[FeatureTracker] F-matrix: 129 → 68 (rejected 61, threshold=1.000000)
block_sparse_matrix.cc:208 Allocating values array with 312856 bytes.
detect_structure.cc:63 Dynamic row block size because the block size changed from 2 to 15
detect_structure.cc:74 Dynamic e block size because the block size changed from 1 to 9
detect_structure.cc:93 Dynamic f block size because the block size changed from 6 to 9
detect_structure.cc:114 Schur complement static structure <-1,-1,-1>.
detect_structure.cc:63 Dynamic row block size because the block size changed from 2 to 15
detect_structure.cc:74 Dynamic e block size because the block size changed from 1 to 9
detect_structure.cc:93 Dynamic f block size because the block size changed from 6 to 9
detect_structure.cc:114 Schur complement static structure <-1,-1,-1>.
schur_eliminator.cc:155 Template specializations not found for <-1,-1,-1>
block_sparse_matrix.cc:208 Allocating values array with 294376 bytes.
detect_structure.cc:63 Dynamic row block size because the block size changed from 2 to 15
detect_structure.cc:74 Dynamic e block size because the block size changed from 1 to 9
detect_structure.cc:93 Dynamic f block size because the block size changed from 6 to 9
detect_structure.cc:114 Schur complement static structure <-1,-1,-1>.
detect_structure.cc:63 Dynamic row block size because the block size changed from 2 to 15
detect_structure.cc:74 Dynamic e block size because the block size changed from 1 to 9
detect_structure.cc:93 Dynamic f block size because the block size changed from 6 to 9
detect_structure.cc:114 Schur complement static structure <-1,-1,-1>.
schur_eliminator.cc:155 Template specializations not found for <-1,-1,-1>
block_sparse_matrix.cc:208 Allocating values array with 288728 bytes.
detect_structure.cc:63 Dynamic row block size because the block size changed from 2 to 15
detect_structure.cc:74 Dynamic e block size because the block size changed from 1 to 9
detect_structure.cc:93 Dynamic f block size because the block size changed from 6 to 9
detect_structure.cc:114 Schur complement static structure <-1,-1,-1>.
detect_structure.cc:63 Dynamic row block size because the block size changed from 2 to 15
detect_structure.cc:74 Dynamic e block size because the block size changed from 1 to 9
detect_structure.cc:93 Dynamic f block size because the block size changed from 6 to 9
detect_structure.cc:114 Schur complement static structure <-1,-1,-1>.
schur_eliminator.cc:155 Template specializations not found for <-1,-1,-1>
block_sparse_matrix.cc:208 Allocating values array with 281688 bytes.
detect_structure.cc:63 Dynamic row block size because the block size changed from 2 to 15
detect_structure.cc:74 Dynamic e block size because the block size changed from 1 to 9
detect_structure.cc:93 Dynamic f block size because the block size changed from 6 to 9
detect_structure.cc:114 Schur complement static structure <-1,-1,-1>.
detect_structure.cc:63 Dynamic row block size because the block size changed from 2 to 15
detect_structure.cc:74 Dynamic e block size because the block size changed from 1 to 9
detect_structure.cc:93 Dynamic f block size because the block size changed from 6 to 9
detect_structure.cc:114 Schur complement static structure <-1,-1,-1>.
schur_eliminator.cc:155 Template specializations not found for <-1,-1,-1>
block_sparse_matrix.cc:208 Allocating values array with 275416 bytes.
detect_structure.cc:63 Dynamic row block size because the block size changed from 2 to 15
detect_structure.cc:74 Dynamic e block size because the block size changed from 1 to 9
detect_structure.cc:93 Dynamic f block size because the block size changed from 6 to 9
detect_structure.cc:114 Schur complement static structure <-1,-1,-1>.
detect_structure.cc:63 Dynamic row block size because the block size changed from 2 to 15
detect_structure.cc:74 Dynamic e block size because the block size changed from 1 to 9
detect_structure.cc:93 Dynamic f block size because the block size changed from 6 to 9
detect_structure.cc:114 Schur complement static structure <-1,-1,-1>.
schur_eliminator.cc:155 Template specializations not found for <-1,-1,-1>
block_sparse_matrix.cc:208 Allocating values array with 293304 bytes.
detect_structure.cc:63 Dynamic row block size because the block size changed from 2 to 15
detect_structure.cc:74 Dynamic e block size because the block size changed from 1 to 9
detect_structure.cc:93 Dynamic f block size because the block size changed from 6 to 9
detect_structure.cc:114 Schur complement static structure <-1,-1,-1>.
detect_structure.cc:63 Dynamic row block size because the block size changed from 2 to 15
detect_structure.cc:74 Dynamic e block size because the block size changed from 1 to 9
detect_structure.cc:93 Dynamic f block size because the block size changed from 6 to 9
detect_structure.cc:114 Schur complement static structure <-1,-1,-1>.
schur_eliminator.cc:155 Template specializations not found for <-1,-1,-1>
block_sparse_matrix.cc:208 Allocating values array with 284600 bytes.
detect_structure.cc:63 Dynamic row block size because the block size changed from 2 to 15
detect_structure.cc:74 Dynamic e block size because the block size changed from 1 to 9
detect_structure.cc:93 Dynamic f block size because the block size changed from 6 to 9
detect_structure.cc:114 Schur complement static structure <-1,-1,-1>.
detect_structure.cc:63 Dynamic row block size because the block size changed from 2 to 15
detect_structure.cc:74 Dynamic e block size because the block size changed from 1 to 9
detect_structure.cc:93 Dynamic f block size because the block size changed from 6 to 9
detect_structure.cc:114 Schur complement static structure <-1,-1,-1>.
schur_eliminator.cc:155 Template specializations not found for <-1,-1,-1>
block_sparse_matrix.cc:208 Allocating values array with 288520 bytes.
detect_structure.cc:63 Dynamic row block size because the block size changed from 2 to 15
detect_structure.cc:74 Dynamic e block size because the block size changed from 1 to 9
detect_structure.cc:93 Dynamic f block size because the block size changed from 6 to 9
detect_structure.cc:114 Schur complement static structure <-1,-1,-1>.
detect_structure.cc:63 Dynamic row block size because the block size changed from 2 to 15
detect_structure.cc:74 Dynamic e block size because the block size changed from 1 to 9
detect_structure.cc:93 Dynamic f block size because the block size changed from 6 to 9
detect_structure.cc:114 Schur complement static structure <-1,-1,-1>.
schur_eliminator.cc:155 Template specializations not found for <-1,-1,-1>
block_sparse_matrix.cc:208 Allocating values array with 287896 bytes.
detect_structure.cc:63 Dynamic row block size because the block size changed from 2 to 15
detect_structure.cc:74 Dynamic e block size because the block size changed from 1 to 9
detect_structure.cc:93 Dynamic f block size because the block size changed from 6 to 9
detect_structure.cc:114 Schur complement static structure <-1,-1,-1>.
detect_structure.cc:63 Dynamic row block size because the block size changed from 2 to 15
detect_structure.cc:74 Dynamic e block size because the block size changed from 1 to 9
detect_structure.cc:93 Dynamic f block size because the block size changed from 6 to 9
detect_structure.cc:114 Schur complement static structure <-1,-1,-1>.
schur_eliminator.cc:155 Template specializations not found for <-1,-1,-1>
block_sparse_matrix.cc:208 Allocating values array with 281032 bytes.
detect_structure.cc:63 Dynamic row block size because the block size changed from 2 to 15
detect_structure.cc:74 Dynamic e block size because the block size changed from 1 to 9
detect_structure.cc:93 Dynamic f block size because the block size changed from 6 to 9
detect_structure.cc:114 Schur complement static structure <-1,-1,-1>.
detect_structure.cc:63 Dynamic row block size because the block size changed from 2 to 15
detect_structure.cc:74 Dynamic e block size because the block size changed from 1 to 9
detect_structure.cc:93 Dynamic f block size because the block size changed from 6 to 9
detect_structure.cc:114 Schur complement static structure <-1,-1,-1>.
schur_eliminator.cc:155 Template specializations not found for <-1,-1,-1>
[VIO DIAG] f=400 tri: ok=188 wait=10 fail=0 default=0 depth: avg=1.443379 min=0.473070 max=10.967609 |vel|=0.892504 vel=(-0.628425,0.053068,-0.631529) ba=(0.191207,-0.444938,-0.012071) bg=(-0.001086,-0.000541,0.000546)
block_sparse_matrix.cc:208 Allocating values array with 279368 bytes.
detect_structure.cc:63 Dynamic row block size because the block size changed from 2 to 15
detect_structure.cc:74 Dynamic e block size because the block size changed from 1 to 9
detect_structure.cc:93 Dynamic f block size because the block size changed from 6 to 9
detect_structure.cc:114 Schur complement static structure <-1,-1,-1>.
detect_structure.cc:63 Dynamic row block size because the block size changed from 2 to 15
detect_structure.cc:74 Dynamic e block size because the block size changed from 1 to 9
detect_structure.cc:93 Dynamic f block size because the block size changed from 6 to 9
detect_structure.cc:114 Schur complement static structure <-1,-1,-1>.
schur_eliminator.cc:155 Template specializations not found for <-1,-1,-1>
block_sparse_matrix.cc:208 Allocating values array with 271496 bytes.
detect_structure.cc:63 Dynamic row block size because the block size changed from 2 to 15
detect_structure.cc:74 Dynamic e block size because the block size changed from 1 to 9
detect_structure.cc:93 Dynamic f block size because the block size changed from 6 to 9
detect_structure.cc:114 Schur complement static structure <-1,-1,-1>.
detect_structure.cc:63 Dynamic row block size because the block size changed from 2 to 15
detect_structure.cc:74 Dynamic e block size because the block size changed from 1 to 9
detect_structure.cc:93 Dynamic f block size because the block size changed from 6 to 9
detect_structure.cc:114 Schur complement static structure <-1,-1,-1>.
schur_eliminator.cc:155 Template specializations not found for <-1,-1,-1>
block_sparse_matrix.cc:208 Allocating values array with 272920 bytes.
detect_structure.cc:63 Dynamic row block size because the block size changed from 2 to 15
detect_structure.cc:74 Dynamic e block size because the block size changed from 1 to 9
detect_structure.cc:93 Dynamic f block size because the block size changed from 6 to 9
detect_structure.cc:114 Schur complement static structure <-1,-1,-1>.
detect_structure.cc:63 Dynamic row block size because the block size changed from 2 to 15
detect_structure.cc:74 Dynamic e block size because the block size changed from 1 to 9
detect_structure.cc:93 Dynamic f block size because the block size changed from 6 to 9
detect_structure.cc:114 Schur complement static structure <-1,-1,-1>.
schur_eliminator.cc:155 Template specializations not found for <-1,-1,-1>
block_sparse_matrix.cc:208 Allocating values array with 289768 bytes.
detect_structure.cc:63 Dynamic row block size because the block size changed from 2 to 15
detect_structure.cc:74 Dynamic e block size because the block size changed from 1 to 9
detect_structure.cc:93 Dynamic f block size because the block size changed from 6 to 9
detect_structure.cc:114 Schur complement static structure <-1,-1,-1>.
detect_structure.cc:63 Dynamic row block size because the block size changed from 2 to 15
detect_structure.cc:74 Dynamic e block size because the block size changed from 1 to 9
detect_structure.cc:93 Dynamic f block size because the block size changed from 6 to 9
detect_structure.cc:114 Schur complement static structure <-1,-1,-1>.
schur_eliminator.cc:155 Template specializations not found for <-1,-1,-1>
block_sparse_matrix.cc:208 Allocating values array with 282312 bytes.
detect_structure.cc:63 Dynamic row block size because the block size changed from 2 to 15
detect_structure.cc:74 Dynamic e block size because the block size changed from 1 to 9
detect_structure.cc:93 Dynamic f block size because the block size changed from 6 to 9
detect_structure.cc:114 Schur complement static structure <-1,-1,-1>.
detect_structure.cc:63 Dynamic row block size because the block size changed from 2 to 15
detect_structure.cc:74 Dynamic e block size because the block size changed from 1 to 9
detect_structure.cc:93 Dynamic f block size because the block size changed from 6 to 9
detect_structure.cc:114 Schur complement static structure <-1,-1,-1>.
schur_eliminator.cc:155 Template specializations not found for <-1,-1,-1>
block_sparse_matrix.cc:208 Allocating values array with 300792 bytes.
detect_structure.cc:63 Dynamic row block size because the block size changed from 2 to 15
detect_structure.cc:74 Dynamic e block size because the block size changed from 1 to 9
detect_structure.cc:93 Dynamic f block size because the block size changed from 6 to 9
detect_structure.cc:114 Schur complement static structure <-1,-1,-1>.
detect_structure.cc:63 Dynamic row block size because the block size changed from 2 to 15
detect_structure.cc:74 Dynamic e block size because the block size changed from 1 to 9
detect_structure.cc:93 Dynamic f block size because the block size changed from 6 to 9
detect_structure.cc:114 Schur complement static structure <-1,-1,-1>.
schur_eliminator.cc:155 Template specializations not found for <-1,-1,-1>
[FeatureTracker] F-matrix: 142 → 75 (rejected 67, threshold=1.000000)
block_sparse_matrix.cc:208 Allocating values array with 294968 bytes.
detect_structure.cc:63 Dynamic row block size because the block size changed from 2 to 15
detect_structure.cc:74 Dynamic e block size because the block size changed from 1 to 9
detect_structure.cc:93 Dynamic f block size because the block size changed from 6 to 9
detect_structure.cc:114 Schur complement static structure <-1,-1,-1>.
detect_structure.cc:63 Dynamic row block size because the block size changed from 2 to 15
detect_structure.cc:74 Dynamic e block size because the block size changed from 1 to 9
detect_structure.cc:93 Dynamic f block size because the block size changed from 6 to 9
detect_structure.cc:114 Schur complement static structure <-1,-1,-1>.
schur_eliminator.cc:155 Template specializations not found for <-1,-1,-1>
block_sparse_matrix.cc:208 Allocating values array with 286648 bytes.
detect_structure.cc:63 Dynamic row block size because the block size changed from 2 to 15
detect_structure.cc:74 Dynamic e block size because the block size changed from 1 to 9
detect_structure.cc:93 Dynamic f block size because the block size changed from 6 to 9
detect_structure.cc:114 Schur complement static structure <-1,-1,-1>.
detect_structure.cc:63 Dynamic row block size because the block size changed from 2 to 15
detect_structure.cc:74 Dynamic e block size because the block size changed from 1 to 9
detect_structure.cc:93 Dynamic f block size because the block size changed from 6 to 9
detect_structure.cc:114 Schur complement static structure <-1,-1,-1>.
schur_eliminator.cc:155 Template specializations not found for <-1,-1,-1>
block_sparse_matrix.cc:208 Allocating values array with 278744 bytes.
detect_structure.cc:63 Dynamic row block size because the block size changed from 2 to 15
detect_structure.cc:74 Dynamic e block size because the block size changed from 1 to 9
detect_structure.cc:93 Dynamic f block size because the block size changed from 6 to 9
detect_structure.cc:114 Schur complement static structure <-1,-1,-1>.
detect_structure.cc:63 Dynamic row block size because the block size changed from 2 to 15
detect_structure.cc:74 Dynamic e block size because the block size changed from 1 to 9
detect_structure.cc:93 Dynamic f block size because the block size changed from 6 to 9
detect_structure.cc:114 Schur complement static structure <-1,-1,-1>.
schur_eliminator.cc:155 Template specializations not found for <-1,-1,-1>
block_sparse_matrix.cc:208 Allocating values array with 268344 bytes.
detect_structure.cc:63 Dynamic row block size because the block size changed from 2 to 15
detect_structure.cc:74 Dynamic e block size because the block size changed from 1 to 9
detect_structure.cc:93 Dynamic f block size because the block size changed from 6 to 9
detect_structure.cc:114 Schur complement static structure <-1,-1,-1>.
detect_structure.cc:63 Dynamic row block size because the block size changed from 2 to 15
detect_structure.cc:74 Dynamic e block size because the block size changed from 1 to 9
detect_structure.cc:93 Dynamic f block size because the block size changed from 6 to 9
detect_structure.cc:114 Schur complement static structure <-1,-1,-1>.
schur_eliminator.cc:155 Template specializations not found for <-1,-1,-1>
block_sparse_matrix.cc:208 Allocating values array with 283736 bytes.
detect_structure.cc:63 Dynamic row block size because the block size changed from 2 to 15
detect_structure.cc:74 Dynamic e block size because the block size changed from 1 to 9
detect_structure.cc:93 Dynamic f block size because the block size changed from 6 to 9
detect_structure.cc:114 Schur complement static structure <-1,-1,-1>.
detect_structure.cc:63 Dynamic row block size because the block size changed from 2 to 15
detect_structure.cc:74 Dynamic e block size because the block size changed from 1 to 9
detect_structure.cc:93 Dynamic f block size because the block size changed from 6 to 9
detect_structure.cc:114 Schur complement static structure <-1,-1,-1>.
schur_eliminator.cc:155 Template specializations not found for <-1,-1,-1>
block_sparse_matrix.cc:208 Allocating values array with 284984 bytes.
detect_structure.cc:63 Dynamic row block size because the block size changed from 2 to 15
detect_structure.cc:74 Dynamic e block size because the block size changed from 1 to 9
detect_structure.cc:93 Dynamic f block size because the block size changed from 6 to 9
detect_structure.cc:114 Schur complement static structure <-1,-1,-1>.
detect_structure.cc:63 Dynamic row block size because the block size changed from 2 to 15
detect_structure.cc:74 Dynamic e block size because the block size changed from 1 to 9
detect_structure.cc:93 Dynamic f block size because the block size changed from 6 to 9
detect_structure.cc:114 Schur complement static structure <-1,-1,-1>.
schur_eliminator.cc:155 Template specializations not found for <-1,-1,-1>
block_sparse_matrix.cc:208 Allocating values array with 284360 bytes.
detect_structure.cc:63 Dynamic row block size because the block size changed from 2 to 15
detect_structure.cc:74 Dynamic e block size because the block size changed from 1 to 9
detect_structure.cc:93 Dynamic f block size because the block size changed from 6 to 9
detect_structure.cc:114 Schur complement static structure <-1,-1,-1>.
detect_structure.cc:63 Dynamic row block size because the block size changed from 2 to 15
detect_structure.cc:74 Dynamic e block size because the block size changed from 1 to 9
detect_structure.cc:93 Dynamic f block size because the block size changed from 6 to 9
detect_structure.cc:114 Schur complement static structure <-1,-1,-1>.
schur_eliminator.cc:155 Template specializations not found for <-1,-1,-1>
block_sparse_matrix.cc:208 Allocating values array with 287480 bytes.
detect_structure.cc:63 Dynamic row block size because the block size changed from 2 to 15
detect_structure.cc:74 Dynamic e block size because the block size changed from 1 to 9
detect_structure.cc:93 Dynamic f block size because the block size changed from 6 to 9
detect_structure.cc:114 Schur complement static structure <-1,-1,-1>.
detect_structure.cc:63 Dynamic row block size because the block size changed from 2 to 15
detect_structure.cc:74 Dynamic e block size because the block size changed from 1 to 9
detect_structure.cc:93 Dynamic f block size because the block size changed from 6 to 9
detect_structure.cc:114 Schur complement static structure <-1,-1,-1>.
schur_eliminator.cc:155 Template specializations not found for <-1,-1,-1>
[FeatureTracker] F-matrix: 146 → 87 (rejected 59, threshold=1.000000)
block_sparse_matrix.cc:208 Allocating values array with 279576 bytes.
detect_structure.cc:63 Dynamic row block size because the block size changed from 2 to 15
detect_structure.cc:74 Dynamic e block size because the block size changed from 1 to 9
detect_structure.cc:93 Dynamic f block size because the block size changed from 6 to 9
detect_structure.cc:114 Schur complement static structure <-1,-1,-1>.
detect_structure.cc:63 Dynamic row block size because the block size changed from 2 to 15
detect_structure.cc:74 Dynamic e block size because the block size changed from 1 to 9
detect_structure.cc:93 Dynamic f block size because the block size changed from 6 to 9
detect_structure.cc:114 Schur complement static structure <-1,-1,-1>.
schur_eliminator.cc:155 Template specializations not found for <-1,-1,-1>
[VIOEngine] 200 frames → 72 poses
[       OK ] VIOParityTest.VIOEngineSanity (3035 ms)
[----------] 3 tests from VIOParityTest (13675 ms total)

[----------] Global test environment tear-down
[==========] 3 tests from 1 test suite ran. (13675 ms total)
[  PASSED  ] 1 test.
[  FAILED  ] 2 tests, listed below:
[  FAILED  ] VIOParityTest.BothProduceTrajectories
[  FAILED  ] VIOParityTest.TrajectoryComparison

 2 FAILED TESTS
Command exited with non-zero status 1
	Command being timed: "timeout 180 env QT_QPA_PLATFORM=offscreen OPENCV_FOR_THREADS_NUM=1 build/audit-native/test_vio_engine_parity --gtest_output=xml:build/audit-native/parity-restored-dataset.xml"
	User time (seconds): 23.42
	System time (seconds): 3.20
	Percent of CPU this job got: 192%
	Elapsed (wall clock) time (h:mm:ss or m:ss): 0:13.80
	Average shared text size (kbytes): 0
	Average unshared data size (kbytes): 0
	Average stack size (kbytes): 0
	Average total size (kbytes): 0
	Maximum resident set size (kbytes): 372572
	Average resident set size (kbytes): 0
	Major (requiring I/O) page faults: 28
	Minor (reclaiming a frame) page faults: 997773
	Voluntary context switches: 47069
	Involuntary context switches: 161195
	Swaps: 0
	File system inputs: 3176
	File system outputs: 712
	Socket messages sent: 0
	Socket messages received: 0
	Signals delivered: 0
	Page size (bytes): 4096
	Exit status: 1
